{
    "epoch": 135,
    "train_loss": 0.011261451883841523,
    "pretrain_loss": null,
    "finetune_loss": 0.0001650579932664058,
    "pseudo_label_count": 20978,
    "pseudo_label_accept_rate": 0.9989523809523809,
    "mean_pseudo_confidence": 0.9997761691647429,
    "consistency_loss": 0.011096393890575117,
    "encoder_stage": "consistency",
    "stn_status": "trainable",
    "stn_regularization_loss": 0.00045701335958642274,
    "val_loss": 0.2750376767528422,
    "val_seq_acc": 0.9492666666666667,
    "val_char_acc": 0.9897066666666666,
    "val_edit_distance": 0.05146666666666667,
    "val_clean_accuracy": 0.9492666666666667,
    "val_robustness_drop": null,
    "val_restoration_gain": null,
    "val_position_1_acc": 0.9893333333333333,
    "val_position_2_acc": 0.9890666666666666,
    "val_position_3_acc": 0.9904666666666667,
    "val_position_4_acc": 0.9889333333333333,
    "val_position_5_acc": 0.9907333333333334,
    "test_loss": 0.2657882274774664,
    "test_seq_acc": 0.9534,
    "test_char_acc": 0.9903866666666666,
    "test_edit_distance": 0.04786666666666667,
    "test_clean_accuracy": 0.9534,
    "test_robustness_drop": null,
    "test_restoration_gain": null,
    "test_position_1_acc": 0.9907333333333334,
    "test_position_2_acc": 0.9888,
    "test_position_3_acc": 0.992,
    "test_position_4_acc": 0.9901333333333333,
    "test_position_5_acc": 0.9902666666666666
}