{
    "epoch": 9,
    "train_loss": 0.3248980647292442,
    "pretrain_loss": null,
    "finetune_loss": 0.24707834287388517,
    "pseudo_label_count": 19539,
    "pseudo_label_accept_rate": 0.9304285714285714,
    "mean_pseudo_confidence": 0.993965600870473,
    "consistency_loss": 0.07781972185535906,
    "encoder_stage": "consistency",
    "stn_status": "frozen",
    "stn_regularization_loss": 0.0,
    "val_loss": 0.9582771763522574,
    "val_seq_acc": 0.8541333333333333,
    "val_char_acc": 0.96896,
    "val_edit_distance": 0.15513333333333335,
    "val_clean_accuracy": 0.8541333333333333,
    "val_robustness_drop": null,
    "val_restoration_gain": null,
    "val_position_1_acc": 0.9712,
    "val_position_2_acc": 0.9664,
    "val_position_3_acc": 0.9689333333333333,
    "val_position_4_acc": 0.9669333333333333,
    "val_position_5_acc": 0.9713333333333334,
    "test_loss": 0.996322682626704,
    "test_seq_acc": 0.8504666666666667,
    "test_char_acc": 0.96788,
    "test_edit_distance": 0.16053333333333333,
    "test_clean_accuracy": 0.8504666666666667,
    "test_robustness_drop": null,
    "test_restoration_gain": null,
    "test_position_1_acc": 0.9728,
    "test_position_2_acc": 0.9641333333333333,
    "test_position_3_acc": 0.9649333333333333,
    "test_position_4_acc": 0.9678,
    "test_position_5_acc": 0.9697333333333333
}