{
    "epoch": 173,
    "train_loss": 0.009240703808853034,
    "pretrain_loss": null,
    "finetune_loss": 0.00011099482728891785,
    "pseudo_label_count": 20968,
    "pseudo_label_accept_rate": 0.9984761904761905,
    "mean_pseudo_confidence": 0.9998296366898625,
    "consistency_loss": 0.009129708981564117,
    "encoder_stage": "consistency",
    "stn_status": "trainable",
    "stn_regularization_loss": 0.00046293827620266434,
    "val_loss": 0.26917799588941793,
    "val_seq_acc": 0.9518666666666666,
    "val_char_acc": 0.9902266666666667,
    "val_edit_distance": 0.04886666666666667,
    "val_clean_accuracy": 0.9518666666666666,
    "val_robustness_drop": null,
    "val_restoration_gain": null,
    "val_position_1_acc": 0.9904666666666667,
    "val_position_2_acc": 0.9889333333333333,
    "val_position_3_acc": 0.9905333333333334,
    "val_position_4_acc": 0.9892666666666666,
    "val_position_5_acc": 0.9919333333333333,
    "test_loss": 0.2638800175249963,
    "test_seq_acc": 0.9533333333333334,
    "test_char_acc": 0.9903866666666666,
    "test_edit_distance": 0.04786666666666667,
    "test_clean_accuracy": 0.9533333333333334,
    "test_robustness_drop": null,
    "test_restoration_gain": null,
    "test_position_1_acc": 0.9908666666666667,
    "test_position_2_acc": 0.9886666666666667,
    "test_position_3_acc": 0.9914,
    "test_position_4_acc": 0.9904,
    "test_position_5_acc": 0.9906
}