{
    "epoch": 119,
    "train_loss": 0.008613092367050785,
    "pretrain_loss": null,
    "finetune_loss": 0.00011485358308289853,
    "pseudo_label_count": 20962,
    "pseudo_label_accept_rate": 0.9981904761904762,
    "mean_pseudo_confidence": 0.9997790545614698,
    "consistency_loss": 0.008498238783967887,
    "encoder_stage": "consistency",
    "stn_status": "trainable",
    "stn_regularization_loss": 0.00044717715470464053,
    "val_loss": 0.25773444602902523,
    "val_seq_acc": 0.9518666666666666,
    "val_char_acc": 0.9902533333333333,
    "val_edit_distance": 0.04873333333333333,
    "val_clean_accuracy": 0.9518666666666666,
    "val_robustness_drop": null,
    "val_restoration_gain": null,
    "val_position_1_acc": 0.9903333333333333,
    "val_position_2_acc": 0.9896,
    "val_position_3_acc": 0.9904,
    "val_position_4_acc": 0.9889333333333333,
    "val_position_5_acc": 0.992,
    "test_loss": 0.2527820445980785,
    "test_seq_acc": 0.9532666666666667,
    "test_char_acc": 0.9903733333333333,
    "test_edit_distance": 0.048,
    "test_clean_accuracy": 0.9532666666666667,
    "test_robustness_drop": null,
    "test_restoration_gain": null,
    "test_position_1_acc": 0.9909333333333333,
    "test_position_2_acc": 0.9885333333333334,
    "test_position_3_acc": 0.9918,
    "test_position_4_acc": 0.99,
    "test_position_5_acc": 0.9906
}