{
    "epoch": 178,
    "train_loss": 0.008081471823478131,
    "pretrain_loss": null,
    "finetune_loss": 0.00010208392441389949,
    "pseudo_label_count": 20971,
    "pseudo_label_accept_rate": 0.9986190476190476,
    "mean_pseudo_confidence": 0.9998207765555304,
    "consistency_loss": 0.007979387899064232,
    "encoder_stage": "consistency",
    "stn_status": "trainable",
    "stn_regularization_loss": 0.00045975545794728166,
    "val_loss": 0.2598125651280614,
    "val_seq_acc": 0.9524,
    "val_char_acc": 0.9903466666666667,
    "val_edit_distance": 0.048266666666666666,
    "val_clean_accuracy": 0.9524,
    "val_robustness_drop": null,
    "val_restoration_gain": null,
    "val_position_1_acc": 0.991,
    "val_position_2_acc": 0.9893333333333333,
    "val_position_3_acc": 0.9902666666666666,
    "val_position_4_acc": 0.9890666666666666,
    "val_position_5_acc": 0.9920666666666667,
    "test_loss": 0.2569444278111753,
    "test_seq_acc": 0.9536666666666667,
    "test_char_acc": 0.9904133333333334,
    "test_edit_distance": 0.0478,
    "test_clean_accuracy": 0.9536666666666667,
    "test_robustness_drop": null,
    "test_restoration_gain": null,
    "test_position_1_acc": 0.9909333333333333,
    "test_position_2_acc": 0.9885333333333334,
    "test_position_3_acc": 0.9918,
    "test_position_4_acc": 0.9900666666666667,
    "test_position_5_acc": 0.9907333333333334
}