{
    "epoch": 133,
    "train_loss": 0.009795480317108104,
    "pretrain_loss": null,
    "finetune_loss": 0.0001616162140497694,
    "pseudo_label_count": 20954,
    "pseudo_label_accept_rate": 0.9978095238095238,
    "mean_pseudo_confidence": 0.9998161442989587,
    "consistency_loss": 0.009633864103058335,
    "encoder_stage": "consistency",
    "stn_status": "trainable",
    "stn_regularization_loss": 0.00045461692233641967,
    "val_loss": 0.2556465552168641,
    "val_seq_acc": 0.9525333333333333,
    "val_char_acc": 0.9904,
    "val_edit_distance": 0.048,
    "val_clean_accuracy": 0.9525333333333333,
    "val_robustness_drop": null,
    "val_restoration_gain": null,
    "val_position_1_acc": 0.9905333333333334,
    "val_position_2_acc": 0.9894666666666667,
    "val_position_3_acc": 0.9904,
    "val_position_4_acc": 0.9893333333333333,
    "val_position_5_acc": 0.9922666666666666,
    "test_loss": 0.2516202008192774,
    "test_seq_acc": 0.9540666666666666,
    "test_char_acc": 0.9905333333333334,
    "test_edit_distance": 0.047266666666666665,
    "test_clean_accuracy": 0.9540666666666666,
    "test_robustness_drop": null,
    "test_restoration_gain": null,
    "test_position_1_acc": 0.9909333333333333,
    "test_position_2_acc": 0.9888,
    "test_position_3_acc": 0.9916666666666667,
    "test_position_4_acc": 0.9902,
    "test_position_5_acc": 0.9910666666666667
}