{
    "epoch": 177,
    "train_loss": 0.010593792958856632,
    "pretrain_loss": null,
    "finetune_loss": 0.00010333006878256707,
    "pseudo_label_count": 20956,
    "pseudo_label_accept_rate": 0.9979047619047619,
    "mean_pseudo_confidence": 0.9998104513362747,
    "consistency_loss": 0.010490462890074066,
    "encoder_stage": "consistency",
    "stn_status": "trainable",
    "stn_regularization_loss": 0.00046385079215956963,
    "val_loss": 0.2624648653609837,
    "val_seq_acc": 0.9527333333333333,
    "val_char_acc": 0.9904133333333334,
    "val_edit_distance": 0.047933333333333335,
    "val_clean_accuracy": 0.9527333333333333,
    "val_robustness_drop": null,
    "val_restoration_gain": null,
    "val_position_1_acc": 0.9903333333333333,
    "val_position_2_acc": 0.9896,
    "val_position_3_acc": 0.9903333333333333,
    "val_position_4_acc": 0.9894666666666667,
    "val_position_5_acc": 0.9923333333333333,
    "test_loss": 0.2562379056603606,
    "test_seq_acc": 0.9538666666666666,
    "test_char_acc": 0.99052,
    "test_edit_distance": 0.04733333333333333,
    "test_clean_accuracy": 0.9538666666666666,
    "test_robustness_drop": null,
    "test_restoration_gain": null,
    "test_position_1_acc": 0.9907333333333334,
    "test_position_2_acc": 0.9887333333333334,
    "test_position_3_acc": 0.9919333333333333,
    "test_position_4_acc": 0.9905333333333334,
    "test_position_5_acc": 0.9906666666666667
}