{
    "epoch": 34,
    "train_loss": 0.10012248847589864,
    "pretrain_loss": null,
    "finetune_loss": 0.054107367874769975,
    "pseudo_label_count": 19801,
    "pseudo_label_accept_rate": 0.9429047619047619,
    "mean_pseudo_confidence": 0.9968773554710479,
    "consistency_loss": 0.04601512060112866,
    "encoder_stage": "consistency",
    "stn_status": "trainable",
    "stn_regularization_loss": 0.00022212381495031113,
    "val_loss": 0.327477459371724,
    "val_seq_acc": 0.915,
    "val_char_acc": 0.9824533333333333,
    "val_edit_distance": 0.08773333333333333,
    "val_clean_accuracy": 0.915,
    "val_robustness_drop": null,
    "val_restoration_gain": null,
    "val_position_1_acc": 0.9828666666666667,
    "val_position_2_acc": 0.9826,
    "val_position_3_acc": 0.9811333333333333,
    "val_position_4_acc": 0.9799333333333333,
    "val_position_5_acc": 0.9857333333333334,
    "test_loss": 0.33262876915804884,
    "test_seq_acc": 0.9126,
    "test_char_acc": 0.9818,
    "test_edit_distance": 0.091,
    "test_clean_accuracy": 0.9126,
    "test_robustness_drop": null,
    "test_restoration_gain": null,
    "test_position_1_acc": 0.9832,
    "test_position_2_acc": 0.9815333333333334,
    "test_position_3_acc": 0.9779333333333333,
    "test_position_4_acc": 0.9804,
    "test_position_5_acc": 0.9859333333333333
}