{
    "epoch": 82,
    "train_loss": 0.0156302192593243,
    "pretrain_loss": null,
    "finetune_loss": 0.0006793233759644412,
    "pseudo_label_count": 20893,
    "pseudo_label_accept_rate": 0.994904761904762,
    "mean_pseudo_confidence": 0.9995345052122893,
    "consistency_loss": 0.014950895883359856,
    "encoder_stage": "consistency",
    "stn_status": "trainable",
    "stn_regularization_loss": 0.0004065071476432647,
    "val_loss": 0.22940296914708364,
    "val_seq_acc": 0.9534666666666667,
    "val_char_acc": 0.9905466666666667,
    "val_edit_distance": 0.047266666666666665,
    "val_clean_accuracy": 0.9534666666666667,
    "val_robustness_drop": null,
    "val_restoration_gain": null,
    "val_position_1_acc": 0.9914,
    "val_position_2_acc": 0.9895333333333334,
    "val_position_3_acc": 0.9909333333333333,
    "val_position_4_acc": 0.9884666666666667,
    "val_position_5_acc": 0.9924,
    "test_loss": 0.22764932035463564,
    "test_seq_acc": 0.9532666666666667,
    "test_char_acc": 0.9902933333333334,
    "test_edit_distance": 0.04853333333333333,
    "test_clean_accuracy": 0.9532666666666667,
    "test_robustness_drop": null,
    "test_restoration_gain": null,
    "test_position_1_acc": 0.9907333333333334,
    "test_position_2_acc": 0.9885333333333334,
    "test_position_3_acc": 0.9918,
    "test_position_4_acc": 0.9896666666666667,
    "test_position_5_acc": 0.9907333333333334
}