{
    "epoch": 107,
    "train_loss": 0.010519040676958835,
    "pretrain_loss": null,
    "finetune_loss": 0.00015054519708642135,
    "pseudo_label_count": 20951,
    "pseudo_label_accept_rate": 0.9976666666666667,
    "mean_pseudo_confidence": 0.9997583803234508,
    "consistency_loss": 0.010368495479872413,
    "encoder_stage": "consistency",
    "stn_status": "trainable",
    "stn_regularization_loss": 0.0004439813268395388,
    "val_loss": 0.25939224960128876,
    "val_seq_acc": 0.9510666666666666,
    "val_char_acc": 0.9901066666666667,
    "val_edit_distance": 0.049466666666666666,
    "val_clean_accuracy": 0.9510666666666666,
    "val_robustness_drop": null,
    "val_restoration_gain": null,
    "val_position_1_acc": 0.9904,
    "val_position_2_acc": 0.9895333333333334,
    "val_position_3_acc": 0.9902,
    "val_position_4_acc": 0.9888666666666667,
    "val_position_5_acc": 0.9915333333333334,
    "test_loss": 0.2527232816753546,
    "test_seq_acc": 0.9536666666666667,
    "test_char_acc": 0.9904666666666667,
    "test_edit_distance": 0.04766666666666667,
    "test_clean_accuracy": 0.9536666666666667,
    "test_robustness_drop": null,
    "test_restoration_gain": null,
    "test_position_1_acc": 0.9912,
    "test_position_2_acc": 0.9884666666666667,
    "test_position_3_acc": 0.9920666666666667,
    "test_position_4_acc": 0.9900666666666667,
    "test_position_5_acc": 0.9905333333333334
}