{
    "epoch": 120,
    "train_loss": 0.009976392346138918,
    "pretrain_loss": null,
    "finetune_loss": 0.00011730737397335525,
    "pseudo_label_count": 20953,
    "pseudo_label_accept_rate": 0.9977619047619047,
    "mean_pseudo_confidence": 0.9997715729037224,
    "consistency_loss": 0.009859084972165564,
    "encoder_stage": "consistency",
    "stn_status": "trainable",
    "stn_regularization_loss": 0.0004417382558359479,
    "val_loss": 0.26266997726658914,
    "val_seq_acc": 0.9514666666666667,
    "val_char_acc": 0.9901866666666667,
    "val_edit_distance": 0.04906666666666667,
    "val_clean_accuracy": 0.9514666666666667,
    "val_robustness_drop": null,
    "val_restoration_gain": null,
    "val_position_1_acc": 0.9906,
    "val_position_2_acc": 0.9898666666666667,
    "val_position_3_acc": 0.9903333333333333,
    "val_position_4_acc": 0.9888666666666667,
    "val_position_5_acc": 0.9912666666666666,
    "test_loss": 0.2567640152498496,
    "test_seq_acc": 0.9542,
    "test_char_acc": 0.99056,
    "test_edit_distance": 0.04713333333333333,
    "test_clean_accuracy": 0.9542,
    "test_robustness_drop": null,
    "test_restoration_gain": null,
    "test_position_1_acc": 0.9912,
    "test_position_2_acc": 0.9888,
    "test_position_3_acc": 0.9920666666666667,
    "test_position_4_acc": 0.9904,
    "test_position_5_acc": 0.9903333333333333
}