{
    "epoch": 105,
    "train_loss": 0.010714671513052805,
    "pretrain_loss": null,
    "finetune_loss": 0.00017530676330485416,
    "pseudo_label_count": 20948,
    "pseudo_label_accept_rate": 0.9975238095238095,
    "mean_pseudo_confidence": 0.9997754023915966,
    "consistency_loss": 0.010539364749747952,
    "encoder_stage": "consistency",
    "stn_status": "trainable",
    "stn_regularization_loss": 0.0004446847090043707,
    "val_loss": 0.25561890949301935,
    "val_seq_acc": 0.9518666666666666,
    "val_char_acc": 0.9902533333333333,
    "val_edit_distance": 0.04873333333333333,
    "val_clean_accuracy": 0.9518666666666666,
    "val_robustness_drop": null,
    "val_restoration_gain": null,
    "val_position_1_acc": 0.9908,
    "val_position_2_acc": 0.9893333333333333,
    "val_position_3_acc": 0.9898666666666667,
    "val_position_4_acc": 0.9892,
    "val_position_5_acc": 0.9920666666666667,
    "test_loss": 0.2518464054761778,
    "test_seq_acc": 0.9537333333333333,
    "test_char_acc": 0.99048,
    "test_edit_distance": 0.047466666666666664,
    "test_clean_accuracy": 0.9537333333333333,
    "test_robustness_drop": null,
    "test_restoration_gain": null,
    "test_position_1_acc": 0.9914666666666667,
    "test_position_2_acc": 0.9885333333333334,
    "test_position_3_acc": 0.9916,
    "test_position_4_acc": 0.9897333333333334,
    "test_position_5_acc": 0.9910666666666667
}