{
    "epoch": 92,
    "train_loss": 0.013471812776752959,
    "pretrain_loss": null,
    "finetune_loss": 0.00040386921035891595,
    "pseudo_label_count": 20930,
    "pseudo_label_accept_rate": 0.9966666666666667,
    "mean_pseudo_confidence": 0.9996672621652719,
    "consistency_loss": 0.013067943566394043,
    "encoder_stage": "consistency",
    "stn_status": "trainable",
    "stn_regularization_loss": 0.00045297629987289074,
    "val_loss": 0.25221535174146376,
    "val_seq_acc": 0.9478,
    "val_char_acc": 0.9894533333333333,
    "val_edit_distance": 0.05273333333333333,
    "val_clean_accuracy": 0.9478,
    "val_robustness_drop": null,
    "val_restoration_gain": null,
    "val_position_1_acc": 0.9897333333333334,
    "val_position_2_acc": 0.9886,
    "val_position_3_acc": 0.9898666666666667,
    "val_position_4_acc": 0.9884666666666667,
    "val_position_5_acc": 0.9906,
    "test_loss": 0.24770594054961234,
    "test_seq_acc": 0.9509333333333333,
    "test_char_acc": 0.98984,
    "test_edit_distance": 0.0506,
    "test_clean_accuracy": 0.9509333333333333,
    "test_robustness_drop": null,
    "test_restoration_gain": null,
    "test_position_1_acc": 0.9906666666666667,
    "test_position_2_acc": 0.9880666666666666,
    "test_position_3_acc": 0.9906666666666667,
    "test_position_4_acc": 0.9896666666666667,
    "test_position_5_acc": 0.9901333333333333
}