{
    "epoch": 172,
    "train_loss": 0.010211129911778711,
    "pretrain_loss": null,
    "finetune_loss": 0.00011632402126093205,
    "pseudo_label_count": 20971,
    "pseudo_label_accept_rate": 0.9986190476190476,
    "mean_pseudo_confidence": 0.9997985140061175,
    "consistency_loss": 0.01009480589051778,
    "encoder_stage": "consistency",
    "stn_status": "trainable",
    "stn_regularization_loss": 0.00045860410292076614,
    "val_loss": 0.2760988043819336,
    "val_seq_acc": 0.9505333333333333,
    "val_char_acc": 0.9899333333333333,
    "val_edit_distance": 0.050333333333333334,
    "val_clean_accuracy": 0.9505333333333333,
    "val_robustness_drop": null,
    "val_restoration_gain": null,
    "val_position_1_acc": 0.9899333333333333,
    "val_position_2_acc": 0.9892666666666666,
    "val_position_3_acc": 0.9904666666666667,
    "val_position_4_acc": 0.9890666666666666,
    "val_position_5_acc": 0.9909333333333333,
    "test_loss": 0.2664193318830741,
    "test_seq_acc": 0.9533333333333334,
    "test_char_acc": 0.99036,
    "test_edit_distance": 0.048,
    "test_clean_accuracy": 0.9533333333333334,
    "test_robustness_drop": null,
    "test_restoration_gain": null,
    "test_position_1_acc": 0.9907333333333334,
    "test_position_2_acc": 0.9890666666666666,
    "test_position_3_acc": 0.9912666666666666,
    "test_position_4_acc": 0.9904666666666667,
    "test_position_5_acc": 0.9902666666666666
}