{
    "epoch": 166,
    "train_loss": 0.007988290005949238,
    "pretrain_loss": null,
    "finetune_loss": 0.00011980564907605729,
    "pseudo_label_count": 20972,
    "pseudo_label_accept_rate": 0.9986666666666667,
    "mean_pseudo_confidence": 0.9998040196323995,
    "consistency_loss": 0.00786848435687318,
    "encoder_stage": "consistency",
    "stn_status": "trainable",
    "stn_regularization_loss": 0.0004573376100084536,
    "val_loss": 0.25668372973165615,
    "val_seq_acc": 0.9521333333333334,
    "val_char_acc": 0.9902933333333334,
    "val_edit_distance": 0.04853333333333333,
    "val_clean_accuracy": 0.9521333333333334,
    "val_robustness_drop": null,
    "val_restoration_gain": null,
    "val_position_1_acc": 0.9904,
    "val_position_2_acc": 0.9896,
    "val_position_3_acc": 0.9901333333333333,
    "val_position_4_acc": 0.9892666666666666,
    "val_position_5_acc": 0.9920666666666667,
    "test_loss": 0.25214390197401604,
    "test_seq_acc": 0.9544,
    "test_char_acc": 0.9905733333333333,
    "test_edit_distance": 0.047,
    "test_clean_accuracy": 0.9544,
    "test_robustness_drop": null,
    "test_restoration_gain": null,
    "test_position_1_acc": 0.9910666666666667,
    "test_position_2_acc": 0.9888,
    "test_position_3_acc": 0.9918,
    "test_position_4_acc": 0.9904,
    "test_position_5_acc": 0.9908
}