{
    "epoch": 197,
    "train_loss": 0.012449709986950585,
    "pretrain_loss": null,
    "finetune_loss": 0.00020194336992884377,
    "pseudo_label_count": 20971,
    "pseudo_label_accept_rate": 0.9986190476190476,
    "mean_pseudo_confidence": 0.9998099430454038,
    "consistency_loss": 0.012247766617021741,
    "encoder_stage": "consistency",
    "stn_status": "trainable",
    "stn_regularization_loss": 0.00046683596727474383,
    "val_loss": 0.2576452984142692,
    "val_seq_acc": 0.9522,
    "val_char_acc": 0.9902933333333334,
    "val_edit_distance": 0.04853333333333333,
    "val_clean_accuracy": 0.9522,
    "val_robustness_drop": null,
    "val_restoration_gain": null,
    "val_position_1_acc": 0.9904666666666667,
    "val_position_2_acc": 0.9894666666666667,
    "val_position_3_acc": 0.9902666666666666,
    "val_position_4_acc": 0.9892666666666666,
    "val_position_5_acc": 0.992,
    "test_loss": 0.25449535161943515,
    "test_seq_acc": 0.9542666666666667,
    "test_char_acc": 0.9905333333333334,
    "test_edit_distance": 0.0472,
    "test_clean_accuracy": 0.9542666666666667,
    "test_robustness_drop": null,
    "test_restoration_gain": null,
    "test_position_1_acc": 0.9908666666666667,
    "test_position_2_acc": 0.9886666666666667,
    "test_position_3_acc": 0.9918666666666667,
    "test_position_4_acc": 0.9903333333333333,
    "test_position_5_acc": 0.9909333333333333
}