{
    "epoch": 195,
    "train_loss": 0.009807162778168156,
    "pretrain_loss": null,
    "finetune_loss": 0.00020496499643928715,
    "pseudo_label_count": 20966,
    "pseudo_label_accept_rate": 0.9983809523809524,
    "mean_pseudo_confidence": 0.9998126766852928,
    "consistency_loss": 0.009602197781728869,
    "encoder_stage": "consistency",
    "stn_status": "trainable",
    "stn_regularization_loss": 0.00046636441493705464,
    "val_loss": 0.2599814509529561,
    "val_seq_acc": 0.9532666666666667,
    "val_char_acc": 0.99052,
    "val_edit_distance": 0.0474,
    "val_clean_accuracy": 0.9532666666666667,
    "val_robustness_drop": null,
    "val_restoration_gain": null,
    "val_position_1_acc": 0.9904666666666667,
    "val_position_2_acc": 0.9897333333333334,
    "val_position_3_acc": 0.9904666666666667,
    "val_position_4_acc": 0.9897333333333334,
    "val_position_5_acc": 0.9922,
    "test_loss": 0.25501550770571524,
    "test_seq_acc": 0.955,
    "test_char_acc": 0.9907466666666667,
    "test_edit_distance": 0.0462,
    "test_clean_accuracy": 0.955,
    "test_robustness_drop": null,
    "test_restoration_gain": null,
    "test_position_1_acc": 0.9913333333333333,
    "test_position_2_acc": 0.989,
    "test_position_3_acc": 0.992,
    "test_position_4_acc": 0.9905333333333334,
    "test_position_5_acc": 0.9908666666666667
}