{
    "epoch": 175,
    "train_loss": 0.011485534019172454,
    "pretrain_loss": null,
    "finetune_loss": 0.00011296676508665137,
    "pseudo_label_count": 20964,
    "pseudo_label_accept_rate": 0.9982857142857143,
    "mean_pseudo_confidence": 0.999819698553917,
    "consistency_loss": 0.011372567254085803,
    "encoder_stage": "consistency",
    "stn_status": "trainable",
    "stn_regularization_loss": 0.0004609436247558967,
    "val_loss": 0.25979501493473317,
    "val_seq_acc": 0.9529333333333333,
    "val_char_acc": 0.99044,
    "val_edit_distance": 0.0478,
    "val_clean_accuracy": 0.9529333333333333,
    "val_robustness_drop": null,
    "val_restoration_gain": null,
    "val_position_1_acc": 0.9906,
    "val_position_2_acc": 0.9896,
    "val_position_3_acc": 0.9902666666666666,
    "val_position_4_acc": 0.9895333333333334,
    "val_position_5_acc": 0.9922,
    "test_loss": 0.25363083418524957,
    "test_seq_acc": 0.9542666666666667,
    "test_char_acc": 0.99056,
    "test_edit_distance": 0.04713333333333333,
    "test_clean_accuracy": 0.9542666666666667,
    "test_robustness_drop": null,
    "test_restoration_gain": null,
    "test_position_1_acc": 0.9909333333333333,
    "test_position_2_acc": 0.9888,
    "test_position_3_acc": 0.9920666666666667,
    "test_position_4_acc": 0.9902,
    "test_position_5_acc": 0.9908
}