{
    "epoch": 57,
    "train_loss": 0.02763031994798299,
    "pretrain_loss": null,
    "finetune_loss": 0.0022461470246338405,
    "pseudo_label_count": 20562,
    "pseudo_label_accept_rate": 0.9791428571428571,
    "mean_pseudo_confidence": 0.9988494315925199,
    "consistency_loss": 0.02538417292334915,
    "encoder_stage": "consistency",
    "stn_status": "trainable",
    "stn_regularization_loss": 0.00035100492628662675,
    "val_loss": 0.2072145340112137,
    "val_seq_acc": 0.9498,
    "val_char_acc": 0.9898133333333333,
    "val_edit_distance": 0.05093333333333333,
    "val_clean_accuracy": 0.9498,
    "val_robustness_drop": null,
    "val_restoration_gain": null,
    "val_position_1_acc": 0.9892666666666666,
    "val_position_2_acc": 0.9886,
    "val_position_3_acc": 0.9902666666666666,
    "val_position_4_acc": 0.9893333333333333,
    "val_position_5_acc": 0.9916,
    "test_loss": 0.2037998456740752,
    "test_seq_acc": 0.9525333333333333,
    "test_char_acc": 0.9902,
    "test_edit_distance": 0.048933333333333336,
    "test_clean_accuracy": 0.9525333333333333,
    "test_robustness_drop": null,
    "test_restoration_gain": null,
    "test_position_1_acc": 0.9905333333333334,
    "test_position_2_acc": 0.9878666666666667,
    "test_position_3_acc": 0.9915333333333334,
    "test_position_4_acc": 0.9901333333333333,
    "test_position_5_acc": 0.9909333333333333
}