{
    "epoch": 146,
    "train_loss": 0.008932527336216774,
    "pretrain_loss": null,
    "finetune_loss": 0.0001256172822899454,
    "pseudo_label_count": 20963,
    "pseudo_label_accept_rate": 0.9982380952380953,
    "mean_pseudo_confidence": 0.9998135044676756,
    "consistency_loss": 0.00880691005392683,
    "encoder_stage": "consistency",
    "stn_status": "trainable",
    "stn_regularization_loss": 0.0004677246585633744,
    "val_loss": 0.25984392695604486,
    "val_seq_acc": 0.952,
    "val_char_acc": 0.99024,
    "val_edit_distance": 0.0488,
    "val_clean_accuracy": 0.952,
    "val_robustness_drop": null,
    "val_restoration_gain": null,
    "val_position_1_acc": 0.9905333333333334,
    "val_position_2_acc": 0.9891333333333333,
    "val_position_3_acc": 0.99,
    "val_position_4_acc": 0.9894666666666667,
    "val_position_5_acc": 0.9920666666666667,
    "test_loss": 0.25325939139037607,
    "test_seq_acc": 0.9546,
    "test_char_acc": 0.99064,
    "test_edit_distance": 0.046733333333333335,
    "test_clean_accuracy": 0.9546,
    "test_robustness_drop": null,
    "test_restoration_gain": null,
    "test_position_1_acc": 0.9910666666666667,
    "test_position_2_acc": 0.9888666666666667,
    "test_position_3_acc": 0.9919333333333333,
    "test_position_4_acc": 0.9902,
    "test_position_5_acc": 0.9911333333333333
}