{
    "epoch": 40,
    "train_loss": 0.0879374138890241,
    "pretrain_loss": null,
    "finetune_loss": 0.04170898765075694,
    "pseudo_label_count": 19922,
    "pseudo_label_accept_rate": 0.9486666666666667,
    "mean_pseudo_confidence": 0.9971005280158353,
    "consistency_loss": 0.046228426238267166,
    "encoder_stage": "consistency",
    "stn_status": "trainable",
    "stn_regularization_loss": 0.0002561113288382106,
    "val_loss": 0.3182886157581147,
    "val_seq_acc": 0.9203333333333333,
    "val_char_acc": 0.9835733333333333,
    "val_edit_distance": 0.08213333333333334,
    "val_clean_accuracy": 0.9203333333333333,
    "val_robustness_drop": null,
    "val_restoration_gain": null,
    "val_position_1_acc": 0.9852,
    "val_position_2_acc": 0.9802666666666666,
    "val_position_3_acc": 0.9825333333333334,
    "val_position_4_acc": 0.9824,
    "val_position_5_acc": 0.9874666666666667,
    "test_loss": 0.3429460254913949,
    "test_seq_acc": 0.9163333333333333,
    "test_char_acc": 0.9826266666666666,
    "test_edit_distance": 0.08673333333333333,
    "test_clean_accuracy": 0.9163333333333333,
    "test_robustness_drop": null,
    "test_restoration_gain": null,
    "test_position_1_acc": 0.9861333333333333,
    "test_position_2_acc": 0.978,
    "test_position_3_acc": 0.9812,
    "test_position_4_acc": 0.9834666666666667,
    "test_position_5_acc": 0.9843333333333333
}