{
    "epoch": 38,
    "train_loss": 0.08948151308725771,
    "pretrain_loss": null,
    "finetune_loss": 0.040606865778811,
    "pseudo_label_count": 19932,
    "pseudo_label_accept_rate": 0.9491428571428572,
    "mean_pseudo_confidence": 0.9972210975983237,
    "consistency_loss": 0.04887464730844671,
    "encoder_stage": "consistency",
    "stn_status": "trainable",
    "stn_regularization_loss": 0.00027115980530892554,
    "val_loss": 0.9271265139644768,
    "val_seq_acc": 0.8570666666666666,
    "val_char_acc": 0.9698666666666667,
    "val_edit_distance": 0.1506,
    "val_clean_accuracy": 0.8570666666666666,
    "val_robustness_drop": null,
    "val_restoration_gain": null,
    "val_position_1_acc": 0.9816666666666667,
    "val_position_2_acc": 0.9685333333333334,
    "val_position_3_acc": 0.9570666666666666,
    "val_position_4_acc": 0.9712666666666666,
    "val_position_5_acc": 0.9708,
    "test_loss": 0.9314349189717719,
    "test_seq_acc": 0.8556,
    "test_char_acc": 0.96936,
    "test_edit_distance": 0.15306666666666666,
    "test_clean_accuracy": 0.8556,
    "test_robustness_drop": null,
    "test_restoration_gain": null,
    "test_position_1_acc": 0.9848,
    "test_position_2_acc": 0.9664,
    "test_position_3_acc": 0.9526,
    "test_position_4_acc": 0.973,
    "test_position_5_acc": 0.97
}