{
    "epoch": 159,
    "train_loss": 0.007236662787414888,
    "pretrain_loss": null,
    "finetune_loss": 8.940681404620964e-05,
    "pseudo_label_count": 20959,
    "pseudo_label_accept_rate": 0.9980476190476191,
    "mean_pseudo_confidence": 0.9998159603772486,
    "consistency_loss": 0.007147255973368678,
    "encoder_stage": "consistency",
    "stn_status": "trainable",
    "stn_regularization_loss": 0.0004649723303568637,
    "val_loss": 0.25832008742900725,
    "val_seq_acc": 0.9526,
    "val_char_acc": 0.9903866666666666,
    "val_edit_distance": 0.04806666666666667,
    "val_clean_accuracy": 0.9526,
    "val_robustness_drop": null,
    "val_restoration_gain": null,
    "val_position_1_acc": 0.9906,
    "val_position_2_acc": 0.9894666666666667,
    "val_position_3_acc": 0.9904,
    "val_position_4_acc": 0.989,
    "val_position_5_acc": 0.9924666666666667,
    "test_loss": 0.25444012386489046,
    "test_seq_acc": 0.9548666666666666,
    "test_char_acc": 0.99064,
    "test_edit_distance": 0.0466,
    "test_clean_accuracy": 0.9548666666666666,
    "test_robustness_drop": null,
    "test_restoration_gain": null,
    "test_position_1_acc": 0.9913333333333333,
    "test_position_2_acc": 0.989,
    "test_position_3_acc": 0.9918666666666667,
    "test_position_4_acc": 0.9906,
    "test_position_5_acc": 0.9904
}