{
    "epoch": 21,
    "train_loss": 0.15260397823253558,
    "pretrain_loss": null,
    "finetune_loss": 0.09495135332401793,
    "pseudo_label_count": 19628,
    "pseudo_label_accept_rate": 0.9346666666666666,
    "mean_pseudo_confidence": 0.9961645025961118,
    "consistency_loss": 0.05765262490851765,
    "encoder_stage": "consistency",
    "stn_status": "trainable",
    "stn_regularization_loss": 0.0001782662234361501,
    "val_loss": 0.8133351996223978,
    "val_seq_acc": 0.8627333333333334,
    "val_char_acc": 0.971,
    "val_edit_distance": 0.145,
    "val_clean_accuracy": 0.8627333333333334,
    "val_robustness_drop": null,
    "val_restoration_gain": null,
    "val_position_1_acc": 0.9731333333333333,
    "val_position_2_acc": 0.9668666666666667,
    "val_position_3_acc": 0.9728,
    "val_position_4_acc": 0.9686666666666667,
    "val_position_5_acc": 0.9735333333333334,
    "test_loss": 0.8259314174347735,
    "test_seq_acc": 0.8599333333333333,
    "test_char_acc": 0.9701333333333333,
    "test_edit_distance": 0.14926666666666666,
    "test_clean_accuracy": 0.8599333333333333,
    "test_robustness_drop": null,
    "test_restoration_gain": null,
    "test_position_1_acc": 0.9748,
    "test_position_2_acc": 0.9659333333333333,
    "test_position_3_acc": 0.9683333333333334,
    "test_position_4_acc": 0.9698,
    "test_position_5_acc": 0.9718
}