{
    "epoch": 191,
    "train_loss": 0.01019469496585461,
    "pretrain_loss": null,
    "finetune_loss": 0.00019763196558904254,
    "pseudo_label_count": 20963,
    "pseudo_label_accept_rate": 0.9982380952380953,
    "mean_pseudo_confidence": 0.9998054566720239,
    "consistency_loss": 0.009997063000265568,
    "encoder_stage": "consistency",
    "stn_status": "trainable",
    "stn_regularization_loss": 0.0004654668838159318,
    "val_loss": 0.2570353071116149,
    "val_seq_acc": 0.9532,
    "val_char_acc": 0.99048,
    "val_edit_distance": 0.0476,
    "val_clean_accuracy": 0.9532,
    "val_robustness_drop": null,
    "val_restoration_gain": null,
    "val_position_1_acc": 0.9906666666666667,
    "val_position_2_acc": 0.9894666666666667,
    "val_position_3_acc": 0.9903333333333333,
    "val_position_4_acc": 0.9893333333333333,
    "val_position_5_acc": 0.9926,
    "test_loss": 0.2552024079338422,
    "test_seq_acc": 0.9547333333333333,
    "test_char_acc": 0.9906666666666667,
    "test_edit_distance": 0.04666666666666667,
    "test_clean_accuracy": 0.9547333333333333,
    "test_robustness_drop": null,
    "test_restoration_gain": null,
    "test_position_1_acc": 0.9911333333333333,
    "test_position_2_acc": 0.989,
    "test_position_3_acc": 0.9921333333333333,
    "test_position_4_acc": 0.9905333333333334,
    "test_position_5_acc": 0.9905333333333334
}