{
    "epoch": 103,
    "train_loss": 0.010865211777010286,
    "pretrain_loss": null,
    "finetune_loss": 0.0001920882768472462,
    "pseudo_label_count": 20951,
    "pseudo_label_accept_rate": 0.9976666666666667,
    "mean_pseudo_confidence": 0.9997558923309546,
    "consistency_loss": 0.010673123500163039,
    "encoder_stage": "consistency",
    "stn_status": "trainable",
    "stn_regularization_loss": 0.0004375227117295364,
    "val_loss": 0.259678142818008,
    "val_seq_acc": 0.9504,
    "val_char_acc": 0.98996,
    "val_edit_distance": 0.0502,
    "val_clean_accuracy": 0.9504,
    "val_robustness_drop": null,
    "val_restoration_gain": null,
    "val_position_1_acc": 0.9901333333333333,
    "val_position_2_acc": 0.9892666666666666,
    "val_position_3_acc": 0.9901333333333333,
    "val_position_4_acc": 0.9888666666666667,
    "val_position_5_acc": 0.9914,
    "test_loss": 0.25351709724471877,
    "test_seq_acc": 0.9526,
    "test_char_acc": 0.9902133333333333,
    "test_edit_distance": 0.04873333333333333,
    "test_clean_accuracy": 0.9526,
    "test_robustness_drop": null,
    "test_restoration_gain": null,
    "test_position_1_acc": 0.9912,
    "test_position_2_acc": 0.9884666666666667,
    "test_position_3_acc": 0.9916,
    "test_position_4_acc": 0.9892,
    "test_position_5_acc": 0.9906
}