{
    "epoch": 117,
    "train_loss": 0.010010428029972079,
    "pretrain_loss": null,
    "finetune_loss": 0.00011717621143003038,
    "pseudo_label_count": 20958,
    "pseudo_label_accept_rate": 0.998,
    "mean_pseudo_confidence": 0.99977042017712,
    "consistency_loss": 0.009893251818542049,
    "encoder_stage": "consistency",
    "stn_status": "trainable",
    "stn_regularization_loss": 0.00044280410034039093,
    "val_loss": 0.25328185496197897,
    "val_seq_acc": 0.9522,
    "val_char_acc": 0.9903333333333333,
    "val_edit_distance": 0.04833333333333333,
    "val_clean_accuracy": 0.9522,
    "val_robustness_drop": null,
    "val_restoration_gain": null,
    "val_position_1_acc": 0.9905333333333334,
    "val_position_2_acc": 0.9894,
    "val_position_3_acc": 0.9906,
    "val_position_4_acc": 0.9892,
    "val_position_5_acc": 0.9919333333333333,
    "test_loss": 0.25210607500897864,
    "test_seq_acc": 0.9539333333333333,
    "test_char_acc": 0.9905066666666666,
    "test_edit_distance": 0.04733333333333333,
    "test_clean_accuracy": 0.9539333333333333,
    "test_robustness_drop": null,
    "test_restoration_gain": null,
    "test_position_1_acc": 0.9912,
    "test_position_2_acc": 0.9888,
    "test_position_3_acc": 0.9919333333333333,
    "test_position_4_acc": 0.9899333333333333,
    "test_position_5_acc": 0.9906666666666667
}