{
    "epoch": 97,
    "train_loss": 0.011053655715770614,
    "pretrain_loss": null,
    "finetune_loss": 0.0003856223706612444,
    "pseudo_label_count": 20933,
    "pseudo_label_accept_rate": 0.9968095238095238,
    "mean_pseudo_confidence": 0.9997330291872695,
    "consistency_loss": 0.010668033345109369,
    "encoder_stage": "consistency",
    "stn_status": "trainable",
    "stn_regularization_loss": 0.0004523987187891701,
    "val_loss": 0.257807406103932,
    "val_seq_acc": 0.9494,
    "val_char_acc": 0.98968,
    "val_edit_distance": 0.0516,
    "val_clean_accuracy": 0.9494,
    "val_robustness_drop": null,
    "val_restoration_gain": null,
    "val_position_1_acc": 0.9898666666666667,
    "val_position_2_acc": 0.9894,
    "val_position_3_acc": 0.9899333333333333,
    "val_position_4_acc": 0.9884,
    "val_position_5_acc": 0.9908,
    "test_loss": 0.24825325115649474,
    "test_seq_acc": 0.9516,
    "test_char_acc": 0.99004,
    "test_edit_distance": 0.049666666666666665,
    "test_clean_accuracy": 0.9516,
    "test_robustness_drop": null,
    "test_restoration_gain": null,
    "test_position_1_acc": 0.9908666666666667,
    "test_position_2_acc": 0.988,
    "test_position_3_acc": 0.9916666666666667,
    "test_position_4_acc": 0.9901333333333333,
    "test_position_5_acc": 0.9895333333333334
}