{
    "epoch": 179,
    "train_loss": 0.009928458117453015,
    "pretrain_loss": null,
    "finetune_loss": 0.00011171612937193385,
    "pseudo_label_count": 20976,
    "pseudo_label_accept_rate": 0.9988571428571429,
    "mean_pseudo_confidence": 0.99981375180702,
    "consistency_loss": 0.00981674198808108,
    "encoder_stage": "consistency",
    "stn_status": "trainable",
    "stn_regularization_loss": 0.0004616987686741523,
    "val_loss": 0.25831740079596244,
    "val_seq_acc": 0.9520666666666666,
    "val_char_acc": 0.99028,
    "val_edit_distance": 0.0486,
    "val_clean_accuracy": 0.9520666666666666,
    "val_robustness_drop": null,
    "val_restoration_gain": null,
    "val_position_1_acc": 0.9903333333333333,
    "val_position_2_acc": 0.9896,
    "val_position_3_acc": 0.9902666666666666,
    "val_position_4_acc": 0.989,
    "val_position_5_acc": 0.9922,
    "test_loss": 0.2522273018487427,
    "test_seq_acc": 0.9539333333333333,
    "test_char_acc": 0.9905066666666666,
    "test_edit_distance": 0.0474,
    "test_clean_accuracy": 0.9539333333333333,
    "test_robustness_drop": null,
    "test_restoration_gain": null,
    "test_position_1_acc": 0.9907333333333334,
    "test_position_2_acc": 0.9890666666666666,
    "test_position_3_acc": 0.9918,
    "test_position_4_acc": 0.9902666666666666,
    "test_position_5_acc": 0.9906666666666667
}