{
    "epoch": 65,
    "train_loss": 0.022548935301430227,
    "pretrain_loss": null,
    "finetune_loss": 0.0018173956573394757,
    "pseudo_label_count": 20690,
    "pseudo_label_accept_rate": 0.9852380952380952,
    "mean_pseudo_confidence": 0.9991297613082155,
    "consistency_loss": 0.020731539644090753,
    "encoder_stage": "consistency",
    "stn_status": "trainable",
    "stn_regularization_loss": 0.00042972551339629146,
    "val_loss": 0.20062165700315318,
    "val_seq_acc": 0.9523333333333334,
    "val_char_acc": 0.9903466666666667,
    "val_edit_distance": 0.048266666666666666,
    "val_clean_accuracy": 0.9523333333333334,
    "val_robustness_drop": null,
    "val_restoration_gain": null,
    "val_position_1_acc": 0.9906666666666667,
    "val_position_2_acc": 0.99,
    "val_position_3_acc": 0.9906,
    "val_position_4_acc": 0.9885333333333334,
    "val_position_5_acc": 0.9919333333333333,
    "test_loss": 0.1977897423956397,
    "test_seq_acc": 0.9538666666666666,
    "test_char_acc": 0.99052,
    "test_edit_distance": 0.0474,
    "test_clean_accuracy": 0.9538666666666666,
    "test_robustness_drop": null,
    "test_restoration_gain": null,
    "test_position_1_acc": 0.9913333333333333,
    "test_position_2_acc": 0.9895333333333334,
    "test_position_3_acc": 0.9913333333333333,
    "test_position_4_acc": 0.9901333333333333,
    "test_position_5_acc": 0.9902666666666666
}