{
    "epoch": 23,
    "train_loss": 0.15689724617071518,
    "pretrain_loss": null,
    "finetune_loss": 0.09844324688789466,
    "pseudo_label_count": 19840,
    "pseudo_label_accept_rate": 0.9447619047619048,
    "mean_pseudo_confidence": 0.9964258824625323,
    "consistency_loss": 0.05845399928282052,
    "encoder_stage": "consistency",
    "stn_status": "trainable",
    "stn_regularization_loss": 0.00019729854201146408,
    "val_loss": 2.0933171419387167,
    "val_seq_acc": 0.7789333333333334,
    "val_char_acc": 0.9431866666666666,
    "val_edit_distance": 0.2786666666666667,
    "val_clean_accuracy": 0.7789333333333334,
    "val_robustness_drop": null,
    "val_restoration_gain": null,
    "val_position_1_acc": 0.9439333333333333,
    "val_position_2_acc": 0.9400666666666667,
    "val_position_3_acc": 0.9542666666666667,
    "val_position_4_acc": 0.9407333333333333,
    "val_position_5_acc": 0.9369333333333333,
    "test_loss": 2.16880180353814,
    "test_seq_acc": 0.7754,
    "test_char_acc": 0.9419733333333333,
    "test_edit_distance": 0.2846666666666667,
    "test_clean_accuracy": 0.7754,
    "test_robustness_drop": null,
    "test_restoration_gain": null,
    "test_position_1_acc": 0.9459333333333333,
    "test_position_2_acc": 0.9372666666666667,
    "test_position_3_acc": 0.9491333333333334,
    "test_position_4_acc": 0.9414,
    "test_position_5_acc": 0.9361333333333334
}