{
    "epoch": 52,
    "train_loss": 0.03324636822076781,
    "pretrain_loss": null,
    "finetune_loss": 0.005577963703139029,
    "pseudo_label_count": 20456,
    "pseudo_label_accept_rate": 0.9740952380952381,
    "mean_pseudo_confidence": 0.9985681144250386,
    "consistency_loss": 0.027668404517628784,
    "encoder_stage": "consistency",
    "stn_status": "trainable",
    "stn_regularization_loss": 0.0003841285029557288,
    "val_loss": 0.22785020349398652,
    "val_seq_acc": 0.9474666666666667,
    "val_char_acc": 0.9893866666666666,
    "val_edit_distance": 0.053066666666666665,
    "val_clean_accuracy": 0.9474666666666667,
    "val_robustness_drop": null,
    "val_restoration_gain": null,
    "val_position_1_acc": 0.9895333333333334,
    "val_position_2_acc": 0.9882666666666666,
    "val_position_3_acc": 0.9892666666666666,
    "val_position_4_acc": 0.9886,
    "val_position_5_acc": 0.9912666666666666,
    "test_loss": 0.21722468997133856,
    "test_seq_acc": 0.9498666666666666,
    "test_char_acc": 0.9897333333333334,
    "test_edit_distance": 0.05126666666666667,
    "test_clean_accuracy": 0.9498666666666666,
    "test_robustness_drop": null,
    "test_restoration_gain": null,
    "test_position_1_acc": 0.9911333333333333,
    "test_position_2_acc": 0.9867333333333334,
    "test_position_3_acc": 0.9906666666666667,
    "test_position_4_acc": 0.9893333333333333,
    "test_position_5_acc": 0.9908
}