{
    "epoch": 90,
    "train_loss": 0.013292488423728854,
    "pretrain_loss": null,
    "finetune_loss": 0.0005152062479688971,
    "pseudo_label_count": 20922,
    "pseudo_label_accept_rate": 0.9962857142857143,
    "mean_pseudo_confidence": 0.9996114713650408,
    "consistency_loss": 0.012777282175759956,
    "encoder_stage": "consistency",
    "stn_status": "trainable",
    "stn_regularization_loss": 0.00045987546217208326,
    "val_loss": 0.24172013754574978,
    "val_seq_acc": 0.9512666666666667,
    "val_char_acc": 0.9901333333333333,
    "val_edit_distance": 0.04933333333333333,
    "val_clean_accuracy": 0.9512666666666667,
    "val_robustness_drop": null,
    "val_restoration_gain": null,
    "val_position_1_acc": 0.99,
    "val_position_2_acc": 0.9895333333333334,
    "val_position_3_acc": 0.9902666666666666,
    "val_position_4_acc": 0.9890666666666666,
    "val_position_5_acc": 0.9918,
    "test_loss": 0.23613714113699313,
    "test_seq_acc": 0.9528666666666666,
    "test_char_acc": 0.99028,
    "test_edit_distance": 0.04853333333333333,
    "test_clean_accuracy": 0.9528666666666666,
    "test_robustness_drop": null,
    "test_restoration_gain": null,
    "test_position_1_acc": 0.9904,
    "test_position_2_acc": 0.9889333333333333,
    "test_position_3_acc": 0.9919333333333333,
    "test_position_4_acc": 0.9896666666666667,
    "test_position_5_acc": 0.9904666666666667
}