{
    "epoch": 165,
    "train_loss": 0.010446498069267722,
    "pretrain_loss": null,
    "finetune_loss": 0.00011739458417717385,
    "pseudo_label_count": 20973,
    "pseudo_label_accept_rate": 0.9987142857142857,
    "mean_pseudo_confidence": 0.9998097399049225,
    "consistency_loss": 0.010329103485090549,
    "encoder_stage": "consistency",
    "stn_status": "trainable",
    "stn_regularization_loss": 0.0004620545667751171,
    "val_loss": 0.26257838527671995,
    "val_seq_acc": 0.9527333333333333,
    "val_char_acc": 0.9903866666666666,
    "val_edit_distance": 0.04806666666666667,
    "val_clean_accuracy": 0.9527333333333333,
    "val_robustness_drop": null,
    "val_restoration_gain": null,
    "val_position_1_acc": 0.9905333333333334,
    "val_position_2_acc": 0.9894666666666667,
    "val_position_3_acc": 0.9903333333333333,
    "val_position_4_acc": 0.9892666666666666,
    "val_position_5_acc": 0.9923333333333333,
    "test_loss": 0.25597802993071767,
    "test_seq_acc": 0.9538,
    "test_char_acc": 0.9904666666666667,
    "test_edit_distance": 0.04766666666666667,
    "test_clean_accuracy": 0.9538,
    "test_robustness_drop": null,
    "test_restoration_gain": null,
    "test_position_1_acc": 0.991,
    "test_position_2_acc": 0.9888,
    "test_position_3_acc": 0.9915333333333334,
    "test_position_4_acc": 0.9901333333333333,
    "test_position_5_acc": 0.9908666666666667
}