{
    "epoch": 129,
    "train_loss": 0.008910366889977418,
    "pretrain_loss": null,
    "finetune_loss": 0.00017755028399992257,
    "pseudo_label_count": 20958,
    "pseudo_label_accept_rate": 0.998,
    "mean_pseudo_confidence": 0.9997962810734049,
    "consistency_loss": 0.008732816605977495,
    "encoder_stage": "consistency",
    "stn_status": "trainable",
    "stn_regularization_loss": 0.00043441702884706947,
    "val_loss": 0.2583319117151637,
    "val_seq_acc": 0.9509333333333333,
    "val_char_acc": 0.99008,
    "val_edit_distance": 0.0496,
    "val_clean_accuracy": 0.9509333333333333,
    "val_robustness_drop": null,
    "val_restoration_gain": null,
    "val_position_1_acc": 0.9902666666666666,
    "val_position_2_acc": 0.9896,
    "val_position_3_acc": 0.9899333333333333,
    "val_position_4_acc": 0.9890666666666666,
    "val_position_5_acc": 0.9915333333333334,
    "test_loss": 0.2523074027836822,
    "test_seq_acc": 0.9536,
    "test_char_acc": 0.9904266666666667,
    "test_edit_distance": 0.04766666666666667,
    "test_clean_accuracy": 0.9536,
    "test_robustness_drop": null,
    "test_restoration_gain": null,
    "test_position_1_acc": 0.991,
    "test_position_2_acc": 0.9886,
    "test_position_3_acc": 0.9918666666666667,
    "test_position_4_acc": 0.9898,
    "test_position_5_acc": 0.9908666666666667
}