{
    "epoch": 98,
    "train_loss": 0.01324998641389082,
    "pretrain_loss": null,
    "finetune_loss": 0.0002459935097964172,
    "pseudo_label_count": 20947,
    "pseudo_label_accept_rate": 0.9974761904761905,
    "mean_pseudo_confidence": 0.999726606836955,
    "consistency_loss": 0.013003992904094402,
    "encoder_stage": "consistency",
    "stn_status": "trainable",
    "stn_regularization_loss": 0.0004156085707787573,
    "val_loss": 0.25605227338915515,
    "val_seq_acc": 0.9503333333333334,
    "val_char_acc": 0.9898933333333333,
    "val_edit_distance": 0.05053333333333333,
    "val_clean_accuracy": 0.9503333333333334,
    "val_robustness_drop": null,
    "val_restoration_gain": null,
    "val_position_1_acc": 0.9905333333333334,
    "val_position_2_acc": 0.9892,
    "val_position_3_acc": 0.9899333333333333,
    "val_position_4_acc": 0.9885333333333334,
    "val_position_5_acc": 0.9912666666666666,
    "test_loss": 0.24974662780011211,
    "test_seq_acc": 0.9539333333333333,
    "test_char_acc": 0.99052,
    "test_edit_distance": 0.04733333333333333,
    "test_clean_accuracy": 0.9539333333333333,
    "test_robustness_drop": null,
    "test_restoration_gain": null,
    "test_position_1_acc": 0.9910666666666667,
    "test_position_2_acc": 0.9890666666666666,
    "test_position_3_acc": 0.9918666666666667,
    "test_position_4_acc": 0.9904,
    "test_position_5_acc": 0.9902
}