{
    "epoch": 59,
    "train_loss": 0.02255770490426903,
    "pretrain_loss": null,
    "finetune_loss": 0.0015895138684928133,
    "pseudo_label_count": 20588,
    "pseudo_label_accept_rate": 0.9803809523809524,
    "mean_pseudo_confidence": 0.9988635023149306,
    "consistency_loss": 0.020968191035776216,
    "encoder_stage": "consistency",
    "stn_status": "trainable",
    "stn_regularization_loss": 0.0003862120035984355,
    "val_loss": 0.1953406070903974,
    "val_seq_acc": 0.9506,
    "val_char_acc": 0.99,
    "val_edit_distance": 0.05,
    "val_clean_accuracy": 0.9506,
    "val_robustness_drop": null,
    "val_restoration_gain": null,
    "val_position_1_acc": 0.9900666666666667,
    "val_position_2_acc": 0.9894,
    "val_position_3_acc": 0.99,
    "val_position_4_acc": 0.9886,
    "val_position_5_acc": 0.9919333333333333,
    "test_loss": 0.19650294263549942,
    "test_seq_acc": 0.9528,
    "test_char_acc": 0.9901733333333333,
    "test_edit_distance": 0.04906666666666667,
    "test_clean_accuracy": 0.9528,
    "test_robustness_drop": null,
    "test_restoration_gain": null,
    "test_position_1_acc": 0.9916666666666667,
    "test_position_2_acc": 0.9883333333333333,
    "test_position_3_acc": 0.9908666666666667,
    "test_position_4_acc": 0.9896666666666667,
    "test_position_5_acc": 0.9903333333333333
}