{
    "epoch": 160,
    "train_loss": 0.009528341547275816,
    "pretrain_loss": null,
    "finetune_loss": 8.92447069560747e-05,
    "pseudo_label_count": 20959,
    "pseudo_label_accept_rate": 0.9980476190476191,
    "mean_pseudo_confidence": 0.9998065666010535,
    "consistency_loss": 0.009439096840319742,
    "encoder_stage": "consistency",
    "stn_status": "trainable",
    "stn_regularization_loss": 0.00046245353461424614,
    "val_loss": 0.25320286024857236,
    "val_seq_acc": 0.9536,
    "val_char_acc": 0.9906133333333333,
    "val_edit_distance": 0.046933333333333334,
    "val_clean_accuracy": 0.9536,
    "val_robustness_drop": null,
    "val_restoration_gain": null,
    "val_position_1_acc": 0.9912,
    "val_position_2_acc": 0.9899333333333333,
    "val_position_3_acc": 0.9904666666666667,
    "val_position_4_acc": 0.9890666666666666,
    "val_position_5_acc": 0.9924,
    "test_loss": 0.2521267528769695,
    "test_seq_acc": 0.9544666666666667,
    "test_char_acc": 0.9906,
    "test_edit_distance": 0.04686666666666667,
    "test_clean_accuracy": 0.9544666666666667,
    "test_robustness_drop": null,
    "test_restoration_gain": null,
    "test_position_1_acc": 0.9912666666666666,
    "test_position_2_acc": 0.9888666666666667,
    "test_position_3_acc": 0.9916,
    "test_position_4_acc": 0.9906,
    "test_position_5_acc": 0.9906666666666667
}