{
    "epoch": 200,
    "train_loss": 0.00929023679774725,
    "pretrain_loss": null,
    "finetune_loss": 0.0002103651067159559,
    "pseudo_label_count": 20972,
    "pseudo_label_accept_rate": 0.9986666666666667,
    "mean_pseudo_confidence": 0.999813146975894,
    "consistency_loss": 0.009079871691031294,
    "encoder_stage": "consistency",
    "stn_status": "trainable",
    "stn_regularization_loss": 0.00046106646308210206,
    "val_loss": 0.2619214807394297,
    "val_seq_acc": 0.9516,
    "val_char_acc": 0.99016,
    "val_edit_distance": 0.0492,
    "val_clean_accuracy": 0.9516,
    "val_robustness_drop": null,
    "val_restoration_gain": null,
    "val_position_1_acc": 0.9904,
    "val_position_2_acc": 0.9890666666666666,
    "val_position_3_acc": 0.9902,
    "val_position_4_acc": 0.9891333333333333,
    "val_position_5_acc": 0.992,
    "test_loss": 0.25711568379722055,
    "test_seq_acc": 0.9531333333333334,
    "test_char_acc": 0.9902933333333334,
    "test_edit_distance": 0.0484,
    "test_clean_accuracy": 0.9531333333333334,
    "test_robustness_drop": null,
    "test_restoration_gain": null,
    "test_position_1_acc": 0.9908,
    "test_position_2_acc": 0.9885333333333334,
    "test_position_3_acc": 0.9915333333333334,
    "test_position_4_acc": 0.9901333333333333,
    "test_position_5_acc": 0.9904666666666667
}