{
    "epoch": 113,
    "train_loss": 0.009841276224293885,
    "pretrain_loss": null,
    "finetune_loss": 0.00020940124150310499,
    "pseudo_label_count": 20958,
    "pseudo_label_accept_rate": 0.998,
    "mean_pseudo_confidence": 0.9997900631923987,
    "consistency_loss": 0.00963187498279078,
    "encoder_stage": "consistency",
    "stn_status": "trainable",
    "stn_regularization_loss": 0.0004372569698089481,
    "val_loss": 0.25278359146967055,
    "val_seq_acc": 0.9522,
    "val_char_acc": 0.9903333333333333,
    "val_edit_distance": 0.04833333333333333,
    "val_clean_accuracy": 0.9522,
    "val_robustness_drop": null,
    "val_restoration_gain": null,
    "val_position_1_acc": 0.9904,
    "val_position_2_acc": 0.9894,
    "val_position_3_acc": 0.9904,
    "val_position_4_acc": 0.9888,
    "val_position_5_acc": 0.9926666666666667,
    "test_loss": 0.24937720388894533,
    "test_seq_acc": 0.9548666666666666,
    "test_char_acc": 0.9906666666666667,
    "test_edit_distance": 0.046533333333333336,
    "test_clean_accuracy": 0.9548666666666666,
    "test_robustness_drop": null,
    "test_restoration_gain": null,
    "test_position_1_acc": 0.9914,
    "test_position_2_acc": 0.9888666666666667,
    "test_position_3_acc": 0.9921333333333333,
    "test_position_4_acc": 0.99,
    "test_position_5_acc": 0.9909333333333333
}