{
    "epoch": 81,
    "train_loss": 0.01609382695200316,
    "pretrain_loss": null,
    "finetune_loss": 0.0007911215148143976,
    "pseudo_label_count": 20881,
    "pseudo_label_accept_rate": 0.9943333333333333,
    "mean_pseudo_confidence": 0.9994994372873035,
    "consistency_loss": 0.01530270543718876,
    "encoder_stage": "consistency",
    "stn_status": "trainable",
    "stn_regularization_loss": 0.00039548725874928874,
    "val_loss": 0.23265650088235024,
    "val_seq_acc": 0.9518,
    "val_char_acc": 0.9902,
    "val_edit_distance": 0.049,
    "val_clean_accuracy": 0.9518,
    "val_robustness_drop": null,
    "val_restoration_gain": null,
    "val_position_1_acc": 0.9900666666666667,
    "val_position_2_acc": 0.9892,
    "val_position_3_acc": 0.9904666666666667,
    "val_position_4_acc": 0.9888,
    "val_position_5_acc": 0.9924666666666667,
    "test_loss": 0.227033145438528,
    "test_seq_acc": 0.9532,
    "test_char_acc": 0.9903066666666667,
    "test_edit_distance": 0.048466666666666665,
    "test_clean_accuracy": 0.9532,
    "test_robustness_drop": null,
    "test_restoration_gain": null,
    "test_position_1_acc": 0.9907333333333334,
    "test_position_2_acc": 0.9884,
    "test_position_3_acc": 0.9915333333333334,
    "test_position_4_acc": 0.9898,
    "test_position_5_acc": 0.9910666666666667
}