{
    "epoch": 127,
    "train_loss": 0.010224910224577749,
    "pretrain_loss": null,
    "finetune_loss": 0.000172524501657631,
    "pseudo_label_count": 20957,
    "pseudo_label_accept_rate": 0.9979523809523809,
    "mean_pseudo_confidence": 0.999777548014051,
    "consistency_loss": 0.010052385722920118,
    "encoder_stage": "consistency",
    "stn_status": "trainable",
    "stn_regularization_loss": 0.00044220131366858766,
    "val_loss": 0.2542486537148819,
    "val_seq_acc": 0.9524666666666667,
    "val_char_acc": 0.9903866666666666,
    "val_edit_distance": 0.04806666666666667,
    "val_clean_accuracy": 0.9524666666666667,
    "val_robustness_drop": null,
    "val_restoration_gain": null,
    "val_position_1_acc": 0.9907333333333334,
    "val_position_2_acc": 0.9892666666666666,
    "val_position_3_acc": 0.9904,
    "val_position_4_acc": 0.9891333333333333,
    "val_position_5_acc": 0.9924,
    "test_loss": 0.2523807162246196,
    "test_seq_acc": 0.9545333333333333,
    "test_char_acc": 0.9906133333333333,
    "test_edit_distance": 0.0468,
    "test_clean_accuracy": 0.9545333333333333,
    "test_robustness_drop": null,
    "test_restoration_gain": null,
    "test_position_1_acc": 0.9914,
    "test_position_2_acc": 0.9888,
    "test_position_3_acc": 0.9918,
    "test_position_4_acc": 0.9902,
    "test_position_5_acc": 0.9908666666666667
}