{
    "epoch": 164,
    "train_loss": 0.009114583339954255,
    "pretrain_loss": null,
    "finetune_loss": 0.00011821446987572827,
    "pseudo_label_count": 20964,
    "pseudo_label_accept_rate": 0.9982857142857143,
    "mean_pseudo_confidence": 0.9997998350018241,
    "consistency_loss": 0.008996368870078526,
    "encoder_stage": "consistency",
    "stn_status": "trainable",
    "stn_regularization_loss": 0.0004624409303063778,
    "val_loss": 0.25474526838726425,
    "val_seq_acc": 0.9529333333333333,
    "val_char_acc": 0.9904666666666667,
    "val_edit_distance": 0.04766666666666667,
    "val_clean_accuracy": 0.9529333333333333,
    "val_robustness_drop": null,
    "val_restoration_gain": null,
    "val_position_1_acc": 0.9909333333333333,
    "val_position_2_acc": 0.9896,
    "val_position_3_acc": 0.9902,
    "val_position_4_acc": 0.9894,
    "val_position_5_acc": 0.9922,
    "test_loss": 0.25332602736802695,
    "test_seq_acc": 0.9546,
    "test_char_acc": 0.9906533333333334,
    "test_edit_distance": 0.046733333333333335,
    "test_clean_accuracy": 0.9546,
    "test_robustness_drop": null,
    "test_restoration_gain": null,
    "test_position_1_acc": 0.9912,
    "test_position_2_acc": 0.989,
    "test_position_3_acc": 0.9916,
    "test_position_4_acc": 0.9906,
    "test_position_5_acc": 0.9908666666666667
}