{
    "epoch": 186,
    "train_loss": 0.009183005102525775,
    "pretrain_loss": null,
    "finetune_loss": 0.00010669446989498239,
    "pseudo_label_count": 20959,
    "pseudo_label_accept_rate": 0.9980476190476191,
    "mean_pseudo_confidence": 0.9998256647949132,
    "consistency_loss": 0.009076310632630792,
    "encoder_stage": "consistency",
    "stn_status": "trainable",
    "stn_regularization_loss": 0.0004670851198375827,
    "val_loss": 0.25804185951623987,
    "val_seq_acc": 0.9525333333333333,
    "val_char_acc": 0.9903866666666666,
    "val_edit_distance": 0.04806666666666667,
    "val_clean_accuracy": 0.9525333333333333,
    "val_robustness_drop": null,
    "val_restoration_gain": null,
    "val_position_1_acc": 0.9908666666666667,
    "val_position_2_acc": 0.9894666666666667,
    "val_position_3_acc": 0.9903333333333333,
    "val_position_4_acc": 0.9892,
    "val_position_5_acc": 0.9920666666666667,
    "test_loss": 0.25556962449737375,
    "test_seq_acc": 0.9545333333333333,
    "test_char_acc": 0.9905866666666666,
    "test_edit_distance": 0.046933333333333334,
    "test_clean_accuracy": 0.9545333333333333,
    "test_robustness_drop": null,
    "test_restoration_gain": null,
    "test_position_1_acc": 0.9913333333333333,
    "test_position_2_acc": 0.9886,
    "test_position_3_acc": 0.992,
    "test_position_4_acc": 0.9904,
    "test_position_5_acc": 0.9906
}