{
    "epoch": 174,
    "train_loss": 0.008205174322823245,
    "pretrain_loss": null,
    "finetune_loss": 0.00011386107344839893,
    "pseudo_label_count": 20970,
    "pseudo_label_accept_rate": 0.9985714285714286,
    "mean_pseudo_confidence": 0.9998027499994324,
    "consistency_loss": 0.008091313249374846,
    "encoder_stage": "consistency",
    "stn_status": "trainable",
    "stn_regularization_loss": 0.00045578378692755244,
    "val_loss": 0.25544344827537724,
    "val_seq_acc": 0.9529333333333333,
    "val_char_acc": 0.9904533333333333,
    "val_edit_distance": 0.047733333333333336,
    "val_clean_accuracy": 0.9529333333333333,
    "val_robustness_drop": null,
    "val_restoration_gain": null,
    "val_position_1_acc": 0.9906666666666667,
    "val_position_2_acc": 0.9895333333333334,
    "val_position_3_acc": 0.9902,
    "val_position_4_acc": 0.9895333333333334,
    "val_position_5_acc": 0.9923333333333333,
    "test_loss": 0.25573008814393144,
    "test_seq_acc": 0.9542666666666667,
    "test_char_acc": 0.9905733333333333,
    "test_edit_distance": 0.047,
    "test_clean_accuracy": 0.9542666666666667,
    "test_robustness_drop": null,
    "test_restoration_gain": null,
    "test_position_1_acc": 0.9913333333333333,
    "test_position_2_acc": 0.9888666666666667,
    "test_position_3_acc": 0.9919333333333333,
    "test_position_4_acc": 0.9902,
    "test_position_5_acc": 0.9905333333333334
}