{
    "epoch": 91,
    "train_loss": 0.0142253209992014,
    "pretrain_loss": null,
    "finetune_loss": 0.000404835554019631,
    "pseudo_label_count": 20929,
    "pseudo_label_accept_rate": 0.9966190476190476,
    "mean_pseudo_confidence": 0.9996345325128946,
    "consistency_loss": 0.013820485445181769,
    "encoder_stage": "consistency",
    "stn_status": "trainable",
    "stn_regularization_loss": 0.0004290257964303611,
    "val_loss": 0.2414282455292352,
    "val_seq_acc": 0.95,
    "val_char_acc": 0.9898666666666667,
    "val_edit_distance": 0.050666666666666665,
    "val_clean_accuracy": 0.95,
    "val_robustness_drop": null,
    "val_restoration_gain": null,
    "val_position_1_acc": 0.9902666666666666,
    "val_position_2_acc": 0.9893333333333333,
    "val_position_3_acc": 0.9897333333333334,
    "val_position_4_acc": 0.9882666666666666,
    "val_position_5_acc": 0.9917333333333334,
    "test_loss": 0.23578430181189608,
    "test_seq_acc": 0.9521333333333334,
    "test_char_acc": 0.9901466666666666,
    "test_edit_distance": 0.04926666666666667,
    "test_clean_accuracy": 0.9521333333333334,
    "test_robustness_drop": null,
    "test_restoration_gain": null,
    "test_position_1_acc": 0.991,
    "test_position_2_acc": 0.9888,
    "test_position_3_acc": 0.9912,
    "test_position_4_acc": 0.989,
    "test_position_5_acc": 0.9907333333333334
}