{
    "epoch": 28,
    "train_loss": 0.11015808006451167,
    "pretrain_loss": null,
    "finetune_loss": 0.06570533129499675,
    "pseudo_label_count": 20252,
    "pseudo_label_accept_rate": 0.9643809523809523,
    "mean_pseudo_confidence": 0.9976122663964307,
    "consistency_loss": 0.04445274876951492,
    "encoder_stage": "consistency",
    "stn_status": "trainable",
    "stn_regularization_loss": 0.0001943229239017815,
    "val_loss": 1.3533534452636191,
    "val_seq_acc": 0.8609333333333333,
    "val_char_acc": 0.9705466666666667,
    "val_edit_distance": 0.14726666666666666,
    "val_clean_accuracy": 0.8609333333333333,
    "val_robustness_drop": null,
    "val_restoration_gain": null,
    "val_position_1_acc": 0.9719333333333333,
    "val_position_2_acc": 0.9681333333333333,
    "val_position_3_acc": 0.9712666666666666,
    "val_position_4_acc": 0.9688,
    "val_position_5_acc": 0.9726,
    "test_loss": 1.4015023322815592,
    "test_seq_acc": 0.8566666666666667,
    "test_char_acc": 0.9694133333333333,
    "test_edit_distance": 0.15286666666666668,
    "test_clean_accuracy": 0.8566666666666667,
    "test_robustness_drop": null,
    "test_restoration_gain": null,
    "test_position_1_acc": 0.9727333333333333,
    "test_position_2_acc": 0.9663333333333334,
    "test_position_3_acc": 0.9678,
    "test_position_4_acc": 0.9694,
    "test_position_5_acc": 0.9708
}