{
    "epoch": 124,
    "train_loss": 0.006813782079136124,
    "pretrain_loss": null,
    "finetune_loss": 0.00010354836773122074,
    "pseudo_label_count": 20953,
    "pseudo_label_accept_rate": 0.9977619047619047,
    "mean_pseudo_confidence": 0.9998138647844573,
    "consistency_loss": 0.006710233711404903,
    "encoder_stage": "consistency",
    "stn_status": "trainable",
    "stn_regularization_loss": 0.00043928638319307693,
    "val_loss": 0.2551654193156518,
    "val_seq_acc": 0.9514666666666667,
    "val_char_acc": 0.99016,
    "val_edit_distance": 0.0492,
    "val_clean_accuracy": 0.9514666666666667,
    "val_robustness_drop": null,
    "val_restoration_gain": null,
    "val_position_1_acc": 0.9903333333333333,
    "val_position_2_acc": 0.9896,
    "val_position_3_acc": 0.9902,
    "val_position_4_acc": 0.9888666666666667,
    "val_position_5_acc": 0.9918,
    "test_loss": 0.24867309716385708,
    "test_seq_acc": 0.9537333333333333,
    "test_char_acc": 0.99048,
    "test_edit_distance": 0.04753333333333333,
    "test_clean_accuracy": 0.9537333333333333,
    "test_robustness_drop": null,
    "test_restoration_gain": null,
    "test_position_1_acc": 0.9911333333333333,
    "test_position_2_acc": 0.9887333333333334,
    "test_position_3_acc": 0.9916666666666667,
    "test_position_4_acc": 0.9902,
    "test_position_5_acc": 0.9906666666666667
}