{
    "epoch": 182,
    "train_loss": 0.00919450192270736,
    "pretrain_loss": null,
    "finetune_loss": 0.00010862275695993763,
    "pseudo_label_count": 20961,
    "pseudo_label_accept_rate": 0.9981428571428571,
    "mean_pseudo_confidence": 0.9998275099532715,
    "consistency_loss": 0.00908587916574742,
    "encoder_stage": "consistency",
    "stn_status": "trainable",
    "stn_regularization_loss": 0.00046140035151165414,
    "val_loss": 0.26046688850334987,
    "val_seq_acc": 0.9523333333333334,
    "val_char_acc": 0.9903333333333333,
    "val_edit_distance": 0.04833333333333333,
    "val_clean_accuracy": 0.9523333333333334,
    "val_robustness_drop": null,
    "val_restoration_gain": null,
    "val_position_1_acc": 0.9905333333333334,
    "val_position_2_acc": 0.9894,
    "val_position_3_acc": 0.9902666666666666,
    "val_position_4_acc": 0.9892,
    "val_position_5_acc": 0.9922666666666666,
    "test_loss": 0.2573754132510271,
    "test_seq_acc": 0.9542666666666667,
    "test_char_acc": 0.9905866666666666,
    "test_edit_distance": 0.047066666666666666,
    "test_clean_accuracy": 0.9542666666666667,
    "test_robustness_drop": null,
    "test_restoration_gain": null,
    "test_position_1_acc": 0.9913333333333333,
    "test_position_2_acc": 0.9889333333333333,
    "test_position_3_acc": 0.9914666666666667,
    "test_position_4_acc": 0.9902666666666666,
    "test_position_5_acc": 0.9909333333333333
}