{
    "epoch": 37,
    "train_loss": 0.09180325697404862,
    "pretrain_loss": null,
    "finetune_loss": 0.04763987349354183,
    "pseudo_label_count": 19998,
    "pseudo_label_accept_rate": 0.9522857142857143,
    "mean_pseudo_confidence": 0.9973002308928403,
    "consistency_loss": 0.04416338348050678,
    "encoder_stage": "consistency",
    "stn_status": "trainable",
    "stn_regularization_loss": 0.0003008724329964292,
    "val_loss": 0.5636194254489655,
    "val_seq_acc": 0.8981333333333333,
    "val_char_acc": 0.9787866666666667,
    "val_edit_distance": 0.10606666666666667,
    "val_clean_accuracy": 0.8981333333333333,
    "val_robustness_drop": null,
    "val_restoration_gain": null,
    "val_position_1_acc": 0.9792,
    "val_position_2_acc": 0.9769333333333333,
    "val_position_3_acc": 0.9804666666666667,
    "val_position_4_acc": 0.9764666666666667,
    "val_position_5_acc": 0.9808666666666667,
    "test_loss": 0.56693049205586,
    "test_seq_acc": 0.8981333333333333,
    "test_char_acc": 0.97868,
    "test_edit_distance": 0.10653333333333333,
    "test_clean_accuracy": 0.8981333333333333,
    "test_robustness_drop": null,
    "test_restoration_gain": null,
    "test_position_1_acc": 0.9810666666666666,
    "test_position_2_acc": 0.9749333333333333,
    "test_position_3_acc": 0.9792666666666666,
    "test_position_4_acc": 0.9775333333333334,
    "test_position_5_acc": 0.9806
}