{
    "epoch": 93,
    "train_loss": 0.01356769376899324,
    "pretrain_loss": null,
    "finetune_loss": 0.00032327267709653974,
    "pseudo_label_count": 20925,
    "pseudo_label_accept_rate": 0.9964285714285714,
    "mean_pseudo_confidence": 0.9996448414300078,
    "consistency_loss": 0.0132444210918967,
    "encoder_stage": "consistency",
    "stn_status": "trainable",
    "stn_regularization_loss": 0.00042419624238196536,
    "val_loss": 0.257674131714838,
    "val_seq_acc": 0.9496666666666667,
    "val_char_acc": 0.9898,
    "val_edit_distance": 0.051,
    "val_clean_accuracy": 0.9496666666666667,
    "val_robustness_drop": null,
    "val_restoration_gain": null,
    "val_position_1_acc": 0.9906,
    "val_position_2_acc": 0.9887333333333334,
    "val_position_3_acc": 0.9898666666666667,
    "val_position_4_acc": 0.9883333333333333,
    "val_position_5_acc": 0.9914666666666667,
    "test_loss": 0.2532884850899907,
    "test_seq_acc": 0.9500666666666666,
    "test_char_acc": 0.9896666666666667,
    "test_edit_distance": 0.0516,
    "test_clean_accuracy": 0.9500666666666666,
    "test_robustness_drop": null,
    "test_restoration_gain": null,
    "test_position_1_acc": 0.9905333333333334,
    "test_position_2_acc": 0.9882,
    "test_position_3_acc": 0.991,
    "test_position_4_acc": 0.9888,
    "test_position_5_acc": 0.9898
}