{
    "epoch": 118,
    "train_loss": 0.009987162548085942,
    "pretrain_loss": null,
    "finetune_loss": 0.00011866089191752277,
    "pseudo_label_count": 20964,
    "pseudo_label_accept_rate": 0.9982857142857143,
    "mean_pseudo_confidence": 0.9997720963807989,
    "consistency_loss": 0.00986850165616842,
    "encoder_stage": "consistency",
    "stn_status": "trainable",
    "stn_regularization_loss": 0.0004508863628172148,
    "val_loss": 0.2582696238708524,
    "val_seq_acc": 0.952,
    "val_char_acc": 0.9902666666666666,
    "val_edit_distance": 0.048666666666666664,
    "val_clean_accuracy": 0.952,
    "val_robustness_drop": null,
    "val_restoration_gain": null,
    "val_position_1_acc": 0.9908666666666667,
    "val_position_2_acc": 0.9895333333333334,
    "val_position_3_acc": 0.99,
    "val_position_4_acc": 0.9890666666666666,
    "val_position_5_acc": 0.9918666666666667,
    "test_loss": 0.25588419608156593,
    "test_seq_acc": 0.9543333333333334,
    "test_char_acc": 0.9906,
    "test_edit_distance": 0.04686666666666667,
    "test_clean_accuracy": 0.9543333333333334,
    "test_robustness_drop": null,
    "test_restoration_gain": null,
    "test_position_1_acc": 0.9914666666666667,
    "test_position_2_acc": 0.9885333333333334,
    "test_position_3_acc": 0.9917333333333334,
    "test_position_4_acc": 0.99,
    "test_position_5_acc": 0.9912666666666666
}