{
    "epoch": 79,
    "train_loss": 0.017331456256977053,
    "pretrain_loss": null,
    "finetune_loss": 0.0006112559030026863,
    "pseudo_label_count": 20876,
    "pseudo_label_accept_rate": 0.9940952380952381,
    "mean_pseudo_confidence": 0.9994594255017238,
    "consistency_loss": 0.016720200353974368,
    "encoder_stage": "consistency",
    "stn_status": "trainable",
    "stn_regularization_loss": 0.00045588625380607383,
    "val_loss": 0.21865012016855775,
    "val_seq_acc": 0.9517333333333333,
    "val_char_acc": 0.9901333333333333,
    "val_edit_distance": 0.04933333333333333,
    "val_clean_accuracy": 0.9517333333333333,
    "val_robustness_drop": null,
    "val_restoration_gain": null,
    "val_position_1_acc": 0.9907333333333334,
    "val_position_2_acc": 0.9894666666666667,
    "val_position_3_acc": 0.9901333333333333,
    "val_position_4_acc": 0.9884,
    "val_position_5_acc": 0.9919333333333333,
    "test_loss": 0.21513021002434432,
    "test_seq_acc": 0.9523333333333334,
    "test_char_acc": 0.9901733333333333,
    "test_edit_distance": 0.049133333333333334,
    "test_clean_accuracy": 0.9523333333333334,
    "test_robustness_drop": null,
    "test_restoration_gain": null,
    "test_position_1_acc": 0.9905333333333334,
    "test_position_2_acc": 0.9893333333333333,
    "test_position_3_acc": 0.9912666666666666,
    "test_position_4_acc": 0.9894,
    "test_position_5_acc": 0.9903333333333333
}