{
    "epoch": 115,
    "train_loss": 0.008861892165527668,
    "pretrain_loss": null,
    "finetune_loss": 0.00013047127178922573,
    "pseudo_label_count": 20950,
    "pseudo_label_accept_rate": 0.9976190476190476,
    "mean_pseudo_confidence": 0.999802438831557,
    "consistency_loss": 0.008731420893738443,
    "encoder_stage": "consistency",
    "stn_status": "trainable",
    "stn_regularization_loss": 0.0004437236396528122,
    "val_loss": 0.25213779096660066,
    "val_seq_acc": 0.9538666666666666,
    "val_char_acc": 0.99068,
    "val_edit_distance": 0.0466,
    "val_clean_accuracy": 0.9538666666666666,
    "val_robustness_drop": null,
    "val_restoration_gain": null,
    "val_position_1_acc": 0.991,
    "val_position_2_acc": 0.9896666666666667,
    "val_position_3_acc": 0.9904666666666667,
    "val_position_4_acc": 0.9896,
    "val_position_5_acc": 0.9926666666666667,
    "test_loss": 0.2487435462028132,
    "test_seq_acc": 0.9551333333333333,
    "test_char_acc": 0.9907466666666667,
    "test_edit_distance": 0.046266666666666664,
    "test_clean_accuracy": 0.9551333333333333,
    "test_robustness_drop": null,
    "test_restoration_gain": null,
    "test_position_1_acc": 0.9914666666666667,
    "test_position_2_acc": 0.989,
    "test_position_3_acc": 0.9918666666666667,
    "test_position_4_acc": 0.9904,
    "test_position_5_acc": 0.991
}