{
    "epoch": 140,
    "train_loss": 0.01135736956183047,
    "pretrain_loss": null,
    "finetune_loss": 0.00012449294967530053,
    "pseudo_label_count": 20962,
    "pseudo_label_accept_rate": 0.9981904761904762,
    "mean_pseudo_confidence": 0.9997910258310713,
    "consistency_loss": 0.01123287661215517,
    "encoder_stage": "consistency",
    "stn_status": "trainable",
    "stn_regularization_loss": 0.0004774829465536694,
    "val_loss": 0.261262430557783,
    "val_seq_acc": 0.9522666666666667,
    "val_char_acc": 0.99032,
    "val_edit_distance": 0.0484,
    "val_clean_accuracy": 0.9522666666666667,
    "val_robustness_drop": null,
    "val_restoration_gain": null,
    "val_position_1_acc": 0.9903333333333333,
    "val_position_2_acc": 0.9897333333333334,
    "val_position_3_acc": 0.9902,
    "val_position_4_acc": 0.9892666666666666,
    "val_position_5_acc": 0.9920666666666667,
    "test_loss": 0.25585885520558804,
    "test_seq_acc": 0.954,
    "test_char_acc": 0.9905466666666667,
    "test_edit_distance": 0.0472,
    "test_clean_accuracy": 0.954,
    "test_robustness_drop": null,
    "test_restoration_gain": null,
    "test_position_1_acc": 0.9909333333333333,
    "test_position_2_acc": 0.9888,
    "test_position_3_acc": 0.9918,
    "test_position_4_acc": 0.9905333333333334,
    "test_position_5_acc": 0.9906666666666667
}