{
    "epoch": 147,
    "train_loss": 0.00821260742167181,
    "pretrain_loss": null,
    "finetune_loss": 0.00010825437184679063,
    "pseudo_label_count": 20960,
    "pseudo_label_accept_rate": 0.9980952380952381,
    "mean_pseudo_confidence": 0.9998058465373425,
    "consistency_loss": 0.00810435304982502,
    "encoder_stage": "consistency",
    "stn_status": "trainable",
    "stn_regularization_loss": 0.0004573451834589203,
    "val_loss": 0.25593593888965616,
    "val_seq_acc": 0.9536666666666667,
    "val_char_acc": 0.9906133333333333,
    "val_edit_distance": 0.046933333333333334,
    "val_clean_accuracy": 0.9536666666666667,
    "val_robustness_drop": null,
    "val_restoration_gain": null,
    "val_position_1_acc": 0.9908,
    "val_position_2_acc": 0.9896666666666667,
    "val_position_3_acc": 0.9908,
    "val_position_4_acc": 0.9894666666666667,
    "val_position_5_acc": 0.9923333333333333,
    "test_loss": 0.2520837473411836,
    "test_seq_acc": 0.9550666666666666,
    "test_char_acc": 0.99072,
    "test_edit_distance": 0.04633333333333333,
    "test_clean_accuracy": 0.9550666666666666,
    "test_robustness_drop": null,
    "test_restoration_gain": null,
    "test_position_1_acc": 0.9913333333333333,
    "test_position_2_acc": 0.9889333333333333,
    "test_position_3_acc": 0.992,
    "test_position_4_acc": 0.9904666666666667,
    "test_position_5_acc": 0.9908666666666667
}