{
    "epoch": 71,
    "train_loss": 0.018341446297741423,
    "pretrain_loss": null,
    "finetune_loss": 0.0010732422673821118,
    "pseudo_label_count": 20790,
    "pseudo_label_accept_rate": 0.99,
    "mean_pseudo_confidence": 0.9992755881406299,
    "consistency_loss": 0.01726820403035931,
    "encoder_stage": "consistency",
    "stn_status": "trainable",
    "stn_regularization_loss": 0.00043454102088492843,
    "val_loss": 0.21186604171872456,
    "val_seq_acc": 0.9520666666666666,
    "val_char_acc": 0.9903066666666667,
    "val_edit_distance": 0.048466666666666665,
    "val_clean_accuracy": 0.9520666666666666,
    "val_robustness_drop": null,
    "val_restoration_gain": null,
    "val_position_1_acc": 0.9908666666666667,
    "val_position_2_acc": 0.9887333333333334,
    "val_position_3_acc": 0.9910666666666667,
    "val_position_4_acc": 0.9892,
    "val_position_5_acc": 0.9916666666666667,
    "test_loss": 0.20620570725351423,
    "test_seq_acc": 0.9524,
    "test_char_acc": 0.9902,
    "test_edit_distance": 0.049,
    "test_clean_accuracy": 0.9524,
    "test_robustness_drop": null,
    "test_restoration_gain": null,
    "test_position_1_acc": 0.9909333333333333,
    "test_position_2_acc": 0.9883333333333333,
    "test_position_3_acc": 0.9915333333333334,
    "test_position_4_acc": 0.9899333333333333,
    "test_position_5_acc": 0.9902666666666666
}