{
    "epoch": 157,
    "train_loss": 0.00936327497307665,
    "pretrain_loss": null,
    "finetune_loss": 9.117233094121318e-05,
    "pseudo_label_count": 20961,
    "pseudo_label_accept_rate": 0.9981428571428571,
    "mean_pseudo_confidence": 0.9998029551031276,
    "consistency_loss": 0.009272102642135438,
    "encoder_stage": "consistency",
    "stn_status": "trainable",
    "stn_regularization_loss": 0.00046371191391022463,
    "val_loss": 0.2640347935328696,
    "val_seq_acc": 0.9524,
    "val_char_acc": 0.9903333333333333,
    "val_edit_distance": 0.04833333333333333,
    "val_clean_accuracy": 0.9524,
    "val_robustness_drop": null,
    "val_restoration_gain": null,
    "val_position_1_acc": 0.9907333333333334,
    "val_position_2_acc": 0.9896,
    "val_position_3_acc": 0.99,
    "val_position_4_acc": 0.9894,
    "val_position_5_acc": 0.9919333333333333,
    "test_loss": 0.2585524677239517,
    "test_seq_acc": 0.954,
    "test_char_acc": 0.9905466666666667,
    "test_edit_distance": 0.047266666666666665,
    "test_clean_accuracy": 0.954,
    "test_robustness_drop": null,
    "test_restoration_gain": null,
    "test_position_1_acc": 0.9909333333333333,
    "test_position_2_acc": 0.9890666666666666,
    "test_position_3_acc": 0.9918,
    "test_position_4_acc": 0.9904666666666667,
    "test_position_5_acc": 0.9904666666666667
}