{
    "epoch": 123,
    "train_loss": 0.009962205920207141,
    "pretrain_loss": null,
    "finetune_loss": 0.00011141167451854304,
    "pseudo_label_count": 20953,
    "pseudo_label_accept_rate": 0.9977619047619047,
    "mean_pseudo_confidence": 0.9997867146739013,
    "consistency_loss": 0.0098507942456886,
    "encoder_stage": "consistency",
    "stn_status": "trainable",
    "stn_regularization_loss": 0.0004432686313621743,
    "val_loss": 0.25245338035202486,
    "val_seq_acc": 0.9519333333333333,
    "val_char_acc": 0.99028,
    "val_edit_distance": 0.0486,
    "val_clean_accuracy": 0.9519333333333333,
    "val_robustness_drop": null,
    "val_restoration_gain": null,
    "val_position_1_acc": 0.9906,
    "val_position_2_acc": 0.9892,
    "val_position_3_acc": 0.9903333333333333,
    "val_position_4_acc": 0.9890666666666666,
    "val_position_5_acc": 0.9922,
    "test_loss": 0.2519854591306555,
    "test_seq_acc": 0.9539333333333333,
    "test_char_acc": 0.9905333333333334,
    "test_edit_distance": 0.0472,
    "test_clean_accuracy": 0.9539333333333333,
    "test_robustness_drop": null,
    "test_restoration_gain": null,
    "test_position_1_acc": 0.9914666666666667,
    "test_position_2_acc": 0.9886,
    "test_position_3_acc": 0.9916666666666667,
    "test_position_4_acc": 0.9901333333333333,
    "test_position_5_acc": 0.9908
}