{
    "epoch": 18,
    "train_loss": 0.17781696769454994,
    "pretrain_loss": null,
    "finetune_loss": 0.12463082463113352,
    "pseudo_label_count": 19649,
    "pseudo_label_accept_rate": 0.9356666666666666,
    "mean_pseudo_confidence": 0.9961907822725773,
    "consistency_loss": 0.053186143063416416,
    "encoder_stage": "consistency",
    "stn_status": "trainable",
    "stn_regularization_loss": 7.470999495339488e-05,
    "val_loss": 0.6275739444380111,
    "val_seq_acc": 0.8742,
    "val_char_acc": 0.9734533333333333,
    "val_edit_distance": 0.13266666666666665,
    "val_clean_accuracy": 0.8742,
    "val_robustness_drop": null,
    "val_restoration_gain": null,
    "val_position_1_acc": 0.9766666666666667,
    "val_position_2_acc": 0.9734,
    "val_position_3_acc": 0.9728,
    "val_position_4_acc": 0.9701333333333333,
    "val_position_5_acc": 0.9742666666666666,
    "test_loss": 0.6398072048070583,
    "test_seq_acc": 0.8715333333333334,
    "test_char_acc": 0.9727466666666666,
    "test_edit_distance": 0.1362,
    "test_clean_accuracy": 0.8715333333333334,
    "test_robustness_drop": null,
    "test_restoration_gain": null,
    "test_position_1_acc": 0.979,
    "test_position_2_acc": 0.9725333333333334,
    "test_position_3_acc": 0.9686,
    "test_position_4_acc": 0.9707333333333333,
    "test_position_5_acc": 0.9728666666666667
}