{
    "epoch": 101,
    "train_loss": 0.011490786972340437,
    "pretrain_loss": null,
    "finetune_loss": 0.0002205315615935502,
    "pseudo_label_count": 20943,
    "pseudo_label_accept_rate": 0.9972857142857143,
    "mean_pseudo_confidence": 0.999731816313348,
    "consistency_loss": 0.011270255410746886,
    "encoder_stage": "consistency",
    "stn_status": "trainable",
    "stn_regularization_loss": 0.0004347858994071692,
    "val_loss": 0.2594758749263302,
    "val_seq_acc": 0.9514,
    "val_char_acc": 0.9901733333333333,
    "val_edit_distance": 0.049133333333333334,
    "val_clean_accuracy": 0.9514,
    "val_robustness_drop": null,
    "val_restoration_gain": null,
    "val_position_1_acc": 0.9901333333333333,
    "val_position_2_acc": 0.989,
    "val_position_3_acc": 0.9906,
    "val_position_4_acc": 0.9889333333333333,
    "val_position_5_acc": 0.9922,
    "test_loss": 0.25473583888965645,
    "test_seq_acc": 0.9531333333333334,
    "test_char_acc": 0.9903333333333333,
    "test_edit_distance": 0.0482,
    "test_clean_accuracy": 0.9531333333333334,
    "test_robustness_drop": null,
    "test_restoration_gain": null,
    "test_position_1_acc": 0.991,
    "test_position_2_acc": 0.9886666666666667,
    "test_position_3_acc": 0.9916666666666667,
    "test_position_4_acc": 0.9897333333333334,
    "test_position_5_acc": 0.9906
}