{
    "epoch": 111,
    "train_loss": 0.007241155145163295,
    "pretrain_loss": null,
    "finetune_loss": 0.00012234009138966,
    "pseudo_label_count": 20956,
    "pseudo_label_accept_rate": 0.9979047619047619,
    "mean_pseudo_confidence": 0.9998026366087288,
    "consistency_loss": 0.0071188150537736345,
    "encoder_stage": "consistency",
    "stn_status": "trainable",
    "stn_regularization_loss": 0.0004454279338143451,
    "val_loss": 0.2515374217063506,
    "val_seq_acc": 0.9516,
    "val_char_acc": 0.9902,
    "val_edit_distance": 0.049,
    "val_clean_accuracy": 0.9516,
    "val_robustness_drop": null,
    "val_restoration_gain": null,
    "val_position_1_acc": 0.9903333333333333,
    "val_position_2_acc": 0.9894666666666667,
    "val_position_3_acc": 0.9904,
    "val_position_4_acc": 0.9889333333333333,
    "val_position_5_acc": 0.9918666666666667,
    "test_loss": 0.24465955013654317,
    "test_seq_acc": 0.9536666666666667,
    "test_char_acc": 0.99048,
    "test_edit_distance": 0.04753333333333333,
    "test_clean_accuracy": 0.9536666666666667,
    "test_robustness_drop": null,
    "test_restoration_gain": null,
    "test_position_1_acc": 0.991,
    "test_position_2_acc": 0.989,
    "test_position_3_acc": 0.9917333333333334,
    "test_position_4_acc": 0.9899333333333333,
    "test_position_5_acc": 0.9907333333333334
}