{
    "epoch": 27,
    "train_loss": 0.12247181307968943,
    "pretrain_loss": null,
    "finetune_loss": 0.07006335665876721,
    "pseudo_label_count": 19983,
    "pseudo_label_accept_rate": 0.9515714285714286,
    "mean_pseudo_confidence": 0.9970023557003128,
    "consistency_loss": 0.05240845642092221,
    "encoder_stage": "consistency",
    "stn_status": "trainable",
    "stn_regularization_loss": 0.00026221012758519905,
    "val_loss": 3.9098472011850234,
    "val_seq_acc": 0.6546666666666666,
    "val_char_acc": 0.8980666666666667,
    "val_edit_distance": 0.49366666666666664,
    "val_clean_accuracy": 0.6546666666666666,
    "val_robustness_drop": null,
    "val_restoration_gain": null,
    "val_position_1_acc": 0.9345333333333333,
    "val_position_2_acc": 0.9383333333333334,
    "val_position_3_acc": 0.9236666666666666,
    "val_position_4_acc": 0.8542,
    "val_position_5_acc": 0.8396,
    "test_loss": 3.9919346018040436,
    "test_seq_acc": 0.65,
    "test_char_acc": 0.8958,
    "test_edit_distance": 0.5042666666666666,
    "test_clean_accuracy": 0.65,
    "test_robustness_drop": null,
    "test_restoration_gain": null,
    "test_position_1_acc": 0.9373333333333334,
    "test_position_2_acc": 0.9359333333333333,
    "test_position_3_acc": 0.9177333333333333,
    "test_position_4_acc": 0.8507333333333333,
    "test_position_5_acc": 0.8372666666666667
}