{
    "epoch": 15,
    "train_loss": 0.2206041733871857,
    "pretrain_loss": null,
    "finetune_loss": 0.15327473264430738,
    "pseudo_label_count": 20066,
    "pseudo_label_accept_rate": 0.9555238095238096,
    "mean_pseudo_confidence": 0.9963989466455491,
    "consistency_loss": 0.06732944074287829,
    "encoder_stage": "consistency",
    "stn_status": "frozen",
    "stn_regularization_loss": 0.0,
    "val_loss": 1.273621604797688,
    "val_seq_acc": 0.858,
    "val_char_acc": 0.9698666666666667,
    "val_edit_distance": 0.1506,
    "val_clean_accuracy": 0.858,
    "val_robustness_drop": null,
    "val_restoration_gain": null,
    "val_position_1_acc": 0.9709333333333333,
    "val_position_2_acc": 0.9672,
    "val_position_3_acc": 0.9706,
    "val_position_4_acc": 0.9678666666666667,
    "val_position_5_acc": 0.9727333333333333,
    "test_loss": 1.3385603412668756,
    "test_seq_acc": 0.8557333333333333,
    "test_char_acc": 0.96896,
    "test_edit_distance": 0.15506666666666666,
    "test_clean_accuracy": 0.8557333333333333,
    "test_robustness_drop": null,
    "test_restoration_gain": null,
    "test_position_1_acc": 0.9727333333333333,
    "test_position_2_acc": 0.9654,
    "test_position_3_acc": 0.9668666666666667,
    "test_position_4_acc": 0.9693333333333334,
    "test_position_5_acc": 0.9704666666666667
}