{
    "epoch": 63,
    "train_loss": 0.01879765264811796,
    "pretrain_loss": null,
    "finetune_loss": 0.001126562708400782,
    "pseudo_label_count": 20689,
    "pseudo_label_accept_rate": 0.9851904761904762,
    "mean_pseudo_confidence": 0.9990419215142822,
    "consistency_loss": 0.017671089939717177,
    "encoder_stage": "consistency",
    "stn_status": "trainable",
    "stn_regularization_loss": 0.00038328215122319616,
    "val_loss": 0.20254119964157966,
    "val_seq_acc": 0.9511333333333334,
    "val_char_acc": 0.9900666666666667,
    "val_edit_distance": 0.049666666666666665,
    "val_clean_accuracy": 0.9511333333333334,
    "val_robustness_drop": null,
    "val_restoration_gain": null,
    "val_position_1_acc": 0.9893333333333333,
    "val_position_2_acc": 0.9894,
    "val_position_3_acc": 0.9903333333333333,
    "val_position_4_acc": 0.9887333333333334,
    "val_position_5_acc": 0.9925333333333334,
    "test_loss": 0.20048123390829944,
    "test_seq_acc": 0.953,
    "test_char_acc": 0.99028,
    "test_edit_distance": 0.04853333333333333,
    "test_clean_accuracy": 0.953,
    "test_robustness_drop": null,
    "test_restoration_gain": null,
    "test_position_1_acc": 0.9901333333333333,
    "test_position_2_acc": 0.9888666666666667,
    "test_position_3_acc": 0.9917333333333334,
    "test_position_4_acc": 0.9896,
    "test_position_5_acc": 0.9910666666666667
}