{
    "epoch": 64,
    "train_loss": 0.021798015673654792,
    "pretrain_loss": null,
    "finetune_loss": 0.001229044699875149,
    "pseudo_label_count": 20688,
    "pseudo_label_accept_rate": 0.9851428571428571,
    "mean_pseudo_confidence": 0.998997732316996,
    "consistency_loss": 0.020568970973779643,
    "encoder_stage": "consistency",
    "stn_status": "trainable",
    "stn_regularization_loss": 0.00037363728260690165,
    "val_loss": 0.19652576994279677,
    "val_seq_acc": 0.9526666666666667,
    "val_char_acc": 0.99036,
    "val_edit_distance": 0.0482,
    "val_clean_accuracy": 0.9526666666666667,
    "val_robustness_drop": null,
    "val_restoration_gain": null,
    "val_position_1_acc": 0.9902666666666666,
    "val_position_2_acc": 0.9896666666666667,
    "val_position_3_acc": 0.9903333333333333,
    "val_position_4_acc": 0.9891333333333333,
    "val_position_5_acc": 0.9924,
    "test_loss": 0.1977049371098822,
    "test_seq_acc": 0.9544,
    "test_char_acc": 0.9905866666666666,
    "test_edit_distance": 0.047066666666666666,
    "test_clean_accuracy": 0.9544,
    "test_robustness_drop": null,
    "test_restoration_gain": null,
    "test_position_1_acc": 0.9912666666666666,
    "test_position_2_acc": 0.9894,
    "test_position_3_acc": 0.9918666666666667,
    "test_position_4_acc": 0.9902666666666666,
    "test_position_5_acc": 0.9901333333333333
}