{
    "epoch": 189,
    "train_loss": 0.010837291730909564,
    "pretrain_loss": null,
    "finetune_loss": 0.00017024452526255465,
    "pseudo_label_count": 20957,
    "pseudo_label_accept_rate": 0.9979523809523809,
    "mean_pseudo_confidence": 0.9998266131628639,
    "consistency_loss": 0.01066704720564701,
    "encoder_stage": "consistency",
    "stn_status": "trainable",
    "stn_regularization_loss": 0.0004640011410029187,
    "val_loss": 0.2556660954280697,
    "val_seq_acc": 0.9520666666666666,
    "val_char_acc": 0.9902933333333334,
    "val_edit_distance": 0.04853333333333333,
    "val_clean_accuracy": 0.9520666666666666,
    "val_robustness_drop": null,
    "val_restoration_gain": null,
    "val_position_1_acc": 0.9904,
    "val_position_2_acc": 0.9896666666666667,
    "val_position_3_acc": 0.9900666666666667,
    "val_position_4_acc": 0.9893333333333333,
    "val_position_5_acc": 0.992,
    "test_loss": 0.25433421780725574,
    "test_seq_acc": 0.9536666666666667,
    "test_char_acc": 0.9904533333333333,
    "test_edit_distance": 0.0476,
    "test_clean_accuracy": 0.9536666666666667,
    "test_robustness_drop": null,
    "test_restoration_gain": null,
    "test_position_1_acc": 0.9909333333333333,
    "test_position_2_acc": 0.9888,
    "test_position_3_acc": 0.992,
    "test_position_4_acc": 0.9902666666666666,
    "test_position_5_acc": 0.9902666666666666
}