{
    "epoch": 102,
    "train_loss": 0.010010608339279156,
    "pretrain_loss": null,
    "finetune_loss": 0.000236015364997752,
    "pseudo_label_count": 20949,
    "pseudo_label_accept_rate": 0.9975714285714286,
    "mean_pseudo_confidence": 0.9997603963044978,
    "consistency_loss": 0.009774592974281404,
    "encoder_stage": "consistency",
    "stn_status": "trainable",
    "stn_regularization_loss": 0.0004320975486134406,
    "val_loss": 0.2510564594284354,
    "val_seq_acc": 0.953,
    "val_char_acc": 0.9904666666666667,
    "val_edit_distance": 0.04766666666666667,
    "val_clean_accuracy": 0.953,
    "val_robustness_drop": null,
    "val_restoration_gain": null,
    "val_position_1_acc": 0.9908666666666667,
    "val_position_2_acc": 0.9894,
    "val_position_3_acc": 0.9905333333333334,
    "val_position_4_acc": 0.9892,
    "val_position_5_acc": 0.9923333333333333,
    "test_loss": 0.2480316421789889,
    "test_seq_acc": 0.9533333333333334,
    "test_char_acc": 0.9903866666666666,
    "test_edit_distance": 0.047933333333333335,
    "test_clean_accuracy": 0.9533333333333334,
    "test_robustness_drop": null,
    "test_restoration_gain": null,
    "test_position_1_acc": 0.991,
    "test_position_2_acc": 0.9885333333333334,
    "test_position_3_acc": 0.992,
    "test_position_4_acc": 0.9896,
    "test_position_5_acc": 0.9908
}