{
    "epoch": 194,
    "train_loss": 0.009983291022355614,
    "pretrain_loss": null,
    "finetune_loss": 0.00018515451750747693,
    "pseudo_label_count": 20964,
    "pseudo_label_accept_rate": 0.9982857142857143,
    "mean_pseudo_confidence": 0.999792054804471,
    "consistency_loss": 0.009798136504848136,
    "encoder_stage": "consistency",
    "stn_status": "trainable",
    "stn_regularization_loss": 0.0004688298419548199,
    "val_loss": 0.26245667218587343,
    "val_seq_acc": 0.9522666666666667,
    "val_char_acc": 0.9903333333333333,
    "val_edit_distance": 0.04833333333333333,
    "val_clean_accuracy": 0.9522666666666667,
    "val_robustness_drop": null,
    "val_restoration_gain": null,
    "val_position_1_acc": 0.9903333333333333,
    "val_position_2_acc": 0.9894,
    "val_position_3_acc": 0.9902,
    "val_position_4_acc": 0.9895333333333334,
    "val_position_5_acc": 0.9922,
    "test_loss": 0.2580083442032969,
    "test_seq_acc": 0.9536666666666667,
    "test_char_acc": 0.9904266666666667,
    "test_edit_distance": 0.047733333333333336,
    "test_clean_accuracy": 0.9536666666666667,
    "test_robustness_drop": null,
    "test_restoration_gain": null,
    "test_position_1_acc": 0.9908666666666667,
    "test_position_2_acc": 0.9888,
    "test_position_3_acc": 0.9917333333333334,
    "test_position_4_acc": 0.9900666666666667,
    "test_position_5_acc": 0.9906666666666667
}