{
    "epoch": 167,
    "train_loss": 0.010169018190410325,
    "pretrain_loss": null,
    "finetune_loss": 0.000106940011833685,
    "pseudo_label_count": 20960,
    "pseudo_label_accept_rate": 0.9980952380952381,
    "mean_pseudo_confidence": 0.9998133744902283,
    "consistency_loss": 0.01006207817857664,
    "encoder_stage": "consistency",
    "stn_status": "trainable",
    "stn_regularization_loss": 0.0004627743529732742,
    "val_loss": 0.2587980713655657,
    "val_seq_acc": 0.9532,
    "val_char_acc": 0.99048,
    "val_edit_distance": 0.0476,
    "val_clean_accuracy": 0.9532,
    "val_robustness_drop": null,
    "val_restoration_gain": null,
    "val_position_1_acc": 0.9907333333333334,
    "val_position_2_acc": 0.9896666666666667,
    "val_position_3_acc": 0.9904666666666667,
    "val_position_4_acc": 0.9890666666666666,
    "val_position_5_acc": 0.9924666666666667,
    "test_loss": 0.2554456565512389,
    "test_seq_acc": 0.9548666666666666,
    "test_char_acc": 0.9906933333333333,
    "test_edit_distance": 0.04646666666666667,
    "test_clean_accuracy": 0.9548666666666666,
    "test_robustness_drop": null,
    "test_restoration_gain": null,
    "test_position_1_acc": 0.9912666666666666,
    "test_position_2_acc": 0.9890666666666666,
    "test_position_3_acc": 0.9918,
    "test_position_4_acc": 0.9902666666666666,
    "test_position_5_acc": 0.9910666666666667
}