{
    "epoch": 145,
    "train_loss": 0.009889597642408536,
    "pretrain_loss": null,
    "finetune_loss": 0.00013020727427954972,
    "pseudo_label_count": 20961,
    "pseudo_label_accept_rate": 0.9981428571428571,
    "mean_pseudo_confidence": 0.9998219813629903,
    "consistency_loss": 0.009759390368128987,
    "encoder_stage": "consistency",
    "stn_status": "trainable",
    "stn_regularization_loss": 0.0004692814079273011,
    "val_loss": 0.2594186987049204,
    "val_seq_acc": 0.9529333333333333,
    "val_char_acc": 0.9904266666666667,
    "val_edit_distance": 0.04786666666666667,
    "val_clean_accuracy": 0.9529333333333333,
    "val_robustness_drop": null,
    "val_restoration_gain": null,
    "val_position_1_acc": 0.9906,
    "val_position_2_acc": 0.9892,
    "val_position_3_acc": 0.9904666666666667,
    "val_position_4_acc": 0.9892,
    "val_position_5_acc": 0.9926666666666667,
    "test_loss": 0.2560712194430612,
    "test_seq_acc": 0.9546666666666667,
    "test_char_acc": 0.99064,
    "test_edit_distance": 0.046733333333333335,
    "test_clean_accuracy": 0.9546666666666667,
    "test_robustness_drop": null,
    "test_restoration_gain": null,
    "test_position_1_acc": 0.9914,
    "test_position_2_acc": 0.9887333333333334,
    "test_position_3_acc": 0.9918,
    "test_position_4_acc": 0.9902,
    "test_position_5_acc": 0.9910666666666667
}