{
    "epoch": 50,
    "train_loss": 0.061683862828640745,
    "pretrain_loss": null,
    "finetune_loss": 0.025107833441935342,
    "pseudo_label_count": 20181,
    "pseudo_label_accept_rate": 0.961,
    "mean_pseudo_confidence": 0.9977710539672876,
    "consistency_loss": 0.03657602938670541,
    "encoder_stage": "consistency",
    "stn_status": "trainable",
    "stn_regularization_loss": 0.0003117463852020606,
    "val_loss": 0.39809532824190375,
    "val_seq_acc": 0.9191333333333334,
    "val_char_acc": 0.98328,
    "val_edit_distance": 0.08353333333333333,
    "val_clean_accuracy": 0.9191333333333334,
    "val_robustness_drop": null,
    "val_restoration_gain": null,
    "val_position_1_acc": 0.9826,
    "val_position_2_acc": 0.9797333333333333,
    "val_position_3_acc": 0.985,
    "val_position_4_acc": 0.9806,
    "val_position_5_acc": 0.9884666666666667,
    "test_loss": 0.38217067577816705,
    "test_seq_acc": 0.9192666666666667,
    "test_char_acc": 0.98328,
    "test_edit_distance": 0.08353333333333333,
    "test_clean_accuracy": 0.9192666666666667,
    "test_robustness_drop": null,
    "test_restoration_gain": null,
    "test_position_1_acc": 0.9851333333333333,
    "test_position_2_acc": 0.9772666666666666,
    "test_position_3_acc": 0.9847333333333333,
    "test_position_4_acc": 0.9814,
    "test_position_5_acc": 0.9878666666666667
}