{
    "epoch": 176,
    "train_loss": 0.007426132551197125,
    "pretrain_loss": null,
    "finetune_loss": 0.0001073394384818721,
    "pseudo_label_count": 20962,
    "pseudo_label_accept_rate": 0.9981904761904762,
    "mean_pseudo_confidence": 0.9998168823612338,
    "consistency_loss": 0.007318793112715253,
    "encoder_stage": "consistency",
    "stn_status": "trainable",
    "stn_regularization_loss": 0.00046058739623819686,
    "val_loss": 0.2559709039298778,
    "val_seq_acc": 0.952,
    "val_char_acc": 0.9902533333333333,
    "val_edit_distance": 0.04873333333333333,
    "val_clean_accuracy": 0.952,
    "val_robustness_drop": null,
    "val_restoration_gain": null,
    "val_position_1_acc": 0.9904,
    "val_position_2_acc": 0.9894666666666667,
    "val_position_3_acc": 0.9900666666666667,
    "val_position_4_acc": 0.9892666666666666,
    "val_position_5_acc": 0.9920666666666667,
    "test_loss": 0.2526400318411067,
    "test_seq_acc": 0.9546666666666667,
    "test_char_acc": 0.99064,
    "test_edit_distance": 0.046733333333333335,
    "test_clean_accuracy": 0.9546666666666667,
    "test_robustness_drop": null,
    "test_restoration_gain": null,
    "test_position_1_acc": 0.9911333333333333,
    "test_position_2_acc": 0.9891333333333333,
    "test_position_3_acc": 0.9917333333333334,
    "test_position_4_acc": 0.9904,
    "test_position_5_acc": 0.9908
}