{
    "epoch": 138,
    "train_loss": 0.012043248478927949,
    "pretrain_loss": null,
    "finetune_loss": 0.0001466925390946551,
    "pseudo_label_count": 20960,
    "pseudo_label_accept_rate": 0.9980952380952381,
    "mean_pseudo_confidence": 0.9998087296959098,
    "consistency_loss": 0.011896555939833294,
    "encoder_stage": "consistency",
    "stn_status": "trainable",
    "stn_regularization_loss": 0.00046721220211963564,
    "val_loss": 0.2588117025876814,
    "val_seq_acc": 0.9518,
    "val_char_acc": 0.9902133333333333,
    "val_edit_distance": 0.048933333333333336,
    "val_clean_accuracy": 0.9518,
    "val_robustness_drop": null,
    "val_restoration_gain": null,
    "val_position_1_acc": 0.9902,
    "val_position_2_acc": 0.9894666666666667,
    "val_position_3_acc": 0.9899333333333333,
    "val_position_4_acc": 0.9893333333333333,
    "val_position_5_acc": 0.9921333333333333,
    "test_loss": 0.2524862503427009,
    "test_seq_acc": 0.9544666666666667,
    "test_char_acc": 0.9906266666666667,
    "test_edit_distance": 0.0468,
    "test_clean_accuracy": 0.9544666666666667,
    "test_robustness_drop": null,
    "test_restoration_gain": null,
    "test_position_1_acc": 0.9909333333333333,
    "test_position_2_acc": 0.9886666666666667,
    "test_position_3_acc": 0.9922666666666666,
    "test_position_4_acc": 0.9903333333333333,
    "test_position_5_acc": 0.9909333333333333
}