{
    "epoch": 13,
    "train_loss": 0.2487595583457573,
    "pretrain_loss": null,
    "finetune_loss": 0.17556743447574016,
    "pseudo_label_count": 19502,
    "pseudo_label_accept_rate": 0.9286666666666666,
    "mean_pseudo_confidence": 0.9948829393511051,
    "consistency_loss": 0.07319212387001714,
    "encoder_stage": "consistency",
    "stn_status": "frozen",
    "stn_regularization_loss": 0.0,
    "val_loss": 0.9034987307609396,
    "val_seq_acc": 0.8578666666666667,
    "val_char_acc": 0.9696133333333333,
    "val_edit_distance": 0.15166666666666667,
    "val_clean_accuracy": 0.8578666666666667,
    "val_robustness_drop": null,
    "val_restoration_gain": null,
    "val_position_1_acc": 0.9707333333333333,
    "val_position_2_acc": 0.9662666666666667,
    "val_position_3_acc": 0.9697333333333333,
    "val_position_4_acc": 0.9687333333333333,
    "val_position_5_acc": 0.9726,
    "test_loss": 0.9389278584338249,
    "test_seq_acc": 0.8505333333333334,
    "test_char_acc": 0.96776,
    "test_edit_distance": 0.16106666666666666,
    "test_clean_accuracy": 0.8505333333333334,
    "test_robustness_drop": null,
    "test_restoration_gain": null,
    "test_position_1_acc": 0.9718,
    "test_position_2_acc": 0.9633333333333334,
    "test_position_3_acc": 0.9648,
    "test_position_4_acc": 0.969,
    "test_position_5_acc": 0.9698666666666667
}