{
    "epoch": 126,
    "train_loss": 0.009004737315682982,
    "pretrain_loss": null,
    "finetune_loss": 0.0001312001861731074,
    "pseudo_label_count": 20960,
    "pseudo_label_accept_rate": 0.9980952380952381,
    "mean_pseudo_confidence": 0.9997854645015629,
    "consistency_loss": 0.008873537129509874,
    "encoder_stage": "consistency",
    "stn_status": "trainable",
    "stn_regularization_loss": 0.00043934924578456545,
    "val_loss": 0.25743106933771337,
    "val_seq_acc": 0.9516666666666667,
    "val_char_acc": 0.9902,
    "val_edit_distance": 0.049,
    "val_clean_accuracy": 0.9516666666666667,
    "val_robustness_drop": null,
    "val_restoration_gain": null,
    "val_position_1_acc": 0.9902,
    "val_position_2_acc": 0.9893333333333333,
    "val_position_3_acc": 0.9900666666666667,
    "val_position_4_acc": 0.9888666666666667,
    "val_position_5_acc": 0.9925333333333334,
    "test_loss": 0.25360930531187864,
    "test_seq_acc": 0.954,
    "test_char_acc": 0.99052,
    "test_edit_distance": 0.047266666666666665,
    "test_clean_accuracy": 0.954,
    "test_robustness_drop": null,
    "test_restoration_gain": null,
    "test_position_1_acc": 0.9914,
    "test_position_2_acc": 0.9886,
    "test_position_3_acc": 0.992,
    "test_position_4_acc": 0.9899333333333333,
    "test_position_5_acc": 0.9906666666666667
}