{
    "epoch": 121,
    "train_loss": 0.008497408776896356,
    "pretrain_loss": null,
    "finetune_loss": 0.00011854543450021222,
    "pseudo_label_count": 20944,
    "pseudo_label_accept_rate": 0.9973333333333333,
    "mean_pseudo_confidence": 0.9998075937250355,
    "consistency_loss": 0.008378863342396143,
    "encoder_stage": "consistency",
    "stn_status": "trainable",
    "stn_regularization_loss": 0.00044152305918518717,
    "val_loss": 0.2613895071596105,
    "val_seq_acc": 0.9514,
    "val_char_acc": 0.9901733333333333,
    "val_edit_distance": 0.049133333333333334,
    "val_clean_accuracy": 0.9514,
    "val_robustness_drop": null,
    "val_restoration_gain": null,
    "val_position_1_acc": 0.9904,
    "val_position_2_acc": 0.9894,
    "val_position_3_acc": 0.9904,
    "val_position_4_acc": 0.989,
    "val_position_5_acc": 0.9916666666666667,
    "test_loss": 0.256699391497874,
    "test_seq_acc": 0.9537333333333333,
    "test_char_acc": 0.99044,
    "test_edit_distance": 0.04766666666666667,
    "test_clean_accuracy": 0.9537333333333333,
    "test_robustness_drop": null,
    "test_restoration_gain": null,
    "test_position_1_acc": 0.9913333333333333,
    "test_position_2_acc": 0.9885333333333334,
    "test_position_3_acc": 0.9917333333333334,
    "test_position_4_acc": 0.9899333333333333,
    "test_position_5_acc": 0.9906666666666667
}