{
    "epoch": 96,
    "train_loss": 0.011992519832803748,
    "pretrain_loss": null,
    "finetune_loss": 0.000382509724319454,
    "pseudo_label_count": 20938,
    "pseudo_label_accept_rate": 0.9970476190476191,
    "mean_pseudo_confidence": 0.9997020683722186,
    "consistency_loss": 0.011610010108484293,
    "encoder_stage": "consistency",
    "stn_status": "trainable",
    "stn_regularization_loss": 0.00043865932384864293,
    "val_loss": 0.2710433554880202,
    "val_seq_acc": 0.9476,
    "val_char_acc": 0.9893733333333333,
    "val_edit_distance": 0.05313333333333333,
    "val_clean_accuracy": 0.9476,
    "val_robustness_drop": null,
    "val_restoration_gain": null,
    "val_position_1_acc": 0.9897333333333334,
    "val_position_2_acc": 0.9886,
    "val_position_3_acc": 0.9898,
    "val_position_4_acc": 0.988,
    "val_position_5_acc": 0.9907333333333334,
    "test_loss": 0.2580994374184384,
    "test_seq_acc": 0.9504666666666667,
    "test_char_acc": 0.9898,
    "test_edit_distance": 0.051,
    "test_clean_accuracy": 0.9504666666666667,
    "test_robustness_drop": null,
    "test_restoration_gain": null,
    "test_position_1_acc": 0.9907333333333334,
    "test_position_2_acc": 0.9878666666666667,
    "test_position_3_acc": 0.9914666666666667,
    "test_position_4_acc": 0.9888666666666667,
    "test_position_5_acc": 0.9900666666666667
}