{
    "epoch": 168,
    "train_loss": 0.007755821122513052,
    "pretrain_loss": null,
    "finetune_loss": 0.00012414399956868366,
    "pseudo_label_count": 20972,
    "pseudo_label_accept_rate": 0.9986666666666667,
    "mean_pseudo_confidence": 0.9998117122808395,
    "consistency_loss": 0.007631677122944368,
    "encoder_stage": "consistency",
    "stn_status": "trainable",
    "stn_regularization_loss": 0.00046031514566659796,
    "val_loss": 0.2591003384396553,
    "val_seq_acc": 0.953,
    "val_char_acc": 0.9904533333333333,
    "val_edit_distance": 0.047733333333333336,
    "val_clean_accuracy": 0.953,
    "val_robustness_drop": null,
    "val_restoration_gain": null,
    "val_position_1_acc": 0.9906666666666667,
    "val_position_2_acc": 0.9898,
    "val_position_3_acc": 0.9902666666666666,
    "val_position_4_acc": 0.9894666666666667,
    "val_position_5_acc": 0.9920666666666667,
    "test_loss": 0.2578001768359366,
    "test_seq_acc": 0.9546666666666667,
    "test_char_acc": 0.99064,
    "test_edit_distance": 0.04666666666666667,
    "test_clean_accuracy": 0.9546666666666667,
    "test_robustness_drop": null,
    "test_restoration_gain": null,
    "test_position_1_acc": 0.9910666666666667,
    "test_position_2_acc": 0.9891333333333333,
    "test_position_3_acc": 0.9918666666666667,
    "test_position_4_acc": 0.9904666666666667,
    "test_position_5_acc": 0.9906666666666667
}