{
    "epoch": 104,
    "train_loss": 0.0107473714832266,
    "pretrain_loss": null,
    "finetune_loss": 0.0001835460647171512,
    "pseudo_label_count": 20947,
    "pseudo_label_accept_rate": 0.9974761904761905,
    "mean_pseudo_confidence": 0.9997537313978411,
    "consistency_loss": 0.010563825418509448,
    "encoder_stage": "consistency",
    "stn_status": "trainable",
    "stn_regularization_loss": 0.00043518357769612695,
    "val_loss": 0.25333290089570737,
    "val_seq_acc": 0.9519333333333333,
    "val_char_acc": 0.9902666666666666,
    "val_edit_distance": 0.048666666666666664,
    "val_clean_accuracy": 0.9519333333333333,
    "val_robustness_drop": null,
    "val_restoration_gain": null,
    "val_position_1_acc": 0.9904666666666667,
    "val_position_2_acc": 0.9893333333333333,
    "val_position_3_acc": 0.9904666666666667,
    "val_position_4_acc": 0.9891333333333333,
    "val_position_5_acc": 0.9919333333333333,
    "test_loss": 0.2500498294929593,
    "test_seq_acc": 0.9534666666666667,
    "test_char_acc": 0.9904133333333334,
    "test_edit_distance": 0.0478,
    "test_clean_accuracy": 0.9534666666666667,
    "test_robustness_drop": null,
    "test_restoration_gain": null,
    "test_position_1_acc": 0.9912666666666666,
    "test_position_2_acc": 0.9885333333333334,
    "test_position_3_acc": 0.9918,
    "test_position_4_acc": 0.9896,
    "test_position_5_acc": 0.9908666666666667
}