{
    "epoch": 144,
    "train_loss": 0.00970590346693455,
    "pretrain_loss": null,
    "finetune_loss": 0.00012500618750670747,
    "pseudo_label_count": 20977,
    "pseudo_label_accept_rate": 0.9989047619047619,
    "mean_pseudo_confidence": 0.9997894418315175,
    "consistency_loss": 0.009580897279427843,
    "encoder_stage": "consistency",
    "stn_status": "trainable",
    "stn_regularization_loss": 0.00047640206187207166,
    "val_loss": 0.2670666988302478,
    "val_seq_acc": 0.9516666666666667,
    "val_char_acc": 0.9902,
    "val_edit_distance": 0.049,
    "val_clean_accuracy": 0.9516666666666667,
    "val_robustness_drop": null,
    "val_restoration_gain": null,
    "val_position_1_acc": 0.99,
    "val_position_2_acc": 0.9895333333333334,
    "val_position_3_acc": 0.9899333333333333,
    "val_position_4_acc": 0.9892666666666666,
    "val_position_5_acc": 0.9922666666666666,
    "test_loss": 0.2608006908134833,
    "test_seq_acc": 0.9530666666666666,
    "test_char_acc": 0.9903333333333333,
    "test_edit_distance": 0.048266666666666666,
    "test_clean_accuracy": 0.9530666666666666,
    "test_robustness_drop": null,
    "test_restoration_gain": null,
    "test_position_1_acc": 0.9906,
    "test_position_2_acc": 0.989,
    "test_position_3_acc": 0.9915333333333334,
    "test_position_4_acc": 0.9902666666666666,
    "test_position_5_acc": 0.9902666666666666
}