{
    "epoch": 87,
    "train_loss": 0.014031795833395814,
    "pretrain_loss": null,
    "finetune_loss": 0.0006399239912755194,
    "pseudo_label_count": 20909,
    "pseudo_label_accept_rate": 0.9956666666666667,
    "mean_pseudo_confidence": 0.9995845039546835,
    "consistency_loss": 0.013391871842120295,
    "encoder_stage": "consistency",
    "stn_status": "trainable",
    "stn_regularization_loss": 0.00043454532665869905,
    "val_loss": 0.23671309452484104,
    "val_seq_acc": 0.9517333333333333,
    "val_char_acc": 0.9902133333333333,
    "val_edit_distance": 0.048933333333333336,
    "val_clean_accuracy": 0.9517333333333333,
    "val_robustness_drop": null,
    "val_restoration_gain": null,
    "val_position_1_acc": 0.9911333333333333,
    "val_position_2_acc": 0.9885333333333334,
    "val_position_3_acc": 0.9906666666666667,
    "val_position_4_acc": 0.9891333333333333,
    "val_position_5_acc": 0.9916,
    "test_loss": 0.238123007001172,
    "test_seq_acc": 0.9536666666666667,
    "test_char_acc": 0.9904533333333333,
    "test_edit_distance": 0.04766666666666667,
    "test_clean_accuracy": 0.9536666666666667,
    "test_robustness_drop": null,
    "test_restoration_gain": null,
    "test_position_1_acc": 0.9912,
    "test_position_2_acc": 0.989,
    "test_position_3_acc": 0.9914,
    "test_position_4_acc": 0.9899333333333333,
    "test_position_5_acc": 0.9907333333333334
}