{
    "epoch": 72,
    "train_loss": 0.018399302591063864,
    "pretrain_loss": null,
    "finetune_loss": 0.0008170289108014481,
    "pseudo_label_count": 20782,
    "pseudo_label_accept_rate": 0.9896190476190476,
    "mean_pseudo_confidence": 0.999306013007995,
    "consistency_loss": 0.017582273680262415,
    "encoder_stage": "consistency",
    "stn_status": "trainable",
    "stn_regularization_loss": 0.00040443890303109724,
    "val_loss": 0.2248969825163008,
    "val_seq_acc": 0.9522666666666667,
    "val_char_acc": 0.9903333333333333,
    "val_edit_distance": 0.04833333333333333,
    "val_clean_accuracy": 0.9522666666666667,
    "val_robustness_drop": null,
    "val_restoration_gain": null,
    "val_position_1_acc": 0.9904666666666667,
    "val_position_2_acc": 0.9893333333333333,
    "val_position_3_acc": 0.9910666666666667,
    "val_position_4_acc": 0.9888666666666667,
    "val_position_5_acc": 0.9919333333333333,
    "test_loss": 0.2145642946655379,
    "test_seq_acc": 0.9528666666666666,
    "test_char_acc": 0.9902933333333334,
    "test_edit_distance": 0.048466666666666665,
    "test_clean_accuracy": 0.9528666666666666,
    "test_robustness_drop": null,
    "test_restoration_gain": null,
    "test_position_1_acc": 0.9902666666666666,
    "test_position_2_acc": 0.9886,
    "test_position_3_acc": 0.9918,
    "test_position_4_acc": 0.9906666666666667,
    "test_position_5_acc": 0.9901333333333333
}