{
    "epoch": 41,
    "train_loss": 0.08051465152101356,
    "pretrain_loss": null,
    "finetune_loss": 0.03710704765057036,
    "pseudo_label_count": 19946,
    "pseudo_label_accept_rate": 0.9498095238095238,
    "mean_pseudo_confidence": 0.9973571651691684,
    "consistency_loss": 0.04340760387044321,
    "encoder_stage": "consistency",
    "stn_status": "trainable",
    "stn_regularization_loss": 0.0002690601796728678,
    "val_loss": 0.32603588633714836,
    "val_seq_acc": 0.9220666666666667,
    "val_char_acc": 0.9839333333333333,
    "val_edit_distance": 0.08033333333333334,
    "val_clean_accuracy": 0.9220666666666667,
    "val_robustness_drop": null,
    "val_restoration_gain": null,
    "val_position_1_acc": 0.9830666666666666,
    "val_position_2_acc": 0.9835333333333334,
    "val_position_3_acc": 0.9841333333333333,
    "val_position_4_acc": 0.9823333333333333,
    "val_position_5_acc": 0.9866,
    "test_loss": 0.3220437716692686,
    "test_seq_acc": 0.9207333333333333,
    "test_char_acc": 0.9836,
    "test_edit_distance": 0.08193333333333333,
    "test_clean_accuracy": 0.9207333333333333,
    "test_robustness_drop": null,
    "test_restoration_gain": null,
    "test_position_1_acc": 0.9832,
    "test_position_2_acc": 0.9812666666666666,
    "test_position_3_acc": 0.9853333333333333,
    "test_position_4_acc": 0.983,
    "test_position_5_acc": 0.9852
}