{
    "epoch": 181,
    "train_loss": 0.009003718457506377,
    "pretrain_loss": null,
    "finetune_loss": 0.0001056436463751,
    "pseudo_label_count": 20974,
    "pseudo_label_accept_rate": 0.9987619047619047,
    "mean_pseudo_confidence": 0.999810896486348,
    "consistency_loss": 0.008898074811131277,
    "encoder_stage": "consistency",
    "stn_status": "trainable",
    "stn_regularization_loss": 0.00046496554946928845,
    "val_loss": 0.26835190874395615,
    "val_seq_acc": 0.9518,
    "val_char_acc": 0.9902133333333333,
    "val_edit_distance": 0.048933333333333336,
    "val_clean_accuracy": 0.9518,
    "val_robustness_drop": null,
    "val_restoration_gain": null,
    "val_position_1_acc": 0.9901333333333333,
    "val_position_2_acc": 0.9894666666666667,
    "val_position_3_acc": 0.9900666666666667,
    "val_position_4_acc": 0.9892,
    "val_position_5_acc": 0.9922,
    "test_loss": 0.2613124760648482,
    "test_seq_acc": 0.9532666666666667,
    "test_char_acc": 0.9903733333333333,
    "test_edit_distance": 0.04806666666666667,
    "test_clean_accuracy": 0.9532666666666667,
    "test_robustness_drop": null,
    "test_restoration_gain": null,
    "test_position_1_acc": 0.9908666666666667,
    "test_position_2_acc": 0.9887333333333334,
    "test_position_3_acc": 0.9916,
    "test_position_4_acc": 0.9902666666666666,
    "test_position_5_acc": 0.9904
}