{
    "epoch": 187,
    "train_loss": 0.008945530015714128,
    "pretrain_loss": null,
    "finetune_loss": 0.00010009177541646169,
    "pseudo_label_count": 20962,
    "pseudo_label_accept_rate": 0.9981904761904762,
    "mean_pseudo_confidence": 0.9998246618677967,
    "consistency_loss": 0.008845438240297666,
    "encoder_stage": "consistency",
    "stn_status": "trainable",
    "stn_regularization_loss": 0.0004619663326881212,
    "val_loss": 0.26069349346613074,
    "val_seq_acc": 0.9528,
    "val_char_acc": 0.99044,
    "val_edit_distance": 0.0478,
    "val_clean_accuracy": 0.9528,
    "val_robustness_drop": null,
    "val_restoration_gain": null,
    "val_position_1_acc": 0.9908,
    "val_position_2_acc": 0.9894,
    "val_position_3_acc": 0.9903333333333333,
    "val_position_4_acc": 0.9894,
    "val_position_5_acc": 0.9922666666666666,
    "test_loss": 0.25623572383235715,
    "test_seq_acc": 0.9548,
    "test_char_acc": 0.99068,
    "test_edit_distance": 0.046533333333333336,
    "test_clean_accuracy": 0.9548,
    "test_robustness_drop": null,
    "test_restoration_gain": null,
    "test_position_1_acc": 0.9912,
    "test_position_2_acc": 0.9887333333333334,
    "test_position_3_acc": 0.9922666666666666,
    "test_position_4_acc": 0.9901333333333333,
    "test_position_5_acc": 0.9910666666666667
}