{
    "epoch": 143,
    "train_loss": 0.009043825683848325,
    "pretrain_loss": null,
    "finetune_loss": 0.00016733556931142942,
    "pseudo_label_count": 20959,
    "pseudo_label_accept_rate": 0.9980476190476191,
    "mean_pseudo_confidence": 0.9998093551394764,
    "consistency_loss": 0.008876490114536896,
    "encoder_stage": "consistency",
    "stn_status": "trainable",
    "stn_regularization_loss": 0.0004787752590865819,
    "val_loss": 0.2565445913155464,
    "val_seq_acc": 0.9529333333333333,
    "val_char_acc": 0.99044,
    "val_edit_distance": 0.0478,
    "val_clean_accuracy": 0.9529333333333333,
    "val_robustness_drop": null,
    "val_restoration_gain": null,
    "val_position_1_acc": 0.9908,
    "val_position_2_acc": 0.9895333333333334,
    "val_position_3_acc": 0.9901333333333333,
    "val_position_4_acc": 0.9894666666666667,
    "val_position_5_acc": 0.9922666666666666,
    "test_loss": 0.25323511000971577,
    "test_seq_acc": 0.9555333333333333,
    "test_char_acc": 0.9908533333333334,
    "test_edit_distance": 0.045733333333333334,
    "test_clean_accuracy": 0.9555333333333333,
    "test_robustness_drop": null,
    "test_restoration_gain": null,
    "test_position_1_acc": 0.9913333333333333,
    "test_position_2_acc": 0.9893333333333333,
    "test_position_3_acc": 0.9922,
    "test_position_4_acc": 0.9905333333333334,
    "test_position_5_acc": 0.9908666666666667
}