{
    "epoch": 12,
    "train_loss": 0.2737770069046586,
    "pretrain_loss": null,
    "finetune_loss": 0.2100495042926182,
    "pseudo_label_count": 19880,
    "pseudo_label_accept_rate": 0.9466666666666667,
    "mean_pseudo_confidence": 0.9958257164993516,
    "consistency_loss": 0.0637275026120404,
    "encoder_stage": "consistency",
    "stn_status": "frozen",
    "stn_regularization_loss": 0.0,
    "val_loss": 0.96763920435246,
    "val_seq_acc": 0.8577333333333333,
    "val_char_acc": 0.9698266666666666,
    "val_edit_distance": 0.15086666666666668,
    "val_clean_accuracy": 0.8577333333333333,
    "val_robustness_drop": null,
    "val_restoration_gain": null,
    "val_position_1_acc": 0.9710666666666666,
    "val_position_2_acc": 0.9671333333333333,
    "val_position_3_acc": 0.9699333333333333,
    "val_position_4_acc": 0.9683333333333334,
    "val_position_5_acc": 0.9726666666666667,
    "test_loss": 1.0016293140801977,
    "test_seq_acc": 0.853,
    "test_char_acc": 0.96848,
    "test_edit_distance": 0.15746666666666667,
    "test_clean_accuracy": 0.853,
    "test_robustness_drop": null,
    "test_restoration_gain": null,
    "test_position_1_acc": 0.9730666666666666,
    "test_position_2_acc": 0.9642,
    "test_position_3_acc": 0.9653333333333334,
    "test_position_4_acc": 0.9695333333333334,
    "test_position_5_acc": 0.9702666666666667
}