{
    "epoch": 193,
    "train_loss": 0.0106173546944576,
    "pretrain_loss": null,
    "finetune_loss": 0.00021544183023525202,
    "pseudo_label_count": 20968,
    "pseudo_label_accept_rate": 0.9984761904761905,
    "mean_pseudo_confidence": 0.9998088645507525,
    "consistency_loss": 0.010401912864222347,
    "encoder_stage": "consistency",
    "stn_status": "trainable",
    "stn_regularization_loss": 0.0004642333374613936,
    "val_loss": 0.25842517489725925,
    "val_seq_acc": 0.9528666666666666,
    "val_char_acc": 0.99044,
    "val_edit_distance": 0.0478,
    "val_clean_accuracy": 0.9528666666666666,
    "val_robustness_drop": null,
    "val_restoration_gain": null,
    "val_position_1_acc": 0.9905333333333334,
    "val_position_2_acc": 0.9898,
    "val_position_3_acc": 0.9903333333333333,
    "val_position_4_acc": 0.9892666666666666,
    "val_position_5_acc": 0.9922666666666666,
    "test_loss": 0.25318455513114074,
    "test_seq_acc": 0.9538,
    "test_char_acc": 0.99048,
    "test_edit_distance": 0.04753333333333333,
    "test_clean_accuracy": 0.9538,
    "test_robustness_drop": null,
    "test_restoration_gain": null,
    "test_position_1_acc": 0.991,
    "test_position_2_acc": 0.989,
    "test_position_3_acc": 0.9914,
    "test_position_4_acc": 0.9904,
    "test_position_5_acc": 0.9906
}