{
    "epoch": 106,
    "train_loss": 0.009094073274377043,
    "pretrain_loss": null,
    "finetune_loss": 0.00015931270563218202,
    "pseudo_label_count": 20962,
    "pseudo_label_accept_rate": 0.9981904761904762,
    "mean_pseudo_confidence": 0.9997624570706249,
    "consistency_loss": 0.008934760568744862,
    "encoder_stage": "consistency",
    "stn_status": "trainable",
    "stn_regularization_loss": 0.00044639906790105164,
    "val_loss": 0.2539090084695961,
    "val_seq_acc": 0.9518,
    "val_char_acc": 0.9902533333333333,
    "val_edit_distance": 0.04873333333333333,
    "val_clean_accuracy": 0.9518,
    "val_robustness_drop": null,
    "val_restoration_gain": null,
    "val_position_1_acc": 0.9903333333333333,
    "val_position_2_acc": 0.9894666666666667,
    "val_position_3_acc": 0.9904,
    "val_position_4_acc": 0.9889333333333333,
    "val_position_5_acc": 0.9921333333333333,
    "test_loss": 0.24825308090183443,
    "test_seq_acc": 0.9530666666666666,
    "test_char_acc": 0.9902933333333334,
    "test_edit_distance": 0.0484,
    "test_clean_accuracy": 0.9530666666666666,
    "test_robustness_drop": null,
    "test_restoration_gain": null,
    "test_position_1_acc": 0.9912666666666666,
    "test_position_2_acc": 0.9884666666666667,
    "test_position_3_acc": 0.9916,
    "test_position_4_acc": 0.9894666666666667,
    "test_position_5_acc": 0.9906666666666667
}