{
    "epoch": 131,
    "train_loss": 0.008606879254997592,
    "pretrain_loss": null,
    "finetune_loss": 0.000183969371417989,
    "pseudo_label_count": 20970,
    "pseudo_label_accept_rate": 0.9985714285714286,
    "mean_pseudo_confidence": 0.9997907716999409,
    "consistency_loss": 0.008422909883579603,
    "encoder_stage": "consistency",
    "stn_status": "trainable",
    "stn_regularization_loss": 0.0004380211554323081,
    "val_loss": 0.2587680382015025,
    "val_seq_acc": 0.9521333333333334,
    "val_char_acc": 0.99032,
    "val_edit_distance": 0.0484,
    "val_clean_accuracy": 0.9521333333333334,
    "val_robustness_drop": null,
    "val_restoration_gain": null,
    "val_position_1_acc": 0.9905333333333334,
    "val_position_2_acc": 0.9899333333333333,
    "val_position_3_acc": 0.9902,
    "val_position_4_acc": 0.9888,
    "val_position_5_acc": 0.9921333333333333,
    "test_loss": 0.2567819829240994,
    "test_seq_acc": 0.9538666666666666,
    "test_char_acc": 0.99048,
    "test_edit_distance": 0.047466666666666664,
    "test_clean_accuracy": 0.9538666666666666,
    "test_robustness_drop": null,
    "test_restoration_gain": null,
    "test_position_1_acc": 0.9908666666666667,
    "test_position_2_acc": 0.989,
    "test_position_3_acc": 0.9917333333333334,
    "test_position_4_acc": 0.9902666666666666,
    "test_position_5_acc": 0.9905333333333334
}