{
    "epoch": 62,
    "train_loss": 0.021642690006880575,
    "pretrain_loss": null,
    "finetune_loss": 0.00146074469248608,
    "pseudo_label_count": 20653,
    "pseudo_label_accept_rate": 0.9834761904761905,
    "mean_pseudo_confidence": 0.9989188375793022,
    "consistency_loss": 0.020181945314394496,
    "encoder_stage": "consistency",
    "stn_status": "trainable",
    "stn_regularization_loss": 0.00039719461164016345,
    "val_loss": 0.198761471685894,
    "val_seq_acc": 0.951,
    "val_char_acc": 0.9900933333333334,
    "val_edit_distance": 0.04953333333333333,
    "val_clean_accuracy": 0.951,
    "val_robustness_drop": null,
    "val_restoration_gain": null,
    "val_position_1_acc": 0.9902,
    "val_position_2_acc": 0.9888,
    "val_position_3_acc": 0.9902,
    "val_position_4_acc": 0.9890666666666666,
    "val_position_5_acc": 0.9922,
    "test_loss": 0.1942984014531558,
    "test_seq_acc": 0.9537333333333333,
    "test_char_acc": 0.99048,
    "test_edit_distance": 0.0476,
    "test_clean_accuracy": 0.9537333333333333,
    "test_robustness_drop": null,
    "test_restoration_gain": null,
    "test_position_1_acc": 0.991,
    "test_position_2_acc": 0.9891333333333333,
    "test_position_3_acc": 0.9914666666666667,
    "test_position_4_acc": 0.9896,
    "test_position_5_acc": 0.9912
}