{
    "epoch": 116,
    "train_loss": 0.009892929378808323,
    "pretrain_loss": null,
    "finetune_loss": 0.00011879025103021507,
    "pseudo_label_count": 20959,
    "pseudo_label_accept_rate": 0.9980476190476191,
    "mean_pseudo_confidence": 0.9997760593518596,
    "consistency_loss": 0.009774139127778109,
    "encoder_stage": "consistency",
    "stn_status": "trainable",
    "stn_regularization_loss": 0.0004475856834311714,
    "val_loss": 0.2585762586058217,
    "val_seq_acc": 0.9515333333333333,
    "val_char_acc": 0.9901866666666667,
    "val_edit_distance": 0.04906666666666667,
    "val_clean_accuracy": 0.9515333333333333,
    "val_robustness_drop": null,
    "val_restoration_gain": null,
    "val_position_1_acc": 0.9905333333333334,
    "val_position_2_acc": 0.9895333333333334,
    "val_position_3_acc": 0.9905333333333334,
    "val_position_4_acc": 0.9888,
    "val_position_5_acc": 0.9915333333333334,
    "test_loss": 0.2538780420669354,
    "test_seq_acc": 0.9536666666666667,
    "test_char_acc": 0.9904533333333333,
    "test_edit_distance": 0.0476,
    "test_clean_accuracy": 0.9536666666666667,
    "test_robustness_drop": null,
    "test_restoration_gain": null,
    "test_position_1_acc": 0.9913333333333333,
    "test_position_2_acc": 0.9885333333333334,
    "test_position_3_acc": 0.9918,
    "test_position_4_acc": 0.9898,
    "test_position_5_acc": 0.9908
}