{
    "epoch": 11,
    "train_loss": 0.29246276172604857,
    "pretrain_loss": null,
    "finetune_loss": 0.20875112333045615,
    "pseudo_label_count": 19310,
    "pseudo_label_accept_rate": 0.9195238095238095,
    "mean_pseudo_confidence": 0.9942047711050862,
    "consistency_loss": 0.08371163839559244,
    "encoder_stage": "consistency",
    "stn_status": "frozen",
    "stn_regularization_loss": 0.0,
    "val_loss": 3.7141007808928794,
    "val_seq_acc": 0.7122,
    "val_char_acc": 0.9330266666666667,
    "val_edit_distance": 0.3334,
    "val_clean_accuracy": 0.7122,
    "val_robustness_drop": null,
    "val_restoration_gain": null,
    "val_position_1_acc": 0.9344,
    "val_position_2_acc": 0.9281333333333334,
    "val_position_3_acc": 0.9348666666666666,
    "val_position_4_acc": 0.9327333333333333,
    "val_position_5_acc": 0.935,
    "test_loss": 3.7033204210565445,
    "test_seq_acc": 0.7129333333333333,
    "test_char_acc": 0.93292,
    "test_edit_distance": 0.33413333333333334,
    "test_clean_accuracy": 0.7129333333333333,
    "test_robustness_drop": null,
    "test_restoration_gain": null,
    "test_position_1_acc": 0.9359333333333333,
    "test_position_2_acc": 0.9269333333333334,
    "test_position_3_acc": 0.9316,
    "test_position_4_acc": 0.9339333333333333,
    "test_position_5_acc": 0.9362
}