{
    "epoch": 67,
    "train_loss": 0.020835678766798135,
    "pretrain_loss": null,
    "finetune_loss": 0.0011436898829251304,
    "pseudo_label_count": 20712,
    "pseudo_label_accept_rate": 0.9862857142857143,
    "mean_pseudo_confidence": 0.9991542653901184,
    "consistency_loss": 0.019691988883873003,
    "encoder_stage": "consistency",
    "stn_status": "trainable",
    "stn_regularization_loss": 0.0003845027444931184,
    "val_loss": 0.21136968451467877,
    "val_seq_acc": 0.9525333333333333,
    "val_char_acc": 0.9903866666666666,
    "val_edit_distance": 0.04806666666666667,
    "val_clean_accuracy": 0.9525333333333333,
    "val_robustness_drop": null,
    "val_restoration_gain": null,
    "val_position_1_acc": 0.9904,
    "val_position_2_acc": 0.9896,
    "val_position_3_acc": 0.9903333333333333,
    "val_position_4_acc": 0.9892666666666666,
    "val_position_5_acc": 0.9923333333333333,
    "test_loss": 0.20093236816031462,
    "test_seq_acc": 0.954,
    "test_char_acc": 0.99052,
    "test_edit_distance": 0.04733333333333333,
    "test_clean_accuracy": 0.954,
    "test_robustness_drop": null,
    "test_restoration_gain": null,
    "test_position_1_acc": 0.9912,
    "test_position_2_acc": 0.9896666666666667,
    "test_position_3_acc": 0.9915333333333334,
    "test_position_4_acc": 0.9904666666666667,
    "test_position_5_acc": 0.9897333333333334
}