{
    "epoch": 36,
    "train_loss": 0.09244660283475797,
    "pretrain_loss": null,
    "finetune_loss": 0.0469284134010563,
    "pseudo_label_count": 19928,
    "pseudo_label_accept_rate": 0.948952380952381,
    "mean_pseudo_confidence": 0.9971322751533358,
    "consistency_loss": 0.04551818943370168,
    "encoder_stage": "consistency",
    "stn_status": "trainable",
    "stn_regularization_loss": 0.00024711852097700004,
    "val_loss": 0.7603332548699481,
    "val_seq_acc": 0.8795333333333333,
    "val_char_acc": 0.97472,
    "val_edit_distance": 0.1264,
    "val_clean_accuracy": 0.8795333333333333,
    "val_robustness_drop": null,
    "val_restoration_gain": null,
    "val_position_1_acc": 0.9752,
    "val_position_2_acc": 0.9738,
    "val_position_3_acc": 0.9720666666666666,
    "val_position_4_acc": 0.9756666666666667,
    "val_position_5_acc": 0.9768666666666667,
    "test_loss": 0.7943121276320295,
    "test_seq_acc": 0.873,
    "test_char_acc": 0.9730533333333333,
    "test_edit_distance": 0.1346,
    "test_clean_accuracy": 0.873,
    "test_robustness_drop": null,
    "test_restoration_gain": null,
    "test_position_1_acc": 0.9756666666666667,
    "test_position_2_acc": 0.971,
    "test_position_3_acc": 0.9677333333333333,
    "test_position_4_acc": 0.9756666666666667,
    "test_position_5_acc": 0.9752
}