{
    "epoch": 148,
    "train_loss": 0.011380852555058881,
    "pretrain_loss": null,
    "finetune_loss": 0.00012908408319830123,
    "pseudo_label_count": 20964,
    "pseudo_label_accept_rate": 0.9982857142857143,
    "mean_pseudo_confidence": 0.9998236917580523,
    "consistency_loss": 0.01125176847186058,
    "encoder_stage": "consistency",
    "stn_status": "trainable",
    "stn_regularization_loss": 0.0004621068982000755,
    "val_loss": 0.25636879844427546,
    "val_seq_acc": 0.9529333333333333,
    "val_char_acc": 0.99044,
    "val_edit_distance": 0.0478,
    "val_clean_accuracy": 0.9529333333333333,
    "val_robustness_drop": null,
    "val_restoration_gain": null,
    "val_position_1_acc": 0.9908,
    "val_position_2_acc": 0.9896666666666667,
    "val_position_3_acc": 0.99,
    "val_position_4_acc": 0.9892666666666666,
    "val_position_5_acc": 0.9924666666666667,
    "test_loss": 0.2525272571852219,
    "test_seq_acc": 0.9546666666666667,
    "test_char_acc": 0.9906533333333334,
    "test_edit_distance": 0.04666666666666667,
    "test_clean_accuracy": 0.9546666666666667,
    "test_robustness_drop": null,
    "test_restoration_gain": null,
    "test_position_1_acc": 0.9914,
    "test_position_2_acc": 0.9889333333333333,
    "test_position_3_acc": 0.9918666666666667,
    "test_position_4_acc": 0.9906666666666667,
    "test_position_5_acc": 0.9904
}