{
    "epoch": 158,
    "train_loss": 0.008030017691379406,
    "pretrain_loss": null,
    "finetune_loss": 9.110573621817978e-05,
    "pseudo_label_count": 20957,
    "pseudo_label_accept_rate": 0.9979523809523809,
    "mean_pseudo_confidence": 0.9998169424948292,
    "consistency_loss": 0.007938911955161226,
    "encoder_stage": "consistency",
    "stn_status": "trainable",
    "stn_regularization_loss": 0.0004632532255636262,
    "val_loss": 0.26256199841873046,
    "val_seq_acc": 0.9528,
    "val_char_acc": 0.9904266666666667,
    "val_edit_distance": 0.04786666666666667,
    "val_clean_accuracy": 0.9528,
    "val_robustness_drop": null,
    "val_restoration_gain": null,
    "val_position_1_acc": 0.9907333333333334,
    "val_position_2_acc": 0.9896,
    "val_position_3_acc": 0.9904,
    "val_position_4_acc": 0.9892666666666666,
    "val_position_5_acc": 0.9921333333333333,
    "test_loss": 0.25843975305259403,
    "test_seq_acc": 0.9536,
    "test_char_acc": 0.9904533333333333,
    "test_edit_distance": 0.0476,
    "test_clean_accuracy": 0.9536,
    "test_robustness_drop": null,
    "test_restoration_gain": null,
    "test_position_1_acc": 0.9910666666666667,
    "test_position_2_acc": 0.9889333333333333,
    "test_position_3_acc": 0.9913333333333333,
    "test_position_4_acc": 0.9904,
    "test_position_5_acc": 0.9905333333333334
}