{
    "epoch": 6,
    "train_loss": 0.43285502798582604,
    "pretrain_loss": null,
    "finetune_loss": 0.3428730743185814,
    "pseudo_label_count": 18482,
    "pseudo_label_accept_rate": 0.880095238095238,
    "mean_pseudo_confidence": 0.9909731061050172,
    "consistency_loss": 0.08998195366724465,
    "encoder_stage": "consistency",
    "stn_status": "frozen",
    "stn_regularization_loss": 0.0,
    "val_loss": 1.073768415349595,
    "val_seq_acc": 0.8202666666666667,
    "val_char_acc": 0.95984,
    "val_edit_distance": 0.19993333333333332,
    "val_clean_accuracy": 0.8202666666666667,
    "val_robustness_drop": null,
    "val_restoration_gain": null,
    "val_position_1_acc": 0.964,
    "val_position_2_acc": 0.9516,
    "val_position_3_acc": 0.958,
    "val_position_4_acc": 0.959,
    "val_position_5_acc": 0.9666,
    "test_loss": 1.099912202104609,
    "test_seq_acc": 0.8173333333333334,
    "test_char_acc": 0.95848,
    "test_edit_distance": 0.20673333333333332,
    "test_clean_accuracy": 0.8173333333333334,
    "test_robustness_drop": null,
    "test_restoration_gain": null,
    "test_position_1_acc": 0.9642666666666667,
    "test_position_2_acc": 0.948,
    "test_position_3_acc": 0.9530666666666666,
    "test_position_4_acc": 0.9616666666666667,
    "test_position_5_acc": 0.9654
}