{
    "epoch": 75,
    "train_loss": 0.019177548955799376,
    "pretrain_loss": null,
    "finetune_loss": 0.0008032221472086175,
    "pseudo_label_count": 20819,
    "pseudo_label_accept_rate": 0.9913809523809524,
    "mean_pseudo_confidence": 0.999404256250737,
    "consistency_loss": 0.01837432680859076,
    "encoder_stage": "consistency",
    "stn_status": "trainable",
    "stn_regularization_loss": 0.0004333857438754889,
    "val_loss": 0.21891405581672518,
    "val_seq_acc": 0.9507333333333333,
    "val_char_acc": 0.99,
    "val_edit_distance": 0.05,
    "val_clean_accuracy": 0.9507333333333333,
    "val_robustness_drop": null,
    "val_restoration_gain": null,
    "val_position_1_acc": 0.9902,
    "val_position_2_acc": 0.9890666666666666,
    "val_position_3_acc": 0.9900666666666667,
    "val_position_4_acc": 0.989,
    "val_position_5_acc": 0.9916666666666667,
    "test_loss": 0.21251578508923324,
    "test_seq_acc": 0.9522666666666667,
    "test_char_acc": 0.99012,
    "test_edit_distance": 0.04933333333333333,
    "test_clean_accuracy": 0.9522666666666667,
    "test_robustness_drop": null,
    "test_restoration_gain": null,
    "test_position_1_acc": 0.9906,
    "test_position_2_acc": 0.9886666666666667,
    "test_position_3_acc": 0.9913333333333333,
    "test_position_4_acc": 0.9901333333333333,
    "test_position_5_acc": 0.9898666666666667
}