{
    "epoch": 188,
    "train_loss": 0.010392763827106759,
    "pretrain_loss": null,
    "finetune_loss": 0.00010782607212096313,
    "pseudo_label_count": 20963,
    "pseudo_label_accept_rate": 0.9982380952380953,
    "mean_pseudo_confidence": 0.9998001469311548,
    "consistency_loss": 0.010284937754985795,
    "encoder_stage": "consistency",
    "stn_status": "trainable",
    "stn_regularization_loss": 0.00046420573771689043,
    "val_loss": 0.25709553947077785,
    "val_seq_acc": 0.9528,
    "val_char_acc": 0.9903866666666666,
    "val_edit_distance": 0.04806666666666667,
    "val_clean_accuracy": 0.9528,
    "val_robustness_drop": null,
    "val_restoration_gain": null,
    "val_position_1_acc": 0.9908666666666667,
    "val_position_2_acc": 0.9894666666666667,
    "val_position_3_acc": 0.9901333333333333,
    "val_position_4_acc": 0.9892666666666666,
    "val_position_5_acc": 0.9922,
    "test_loss": 0.2532953647301567,
    "test_seq_acc": 0.9544666666666667,
    "test_char_acc": 0.9905866666666666,
    "test_edit_distance": 0.047,
    "test_clean_accuracy": 0.9544666666666667,
    "test_robustness_drop": null,
    "test_restoration_gain": null,
    "test_position_1_acc": 0.9912666666666666,
    "test_position_2_acc": 0.9888666666666667,
    "test_position_3_acc": 0.9916666666666667,
    "test_position_4_acc": 0.9904,
    "test_position_5_acc": 0.9907333333333334
}