{
    "epoch": 44,
    "train_loss": 0.08035641426382269,
    "pretrain_loss": null,
    "finetune_loss": 0.037839030350440526,
    "pseudo_label_count": 20029,
    "pseudo_label_accept_rate": 0.9537619047619048,
    "mean_pseudo_confidence": 0.9975257404340153,
    "consistency_loss": 0.04251738391338216,
    "encoder_stage": "consistency",
    "stn_status": "trainable",
    "stn_regularization_loss": 0.000293381080569149,
    "val_loss": 0.68990554952241,
    "val_seq_acc": 0.8873333333333333,
    "val_char_acc": 0.9764,
    "val_edit_distance": 0.118,
    "val_clean_accuracy": 0.8873333333333333,
    "val_robustness_drop": null,
    "val_restoration_gain": null,
    "val_position_1_acc": 0.9777333333333333,
    "val_position_2_acc": 0.9738666666666667,
    "val_position_3_acc": 0.9726666666666667,
    "val_position_4_acc": 0.9767333333333333,
    "val_position_5_acc": 0.981,
    "test_loss": 0.7444907952575608,
    "test_seq_acc": 0.8798,
    "test_char_acc": 0.9746133333333333,
    "test_edit_distance": 0.12673333333333334,
    "test_clean_accuracy": 0.8798,
    "test_robustness_drop": null,
    "test_restoration_gain": null,
    "test_position_1_acc": 0.9785333333333334,
    "test_position_2_acc": 0.971,
    "test_position_3_acc": 0.9686,
    "test_position_4_acc": 0.9756666666666667,
    "test_position_5_acc": 0.9792666666666666
}