{
    "epoch": 155,
    "train_loss": 0.009200438941032963,
    "pretrain_loss": null,
    "finetune_loss": 9.158856597166974e-05,
    "pseudo_label_count": 20962,
    "pseudo_label_accept_rate": 0.9981904761904762,
    "mean_pseudo_confidence": 0.9998108918470527,
    "consistency_loss": 0.009108850375061294,
    "encoder_stage": "consistency",
    "stn_status": "trainable",
    "stn_regularization_loss": 0.0004673005921755484,
    "val_loss": 0.2620479576943561,
    "val_seq_acc": 0.9526,
    "val_char_acc": 0.99036,
    "val_edit_distance": 0.0482,
    "val_clean_accuracy": 0.9526,
    "val_robustness_drop": null,
    "val_restoration_gain": null,
    "val_position_1_acc": 0.9908666666666667,
    "val_position_2_acc": 0.9896,
    "val_position_3_acc": 0.9902,
    "val_position_4_acc": 0.9891333333333333,
    "val_position_5_acc": 0.992,
    "test_loss": 0.2578625134643207,
    "test_seq_acc": 0.9542666666666667,
    "test_char_acc": 0.9905733333333333,
    "test_edit_distance": 0.047,
    "test_clean_accuracy": 0.9542666666666667,
    "test_robustness_drop": null,
    "test_restoration_gain": null,
    "test_position_1_acc": 0.9910666666666667,
    "test_position_2_acc": 0.9888666666666667,
    "test_position_3_acc": 0.9916666666666667,
    "test_position_4_acc": 0.9906666666666667,
    "test_position_5_acc": 0.9906
}