{
    "epoch": 25,
    "train_loss": 0.12348842822384934,
    "pretrain_loss": null,
    "finetune_loss": 0.06974284772216476,
    "pseudo_label_count": 19636,
    "pseudo_label_accept_rate": 0.935047619047619,
    "mean_pseudo_confidence": 0.9964148303014632,
    "consistency_loss": 0.05374558050168458,
    "encoder_stage": "consistency",
    "stn_status": "trainable",
    "stn_regularization_loss": 0.00017626264853763294,
    "val_loss": 0.45024450139162386,
    "val_seq_acc": 0.8992666666666667,
    "val_char_acc": 0.9790666666666666,
    "val_edit_distance": 0.1046,
    "val_clean_accuracy": 0.8992666666666667,
    "val_robustness_drop": null,
    "val_restoration_gain": null,
    "val_position_1_acc": 0.9812666666666666,
    "val_position_2_acc": 0.9762666666666666,
    "val_position_3_acc": 0.9803333333333333,
    "val_position_4_acc": 0.9712666666666666,
    "val_position_5_acc": 0.9862,
    "test_loss": 0.44427883874704227,
    "test_seq_acc": 0.8980666666666667,
    "test_char_acc": 0.9786666666666667,
    "test_edit_distance": 0.1064,
    "test_clean_accuracy": 0.8980666666666667,
    "test_robustness_drop": null,
    "test_restoration_gain": null,
    "test_position_1_acc": 0.9818666666666667,
    "test_position_2_acc": 0.9734,
    "test_position_3_acc": 0.9787333333333333,
    "test_position_4_acc": 0.9728,
    "test_position_5_acc": 0.9865333333333334
}