{
    "epoch": 132,
    "train_loss": 0.0098618168781509,
    "pretrain_loss": null,
    "finetune_loss": 0.00015666354229039537,
    "pseudo_label_count": 20967,
    "pseudo_label_accept_rate": 0.9984285714285714,
    "mean_pseudo_confidence": 0.9998027623032343,
    "consistency_loss": 0.009705153335860504,
    "encoder_stage": "consistency",
    "stn_status": "trainable",
    "stn_regularization_loss": 0.0004409120493034949,
    "val_loss": 0.2664801719514257,
    "val_seq_acc": 0.9498666666666666,
    "val_char_acc": 0.9898133333333333,
    "val_edit_distance": 0.05093333333333333,
    "val_clean_accuracy": 0.9498666666666666,
    "val_robustness_drop": null,
    "val_restoration_gain": null,
    "val_position_1_acc": 0.9900666666666667,
    "val_position_2_acc": 0.9888666666666667,
    "val_position_3_acc": 0.9899333333333333,
    "val_position_4_acc": 0.9887333333333334,
    "val_position_5_acc": 0.9914666666666667,
    "test_loss": 0.2580522459199509,
    "test_seq_acc": 0.9531333333333334,
    "test_char_acc": 0.9903466666666667,
    "test_edit_distance": 0.0482,
    "test_clean_accuracy": 0.9531333333333334,
    "test_robustness_drop": null,
    "test_restoration_gain": null,
    "test_position_1_acc": 0.9906666666666667,
    "test_position_2_acc": 0.9887333333333334,
    "test_position_3_acc": 0.9918666666666667,
    "test_position_4_acc": 0.99,
    "test_position_5_acc": 0.9904666666666667
}