{
    "epoch": 180,
    "train_loss": 0.008548089674049615,
    "pretrain_loss": null,
    "finetune_loss": 0.00011455174545367762,
    "pseudo_label_count": 20957,
    "pseudo_label_accept_rate": 0.9979523809523809,
    "mean_pseudo_confidence": 0.9998212639951135,
    "consistency_loss": 0.008433537928595938,
    "encoder_stage": "consistency",
    "stn_status": "trainable",
    "stn_regularization_loss": 0.0004640259576661775,
    "val_loss": 0.25854199233742314,
    "val_seq_acc": 0.9534666666666667,
    "val_char_acc": 0.9905466666666667,
    "val_edit_distance": 0.047266666666666665,
    "val_clean_accuracy": 0.9534666666666667,
    "val_robustness_drop": null,
    "val_restoration_gain": null,
    "val_position_1_acc": 0.9908,
    "val_position_2_acc": 0.9898,
    "val_position_3_acc": 0.9902666666666666,
    "val_position_4_acc": 0.9895333333333334,
    "val_position_5_acc": 0.9923333333333333,
    "test_loss": 0.25416590818197793,
    "test_seq_acc": 0.9545333333333333,
    "test_char_acc": 0.9906533333333334,
    "test_edit_distance": 0.046733333333333335,
    "test_clean_accuracy": 0.9545333333333333,
    "test_robustness_drop": null,
    "test_restoration_gain": null,
    "test_position_1_acc": 0.9912,
    "test_position_2_acc": 0.9889333333333333,
    "test_position_3_acc": 0.9919333333333333,
    "test_position_4_acc": 0.9904,
    "test_position_5_acc": 0.9908
}