{
    "epoch": 26,
    "train_loss": 0.12646406547453876,
    "pretrain_loss": null,
    "finetune_loss": 0.07869314464713707,
    "pseudo_label_count": 20336,
    "pseudo_label_accept_rate": 0.9683809523809523,
    "mean_pseudo_confidence": 0.9975754514770373,
    "consistency_loss": 0.04777092082740167,
    "encoder_stage": "consistency",
    "stn_status": "trainable",
    "stn_regularization_loss": 0.00022278230752397263,
    "val_loss": 1.2642955832024838,
    "val_seq_acc": 0.8601333333333333,
    "val_char_acc": 0.9703066666666667,
    "val_edit_distance": 0.1484,
    "val_clean_accuracy": 0.8601333333333333,
    "val_robustness_drop": null,
    "val_restoration_gain": null,
    "val_position_1_acc": 0.9720666666666666,
    "val_position_2_acc": 0.9672666666666667,
    "val_position_3_acc": 0.9704666666666667,
    "val_position_4_acc": 0.9690666666666666,
    "val_position_5_acc": 0.9726666666666667,
    "test_loss": 1.287324951557403,
    "test_seq_acc": 0.8577333333333333,
    "test_char_acc": 0.9695866666666667,
    "test_edit_distance": 0.152,
    "test_clean_accuracy": 0.8577333333333333,
    "test_robustness_drop": null,
    "test_restoration_gain": null,
    "test_position_1_acc": 0.9734,
    "test_position_2_acc": 0.967,
    "test_position_3_acc": 0.9669333333333333,
    "test_position_4_acc": 0.9694,
    "test_position_5_acc": 0.9712
}