{
    "epoch": 54,
    "train_loss": 0.030478749058549526,
    "pretrain_loss": null,
    "finetune_loss": 0.0031591812840761073,
    "pseudo_label_count": 20528,
    "pseudo_label_accept_rate": 0.9775238095238096,
    "mean_pseudo_confidence": 0.9986620753283437,
    "consistency_loss": 0.02731956777447342,
    "encoder_stage": "consistency",
    "stn_status": "trainable",
    "stn_regularization_loss": 0.0003282771559103884,
    "val_loss": 0.1986948189920092,
    "val_seq_acc": 0.9510666666666666,
    "val_char_acc": 0.9901066666666667,
    "val_edit_distance": 0.049466666666666666,
    "val_clean_accuracy": 0.9510666666666666,
    "val_robustness_drop": null,
    "val_restoration_gain": null,
    "val_position_1_acc": 0.9904666666666667,
    "val_position_2_acc": 0.9889333333333333,
    "val_position_3_acc": 0.9902,
    "val_position_4_acc": 0.9889333333333333,
    "val_position_5_acc": 0.992,
    "test_loss": 0.1966621551822445,
    "test_seq_acc": 0.954,
    "test_char_acc": 0.9905333333333334,
    "test_edit_distance": 0.047266666666666665,
    "test_clean_accuracy": 0.954,
    "test_robustness_drop": null,
    "test_restoration_gain": null,
    "test_position_1_acc": 0.9923333333333333,
    "test_position_2_acc": 0.9887333333333334,
    "test_position_3_acc": 0.991,
    "test_position_4_acc": 0.9898,
    "test_position_5_acc": 0.9908
}