{
    "epoch": 153,
    "train_loss": 0.009067671276883746,
    "pretrain_loss": null,
    "finetune_loss": 9.148280038873919e-05,
    "pseudo_label_count": 20956,
    "pseudo_label_accept_rate": 0.9979047619047619,
    "mean_pseudo_confidence": 0.9998216850426753,
    "consistency_loss": 0.008976188476495006,
    "encoder_stage": "consistency",
    "stn_status": "trainable",
    "stn_regularization_loss": 0.00046915911593425143,
    "val_loss": 0.2662635629003412,
    "val_seq_acc": 0.9515333333333333,
    "val_char_acc": 0.9901466666666666,
    "val_edit_distance": 0.04926666666666667,
    "val_clean_accuracy": 0.9515333333333333,
    "val_robustness_drop": null,
    "val_restoration_gain": null,
    "val_position_1_acc": 0.9905333333333334,
    "val_position_2_acc": 0.9895333333333334,
    "val_position_3_acc": 0.9900666666666667,
    "val_position_4_acc": 0.989,
    "val_position_5_acc": 0.9916,
    "test_loss": 0.2591007789116547,
    "test_seq_acc": 0.9542,
    "test_char_acc": 0.99056,
    "test_edit_distance": 0.047,
    "test_clean_accuracy": 0.9542,
    "test_robustness_drop": null,
    "test_restoration_gain": null,
    "test_position_1_acc": 0.9912,
    "test_position_2_acc": 0.9886,
    "test_position_3_acc": 0.9916666666666667,
    "test_position_4_acc": 0.9905333333333334,
    "test_position_5_acc": 0.9908
}