{
    "epoch": 130,
    "train_loss": 0.011195340067014649,
    "pretrain_loss": null,
    "finetune_loss": 0.00015056390089958048,
    "pseudo_label_count": 20956,
    "pseudo_label_accept_rate": 0.9979047619047619,
    "mean_pseudo_confidence": 0.9997897322429549,
    "consistency_loss": 0.011044776166115069,
    "encoder_stage": "consistency",
    "stn_status": "trainable",
    "stn_regularization_loss": 0.0004424966665710501,
    "val_loss": 0.25896110038540543,
    "val_seq_acc": 0.9527333333333333,
    "val_char_acc": 0.9904133333333334,
    "val_edit_distance": 0.047933333333333335,
    "val_clean_accuracy": 0.9527333333333333,
    "val_robustness_drop": null,
    "val_restoration_gain": null,
    "val_position_1_acc": 0.9909333333333333,
    "val_position_2_acc": 0.9896,
    "val_position_3_acc": 0.9902,
    "val_position_4_acc": 0.9891333333333333,
    "val_position_5_acc": 0.9922,
    "test_loss": 0.2550026664382343,
    "test_seq_acc": 0.9542666666666667,
    "test_char_acc": 0.9905733333333333,
    "test_edit_distance": 0.047,
    "test_clean_accuracy": 0.9542666666666667,
    "test_robustness_drop": null,
    "test_restoration_gain": null,
    "test_position_1_acc": 0.9912666666666666,
    "test_position_2_acc": 0.9888666666666667,
    "test_position_3_acc": 0.9919333333333333,
    "test_position_4_acc": 0.99,
    "test_position_5_acc": 0.9908
}