{
    "epoch": 136,
    "train_loss": 0.009802496895724443,
    "pretrain_loss": null,
    "finetune_loss": 0.00013940765979931862,
    "pseudo_label_count": 20961,
    "pseudo_label_accept_rate": 0.9981428571428571,
    "mean_pseudo_confidence": 0.9998254949119185,
    "consistency_loss": 0.009663089235925125,
    "encoder_stage": "consistency",
    "stn_status": "trainable",
    "stn_regularization_loss": 0.00045893564079743795,
    "val_loss": 0.26779406626926777,
    "val_seq_acc": 0.9517333333333333,
    "val_char_acc": 0.9902133333333333,
    "val_edit_distance": 0.048933333333333336,
    "val_clean_accuracy": 0.9517333333333333,
    "val_robustness_drop": null,
    "val_restoration_gain": null,
    "val_position_1_acc": 0.9902666666666666,
    "val_position_2_acc": 0.9890666666666666,
    "val_position_3_acc": 0.9904,
    "val_position_4_acc": 0.9894,
    "val_position_5_acc": 0.9919333333333333,
    "test_loss": 0.2625156088257388,
    "test_seq_acc": 0.9539333333333333,
    "test_char_acc": 0.99048,
    "test_edit_distance": 0.0474,
    "test_clean_accuracy": 0.9539333333333333,
    "test_robustness_drop": null,
    "test_restoration_gain": null,
    "test_position_1_acc": 0.9909333333333333,
    "test_position_2_acc": 0.9888666666666667,
    "test_position_3_acc": 0.9917333333333334,
    "test_position_4_acc": 0.9901333333333333,
    "test_position_5_acc": 0.9907333333333334
}