{
    "epoch": 171,
    "train_loss": 0.008903848311007332,
    "pretrain_loss": null,
    "finetune_loss": 0.00010860765580489579,
    "pseudo_label_count": 20967,
    "pseudo_label_accept_rate": 0.9984285714285714,
    "mean_pseudo_confidence": 0.9998009922724229,
    "consistency_loss": 0.008795240655202435,
    "encoder_stage": "consistency",
    "stn_status": "trainable",
    "stn_regularization_loss": 0.00046091595559589495,
    "val_loss": 0.25685534882161054,
    "val_seq_acc": 0.9524666666666667,
    "val_char_acc": 0.99036,
    "val_edit_distance": 0.0482,
    "val_clean_accuracy": 0.9524666666666667,
    "val_robustness_drop": null,
    "val_restoration_gain": null,
    "val_position_1_acc": 0.9906666666666667,
    "val_position_2_acc": 0.9894,
    "val_position_3_acc": 0.9900666666666667,
    "val_position_4_acc": 0.9894,
    "val_position_5_acc": 0.9922666666666666,
    "test_loss": 0.2534414187077423,
    "test_seq_acc": 0.9536666666666667,
    "test_char_acc": 0.9904266666666667,
    "test_edit_distance": 0.047733333333333336,
    "test_clean_accuracy": 0.9536666666666667,
    "test_robustness_drop": null,
    "test_restoration_gain": null,
    "test_position_1_acc": 0.9908666666666667,
    "test_position_2_acc": 0.9888666666666667,
    "test_position_3_acc": 0.9916666666666667,
    "test_position_4_acc": 0.9900666666666667,
    "test_position_5_acc": 0.9906666666666667
}