{
    "epoch": 14,
    "train_loss": 0.22957147149407714,
    "pretrain_loss": null,
    "finetune_loss": 0.15790579385578865,
    "pseudo_label_count": 19260,
    "pseudo_label_accept_rate": 0.9171428571428571,
    "mean_pseudo_confidence": 0.9947818634789805,
    "consistency_loss": 0.0716656776382885,
    "encoder_stage": "consistency",
    "stn_status": "frozen",
    "stn_regularization_loss": 0.0,
    "val_loss": 0.896413107311472,
    "val_seq_acc": 0.8582666666666666,
    "val_char_acc": 0.96992,
    "val_edit_distance": 0.1504,
    "val_clean_accuracy": 0.8582666666666666,
    "val_robustness_drop": null,
    "val_restoration_gain": null,
    "val_position_1_acc": 0.9714666666666667,
    "val_position_2_acc": 0.9681333333333333,
    "val_position_3_acc": 0.9702666666666667,
    "val_position_4_acc": 0.9678666666666667,
    "val_position_5_acc": 0.9718666666666667,
    "test_loss": 0.9252510155135013,
    "test_seq_acc": 0.8541333333333333,
    "test_char_acc": 0.9686266666666666,
    "test_edit_distance": 0.15673333333333334,
    "test_clean_accuracy": 0.8541333333333333,
    "test_robustness_drop": null,
    "test_restoration_gain": null,
    "test_position_1_acc": 0.9730666666666666,
    "test_position_2_acc": 0.9651333333333333,
    "test_position_3_acc": 0.9655333333333334,
    "test_position_4_acc": 0.9688,
    "test_position_5_acc": 0.9706
}