{
    "epoch": 80,
    "train_loss": 0.01483013829738633,
    "pretrain_loss": null,
    "finetune_loss": 0.0007188050400364054,
    "pseudo_label_count": 20894,
    "pseudo_label_accept_rate": 0.9949523809523809,
    "mean_pseudo_confidence": 0.9994572740748155,
    "consistency_loss": 0.014111333257349925,
    "encoder_stage": "consistency",
    "stn_status": "trainable",
    "stn_regularization_loss": 0.00040135656794310505,
    "val_loss": 0.2206067661411114,
    "val_seq_acc": 0.9535333333333333,
    "val_char_acc": 0.9905066666666666,
    "val_edit_distance": 0.047466666666666664,
    "val_clean_accuracy": 0.9535333333333333,
    "val_robustness_drop": null,
    "val_restoration_gain": null,
    "val_position_1_acc": 0.9917333333333334,
    "val_position_2_acc": 0.9896,
    "val_position_3_acc": 0.9904666666666667,
    "val_position_4_acc": 0.9884666666666667,
    "val_position_5_acc": 0.9922666666666666,
    "test_loss": 0.2211486470853375,
    "test_seq_acc": 0.9534666666666667,
    "test_char_acc": 0.9904266666666667,
    "test_edit_distance": 0.04786666666666667,
    "test_clean_accuracy": 0.9534666666666667,
    "test_robustness_drop": null,
    "test_restoration_gain": null,
    "test_position_1_acc": 0.9912666666666666,
    "test_position_2_acc": 0.9884666666666667,
    "test_position_3_acc": 0.9918666666666667,
    "test_position_4_acc": 0.9899333333333333,
    "test_position_5_acc": 0.9906
}