{
    "epoch": 8,
    "train_loss": 0.3636038751068104,
    "pretrain_loss": null,
    "finetune_loss": 0.27929528350346083,
    "pseudo_label_count": 18483,
    "pseudo_label_accept_rate": 0.8801428571428571,
    "mean_pseudo_confidence": 0.9924640541487375,
    "consistency_loss": 0.0843085916033496,
    "encoder_stage": "consistency",
    "stn_status": "frozen",
    "stn_regularization_loss": 0.0,
    "val_loss": 0.8678444760276917,
    "val_seq_acc": 0.8509333333333333,
    "val_char_acc": 0.9681066666666667,
    "val_edit_distance": 0.1594,
    "val_clean_accuracy": 0.8509333333333333,
    "val_robustness_drop": null,
    "val_restoration_gain": null,
    "val_position_1_acc": 0.9709333333333333,
    "val_position_2_acc": 0.9647333333333333,
    "val_position_3_acc": 0.9677333333333333,
    "val_position_4_acc": 0.9664,
    "val_position_5_acc": 0.9707333333333333,
    "test_loss": 0.8947370390942756,
    "test_seq_acc": 0.8456666666666667,
    "test_char_acc": 0.9666,
    "test_edit_distance": 0.16666666666666666,
    "test_clean_accuracy": 0.8456666666666667,
    "test_robustness_drop": null,
    "test_restoration_gain": null,
    "test_position_1_acc": 0.9716,
    "test_position_2_acc": 0.961,
    "test_position_3_acc": 0.9636,
    "test_position_4_acc": 0.9676666666666667,
    "test_position_5_acc": 0.9691333333333333
}