{
    "epoch": 163,
    "train_loss": 0.008151538151426893,
    "pretrain_loss": null,
    "finetune_loss": 0.00010324402781848802,
    "pseudo_label_count": 20961,
    "pseudo_label_accept_rate": 0.9981428571428571,
    "mean_pseudo_confidence": 0.999812510955266,
    "consistency_loss": 0.008048294123608406,
    "encoder_stage": "consistency",
    "stn_status": "trainable",
    "stn_regularization_loss": 0.0004598651157665522,
    "val_loss": 0.25657328840374866,
    "val_seq_acc": 0.9525333333333333,
    "val_char_acc": 0.9903733333333333,
    "val_edit_distance": 0.048133333333333334,
    "val_clean_accuracy": 0.9525333333333333,
    "val_robustness_drop": null,
    "val_restoration_gain": null,
    "val_position_1_acc": 0.9906,
    "val_position_2_acc": 0.9894,
    "val_position_3_acc": 0.9902666666666666,
    "val_position_4_acc": 0.9891333333333333,
    "val_position_5_acc": 0.9924666666666667,
    "test_loss": 0.2537355854234812,
    "test_seq_acc": 0.9541333333333334,
    "test_char_acc": 0.9905466666666667,
    "test_edit_distance": 0.0472,
    "test_clean_accuracy": 0.9541333333333334,
    "test_robustness_drop": null,
    "test_restoration_gain": null,
    "test_position_1_acc": 0.9912,
    "test_position_2_acc": 0.9888666666666667,
    "test_position_3_acc": 0.9915333333333334,
    "test_position_4_acc": 0.9904,
    "test_position_5_acc": 0.9907333333333334
}