{
    "epoch": 112,
    "train_loss": 0.009095953600796097,
    "pretrain_loss": null,
    "finetune_loss": 0.00011359916439977076,
    "pseudo_label_count": 20961,
    "pseudo_label_accept_rate": 0.9981428571428571,
    "mean_pseudo_confidence": 0.9997657675602288,
    "consistency_loss": 0.008982354436396327,
    "encoder_stage": "consistency",
    "stn_status": "trainable",
    "stn_regularization_loss": 0.00044719574646810435,
    "val_loss": 0.24964818851279214,
    "val_seq_acc": 0.952,
    "val_char_acc": 0.99032,
    "val_edit_distance": 0.0484,
    "val_clean_accuracy": 0.952,
    "val_robustness_drop": null,
    "val_restoration_gain": null,
    "val_position_1_acc": 0.9903333333333333,
    "val_position_2_acc": 0.9896,
    "val_position_3_acc": 0.9904666666666667,
    "val_position_4_acc": 0.989,
    "val_position_5_acc": 0.9922,
    "test_loss": 0.24570282080561076,
    "test_seq_acc": 0.9547333333333333,
    "test_char_acc": 0.99068,
    "test_edit_distance": 0.046533333333333336,
    "test_clean_accuracy": 0.9547333333333333,
    "test_robustness_drop": null,
    "test_restoration_gain": null,
    "test_position_1_acc": 0.9913333333333333,
    "test_position_2_acc": 0.9890666666666666,
    "test_position_3_acc": 0.9919333333333333,
    "test_position_4_acc": 0.9902,
    "test_position_5_acc": 0.9908666666666667
}