{
    "epoch": 134,
    "train_loss": 0.009725502357637923,
    "pretrain_loss": null,
    "finetune_loss": 0.00013199797465778126,
    "pseudo_label_count": 20955,
    "pseudo_label_accept_rate": 0.9978571428571429,
    "mean_pseudo_confidence": 0.9997859064419382,
    "consistency_loss": 0.009593504382980142,
    "encoder_stage": "consistency",
    "stn_status": "trainable",
    "stn_regularization_loss": 0.00046222790976194433,
    "val_loss": 0.2555795785485509,
    "val_seq_acc": 0.952,
    "val_char_acc": 0.9902666666666666,
    "val_edit_distance": 0.048666666666666664,
    "val_clean_accuracy": 0.952,
    "val_robustness_drop": null,
    "val_restoration_gain": null,
    "val_position_1_acc": 0.9904666666666667,
    "val_position_2_acc": 0.9892666666666666,
    "val_position_3_acc": 0.9901333333333333,
    "val_position_4_acc": 0.9891333333333333,
    "val_position_5_acc": 0.9923333333333333,
    "test_loss": 0.2526383987975312,
    "test_seq_acc": 0.9534,
    "test_char_acc": 0.9903866666666666,
    "test_edit_distance": 0.048,
    "test_clean_accuracy": 0.9534,
    "test_robustness_drop": null,
    "test_restoration_gain": null,
    "test_position_1_acc": 0.991,
    "test_position_2_acc": 0.9885333333333334,
    "test_position_3_acc": 0.9915333333333334,
    "test_position_4_acc": 0.9902666666666666,
    "test_position_5_acc": 0.9906
}