{
    "epoch": 196,
    "train_loss": 0.010803356560098678,
    "pretrain_loss": null,
    "finetune_loss": 0.00018610480698974695,
    "pseudo_label_count": 20962,
    "pseudo_label_accept_rate": 0.9981904761904762,
    "mean_pseudo_confidence": 0.9998030602710186,
    "consistency_loss": 0.01061725175310893,
    "encoder_stage": "consistency",
    "stn_status": "trainable",
    "stn_regularization_loss": 0.00046724346635546596,
    "val_loss": 0.2570707068659682,
    "val_seq_acc": 0.9536666666666667,
    "val_char_acc": 0.9906,
    "val_edit_distance": 0.047,
    "val_clean_accuracy": 0.9536666666666667,
    "val_robustness_drop": null,
    "val_restoration_gain": null,
    "val_position_1_acc": 0.9906666666666667,
    "val_position_2_acc": 0.9898666666666667,
    "val_position_3_acc": 0.9906666666666667,
    "val_position_4_acc": 0.9892666666666666,
    "val_position_5_acc": 0.9925333333333334,
    "test_loss": 0.2510777349900386,
    "test_seq_acc": 0.9543333333333334,
    "test_char_acc": 0.99056,
    "test_edit_distance": 0.047066666666666666,
    "test_clean_accuracy": 0.9543333333333334,
    "test_robustness_drop": null,
    "test_restoration_gain": null,
    "test_position_1_acc": 0.9912,
    "test_position_2_acc": 0.9886666666666667,
    "test_position_3_acc": 0.9916666666666667,
    "test_position_4_acc": 0.9902666666666666,
    "test_position_5_acc": 0.991
}