{
    "epoch": 83,
    "train_loss": 0.013708955602747368,
    "pretrain_loss": null,
    "finetune_loss": 0.0005018846624270665,
    "pseudo_label_count": 20888,
    "pseudo_label_accept_rate": 0.9946666666666667,
    "mean_pseudo_confidence": 0.9995551930447275,
    "consistency_loss": 0.0132070709403203,
    "encoder_stage": "consistency",
    "stn_status": "trainable",
    "stn_regularization_loss": 0.0004103629441104206,
    "val_loss": 0.22270014860637566,
    "val_seq_acc": 0.9534666666666667,
    "val_char_acc": 0.9905866666666666,
    "val_edit_distance": 0.047066666666666666,
    "val_clean_accuracy": 0.9534666666666667,
    "val_robustness_drop": null,
    "val_restoration_gain": null,
    "val_position_1_acc": 0.9914,
    "val_position_2_acc": 0.9892666666666666,
    "val_position_3_acc": 0.9912,
    "val_position_4_acc": 0.9886,
    "val_position_5_acc": 0.9924666666666667,
    "test_loss": 0.2236828178486866,
    "test_seq_acc": 0.954,
    "test_char_acc": 0.9904666666666667,
    "test_edit_distance": 0.04766666666666667,
    "test_clean_accuracy": 0.954,
    "test_robustness_drop": null,
    "test_restoration_gain": null,
    "test_position_1_acc": 0.9907333333333334,
    "test_position_2_acc": 0.9888666666666667,
    "test_position_3_acc": 0.9917333333333334,
    "test_position_4_acc": 0.9898666666666667,
    "test_position_5_acc": 0.9911333333333333
}