{
    "epoch": 7,
    "train_loss": 0.4042762268752043,
    "pretrain_loss": null,
    "finetune_loss": 0.3176933606750971,
    "pseudo_label_count": 18910,
    "pseudo_label_accept_rate": 0.9004761904761904,
    "mean_pseudo_confidence": 0.9922624242551613,
    "consistency_loss": 0.0865828662001072,
    "encoder_stage": "consistency",
    "stn_status": "frozen",
    "stn_regularization_loss": 0.0,
    "val_loss": 0.7620584756770032,
    "val_seq_acc": 0.8555333333333334,
    "val_char_acc": 0.96908,
    "val_edit_distance": 0.1546,
    "val_clean_accuracy": 0.8555333333333334,
    "val_robustness_drop": null,
    "val_restoration_gain": null,
    "val_position_1_acc": 0.9706666666666667,
    "val_position_2_acc": 0.9674,
    "val_position_3_acc": 0.9694666666666667,
    "val_position_4_acc": 0.9663333333333334,
    "val_position_5_acc": 0.9715333333333334,
    "test_loss": 0.7712150082943288,
    "test_seq_acc": 0.8489333333333333,
    "test_char_acc": 0.96768,
    "test_edit_distance": 0.16146666666666668,
    "test_clean_accuracy": 0.8489333333333333,
    "test_robustness_drop": null,
    "test_restoration_gain": null,
    "test_position_1_acc": 0.9726,
    "test_position_2_acc": 0.9658,
    "test_position_3_acc": 0.9636666666666667,
    "test_position_4_acc": 0.967,
    "test_position_5_acc": 0.9693333333333334
}