{
    "epoch": 58,
    "train_loss": 0.024422861034968102,
    "pretrain_loss": null,
    "finetune_loss": 0.0020023046788270465,
    "pseudo_label_count": 20575,
    "pseudo_label_accept_rate": 0.9797619047619047,
    "mean_pseudo_confidence": 0.9989788512673732,
    "consistency_loss": 0.022420556356141055,
    "encoder_stage": "consistency",
    "stn_status": "trainable",
    "stn_regularization_loss": 0.00038518618843544475,
    "val_loss": 0.2260578532128575,
    "val_seq_acc": 0.9473333333333334,
    "val_char_acc": 0.98932,
    "val_edit_distance": 0.0534,
    "val_clean_accuracy": 0.9473333333333334,
    "val_robustness_drop": null,
    "val_restoration_gain": null,
    "val_position_1_acc": 0.9902666666666666,
    "val_position_2_acc": 0.9878666666666667,
    "val_position_3_acc": 0.9887333333333334,
    "val_position_4_acc": 0.9882,
    "val_position_5_acc": 0.9915333333333334,
    "test_loss": 0.22106518420004384,
    "test_seq_acc": 0.9492,
    "test_char_acc": 0.98952,
    "test_edit_distance": 0.052333333333333336,
    "test_clean_accuracy": 0.9492,
    "test_robustness_drop": null,
    "test_restoration_gain": null,
    "test_position_1_acc": 0.9915333333333334,
    "test_position_2_acc": 0.9873333333333333,
    "test_position_3_acc": 0.9888,
    "test_position_4_acc": 0.9891333333333333,
    "test_position_5_acc": 0.9908
}