{
    "epoch": 1,
    "train_loss": 8.127779090474474,
    "pretrain_loss": null,
    "finetune_loss": 7.975599137516619,
    "pseudo_label_count": 14151,
    "pseudo_label_accept_rate": 0.6738571428571428,
    "mean_pseudo_confidence": 0.9994905990186526,
    "consistency_loss": 0.15217995295785539,
    "encoder_stage": "consistency",
    "stn_status": "frozen",
    "stn_regularization_loss": 0.0,
    "val_loss": 105.00703452901638,
    "val_seq_acc": 0.0,
    "val_char_acc": 0.0278,
    "val_edit_distance": 4.851866666666667,
    "val_clean_accuracy": 0.0,
    "val_robustness_drop": null,
    "val_restoration_gain": null,
    "val_position_1_acc": 0.0272,
    "val_position_2_acc": 0.027,
    "val_position_3_acc": 0.026466666666666666,
    "val_position_4_acc": 0.029266666666666667,
    "val_position_5_acc": 0.029066666666666668,
    "test_loss": 104.95919984858087,
    "test_seq_acc": 0.0,
    "test_char_acc": 0.02864,
    "test_edit_distance": 4.8488,
    "test_clean_accuracy": 0.0,
    "test_robustness_drop": null,
    "test_restoration_gain": null,
    "test_position_1_acc": 0.028133333333333333,
    "test_position_2_acc": 0.0274,
    "test_position_3_acc": 0.029266666666666667,
    "test_position_4_acc": 0.028533333333333334,
    "test_position_5_acc": 0.029866666666666666
}