{
    "epoch": 5,
    "train_loss": 0.5126002673641672,
    "pretrain_loss": null,
    "finetune_loss": 0.4084288511259904,
    "pseudo_label_count": 17989,
    "pseudo_label_accept_rate": 0.8566190476190476,
    "mean_pseudo_confidence": 0.9888761307029675,
    "consistency_loss": 0.10417141623817679,
    "encoder_stage": "consistency",
    "stn_status": "frozen",
    "stn_regularization_loss": 0.0,
    "val_loss": 0.8272162928860238,
    "val_seq_acc": 0.8473333333333334,
    "val_char_acc": 0.9674133333333333,
    "val_edit_distance": 0.16293333333333335,
    "val_clean_accuracy": 0.8473333333333334,
    "val_robustness_drop": null,
    "val_restoration_gain": null,
    "val_position_1_acc": 0.9706,
    "val_position_2_acc": 0.9638,
    "val_position_3_acc": 0.9669333333333333,
    "val_position_4_acc": 0.9648,
    "val_position_5_acc": 0.9709333333333333,
    "test_loss": 0.8582782279937825,
    "test_seq_acc": 0.8411333333333333,
    "test_char_acc": 0.9656,
    "test_edit_distance": 0.17193333333333333,
    "test_clean_accuracy": 0.8411333333333333,
    "test_robustness_drop": null,
    "test_restoration_gain": null,
    "test_position_1_acc": 0.971,
    "test_position_2_acc": 0.9605333333333334,
    "test_position_3_acc": 0.9625333333333334,
    "test_position_4_acc": 0.9654,
    "test_position_5_acc": 0.9685333333333334
}