{
    "epoch": 78,
    "train_loss": 0.014991151368663495,
    "pretrain_loss": null,
    "finetune_loss": 0.000635038863527242,
    "pseudo_label_count": 20847,
    "pseudo_label_accept_rate": 0.9927142857142857,
    "mean_pseudo_confidence": 0.9994717680899572,
    "consistency_loss": 0.014356112505136253,
    "encoder_stage": "consistency",
    "stn_status": "trainable",
    "stn_regularization_loss": 0.0004706830617672022,
    "val_loss": 0.22088050032517517,
    "val_seq_acc": 0.9515333333333333,
    "val_char_acc": 0.9901733333333333,
    "val_edit_distance": 0.049133333333333334,
    "val_clean_accuracy": 0.9515333333333333,
    "val_robustness_drop": null,
    "val_restoration_gain": null,
    "val_position_1_acc": 0.9912666666666666,
    "val_position_2_acc": 0.9894,
    "val_position_3_acc": 0.9898,
    "val_position_4_acc": 0.9886666666666667,
    "val_position_5_acc": 0.9917333333333334,
    "test_loss": 0.2231699257971102,
    "test_seq_acc": 0.9526,
    "test_char_acc": 0.9901333333333333,
    "test_edit_distance": 0.04926666666666667,
    "test_clean_accuracy": 0.9526,
    "test_robustness_drop": null,
    "test_restoration_gain": null,
    "test_position_1_acc": 0.9906666666666667,
    "test_position_2_acc": 0.988,
    "test_position_3_acc": 0.9916,
    "test_position_4_acc": 0.9901333333333333,
    "test_position_5_acc": 0.9902666666666666
}