{
    "epoch": 16,
    "train_loss": 0.2066740840820048,
    "pretrain_loss": null,
    "finetune_loss": 0.14536038455589828,
    "pseudo_label_count": 20032,
    "pseudo_label_accept_rate": 0.9539047619047619,
    "mean_pseudo_confidence": 0.9962693996513232,
    "consistency_loss": 0.06131369952610651,
    "encoder_stage": "consistency",
    "stn_status": "trainable",
    "stn_regularization_loss": 1.990742051021654e-05,
    "val_loss": 1.2151490009845571,
    "val_seq_acc": 0.8496666666666667,
    "val_char_acc": 0.9676933333333333,
    "val_edit_distance": 0.16133333333333333,
    "val_clean_accuracy": 0.8496666666666667,
    "val_robustness_drop": null,
    "val_restoration_gain": null,
    "val_position_1_acc": 0.969,
    "val_position_2_acc": 0.9656666666666667,
    "val_position_3_acc": 0.9671333333333333,
    "val_position_4_acc": 0.9655333333333334,
    "val_position_5_acc": 0.9711333333333333,
    "test_loss": 1.2606339455919062,
    "test_seq_acc": 0.8464666666666667,
    "test_char_acc": 0.9668533333333333,
    "test_edit_distance": 0.16566666666666666,
    "test_clean_accuracy": 0.8464666666666667,
    "test_robustness_drop": null,
    "test_restoration_gain": null,
    "test_position_1_acc": 0.9711333333333333,
    "test_position_2_acc": 0.9635333333333334,
    "test_position_3_acc": 0.9626666666666667,
    "test_position_4_acc": 0.9672666666666667,
    "test_position_5_acc": 0.9696666666666667
}