{
    "epoch": 60,
    "train_loss": 0.026376029369274755,
    "pretrain_loss": null,
    "finetune_loss": 0.001653177587219846,
    "pseudo_label_count": 20637,
    "pseudo_label_accept_rate": 0.9827142857142858,
    "mean_pseudo_confidence": 0.998855316506665,
    "consistency_loss": 0.02472285178205491,
    "encoder_stage": "consistency",
    "stn_status": "trainable",
    "stn_regularization_loss": 0.0003979304170064141,
    "val_loss": 0.1920455722321578,
    "val_seq_acc": 0.9542,
    "val_char_acc": 0.99076,
    "val_edit_distance": 0.0462,
    "val_clean_accuracy": 0.9542,
    "val_robustness_drop": null,
    "val_restoration_gain": null,
    "val_position_1_acc": 0.9906,
    "val_position_2_acc": 0.9904666666666667,
    "val_position_3_acc": 0.9905333333333334,
    "val_position_4_acc": 0.9901333333333333,
    "val_position_5_acc": 0.9920666666666667,
    "test_loss": 0.1984019612653201,
    "test_seq_acc": 0.9537333333333333,
    "test_char_acc": 0.9904666666666667,
    "test_edit_distance": 0.0476,
    "test_clean_accuracy": 0.9537333333333333,
    "test_robustness_drop": null,
    "test_restoration_gain": null,
    "test_position_1_acc": 0.9916666666666667,
    "test_position_2_acc": 0.989,
    "test_position_3_acc": 0.9917333333333334,
    "test_position_4_acc": 0.9895333333333334,
    "test_position_5_acc": 0.9904
}