{
    "epoch": 29,
    "train_loss": 0.12518967239589804,
    "pretrain_loss": null,
    "finetune_loss": 0.06907014944985772,
    "pseudo_label_count": 19815,
    "pseudo_label_accept_rate": 0.9435714285714286,
    "mean_pseudo_confidence": 0.9968328597477641,
    "consistency_loss": 0.05611952294604032,
    "encoder_stage": "consistency",
    "stn_status": "trainable",
    "stn_regularization_loss": 0.00021258081913732955,
    "val_loss": 0.8830787284894193,
    "val_seq_acc": 0.8676,
    "val_char_acc": 0.972,
    "val_edit_distance": 0.13993333333333333,
    "val_clean_accuracy": 0.8676,
    "val_robustness_drop": null,
    "val_restoration_gain": null,
    "val_position_1_acc": 0.9743333333333334,
    "val_position_2_acc": 0.9696,
    "val_position_3_acc": 0.9726666666666667,
    "val_position_4_acc": 0.9697333333333333,
    "val_position_5_acc": 0.9736666666666667,
    "test_loss": 0.8754150652822028,
    "test_seq_acc": 0.8652,
    "test_char_acc": 0.9713333333333334,
    "test_edit_distance": 0.14326666666666665,
    "test_clean_accuracy": 0.8652,
    "test_robustness_drop": null,
    "test_restoration_gain": null,
    "test_position_1_acc": 0.9752,
    "test_position_2_acc": 0.9677333333333333,
    "test_position_3_acc": 0.9710666666666666,
    "test_position_4_acc": 0.9702,
    "test_position_5_acc": 0.9724666666666667
}