{
    "epoch": 184,
    "train_loss": 0.007434042479361612,
    "pretrain_loss": null,
    "finetune_loss": 9.570127978719033e-05,
    "pseudo_label_count": 20953,
    "pseudo_label_accept_rate": 0.9977619047619047,
    "mean_pseudo_confidence": 0.9998194631207776,
    "consistency_loss": 0.007338341199574422,
    "encoder_stage": "consistency",
    "stn_status": "trainable",
    "stn_regularization_loss": 0.00046154028237143773,
    "val_loss": 0.2564253250567956,
    "val_seq_acc": 0.9531333333333334,
    "val_char_acc": 0.9904933333333333,
    "val_edit_distance": 0.04753333333333333,
    "val_clean_accuracy": 0.9531333333333334,
    "val_robustness_drop": null,
    "val_restoration_gain": null,
    "val_position_1_acc": 0.9907333333333334,
    "val_position_2_acc": 0.9896666666666667,
    "val_position_3_acc": 0.9904,
    "val_position_4_acc": 0.9894,
    "val_position_5_acc": 0.9922666666666666,
    "test_loss": 0.2531162422831527,
    "test_seq_acc": 0.9548,
    "test_char_acc": 0.9906666666666667,
    "test_edit_distance": 0.046533333333333336,
    "test_clean_accuracy": 0.9548,
    "test_robustness_drop": null,
    "test_restoration_gain": null,
    "test_position_1_acc": 0.9912666666666666,
    "test_position_2_acc": 0.989,
    "test_position_3_acc": 0.9917333333333334,
    "test_position_4_acc": 0.9904,
    "test_position_5_acc": 0.9909333333333333
}