{
    "epoch": 39,
    "train_loss": 0.07810473517646524,
    "pretrain_loss": null,
    "finetune_loss": 0.035601535078725356,
    "pseudo_label_count": 20069,
    "pseudo_label_accept_rate": 0.9556666666666667,
    "mean_pseudo_confidence": 0.9975060954258589,
    "consistency_loss": 0.04250320009773988,
    "encoder_stage": "consistency",
    "stn_status": "trainable",
    "stn_regularization_loss": 0.00032755227212724185,
    "val_loss": 0.47629749432325047,
    "val_seq_acc": 0.9060666666666667,
    "val_char_acc": 0.98036,
    "val_edit_distance": 0.0982,
    "val_clean_accuracy": 0.9060666666666667,
    "val_robustness_drop": null,
    "val_restoration_gain": null,
    "val_position_1_acc": 0.9815333333333334,
    "val_position_2_acc": 0.9808,
    "val_position_3_acc": 0.9772,
    "val_position_4_acc": 0.9776666666666667,
    "val_position_5_acc": 0.9846,
    "test_loss": 0.5130562206532093,
    "test_seq_acc": 0.8988,
    "test_char_acc": 0.9788533333333334,
    "test_edit_distance": 0.1056,
    "test_clean_accuracy": 0.8988,
    "test_robustness_drop": null,
    "test_restoration_gain": null,
    "test_position_1_acc": 0.9825333333333334,
    "test_position_2_acc": 0.9775333333333334,
    "test_position_3_acc": 0.973,
    "test_position_4_acc": 0.9781333333333333,
    "test_position_5_acc": 0.9830666666666666
}