{
    "epoch": 88,
    "train_loss": 0.016307751808555326,
    "pretrain_loss": null,
    "finetune_loss": 0.0006412888080433425,
    "pseudo_label_count": 20908,
    "pseudo_label_accept_rate": 0.9956190476190476,
    "mean_pseudo_confidence": 0.9996150822353929,
    "consistency_loss": 0.015666463000511985,
    "encoder_stage": "consistency",
    "stn_status": "trainable",
    "stn_regularization_loss": 0.0004326038306143783,
    "val_loss": 0.236639667259767,
    "val_seq_acc": 0.9514666666666667,
    "val_char_acc": 0.99016,
    "val_edit_distance": 0.0492,
    "val_clean_accuracy": 0.9514666666666667,
    "val_robustness_drop": null,
    "val_restoration_gain": null,
    "val_position_1_acc": 0.9908666666666667,
    "val_position_2_acc": 0.9888,
    "val_position_3_acc": 0.9906,
    "val_position_4_acc": 0.9888,
    "val_position_5_acc": 0.9917333333333334,
    "test_loss": 0.2308635863611113,
    "test_seq_acc": 0.9544,
    "test_char_acc": 0.9905866666666666,
    "test_edit_distance": 0.047,
    "test_clean_accuracy": 0.9544,
    "test_robustness_drop": null,
    "test_restoration_gain": null,
    "test_position_1_acc": 0.9911333333333333,
    "test_position_2_acc": 0.9891333333333333,
    "test_position_3_acc": 0.9918,
    "test_position_4_acc": 0.9897333333333334,
    "test_position_5_acc": 0.9911333333333333
}