{
    "epoch": 56,
    "train_loss": 0.025748919831895832,
    "pretrain_loss": null,
    "finetune_loss": 0.0022949180647652712,
    "pseudo_label_count": 20549,
    "pseudo_label_accept_rate": 0.9785238095238096,
    "mean_pseudo_confidence": 0.9987401385406861,
    "consistency_loss": 0.023454001767130563,
    "encoder_stage": "consistency",
    "stn_status": "trainable",
    "stn_regularization_loss": 0.00034493534477617564,
    "val_loss": 0.19132531984867726,
    "val_seq_acc": 0.9508666666666666,
    "val_char_acc": 0.9900266666666667,
    "val_edit_distance": 0.04986666666666666,
    "val_clean_accuracy": 0.9508666666666666,
    "val_robustness_drop": null,
    "val_restoration_gain": null,
    "val_position_1_acc": 0.9897333333333334,
    "val_position_2_acc": 0.9894666666666667,
    "val_position_3_acc": 0.9899333333333333,
    "val_position_4_acc": 0.9894666666666667,
    "val_position_5_acc": 0.9915333333333334,
    "test_loss": 0.19348378848935294,
    "test_seq_acc": 0.9536666666666667,
    "test_char_acc": 0.9904266666666667,
    "test_edit_distance": 0.0478,
    "test_clean_accuracy": 0.9536666666666667,
    "test_robustness_drop": null,
    "test_restoration_gain": null,
    "test_position_1_acc": 0.9912,
    "test_position_2_acc": 0.9887333333333334,
    "test_position_3_acc": 0.9912666666666666,
    "test_position_4_acc": 0.9901333333333333,
    "test_position_5_acc": 0.9908
}