{
    "epoch": 30,
    "train_loss": 0.10152047226585703,
    "pretrain_loss": null,
    "finetune_loss": 0.054697701815994794,
    "pseudo_label_count": 20301,
    "pseudo_label_accept_rate": 0.9667142857142857,
    "mean_pseudo_confidence": 0.9976814582508647,
    "consistency_loss": 0.046822770449862244,
    "encoder_stage": "consistency",
    "stn_status": "trainable",
    "stn_regularization_loss": 0.0002982388948512685,
    "val_loss": 1.4812859555508229,
    "val_seq_acc": 0.8600666666666666,
    "val_char_acc": 0.9703333333333334,
    "val_edit_distance": 0.14826666666666666,
    "val_clean_accuracy": 0.8600666666666666,
    "val_robustness_drop": null,
    "val_restoration_gain": null,
    "val_position_1_acc": 0.9718,
    "val_position_2_acc": 0.9676,
    "val_position_3_acc": 0.9702,
    "val_position_4_acc": 0.9692,
    "val_position_5_acc": 0.9728666666666667,
    "test_loss": 1.5457952746685515,
    "test_seq_acc": 0.8561333333333333,
    "test_char_acc": 0.9690933333333334,
    "test_edit_distance": 0.1544,
    "test_clean_accuracy": 0.8561333333333333,
    "test_robustness_drop": null,
    "test_restoration_gain": null,
    "test_position_1_acc": 0.9728666666666667,
    "test_position_2_acc": 0.9652,
    "test_position_3_acc": 0.9666666666666667,
    "test_position_4_acc": 0.9698,
    "test_position_5_acc": 0.9709333333333333
}