{
    "epoch": 141,
    "train_loss": 0.00877259973133213,
    "pretrain_loss": null,
    "finetune_loss": 0.00013119773905412999,
    "pseudo_label_count": 20970,
    "pseudo_label_accept_rate": 0.9985714285714286,
    "mean_pseudo_confidence": 0.99981792319884,
    "consistency_loss": 0.008641401992278,
    "encoder_stage": "consistency",
    "stn_status": "trainable",
    "stn_regularization_loss": 0.0004749557474523097,
    "val_loss": 0.25886506529579417,
    "val_seq_acc": 0.9524,
    "val_char_acc": 0.99036,
    "val_edit_distance": 0.0482,
    "val_clean_accuracy": 0.9524,
    "val_robustness_drop": null,
    "val_restoration_gain": null,
    "val_position_1_acc": 0.9910666666666667,
    "val_position_2_acc": 0.9894666666666667,
    "val_position_3_acc": 0.9901333333333333,
    "val_position_4_acc": 0.9891333333333333,
    "val_position_5_acc": 0.992,
    "test_loss": 0.2564897274024762,
    "test_seq_acc": 0.9538,
    "test_char_acc": 0.9904666666666667,
    "test_edit_distance": 0.04753333333333333,
    "test_clean_accuracy": 0.9538,
    "test_robustness_drop": null,
    "test_restoration_gain": null,
    "test_position_1_acc": 0.9911333333333333,
    "test_position_2_acc": 0.9887333333333334,
    "test_position_3_acc": 0.9918,
    "test_position_4_acc": 0.9901333333333333,
    "test_position_5_acc": 0.9905333333333334
}