{
    "epoch": 198,
    "train_loss": 0.010689557427514379,
    "pretrain_loss": null,
    "finetune_loss": 0.00023448621052686136,
    "pseudo_label_count": 20972,
    "pseudo_label_accept_rate": 0.9986666666666667,
    "mean_pseudo_confidence": 0.9998075329300194,
    "consistency_loss": 0.010455071216987518,
    "encoder_stage": "consistency",
    "stn_status": "trainable",
    "stn_regularization_loss": 0.000468796665527751,
    "val_loss": 0.25625922402188656,
    "val_seq_acc": 0.9526666666666667,
    "val_char_acc": 0.9903866666666666,
    "val_edit_distance": 0.04806666666666667,
    "val_clean_accuracy": 0.9526666666666667,
    "val_robustness_drop": null,
    "val_restoration_gain": null,
    "val_position_1_acc": 0.9906666666666667,
    "val_position_2_acc": 0.9898,
    "val_position_3_acc": 0.9903333333333333,
    "val_position_4_acc": 0.989,
    "val_position_5_acc": 0.9921333333333333,
    "test_loss": 0.25471890688309706,
    "test_seq_acc": 0.9534,
    "test_char_acc": 0.9904133333333334,
    "test_edit_distance": 0.047933333333333335,
    "test_clean_accuracy": 0.9534,
    "test_robustness_drop": null,
    "test_restoration_gain": null,
    "test_position_1_acc": 0.9909333333333333,
    "test_position_2_acc": 0.9888666666666667,
    "test_position_3_acc": 0.9918666666666667,
    "test_position_4_acc": 0.9902,
    "test_position_5_acc": 0.9902
}