{
    "epoch": 76,
    "train_loss": 0.015609032449170328,
    "pretrain_loss": null,
    "finetune_loss": 0.0009604058153184912,
    "pseudo_label_count": 20848,
    "pseudo_label_accept_rate": 0.9927619047619047,
    "mean_pseudo_confidence": 0.999376751556821,
    "consistency_loss": 0.014648626633851837,
    "encoder_stage": "consistency",
    "stn_status": "trainable",
    "stn_regularization_loss": 0.0004434729833369916,
    "val_loss": 0.20966218083730323,
    "val_seq_acc": 0.9549333333333333,
    "val_char_acc": 0.99084,
    "val_edit_distance": 0.0458,
    "val_clean_accuracy": 0.9549333333333333,
    "val_robustness_drop": null,
    "val_restoration_gain": null,
    "val_position_1_acc": 0.9925333333333334,
    "val_position_2_acc": 0.9896,
    "val_position_3_acc": 0.9901333333333333,
    "val_position_4_acc": 0.9894,
    "val_position_5_acc": 0.9925333333333334,
    "test_loss": 0.20877302755760227,
    "test_seq_acc": 0.9538,
    "test_char_acc": 0.9904666666666667,
    "test_edit_distance": 0.04766666666666667,
    "test_clean_accuracy": 0.9538,
    "test_robustness_drop": null,
    "test_restoration_gain": null,
    "test_position_1_acc": 0.9912,
    "test_position_2_acc": 0.9891333333333333,
    "test_position_3_acc": 0.9916,
    "test_position_4_acc": 0.9900666666666667,
    "test_position_5_acc": 0.9903333333333333
}