{
    "epoch": 32,
    "train_loss": 0.11412418224688314,
    "pretrain_loss": null,
    "finetune_loss": 0.06182773012878232,
    "pseudo_label_count": 19850,
    "pseudo_label_accept_rate": 0.9452380952380952,
    "mean_pseudo_confidence": 0.996880067013373,
    "consistency_loss": 0.05229645211810082,
    "encoder_stage": "consistency",
    "stn_status": "trainable",
    "stn_regularization_loss": 0.000202445369569535,
    "val_loss": 0.729972269592133,
    "val_seq_acc": 0.8774,
    "val_char_acc": 0.9742,
    "val_edit_distance": 0.129,
    "val_clean_accuracy": 0.8774,
    "val_robustness_drop": null,
    "val_restoration_gain": null,
    "val_position_1_acc": 0.9735333333333334,
    "val_position_2_acc": 0.9701333333333333,
    "val_position_3_acc": 0.9790666666666666,
    "val_position_4_acc": 0.9698,
    "val_position_5_acc": 0.9784666666666667,
    "test_loss": 0.7362684232757447,
    "test_seq_acc": 0.8759333333333333,
    "test_char_acc": 0.9736933333333333,
    "test_edit_distance": 0.1314,
    "test_clean_accuracy": 0.8759333333333333,
    "test_robustness_drop": null,
    "test_restoration_gain": null,
    "test_position_1_acc": 0.9750666666666666,
    "test_position_2_acc": 0.9674,
    "test_position_3_acc": 0.9765333333333334,
    "test_position_4_acc": 0.9712666666666666,
    "test_position_5_acc": 0.9782
}