{
    "epoch": 53,
    "train_loss": 0.03185875808592369,
    "pretrain_loss": null,
    "finetune_loss": 0.003970497082297291,
    "pseudo_label_count": 20493,
    "pseudo_label_accept_rate": 0.9758571428571429,
    "mean_pseudo_confidence": 0.9985781321383405,
    "consistency_loss": 0.027888261003626402,
    "encoder_stage": "consistency",
    "stn_status": "trainable",
    "stn_regularization_loss": 0.0003678742963142365,
    "val_loss": 0.21893758616122874,
    "val_seq_acc": 0.9478666666666666,
    "val_char_acc": 0.9894133333333334,
    "val_edit_distance": 0.05293333333333333,
    "val_clean_accuracy": 0.9478666666666666,
    "val_robustness_drop": null,
    "val_restoration_gain": null,
    "val_position_1_acc": 0.9898,
    "val_position_2_acc": 0.9890666666666666,
    "val_position_3_acc": 0.9889333333333333,
    "val_position_4_acc": 0.9889333333333333,
    "val_position_5_acc": 0.9903333333333333,
    "test_loss": 0.20742395858359622,
    "test_seq_acc": 0.9502,
    "test_char_acc": 0.9898266666666666,
    "test_edit_distance": 0.0508,
    "test_clean_accuracy": 0.9502,
    "test_robustness_drop": null,
    "test_restoration_gain": null,
    "test_position_1_acc": 0.9910666666666667,
    "test_position_2_acc": 0.988,
    "test_position_3_acc": 0.9894666666666667,
    "test_position_4_acc": 0.9902666666666666,
    "test_position_5_acc": 0.9903333333333333
}