{
    "epoch": 49,
    "train_loss": 0.06613080948009904,
    "pretrain_loss": null,
    "finetune_loss": 0.02854254996632323,
    "pseudo_label_count": 20204,
    "pseudo_label_accept_rate": 0.9620952380952381,
    "mean_pseudo_confidence": 0.9978449552796945,
    "consistency_loss": 0.03758825951377581,
    "encoder_stage": "consistency",
    "stn_status": "trainable",
    "stn_regularization_loss": 0.00038292166057185057,
    "val_loss": 0.49981859800346357,
    "val_seq_acc": 0.9043333333333333,
    "val_char_acc": 0.9801866666666667,
    "val_edit_distance": 0.09906666666666666,
    "val_clean_accuracy": 0.9043333333333333,
    "val_robustness_drop": null,
    "val_restoration_gain": null,
    "val_position_1_acc": 0.9828666666666667,
    "val_position_2_acc": 0.9778,
    "val_position_3_acc": 0.9804,
    "val_position_4_acc": 0.9793333333333333,
    "val_position_5_acc": 0.9805333333333334,
    "test_loss": 0.5106732515420052,
    "test_seq_acc": 0.9017333333333334,
    "test_char_acc": 0.9794,
    "test_edit_distance": 0.1028,
    "test_clean_accuracy": 0.9017333333333334,
    "test_robustness_drop": null,
    "test_restoration_gain": null,
    "test_position_1_acc": 0.9838,
    "test_position_2_acc": 0.9752666666666666,
    "test_position_3_acc": 0.9784,
    "test_position_4_acc": 0.9799333333333333,
    "test_position_5_acc": 0.9796
}