{
    "epoch": 154,
    "train_loss": 0.009377584667910976,
    "pretrain_loss": null,
    "finetune_loss": 8.982104067371137e-05,
    "pseudo_label_count": 20963,
    "pseudo_label_accept_rate": 0.9982380952380953,
    "mean_pseudo_confidence": 0.9998213548910037,
    "consistency_loss": 0.009287763627237265,
    "encoder_stage": "consistency",
    "stn_status": "trainable",
    "stn_regularization_loss": 0.0004631035608861082,
    "val_loss": 0.25882178030591063,
    "val_seq_acc": 0.9533333333333334,
    "val_char_acc": 0.9905066666666666,
    "val_edit_distance": 0.047466666666666664,
    "val_clean_accuracy": 0.9533333333333334,
    "val_robustness_drop": null,
    "val_restoration_gain": null,
    "val_position_1_acc": 0.9909333333333333,
    "val_position_2_acc": 0.9896666666666667,
    "val_position_3_acc": 0.9901333333333333,
    "val_position_4_acc": 0.9896,
    "val_position_5_acc": 0.9922,
    "test_loss": 0.2553710579023786,
    "test_seq_acc": 0.9548666666666666,
    "test_char_acc": 0.9906533333333334,
    "test_edit_distance": 0.046533333333333336,
    "test_clean_accuracy": 0.9548666666666666,
    "test_robustness_drop": null,
    "test_restoration_gain": null,
    "test_position_1_acc": 0.9911333333333333,
    "test_position_2_acc": 0.9893333333333333,
    "test_position_3_acc": 0.9915333333333334,
    "test_position_4_acc": 0.9905333333333334,
    "test_position_5_acc": 0.9907333333333334
}