{
    "epoch": 73,
    "train_loss": 0.017562526589316653,
    "pretrain_loss": null,
    "finetune_loss": 0.0008046302565274087,
    "pseudo_label_count": 20813,
    "pseudo_label_accept_rate": 0.9910952380952381,
    "mean_pseudo_confidence": 0.9993166247890998,
    "consistency_loss": 0.016757896332789245,
    "encoder_stage": "consistency",
    "stn_status": "trainable",
    "stn_regularization_loss": 0.0004088408903796059,
    "val_loss": 0.22687580767880253,
    "val_seq_acc": 0.9518,
    "val_char_acc": 0.99016,
    "val_edit_distance": 0.0492,
    "val_clean_accuracy": 0.9518,
    "val_robustness_drop": null,
    "val_restoration_gain": null,
    "val_position_1_acc": 0.9905333333333334,
    "val_position_2_acc": 0.9893333333333333,
    "val_position_3_acc": 0.9902,
    "val_position_4_acc": 0.9885333333333334,
    "val_position_5_acc": 0.9922,
    "test_loss": 0.21687184990376873,
    "test_seq_acc": 0.9527333333333333,
    "test_char_acc": 0.99028,
    "test_edit_distance": 0.04853333333333333,
    "test_clean_accuracy": 0.9527333333333333,
    "test_robustness_drop": null,
    "test_restoration_gain": null,
    "test_position_1_acc": 0.9911333333333333,
    "test_position_2_acc": 0.988,
    "test_position_3_acc": 0.9915333333333334,
    "test_position_4_acc": 0.9906666666666667,
    "test_position_5_acc": 0.9900666666666667
}