{
    "epoch": 100,
    "train_loss": 0.01221656791714563,
    "pretrain_loss": null,
    "finetune_loss": 0.0003273991416800021,
    "pseudo_label_count": 20951,
    "pseudo_label_accept_rate": 0.9976666666666667,
    "mean_pseudo_confidence": 0.9997365821444,
    "consistency_loss": 0.011889168775465628,
    "encoder_stage": "consistency",
    "stn_status": "trainable",
    "stn_regularization_loss": 0.0004311923432885608,
    "val_loss": 0.25083539156500806,
    "val_seq_acc": 0.9504666666666667,
    "val_char_acc": 0.9899866666666667,
    "val_edit_distance": 0.05006666666666667,
    "val_clean_accuracy": 0.9504666666666667,
    "val_robustness_drop": null,
    "val_restoration_gain": null,
    "val_position_1_acc": 0.9897333333333334,
    "val_position_2_acc": 0.9887333333333334,
    "val_position_3_acc": 0.9906,
    "val_position_4_acc": 0.9890666666666666,
    "val_position_5_acc": 0.9918,
    "test_loss": 0.24885522920399608,
    "test_seq_acc": 0.9521333333333334,
    "test_char_acc": 0.9901466666666666,
    "test_edit_distance": 0.0492,
    "test_clean_accuracy": 0.9521333333333334,
    "test_robustness_drop": null,
    "test_restoration_gain": null,
    "test_position_1_acc": 0.9908666666666667,
    "test_position_2_acc": 0.9885333333333334,
    "test_position_3_acc": 0.9916666666666667,
    "test_position_4_acc": 0.9892666666666666,
    "test_position_5_acc": 0.9904
}