{
    "epoch": 48,
    "train_loss": 0.07834866051057562,
    "pretrain_loss": null,
    "finetune_loss": 0.03484606360512063,
    "pseudo_label_count": 20082,
    "pseudo_label_accept_rate": 0.9562857142857143,
    "mean_pseudo_confidence": 0.9976423485038551,
    "consistency_loss": 0.04350259690545499,
    "encoder_stage": "consistency",
    "stn_status": "trainable",
    "stn_regularization_loss": 0.00035184138637127567,
    "val_loss": 0.2682695263758936,
    "val_seq_acc": 0.9338,
    "val_char_acc": 0.98636,
    "val_edit_distance": 0.06813333333333334,
    "val_clean_accuracy": 0.9338,
    "val_robustness_drop": null,
    "val_restoration_gain": null,
    "val_position_1_acc": 0.9873333333333333,
    "val_position_2_acc": 0.9848,
    "val_position_3_acc": 0.9863333333333333,
    "val_position_4_acc": 0.9852,
    "val_position_5_acc": 0.9881333333333333,
    "test_loss": 0.25833549263510613,
    "test_seq_acc": 0.9342666666666667,
    "test_char_acc": 0.9864266666666667,
    "test_edit_distance": 0.06773333333333334,
    "test_clean_accuracy": 0.9342666666666667,
    "test_robustness_drop": null,
    "test_restoration_gain": null,
    "test_position_1_acc": 0.9880666666666666,
    "test_position_2_acc": 0.9836666666666667,
    "test_position_3_acc": 0.9873333333333333,
    "test_position_4_acc": 0.9863333333333333,
    "test_position_5_acc": 0.9867333333333334
}