{
    "epoch": 128,
    "train_loss": 0.011377833899556895,
    "pretrain_loss": null,
    "finetune_loss": 0.00017332392361616117,
    "pseudo_label_count": 20953,
    "pseudo_label_accept_rate": 0.9977619047619047,
    "mean_pseudo_confidence": 0.9997959860650268,
    "consistency_loss": 0.011204509975940734,
    "encoder_stage": "consistency",
    "stn_status": "trainable",
    "stn_regularization_loss": 0.0004415808551800133,
    "val_loss": 0.2619822995519226,
    "val_seq_acc": 0.9515333333333333,
    "val_char_acc": 0.99016,
    "val_edit_distance": 0.0492,
    "val_clean_accuracy": 0.9515333333333333,
    "val_robustness_drop": null,
    "val_restoration_gain": null,
    "val_position_1_acc": 0.9904,
    "val_position_2_acc": 0.9892666666666666,
    "val_position_3_acc": 0.9902,
    "val_position_4_acc": 0.9888666666666667,
    "val_position_5_acc": 0.9920666666666667,
    "test_loss": 0.25382590361996527,
    "test_seq_acc": 0.9540666666666666,
    "test_char_acc": 0.9905466666666667,
    "test_edit_distance": 0.0472,
    "test_clean_accuracy": 0.9540666666666666,
    "test_robustness_drop": null,
    "test_restoration_gain": null,
    "test_position_1_acc": 0.9911333333333333,
    "test_position_2_acc": 0.989,
    "test_position_3_acc": 0.9916,
    "test_position_4_acc": 0.99,
    "test_position_5_acc": 0.991
}