{
    "epoch": 156,
    "train_loss": 0.008068069730371559,
    "pretrain_loss": null,
    "finetune_loss": 8.682265875814468e-05,
    "pseudo_label_count": 20967,
    "pseudo_label_accept_rate": 0.9984285714285714,
    "mean_pseudo_confidence": 0.9998155515547695,
    "consistency_loss": 0.007981247071613413,
    "encoder_stage": "consistency",
    "stn_status": "trainable",
    "stn_regularization_loss": 0.00046730618678371595,
    "val_loss": 0.26006620420524457,
    "val_seq_acc": 0.9518,
    "val_char_acc": 0.9902133333333333,
    "val_edit_distance": 0.048933333333333336,
    "val_clean_accuracy": 0.9518,
    "val_robustness_drop": null,
    "val_restoration_gain": null,
    "val_position_1_acc": 0.9902,
    "val_position_2_acc": 0.9894,
    "val_position_3_acc": 0.9900666666666667,
    "val_position_4_acc": 0.9892666666666666,
    "val_position_5_acc": 0.9921333333333333,
    "test_loss": 0.2545757133016137,
    "test_seq_acc": 0.954,
    "test_char_acc": 0.9904666666666667,
    "test_edit_distance": 0.047466666666666664,
    "test_clean_accuracy": 0.954,
    "test_robustness_drop": null,
    "test_restoration_gain": null,
    "test_position_1_acc": 0.9908666666666667,
    "test_position_2_acc": 0.9886666666666667,
    "test_position_3_acc": 0.9918,
    "test_position_4_acc": 0.9904666666666667,
    "test_position_5_acc": 0.9905333333333334
}