{
    "epoch": 24,
    "train_loss": 0.13606035618257917,
    "pretrain_loss": null,
    "finetune_loss": 0.08114072339251813,
    "pseudo_label_count": 19542,
    "pseudo_label_accept_rate": 0.9305714285714286,
    "mean_pseudo_confidence": 0.9962091660648417,
    "consistency_loss": 0.054919632790061026,
    "encoder_stage": "consistency",
    "stn_status": "trainable",
    "stn_regularization_loss": 0.00016056761043134146,
    "val_loss": 0.5209249565734508,
    "val_seq_acc": 0.8925333333333333,
    "val_char_acc": 0.97748,
    "val_edit_distance": 0.11246666666666667,
    "val_clean_accuracy": 0.8925333333333333,
    "val_robustness_drop": null,
    "val_restoration_gain": null,
    "val_position_1_acc": 0.9805333333333334,
    "val_position_2_acc": 0.9743333333333334,
    "val_position_3_acc": 0.9778666666666667,
    "val_position_4_acc": 0.9725333333333334,
    "val_position_5_acc": 0.9821333333333333,
    "test_loss": 0.5185406465162622,
    "test_seq_acc": 0.8902,
    "test_char_acc": 0.9770266666666667,
    "test_edit_distance": 0.11473333333333334,
    "test_clean_accuracy": 0.8902,
    "test_robustness_drop": null,
    "test_restoration_gain": null,
    "test_position_1_acc": 0.9826666666666667,
    "test_position_2_acc": 0.9736666666666667,
    "test_position_3_acc": 0.9739333333333333,
    "test_position_4_acc": 0.9742666666666666,
    "test_position_5_acc": 0.9806
}