{
    "epoch": 190,
    "train_loss": 0.008426028483930103,
    "pretrain_loss": null,
    "finetune_loss": 0.00019678850347133755,
    "pseudo_label_count": 20969,
    "pseudo_label_accept_rate": 0.9985238095238095,
    "mean_pseudo_confidence": 0.999822186493636,
    "consistency_loss": 0.008229239980458766,
    "encoder_stage": "consistency",
    "stn_status": "trainable",
    "stn_regularization_loss": 0.0004623195478740751,
    "val_loss": 0.2531128328489239,
    "val_seq_acc": 0.9529333333333333,
    "val_char_acc": 0.9904666666666667,
    "val_edit_distance": 0.04766666666666667,
    "val_clean_accuracy": 0.9529333333333333,
    "val_robustness_drop": null,
    "val_restoration_gain": null,
    "val_position_1_acc": 0.9912,
    "val_position_2_acc": 0.9894,
    "val_position_3_acc": 0.9902666666666666,
    "val_position_4_acc": 0.9894,
    "val_position_5_acc": 0.9920666666666667,
    "test_loss": 0.25436562436748605,
    "test_seq_acc": 0.9534,
    "test_char_acc": 0.9904,
    "test_edit_distance": 0.048,
    "test_clean_accuracy": 0.9534,
    "test_robustness_drop": null,
    "test_restoration_gain": null,
    "test_position_1_acc": 0.991,
    "test_position_2_acc": 0.9886666666666667,
    "test_position_3_acc": 0.9917333333333334,
    "test_position_4_acc": 0.9901333333333333,
    "test_position_5_acc": 0.9904666666666667
}