{
    "epoch": 74,
    "train_loss": 0.01683225797224395,
    "pretrain_loss": null,
    "finetune_loss": 0.0006995169904010672,
    "pseudo_label_count": 20807,
    "pseudo_label_accept_rate": 0.9908095238095238,
    "mean_pseudo_confidence": 0.999295149955469,
    "consistency_loss": 0.01613274098184288,
    "encoder_stage": "consistency",
    "stn_status": "trainable",
    "stn_regularization_loss": 0.00040575283576495,
    "val_loss": 0.21506005123039668,
    "val_seq_acc": 0.9512666666666667,
    "val_char_acc": 0.9901466666666666,
    "val_edit_distance": 0.04926666666666667,
    "val_clean_accuracy": 0.9512666666666667,
    "val_robustness_drop": null,
    "val_restoration_gain": null,
    "val_position_1_acc": 0.9907333333333334,
    "val_position_2_acc": 0.9889333333333333,
    "val_position_3_acc": 0.9902,
    "val_position_4_acc": 0.9890666666666666,
    "val_position_5_acc": 0.9918,
    "test_loss": 0.20930302305038068,
    "test_seq_acc": 0.9526,
    "test_char_acc": 0.9901733333333333,
    "test_edit_distance": 0.04906666666666667,
    "test_clean_accuracy": 0.9526,
    "test_robustness_drop": null,
    "test_restoration_gain": null,
    "test_position_1_acc": 0.9904666666666667,
    "test_position_2_acc": 0.9892666666666666,
    "test_position_3_acc": 0.9911333333333333,
    "test_position_4_acc": 0.9900666666666667,
    "test_position_5_acc": 0.9899333333333333
}