{
    "epoch": 125,
    "train_loss": 0.008645360538211957,
    "pretrain_loss": null,
    "finetune_loss": 0.00010013791594916522,
    "pseudo_label_count": 20963,
    "pseudo_label_accept_rate": 0.9982380952380953,
    "mean_pseudo_confidence": 0.9997770492285483,
    "consistency_loss": 0.008545222622262792,
    "encoder_stage": "consistency",
    "stn_status": "trainable",
    "stn_regularization_loss": 0.0004431656039222036,
    "val_loss": 0.25406243607644585,
    "val_seq_acc": 0.9521333333333334,
    "val_char_acc": 0.99032,
    "val_edit_distance": 0.0484,
    "val_clean_accuracy": 0.9521333333333334,
    "val_robustness_drop": null,
    "val_restoration_gain": null,
    "val_position_1_acc": 0.9906,
    "val_position_2_acc": 0.9898,
    "val_position_3_acc": 0.9904,
    "val_position_4_acc": 0.9888,
    "val_position_5_acc": 0.992,
    "test_loss": 0.2501490931824671,
    "test_seq_acc": 0.9545333333333333,
    "test_char_acc": 0.99064,
    "test_edit_distance": 0.046733333333333335,
    "test_clean_accuracy": 0.9545333333333333,
    "test_robustness_drop": null,
    "test_restoration_gain": null,
    "test_position_1_acc": 0.9913333333333333,
    "test_position_2_acc": 0.9889333333333333,
    "test_position_3_acc": 0.9919333333333333,
    "test_position_4_acc": 0.9902,
    "test_position_5_acc": 0.9908
}