{
    "epoch": 3,
    "train_loss": 1.3025279740137146,
    "pretrain_loss": null,
    "finetune_loss": 1.1780800413992012,
    "pseudo_label_count": 13414,
    "pseudo_label_accept_rate": 0.6387619047619048,
    "mean_pseudo_confidence": 0.9810852140645894,
    "consistency_loss": 0.12444793261451328,
    "encoder_stage": "consistency",
    "stn_status": "frozen",
    "stn_regularization_loss": 0.0,
    "val_loss": 0.9068377575975783,
    "val_seq_acc": 0.7724,
    "val_char_acc": 0.94832,
    "val_edit_distance": 0.25793333333333335,
    "val_clean_accuracy": 0.7724,
    "val_robustness_drop": null,
    "val_restoration_gain": null,
    "val_position_1_acc": 0.9641333333333333,
    "val_position_2_acc": 0.9382,
    "val_position_3_acc": 0.9449333333333333,
    "val_position_4_acc": 0.9420666666666667,
    "val_position_5_acc": 0.9522666666666667,
    "test_loss": 0.9127754064316446,
    "test_seq_acc": 0.7734666666666666,
    "test_char_acc": 0.94836,
    "test_edit_distance": 0.25766666666666665,
    "test_clean_accuracy": 0.7734666666666666,
    "test_robustness_drop": null,
    "test_restoration_gain": null,
    "test_position_1_acc": 0.9649333333333333,
    "test_position_2_acc": 0.9362,
    "test_position_3_acc": 0.9478,
    "test_position_4_acc": 0.942,
    "test_position_5_acc": 0.9508666666666666
}