{
    "epoch": 137,
    "train_loss": 0.008903675181022336,
    "pretrain_loss": null,
    "finetune_loss": 0.00014366906836523518,
    "pseudo_label_count": 20961,
    "pseudo_label_accept_rate": 0.9981428571428571,
    "mean_pseudo_confidence": 0.9997952178793835,
    "consistency_loss": 0.008760006112657101,
    "encoder_stage": "consistency",
    "stn_status": "trainable",
    "stn_regularization_loss": 0.0004547883397136964,
    "val_loss": 0.2553035283585059,
    "val_seq_acc": 0.9524,
    "val_char_acc": 0.99036,
    "val_edit_distance": 0.0482,
    "val_clean_accuracy": 0.9524,
    "val_robustness_drop": null,
    "val_restoration_gain": null,
    "val_position_1_acc": 0.9907333333333334,
    "val_position_2_acc": 0.9896666666666667,
    "val_position_3_acc": 0.99,
    "val_position_4_acc": 0.989,
    "val_position_5_acc": 0.9924,
    "test_loss": 0.2556073387532261,
    "test_seq_acc": 0.9538666666666666,
    "test_char_acc": 0.99052,
    "test_edit_distance": 0.04733333333333333,
    "test_clean_accuracy": 0.9538666666666666,
    "test_robustness_drop": null,
    "test_restoration_gain": null,
    "test_position_1_acc": 0.9913333333333333,
    "test_position_2_acc": 0.9888666666666667,
    "test_position_3_acc": 0.9918,
    "test_position_4_acc": 0.9900666666666667,
    "test_position_5_acc": 0.9905333333333334
}