{
    "epoch": 162,
    "train_loss": 0.008334503442020339,
    "pretrain_loss": null,
    "finetune_loss": 8.200929201425649e-05,
    "pseudo_label_count": 20966,
    "pseudo_label_accept_rate": 0.9983809523809524,
    "mean_pseudo_confidence": 0.9998036029285845,
    "consistency_loss": 0.008252494150006083,
    "encoder_stage": "consistency",
    "stn_status": "trainable",
    "stn_regularization_loss": 0.0004617051453460982,
    "val_loss": 0.2552172102777168,
    "val_seq_acc": 0.9532666666666667,
    "val_char_acc": 0.9905466666666667,
    "val_edit_distance": 0.047266666666666665,
    "val_clean_accuracy": 0.9532666666666667,
    "val_robustness_drop": null,
    "val_restoration_gain": null,
    "val_position_1_acc": 0.9907333333333334,
    "val_position_2_acc": 0.9898666666666667,
    "val_position_3_acc": 0.9906666666666667,
    "val_position_4_acc": 0.9891333333333333,
    "val_position_5_acc": 0.9923333333333333,
    "test_loss": 0.25144113012009917,
    "test_seq_acc": 0.9541333333333334,
    "test_char_acc": 0.99056,
    "test_edit_distance": 0.04713333333333333,
    "test_clean_accuracy": 0.9541333333333334,
    "test_robustness_drop": null,
    "test_restoration_gain": null,
    "test_position_1_acc": 0.9912,
    "test_position_2_acc": 0.9889333333333333,
    "test_position_3_acc": 0.9918666666666667,
    "test_position_4_acc": 0.9902666666666666,
    "test_position_5_acc": 0.9905333333333334
}