{
    "epoch": 122,
    "train_loss": 0.007675560394655895,
    "pretrain_loss": null,
    "finetune_loss": 0.00011414647149545196,
    "pseudo_label_count": 20948,
    "pseudo_label_accept_rate": 0.9975238095238095,
    "mean_pseudo_confidence": 0.9997994978509378,
    "consistency_loss": 0.007561413923160443,
    "encoder_stage": "consistency",
    "stn_status": "trainable",
    "stn_regularization_loss": 0.000446917803129883,
    "val_loss": 0.25819893563364416,
    "val_seq_acc": 0.9508666666666666,
    "val_char_acc": 0.9900666666666667,
    "val_edit_distance": 0.049666666666666665,
    "val_clean_accuracy": 0.9508666666666666,
    "val_robustness_drop": null,
    "val_restoration_gain": null,
    "val_position_1_acc": 0.9903333333333333,
    "val_position_2_acc": 0.9893333333333333,
    "val_position_3_acc": 0.9901333333333333,
    "val_position_4_acc": 0.9886666666666667,
    "val_position_5_acc": 0.9918666666666667,
    "test_loss": 0.2539380927536726,
    "test_seq_acc": 0.9534,
    "test_char_acc": 0.9903866666666666,
    "test_edit_distance": 0.04786666666666667,
    "test_clean_accuracy": 0.9534,
    "test_robustness_drop": null,
    "test_restoration_gain": null,
    "test_position_1_acc": 0.9914666666666667,
    "test_position_2_acc": 0.9883333333333333,
    "test_position_3_acc": 0.992,
    "test_position_4_acc": 0.99,
    "test_position_5_acc": 0.9901333333333333
}