{
    "epoch": 46,
    "train_loss": 0.07840025096650122,
    "pretrain_loss": null,
    "finetune_loss": 0.03279849845556149,
    "pseudo_label_count": 20048,
    "pseudo_label_accept_rate": 0.9546666666666667,
    "mean_pseudo_confidence": 0.9972140164681653,
    "consistency_loss": 0.04560175251093973,
    "encoder_stage": "consistency",
    "stn_status": "trainable",
    "stn_regularization_loss": 0.00030878831633805053,
    "val_loss": 0.4529636934082559,
    "val_seq_acc": 0.9071333333333333,
    "val_char_acc": 0.98068,
    "val_edit_distance": 0.0966,
    "val_clean_accuracy": 0.9071333333333333,
    "val_robustness_drop": null,
    "val_restoration_gain": null,
    "val_position_1_acc": 0.986,
    "val_position_2_acc": 0.9781333333333333,
    "val_position_3_acc": 0.9776666666666667,
    "val_position_4_acc": 0.9790666666666666,
    "val_position_5_acc": 0.9825333333333334,
    "test_loss": 0.4733717940747738,
    "test_seq_acc": 0.9028666666666667,
    "test_char_acc": 0.9796,
    "test_edit_distance": 0.10193333333333333,
    "test_clean_accuracy": 0.9028666666666667,
    "test_robustness_drop": null,
    "test_restoration_gain": null,
    "test_position_1_acc": 0.9858,
    "test_position_2_acc": 0.9752666666666666,
    "test_position_3_acc": 0.9748,
    "test_position_4_acc": 0.9796,
    "test_position_5_acc": 0.9825333333333334
}