{
    "epoch": 31,
    "train_loss": 0.11322910849522921,
    "pretrain_loss": null,
    "finetune_loss": 0.06220969986127976,
    "pseudo_label_count": 19980,
    "pseudo_label_accept_rate": 0.9514285714285714,
    "mean_pseudo_confidence": 0.9972291358359703,
    "consistency_loss": 0.05101940863394946,
    "encoder_stage": "consistency",
    "stn_status": "trainable",
    "stn_regularization_loss": 0.00024040931534539373,
    "val_loss": 0.9210053181394617,
    "val_seq_acc": 0.8740666666666667,
    "val_char_acc": 0.9734,
    "val_edit_distance": 0.133,
    "val_clean_accuracy": 0.8740666666666667,
    "val_robustness_drop": null,
    "val_restoration_gain": null,
    "val_position_1_acc": 0.9730666666666666,
    "val_position_2_acc": 0.9711333333333333,
    "val_position_3_acc": 0.9732,
    "val_position_4_acc": 0.9750666666666666,
    "val_position_5_acc": 0.9745333333333334,
    "test_loss": 0.9341269176057044,
    "test_seq_acc": 0.8698666666666667,
    "test_char_acc": 0.9722666666666666,
    "test_edit_distance": 0.1386,
    "test_clean_accuracy": 0.8698666666666667,
    "test_robustness_drop": null,
    "test_restoration_gain": null,
    "test_position_1_acc": 0.9742666666666666,
    "test_position_2_acc": 0.9681333333333333,
    "test_position_3_acc": 0.9698,
    "test_position_4_acc": 0.9763333333333334,
    "test_position_5_acc": 0.9728
}