{
    "epoch": 109,
    "train_loss": 0.008039197316625226,
    "pretrain_loss": null,
    "finetune_loss": 0.0001426470112105313,
    "pseudo_label_count": 20941,
    "pseudo_label_accept_rate": 0.9971904761904762,
    "mean_pseudo_confidence": 0.9997913865099025,
    "consistency_loss": 0.007896550305414694,
    "encoder_stage": "consistency",
    "stn_status": "trainable",
    "stn_regularization_loss": 0.0004488485581908599,
    "val_loss": 0.2544166021191446,
    "val_seq_acc": 0.9519333333333333,
    "val_char_acc": 0.9902666666666666,
    "val_edit_distance": 0.048666666666666664,
    "val_clean_accuracy": 0.9519333333333333,
    "val_robustness_drop": null,
    "val_restoration_gain": null,
    "val_position_1_acc": 0.9904666666666667,
    "val_position_2_acc": 0.9895333333333334,
    "val_position_3_acc": 0.9904,
    "val_position_4_acc": 0.9888666666666667,
    "val_position_5_acc": 0.9920666666666667,
    "test_loss": 0.24921676307277904,
    "test_seq_acc": 0.9532,
    "test_char_acc": 0.9903333333333333,
    "test_edit_distance": 0.0482,
    "test_clean_accuracy": 0.9532,
    "test_robustness_drop": null,
    "test_restoration_gain": null,
    "test_position_1_acc": 0.9912666666666666,
    "test_position_2_acc": 0.9885333333333334,
    "test_position_3_acc": 0.9919333333333333,
    "test_position_4_acc": 0.9895333333333334,
    "test_position_5_acc": 0.9904
}