{
    "epoch": 150,
    "train_loss": 0.009638870486620061,
    "pretrain_loss": null,
    "finetune_loss": 0.00011424361528707842,
    "pseudo_label_count": 20972,
    "pseudo_label_accept_rate": 0.9986666666666667,
    "mean_pseudo_confidence": 0.9998010326245803,
    "consistency_loss": 0.009524626871332983,
    "encoder_stage": "consistency",
    "stn_status": "trainable",
    "stn_regularization_loss": 0.00046355850292154857,
    "val_loss": 0.25998299875583974,
    "val_seq_acc": 0.9529333333333333,
    "val_char_acc": 0.9904533333333333,
    "val_edit_distance": 0.047733333333333336,
    "val_clean_accuracy": 0.9529333333333333,
    "val_robustness_drop": null,
    "val_restoration_gain": null,
    "val_position_1_acc": 0.9908666666666667,
    "val_position_2_acc": 0.9894666666666667,
    "val_position_3_acc": 0.9901333333333333,
    "val_position_4_acc": 0.9894,
    "val_position_5_acc": 0.9924,
    "test_loss": 0.2552125993934324,
    "test_seq_acc": 0.9552,
    "test_char_acc": 0.99076,
    "test_edit_distance": 0.04613333333333333,
    "test_clean_accuracy": 0.9552,
    "test_robustness_drop": null,
    "test_restoration_gain": null,
    "test_position_1_acc": 0.9912,
    "test_position_2_acc": 0.9889333333333333,
    "test_position_3_acc": 0.9922,
    "test_position_4_acc": 0.9903333333333333,
    "test_position_5_acc": 0.9911333333333333
}