{
    "epoch": 199,
    "train_loss": 0.0108576828436418,
    "pretrain_loss": null,
    "finetune_loss": 0.00018201149879909086,
    "pseudo_label_count": 20956,
    "pseudo_label_accept_rate": 0.9979047619047619,
    "mean_pseudo_confidence": 0.9998250326870917,
    "consistency_loss": 0.010675671344842708,
    "encoder_stage": "consistency",
    "stn_status": "trainable",
    "stn_regularization_loss": 0.0004661616506675315,
    "val_loss": 0.25844481468047115,
    "val_seq_acc": 0.9532,
    "val_char_acc": 0.9904933333333333,
    "val_edit_distance": 0.04753333333333333,
    "val_clean_accuracy": 0.9532,
    "val_robustness_drop": null,
    "val_restoration_gain": null,
    "val_position_1_acc": 0.9906666666666667,
    "val_position_2_acc": 0.9896,
    "val_position_3_acc": 0.9904666666666667,
    "val_position_4_acc": 0.9892666666666666,
    "val_position_5_acc": 0.9924666666666667,
    "test_loss": 0.2548184553314833,
    "test_seq_acc": 0.9546,
    "test_char_acc": 0.9906533333333334,
    "test_edit_distance": 0.046733333333333335,
    "test_clean_accuracy": 0.9546,
    "test_robustness_drop": null,
    "test_restoration_gain": null,
    "test_position_1_acc": 0.9909333333333333,
    "test_position_2_acc": 0.9890666666666666,
    "test_position_3_acc": 0.9918666666666667,
    "test_position_4_acc": 0.9903333333333333,
    "test_position_5_acc": 0.9910666666666667
}