{
    "epoch": 20,
    "train_loss": 0.1608876985013933,
    "pretrain_loss": null,
    "finetune_loss": 0.1052203752202597,
    "pseudo_label_count": 19925,
    "pseudo_label_accept_rate": 0.9488095238095238,
    "mean_pseudo_confidence": 0.9964494214602366,
    "consistency_loss": 0.05566732328113361,
    "encoder_stage": "consistency",
    "stn_status": "trainable",
    "stn_regularization_loss": 0.0001280761906051408,
    "val_loss": 1.0591994640674998,
    "val_seq_acc": 0.8586666666666667,
    "val_char_acc": 0.96996,
    "val_edit_distance": 0.15013333333333334,
    "val_clean_accuracy": 0.8586666666666667,
    "val_robustness_drop": null,
    "val_restoration_gain": null,
    "val_position_1_acc": 0.9714666666666667,
    "val_position_2_acc": 0.9671333333333333,
    "val_position_3_acc": 0.9707333333333333,
    "val_position_4_acc": 0.9682666666666667,
    "val_position_5_acc": 0.9722,
    "test_loss": 1.0989925437785208,
    "test_seq_acc": 0.8543333333333333,
    "test_char_acc": 0.9687733333333334,
    "test_edit_distance": 0.15606666666666666,
    "test_clean_accuracy": 0.8543333333333333,
    "test_robustness_drop": null,
    "test_restoration_gain": null,
    "test_position_1_acc": 0.9724666666666667,
    "test_position_2_acc": 0.9656666666666667,
    "test_position_3_acc": 0.9665333333333334,
    "test_position_4_acc": 0.9690666666666666,
    "test_position_5_acc": 0.9701333333333333
}