{
    "epoch": 151,
    "train_loss": 0.009263795092180444,
    "pretrain_loss": null,
    "finetune_loss": 8.818841212503652e-05,
    "pseudo_label_count": 20956,
    "pseudo_label_accept_rate": 0.9979047619047619,
    "mean_pseudo_confidence": 0.9998105431950076,
    "consistency_loss": 0.009175606680055407,
    "encoder_stage": "consistency",
    "stn_status": "trainable",
    "stn_regularization_loss": 0.0004654381501976087,
    "val_loss": 0.26606295576636146,
    "val_seq_acc": 0.9524,
    "val_char_acc": 0.9903333333333333,
    "val_edit_distance": 0.04833333333333333,
    "val_clean_accuracy": 0.9524,
    "val_robustness_drop": null,
    "val_restoration_gain": null,
    "val_position_1_acc": 0.9902,
    "val_position_2_acc": 0.9896,
    "val_position_3_acc": 0.9902666666666666,
    "val_position_4_acc": 0.9893333333333333,
    "val_position_5_acc": 0.9922666666666666,
    "test_loss": 0.25880180700366917,
    "test_seq_acc": 0.9542666666666667,
    "test_char_acc": 0.99056,
    "test_edit_distance": 0.04713333333333333,
    "test_clean_accuracy": 0.9542666666666667,
    "test_robustness_drop": null,
    "test_restoration_gain": null,
    "test_position_1_acc": 0.9911333333333333,
    "test_position_2_acc": 0.989,
    "test_position_3_acc": 0.9915333333333334,
    "test_position_4_acc": 0.9904,
    "test_position_5_acc": 0.9907333333333334
}