{
    "epoch": 47,
    "train_loss": 0.07746938956715874,
    "pretrain_loss": null,
    "finetune_loss": 0.03339037448474797,
    "pseudo_label_count": 20001,
    "pseudo_label_accept_rate": 0.9524285714285714,
    "mean_pseudo_confidence": 0.9974880865541531,
    "consistency_loss": 0.044079015082410765,
    "encoder_stage": "consistency",
    "stn_status": "trainable",
    "stn_regularization_loss": 0.00031978058117839076,
    "val_loss": 0.5972809885410553,
    "val_seq_acc": 0.8936,
    "val_char_acc": 0.9778133333333333,
    "val_edit_distance": 0.11093333333333333,
    "val_clean_accuracy": 0.8936,
    "val_robustness_drop": null,
    "val_restoration_gain": null,
    "val_position_1_acc": 0.9782666666666666,
    "val_position_2_acc": 0.9756666666666667,
    "val_position_3_acc": 0.9752666666666666,
    "val_position_4_acc": 0.9768666666666667,
    "val_position_5_acc": 0.983,
    "test_loss": 0.6413359347651614,
    "test_seq_acc": 0.8904,
    "test_char_acc": 0.9769333333333333,
    "test_edit_distance": 0.1152,
    "test_clean_accuracy": 0.8904,
    "test_robustness_drop": null,
    "test_restoration_gain": null,
    "test_position_1_acc": 0.9805333333333334,
    "test_position_2_acc": 0.9716,
    "test_position_3_acc": 0.9721333333333333,
    "test_position_4_acc": 0.9767333333333333,
    "test_position_5_acc": 0.9836666666666667
}