{
    "epoch": 108,
    "train_loss": 0.009292176483628387,
    "pretrain_loss": null,
    "finetune_loss": 0.00015913431750047848,
    "pseudo_label_count": 20945,
    "pseudo_label_accept_rate": 0.9973809523809524,
    "mean_pseudo_confidence": 0.9997842043332309,
    "consistency_loss": 0.009133042166127908,
    "encoder_stage": "consistency",
    "stn_status": "trainable",
    "stn_regularization_loss": 0.0004461696063866843,
    "val_loss": 0.25854791265929694,
    "val_seq_acc": 0.9517333333333333,
    "val_char_acc": 0.9902266666666667,
    "val_edit_distance": 0.04886666666666667,
    "val_clean_accuracy": 0.9517333333333333,
    "val_robustness_drop": null,
    "val_restoration_gain": null,
    "val_position_1_acc": 0.9902666666666666,
    "val_position_2_acc": 0.9892,
    "val_position_3_acc": 0.9905333333333334,
    "val_position_4_acc": 0.9890666666666666,
    "val_position_5_acc": 0.9920666666666667,
    "test_loss": 0.2533100496611293,
    "test_seq_acc": 0.9539333333333333,
    "test_char_acc": 0.9905066666666666,
    "test_edit_distance": 0.0474,
    "test_clean_accuracy": 0.9539333333333333,
    "test_robustness_drop": null,
    "test_restoration_gain": null,
    "test_position_1_acc": 0.9916,
    "test_position_2_acc": 0.9886,
    "test_position_3_acc": 0.9917333333333334,
    "test_position_4_acc": 0.9898666666666667,
    "test_position_5_acc": 0.9907333333333334
}