{
    "epoch": 45,
    "train_loss": 0.08074283972939969,
    "pretrain_loss": null,
    "finetune_loss": 0.03674318434840175,
    "pseudo_label_count": 19984,
    "pseudo_label_accept_rate": 0.9516190476190476,
    "mean_pseudo_confidence": 0.9973897982397683,
    "consistency_loss": 0.04399965538099793,
    "encoder_stage": "consistency",
    "stn_status": "trainable",
    "stn_regularization_loss": 0.00030190573917398,
    "val_loss": 0.5704828627090505,
    "val_seq_acc": 0.8979333333333334,
    "val_char_acc": 0.97876,
    "val_edit_distance": 0.1062,
    "val_clean_accuracy": 0.8979333333333334,
    "val_robustness_drop": null,
    "val_restoration_gain": null,
    "val_position_1_acc": 0.9830666666666666,
    "val_position_2_acc": 0.9776666666666667,
    "val_position_3_acc": 0.9755333333333334,
    "val_position_4_acc": 0.9795333333333334,
    "val_position_5_acc": 0.978,
    "test_loss": 0.5711650496150585,
    "test_seq_acc": 0.8950666666666667,
    "test_char_acc": 0.97804,
    "test_edit_distance": 0.10966666666666666,
    "test_clean_accuracy": 0.8950666666666667,
    "test_robustness_drop": null,
    "test_restoration_gain": null,
    "test_position_1_acc": 0.9842,
    "test_position_2_acc": 0.9742,
    "test_position_3_acc": 0.9730666666666666,
    "test_position_4_acc": 0.9799333333333333,
    "test_position_5_acc": 0.9788
}