{
    "epoch": 110,
    "train_loss": 0.010509466542047275,
    "pretrain_loss": null,
    "finetune_loss": 0.0001321487199447208,
    "pseudo_label_count": 20948,
    "pseudo_label_accept_rate": 0.9975238095238095,
    "mean_pseudo_confidence": 0.9997807321644977,
    "consistency_loss": 0.010377317822102555,
    "encoder_stage": "consistency",
    "stn_status": "trainable",
    "stn_regularization_loss": 0.0004428666904693882,
    "val_loss": 0.24867234279282707,
    "val_seq_acc": 0.953,
    "val_char_acc": 0.9904933333333333,
    "val_edit_distance": 0.04753333333333333,
    "val_clean_accuracy": 0.953,
    "val_robustness_drop": null,
    "val_restoration_gain": null,
    "val_position_1_acc": 0.9907333333333334,
    "val_position_2_acc": 0.9892666666666666,
    "val_position_3_acc": 0.9905333333333334,
    "val_position_4_acc": 0.9894,
    "val_position_5_acc": 0.9925333333333334,
    "test_loss": 0.2482713559701803,
    "test_seq_acc": 0.9548666666666666,
    "test_char_acc": 0.9906666666666667,
    "test_edit_distance": 0.046533333333333336,
    "test_clean_accuracy": 0.9548666666666666,
    "test_robustness_drop": null,
    "test_restoration_gain": null,
    "test_position_1_acc": 0.9916,
    "test_position_2_acc": 0.9888666666666667,
    "test_position_3_acc": 0.9917333333333334,
    "test_position_4_acc": 0.9902,
    "test_position_5_acc": 0.9909333333333333
}