{
    "epoch": 85,
    "train_loss": 0.0176213125074185,
    "pretrain_loss": null,
    "finetune_loss": 0.0008015306260379097,
    "pseudo_label_count": 20912,
    "pseudo_label_accept_rate": 0.9958095238095238,
    "mean_pseudo_confidence": 0.9995174589235544,
    "consistency_loss": 0.01681978188138059,
    "encoder_stage": "consistency",
    "stn_status": "trainable",
    "stn_regularization_loss": 0.0004293083030578079,
    "val_loss": 0.2263605760663074,
    "val_seq_acc": 0.9534666666666667,
    "val_char_acc": 0.9905733333333333,
    "val_edit_distance": 0.04713333333333333,
    "val_clean_accuracy": 0.9534666666666667,
    "val_robustness_drop": null,
    "val_restoration_gain": null,
    "val_position_1_acc": 0.9910666666666667,
    "val_position_2_acc": 0.9897333333333334,
    "val_position_3_acc": 0.9904666666666667,
    "val_position_4_acc": 0.9892666666666666,
    "val_position_5_acc": 0.9923333333333333,
    "test_loss": 0.22749539246829723,
    "test_seq_acc": 0.9543333333333334,
    "test_char_acc": 0.99056,
    "test_edit_distance": 0.04713333333333333,
    "test_clean_accuracy": 0.9543333333333334,
    "test_robustness_drop": null,
    "test_restoration_gain": null,
    "test_position_1_acc": 0.9907333333333334,
    "test_position_2_acc": 0.989,
    "test_position_3_acc": 0.992,
    "test_position_4_acc": 0.9902,
    "test_position_5_acc": 0.9908666666666667
}