{
    "epoch": 10,
    "train_loss": 0.3056634151501744,
    "pretrain_loss": null,
    "finetune_loss": 0.22602914750585745,
    "pseudo_label_count": 19321,
    "pseudo_label_accept_rate": 0.920047619047619,
    "mean_pseudo_confidence": 0.9940466605619296,
    "consistency_loss": 0.07963426764431696,
    "encoder_stage": "consistency",
    "stn_status": "frozen",
    "stn_regularization_loss": 0.0,
    "val_loss": 0.8298005324094854,
    "val_seq_acc": 0.8528666666666667,
    "val_char_acc": 0.9686533333333334,
    "val_edit_distance": 0.15673333333333334,
    "val_clean_accuracy": 0.8528666666666667,
    "val_robustness_drop": null,
    "val_restoration_gain": null,
    "val_position_1_acc": 0.9703333333333334,
    "val_position_2_acc": 0.9659333333333333,
    "val_position_3_acc": 0.9684666666666667,
    "val_position_4_acc": 0.9672666666666667,
    "val_position_5_acc": 0.9712666666666666,
    "test_loss": 0.869876717506571,
    "test_seq_acc": 0.8488666666666667,
    "test_char_acc": 0.96748,
    "test_edit_distance": 0.1626,
    "test_clean_accuracy": 0.8488666666666667,
    "test_robustness_drop": null,
    "test_restoration_gain": null,
    "test_position_1_acc": 0.9718666666666667,
    "test_position_2_acc": 0.9639333333333333,
    "test_position_3_acc": 0.9643333333333334,
    "test_position_4_acc": 0.9674,
    "test_position_5_acc": 0.9698666666666667
}