{
    "epoch": 169,
    "train_loss": 0.008880967589118442,
    "pretrain_loss": null,
    "finetune_loss": 0.00012045719535303559,
    "pseudo_label_count": 20967,
    "pseudo_label_accept_rate": 0.9984285714285714,
    "mean_pseudo_confidence": 0.9998186955370321,
    "consistency_loss": 0.008760510393765407,
    "encoder_stage": "consistency",
    "stn_status": "trainable",
    "stn_regularization_loss": 0.00045596739026995735,
    "val_loss": 0.2639887028014624,
    "val_seq_acc": 0.9519333333333333,
    "val_char_acc": 0.9902266666666667,
    "val_edit_distance": 0.04886666666666667,
    "val_clean_accuracy": 0.9519333333333333,
    "val_robustness_drop": null,
    "val_restoration_gain": null,
    "val_position_1_acc": 0.9904666666666667,
    "val_position_2_acc": 0.9896666666666667,
    "val_position_3_acc": 0.9902666666666666,
    "val_position_4_acc": 0.9886666666666667,
    "val_position_5_acc": 0.9920666666666667,
    "test_loss": 0.25675436803902946,
    "test_seq_acc": 0.9530666666666666,
    "test_char_acc": 0.99032,
    "test_edit_distance": 0.04833333333333333,
    "test_clean_accuracy": 0.9530666666666666,
    "test_robustness_drop": null,
    "test_restoration_gain": null,
    "test_position_1_acc": 0.9907333333333334,
    "test_position_2_acc": 0.9886,
    "test_position_3_acc": 0.9917333333333334,
    "test_position_4_acc": 0.99,
    "test_position_5_acc": 0.9905333333333334
}