{
    "epoch": 42,
    "train_loss": 0.07674343263475783,
    "pretrain_loss": null,
    "finetune_loss": 0.03222714205711409,
    "pseudo_label_count": 20055,
    "pseudo_label_accept_rate": 0.955,
    "mean_pseudo_confidence": 0.997203433142134,
    "consistency_loss": 0.04451629057764373,
    "encoder_stage": "consistency",
    "stn_status": "trainable",
    "stn_regularization_loss": 0.000301821707020314,
    "val_loss": 0.5189402220096994,
    "val_seq_acc": 0.9043333333333333,
    "val_char_acc": 0.98024,
    "val_edit_distance": 0.0988,
    "val_clean_accuracy": 0.9043333333333333,
    "val_robustness_drop": null,
    "val_restoration_gain": null,
    "val_position_1_acc": 0.9846666666666667,
    "val_position_2_acc": 0.9741333333333333,
    "val_position_3_acc": 0.9781333333333333,
    "val_position_4_acc": 0.9812,
    "val_position_5_acc": 0.9830666666666666,
    "test_loss": 0.5465418969261202,
    "test_seq_acc": 0.8992,
    "test_char_acc": 0.9788133333333333,
    "test_edit_distance": 0.10573333333333333,
    "test_clean_accuracy": 0.8992,
    "test_robustness_drop": null,
    "test_restoration_gain": null,
    "test_position_1_acc": 0.9846,
    "test_position_2_acc": 0.9703333333333334,
    "test_position_3_acc": 0.9742,
    "test_position_4_acc": 0.9824,
    "test_position_5_acc": 0.9825333333333334
}