{
    "epoch": 192,
    "train_loss": 0.01055057398098039,
    "pretrain_loss": null,
    "finetune_loss": 0.00031898230131909385,
    "pseudo_label_count": 20965,
    "pseudo_label_accept_rate": 0.9983333333333333,
    "mean_pseudo_confidence": 0.9998246437434846,
    "consistency_loss": 0.010231591679661296,
    "encoder_stage": "consistency",
    "stn_status": "trainable",
    "stn_regularization_loss": 0.00046494755134899343,
    "val_loss": 0.2601547500420798,
    "val_seq_acc": 0.9527333333333333,
    "val_char_acc": 0.9904133333333334,
    "val_edit_distance": 0.047933333333333335,
    "val_clean_accuracy": 0.9527333333333333,
    "val_robustness_drop": null,
    "val_restoration_gain": null,
    "val_position_1_acc": 0.9907333333333334,
    "val_position_2_acc": 0.9896,
    "val_position_3_acc": 0.9901333333333333,
    "val_position_4_acc": 0.9893333333333333,
    "val_position_5_acc": 0.9922666666666666,
    "test_loss": 0.2578369069612892,
    "test_seq_acc": 0.9545333333333333,
    "test_char_acc": 0.9906133333333333,
    "test_edit_distance": 0.046733333333333335,
    "test_clean_accuracy": 0.9545333333333333,
    "test_robustness_drop": null,
    "test_restoration_gain": null,
    "test_position_1_acc": 0.9914,
    "test_position_2_acc": 0.9890666666666666,
    "test_position_3_acc": 0.9916,
    "test_position_4_acc": 0.9902666666666666,
    "test_position_5_acc": 0.9907333333333334
}