{
    "epoch": 70,
    "train_loss": 0.018950874718557238,
    "pretrain_loss": null,
    "finetune_loss": 0.000983189467394888,
    "pseudo_label_count": 20747,
    "pseudo_label_accept_rate": 0.9879523809523809,
    "mean_pseudo_confidence": 0.9992230965521511,
    "consistency_loss": 0.01796768525116235,
    "encoder_stage": "consistency",
    "stn_status": "trainable",
    "stn_regularization_loss": 0.0004064489528308933,
    "val_loss": 0.20545592194700496,
    "val_seq_acc": 0.9544,
    "val_char_acc": 0.9907066666666666,
    "val_edit_distance": 0.04646666666666667,
    "val_clean_accuracy": 0.9544,
    "val_robustness_drop": null,
    "val_restoration_gain": null,
    "val_position_1_acc": 0.9909333333333333,
    "val_position_2_acc": 0.9894,
    "val_position_3_acc": 0.9908666666666667,
    "val_position_4_acc": 0.9896666666666667,
    "val_position_5_acc": 0.9926666666666667,
    "test_loss": 0.2038857637923471,
    "test_seq_acc": 0.9544666666666667,
    "test_char_acc": 0.99064,
    "test_edit_distance": 0.0468,
    "test_clean_accuracy": 0.9544666666666667,
    "test_robustness_drop": null,
    "test_restoration_gain": null,
    "test_position_1_acc": 0.9906666666666667,
    "test_position_2_acc": 0.9897333333333334,
    "test_position_3_acc": 0.992,
    "test_position_4_acc": 0.9902,
    "test_position_5_acc": 0.9906
}