{
    "epoch": 114,
    "train_loss": 0.010111520513106929,
    "pretrain_loss": null,
    "finetune_loss": 0.00011846182863933203,
    "pseudo_label_count": 20955,
    "pseudo_label_accept_rate": 0.9978571428571429,
    "mean_pseudo_confidence": 0.9997687473811389,
    "consistency_loss": 0.009993058684467596,
    "encoder_stage": "consistency",
    "stn_status": "trainable",
    "stn_regularization_loss": 0.0004406482794154607,
    "val_loss": 0.2614571542765182,
    "val_seq_acc": 0.9520666666666666,
    "val_char_acc": 0.9903066666666667,
    "val_edit_distance": 0.048466666666666665,
    "val_clean_accuracy": 0.9520666666666666,
    "val_robustness_drop": null,
    "val_restoration_gain": null,
    "val_position_1_acc": 0.9903333333333333,
    "val_position_2_acc": 0.9894,
    "val_position_3_acc": 0.9906666666666667,
    "val_position_4_acc": 0.9890666666666666,
    "val_position_5_acc": 0.9920666666666667,
    "test_loss": 0.25413896933745916,
    "test_seq_acc": 0.9546666666666667,
    "test_char_acc": 0.9906666666666667,
    "test_edit_distance": 0.046533333333333336,
    "test_clean_accuracy": 0.9546666666666667,
    "test_robustness_drop": null,
    "test_restoration_gain": null,
    "test_position_1_acc": 0.9912666666666666,
    "test_position_2_acc": 0.9890666666666666,
    "test_position_3_acc": 0.9916666666666667,
    "test_position_4_acc": 0.9901333333333333,
    "test_position_5_acc": 0.9912
}