{
    "epoch": 183,
    "train_loss": 0.008257200917263199,
    "pretrain_loss": null,
    "finetune_loss": 0.00010797220809469072,
    "pseudo_label_count": 20961,
    "pseudo_label_accept_rate": 0.9981428571428571,
    "mean_pseudo_confidence": 0.999809708919901,
    "consistency_loss": 0.008149228709168508,
    "encoder_stage": "consistency",
    "stn_status": "trainable",
    "stn_regularization_loss": 0.0004637211570077403,
    "val_loss": 0.26104307227639206,
    "val_seq_acc": 0.9520666666666666,
    "val_char_acc": 0.9902666666666666,
    "val_edit_distance": 0.048666666666666664,
    "val_clean_accuracy": 0.9520666666666666,
    "val_robustness_drop": null,
    "val_restoration_gain": null,
    "val_position_1_acc": 0.9906666666666667,
    "val_position_2_acc": 0.9894,
    "val_position_3_acc": 0.9898,
    "val_position_4_acc": 0.9893333333333333,
    "val_position_5_acc": 0.9921333333333333,
    "test_loss": 0.254877938287942,
    "test_seq_acc": 0.9543333333333334,
    "test_char_acc": 0.9906,
    "test_edit_distance": 0.046933333333333334,
    "test_clean_accuracy": 0.9543333333333334,
    "test_robustness_drop": null,
    "test_restoration_gain": null,
    "test_position_1_acc": 0.991,
    "test_position_2_acc": 0.9890666666666666,
    "test_position_3_acc": 0.9916666666666667,
    "test_position_4_acc": 0.9904,
    "test_position_5_acc": 0.9908666666666667
}