{
    "epoch": 161,
    "train_loss": 0.006325810590101604,
    "pretrain_loss": null,
    "finetune_loss": 8.45848748042054e-05,
    "pseudo_label_count": 20960,
    "pseudo_label_accept_rate": 0.9980952380952381,
    "mean_pseudo_confidence": 0.999840662929848,
    "consistency_loss": 0.006241225715297399,
    "encoder_stage": "consistency",
    "stn_status": "trainable",
    "stn_regularization_loss": 0.00046131662736243915,
    "val_loss": 0.25560315473678896,
    "val_seq_acc": 0.9520666666666666,
    "val_char_acc": 0.9902666666666666,
    "val_edit_distance": 0.048666666666666664,
    "val_clean_accuracy": 0.9520666666666666,
    "val_robustness_drop": null,
    "val_restoration_gain": null,
    "val_position_1_acc": 0.9906666666666667,
    "val_position_2_acc": 0.9896,
    "val_position_3_acc": 0.9902,
    "val_position_4_acc": 0.9891333333333333,
    "val_position_5_acc": 0.9917333333333334,
    "test_loss": 0.24971165882079538,
    "test_seq_acc": 0.9539333333333333,
    "test_char_acc": 0.9905466666666667,
    "test_edit_distance": 0.047266666666666665,
    "test_clean_accuracy": 0.9539333333333333,
    "test_robustness_drop": null,
    "test_restoration_gain": null,
    "test_position_1_acc": 0.9908666666666667,
    "test_position_2_acc": 0.9888,
    "test_position_3_acc": 0.9917333333333334,
    "test_position_4_acc": 0.9903333333333333,
    "test_position_5_acc": 0.991
}