{
    "epoch": 43,
    "train_loss": 0.07728465072326302,
    "pretrain_loss": null,
    "finetune_loss": 0.03335719642563122,
    "pseudo_label_count": 19979,
    "pseudo_label_accept_rate": 0.9513809523809523,
    "mean_pseudo_confidence": 0.9971895518380007,
    "consistency_loss": 0.0439274542976318,
    "encoder_stage": "consistency",
    "stn_status": "trainable",
    "stn_regularization_loss": 0.0003531634511435166,
    "val_loss": 0.3878374638174601,
    "val_seq_acc": 0.9124666666666666,
    "val_char_acc": 0.9819066666666667,
    "val_edit_distance": 0.09046666666666667,
    "val_clean_accuracy": 0.9124666666666666,
    "val_robustness_drop": null,
    "val_restoration_gain": null,
    "val_position_1_acc": 0.9827333333333333,
    "val_position_2_acc": 0.9794666666666667,
    "val_position_3_acc": 0.9836666666666667,
    "val_position_4_acc": 0.981,
    "val_position_5_acc": 0.9826666666666667,
    "test_loss": 0.3799022376735477,
    "test_seq_acc": 0.9134666666666666,
    "test_char_acc": 0.9819333333333333,
    "test_edit_distance": 0.0902,
    "test_clean_accuracy": 0.9134666666666666,
    "test_robustness_drop": null,
    "test_restoration_gain": null,
    "test_position_1_acc": 0.9835333333333334,
    "test_position_2_acc": 0.98,
    "test_position_3_acc": 0.9818,
    "test_position_4_acc": 0.9814666666666667,
    "test_position_5_acc": 0.9828666666666667
}