{
    "epoch": 4,
    "train_loss": 0.5848638654337069,
    "pretrain_loss": null,
    "finetune_loss": 0.4681426198574333,
    "pseudo_label_count": 16797,
    "pseudo_label_accept_rate": 0.7998571428571428,
    "mean_pseudo_confidence": 0.9856383161345514,
    "consistency_loss": 0.11672124557627371,
    "encoder_stage": "consistency",
    "stn_status": "frozen",
    "stn_regularization_loss": 0.0,
    "val_loss": 0.8051168583809061,
    "val_seq_acc": 0.8430666666666666,
    "val_char_acc": 0.96632,
    "val_edit_distance": 0.16833333333333333,
    "val_clean_accuracy": 0.8430666666666666,
    "val_robustness_drop": null,
    "val_restoration_gain": null,
    "val_position_1_acc": 0.9702666666666667,
    "val_position_2_acc": 0.9617333333333333,
    "val_position_3_acc": 0.9656,
    "val_position_4_acc": 0.9629333333333333,
    "val_position_5_acc": 0.9710666666666666,
    "test_loss": 0.8417295294873258,
    "test_seq_acc": 0.8354,
    "test_char_acc": 0.96424,
    "test_edit_distance": 0.17866666666666667,
    "test_clean_accuracy": 0.8354,
    "test_robustness_drop": null,
    "test_restoration_gain": null,
    "test_position_1_acc": 0.9711333333333333,
    "test_position_2_acc": 0.9583333333333334,
    "test_position_3_acc": 0.9589333333333333,
    "test_position_4_acc": 0.9633333333333334,
    "test_position_5_acc": 0.9694666666666667
}