{
    "epoch": 99,
    "train_loss": 0.010508697727394552,
    "pretrain_loss": null,
    "finetune_loss": 0.00037222624801780315,
    "pseudo_label_count": 20943,
    "pseudo_label_accept_rate": 0.9972857142857143,
    "mean_pseudo_confidence": 0.9997273809058399,
    "consistency_loss": 0.01013647147937675,
    "encoder_stage": "consistency",
    "stn_status": "trainable",
    "stn_regularization_loss": 0.0004618329137264358,
    "val_loss": 0.2611425113654943,
    "val_seq_acc": 0.9500666666666666,
    "val_char_acc": 0.9898533333333334,
    "val_edit_distance": 0.05073333333333333,
    "val_clean_accuracy": 0.9500666666666666,
    "val_robustness_drop": null,
    "val_restoration_gain": null,
    "val_position_1_acc": 0.9900666666666667,
    "val_position_2_acc": 0.9892,
    "val_position_3_acc": 0.9906666666666667,
    "val_position_4_acc": 0.9882666666666666,
    "val_position_5_acc": 0.9910666666666667,
    "test_loss": 0.25191471390178466,
    "test_seq_acc": 0.9514666666666667,
    "test_char_acc": 0.99004,
    "test_edit_distance": 0.0498,
    "test_clean_accuracy": 0.9514666666666667,
    "test_robustness_drop": null,
    "test_restoration_gain": null,
    "test_position_1_acc": 0.9904666666666667,
    "test_position_2_acc": 0.9885333333333334,
    "test_position_3_acc": 0.9912666666666666,
    "test_position_4_acc": 0.9898666666666667,
    "test_position_5_acc": 0.9900666666666667
}