{
    "epoch": 142,
    "train_loss": 0.010772430133849323,
    "pretrain_loss": null,
    "finetune_loss": 0.00012760523461049266,
    "pseudo_label_count": 20974,
    "pseudo_label_accept_rate": 0.9987619047619047,
    "mean_pseudo_confidence": 0.9998010233608728,
    "consistency_loss": 0.010644824899238832,
    "encoder_stage": "consistency",
    "stn_status": "trainable",
    "stn_regularization_loss": 0.00048250082554373013,
    "val_loss": 0.2568746642610851,
    "val_seq_acc": 0.9522666666666667,
    "val_char_acc": 0.9903333333333333,
    "val_edit_distance": 0.04833333333333333,
    "val_clean_accuracy": 0.9522666666666667,
    "val_robustness_drop": null,
    "val_restoration_gain": null,
    "val_position_1_acc": 0.9903333333333333,
    "val_position_2_acc": 0.9894666666666667,
    "val_position_3_acc": 0.9903333333333333,
    "val_position_4_acc": 0.9892,
    "val_position_5_acc": 0.9923333333333333,
    "test_loss": 0.25178514756664805,
    "test_seq_acc": 0.9536666666666667,
    "test_char_acc": 0.9904133333333334,
    "test_edit_distance": 0.04786666666666667,
    "test_clean_accuracy": 0.9536666666666667,
    "test_robustness_drop": null,
    "test_restoration_gain": null,
    "test_position_1_acc": 0.9907333333333334,
    "test_position_2_acc": 0.9892,
    "test_position_3_acc": 0.9916,
    "test_position_4_acc": 0.9901333333333333,
    "test_position_5_acc": 0.9904
}