{
    "epoch": 17,
    "train_loss": 0.19194473508840615,
    "pretrain_loss": null,
    "finetune_loss": 0.13230473524586883,
    "pseudo_label_count": 20024,
    "pseudo_label_accept_rate": 0.9535238095238096,
    "mean_pseudo_confidence": 0.9964616161511033,
    "consistency_loss": 0.0596399998425373,
    "encoder_stage": "consistency",
    "stn_status": "trainable",
    "stn_regularization_loss": 5.7387036737803525e-05,
    "val_loss": 1.2073488041441491,
    "val_seq_acc": 0.8518666666666667,
    "val_char_acc": 0.96836,
    "val_edit_distance": 0.1582,
    "val_clean_accuracy": 0.8518666666666667,
    "val_robustness_drop": null,
    "val_restoration_gain": null,
    "val_position_1_acc": 0.9704,
    "val_position_2_acc": 0.9646666666666667,
    "val_position_3_acc": 0.9694666666666667,
    "val_position_4_acc": 0.9652666666666667,
    "val_position_5_acc": 0.972,
    "test_loss": 1.251804064182525,
    "test_seq_acc": 0.8476,
    "test_char_acc": 0.9672266666666667,
    "test_edit_distance": 0.1638,
    "test_clean_accuracy": 0.8476,
    "test_robustness_drop": null,
    "test_restoration_gain": null,
    "test_position_1_acc": 0.9713333333333334,
    "test_position_2_acc": 0.9632666666666667,
    "test_position_3_acc": 0.9644666666666667,
    "test_position_4_acc": 0.9670666666666666,
    "test_position_5_acc": 0.97
}