{
    "epoch": 33,
    "train_loss": 0.09624658736877895,
    "pretrain_loss": null,
    "finetune_loss": 0.04815478077995428,
    "pseudo_label_count": 19728,
    "pseudo_label_accept_rate": 0.9394285714285714,
    "mean_pseudo_confidence": 0.9967567204268889,
    "consistency_loss": 0.04809180658882467,
    "encoder_stage": "consistency",
    "stn_status": "trainable",
    "stn_regularization_loss": 0.00024520265427665046,
    "val_loss": 0.3294233393161855,
    "val_seq_acc": 0.9147333333333333,
    "val_char_acc": 0.9825333333333334,
    "val_edit_distance": 0.08733333333333333,
    "val_clean_accuracy": 0.9147333333333333,
    "val_robustness_drop": null,
    "val_restoration_gain": null,
    "val_position_1_acc": 0.9829333333333333,
    "val_position_2_acc": 0.9808666666666667,
    "val_position_3_acc": 0.9844,
    "val_position_4_acc": 0.9805333333333334,
    "val_position_5_acc": 0.9839333333333333,
    "test_loss": 0.347716671133295,
    "test_seq_acc": 0.9124,
    "test_char_acc": 0.98192,
    "test_edit_distance": 0.09033333333333333,
    "test_clean_accuracy": 0.9124,
    "test_robustness_drop": null,
    "test_restoration_gain": null,
    "test_position_1_acc": 0.9846666666666667,
    "test_position_2_acc": 0.9788,
    "test_position_3_acc": 0.9817333333333333,
    "test_position_4_acc": 0.9818,
    "test_position_5_acc": 0.9826
}