{
    "epoch": 149,
    "train_loss": 0.009769672686819546,
    "pretrain_loss": null,
    "finetune_loss": 0.00012048154597302074,
    "pseudo_label_count": 20960,
    "pseudo_label_accept_rate": 0.9980952380952381,
    "mean_pseudo_confidence": 0.999813240812025,
    "consistency_loss": 0.009649191140846525,
    "encoder_stage": "consistency",
    "stn_status": "trainable",
    "stn_regularization_loss": 0.0004701468643321519,
    "val_loss": 0.2579889502423379,
    "val_seq_acc": 0.9526,
    "val_char_acc": 0.9903866666666666,
    "val_edit_distance": 0.04806666666666667,
    "val_clean_accuracy": 0.9526,
    "val_robustness_drop": null,
    "val_restoration_gain": null,
    "val_position_1_acc": 0.9906666666666667,
    "val_position_2_acc": 0.9894666666666667,
    "val_position_3_acc": 0.9904666666666667,
    "val_position_4_acc": 0.9892666666666666,
    "val_position_5_acc": 0.9920666666666667,
    "test_loss": 0.25509152171391486,
    "test_seq_acc": 0.9544666666666667,
    "test_char_acc": 0.99056,
    "test_edit_distance": 0.047,
    "test_clean_accuracy": 0.9544666666666667,
    "test_robustness_drop": null,
    "test_restoration_gain": null,
    "test_position_1_acc": 0.9912,
    "test_position_2_acc": 0.9886666666666667,
    "test_position_3_acc": 0.9919333333333333,
    "test_position_4_acc": 0.9904,
    "test_position_5_acc": 0.9906
}