{
    "epoch": 89,
    "train_loss": 0.015005501101781105,
    "pretrain_loss": null,
    "finetune_loss": 0.0004177444450798953,
    "pseudo_label_count": 20926,
    "pseudo_label_accept_rate": 0.9964761904761905,
    "mean_pseudo_confidence": 0.9996087106090197,
    "consistency_loss": 0.01458775665670121,
    "encoder_stage": "consistency",
    "stn_status": "trainable",
    "stn_regularization_loss": 0.0004166675508074147,
    "val_loss": 0.23675410126594756,
    "val_seq_acc": 0.9517333333333333,
    "val_char_acc": 0.9902,
    "val_edit_distance": 0.049,
    "val_clean_accuracy": 0.9517333333333333,
    "val_robustness_drop": null,
    "val_restoration_gain": null,
    "val_position_1_acc": 0.9906,
    "val_position_2_acc": 0.9890666666666666,
    "val_position_3_acc": 0.9907333333333334,
    "val_position_4_acc": 0.9889333333333333,
    "val_position_5_acc": 0.9916666666666667,
    "test_loss": 0.23953388971177506,
    "test_seq_acc": 0.9528,
    "test_char_acc": 0.99024,
    "test_edit_distance": 0.0488,
    "test_clean_accuracy": 0.9528,
    "test_robustness_drop": null,
    "test_restoration_gain": null,
    "test_position_1_acc": 0.9906,
    "test_position_2_acc": 0.9884666666666667,
    "test_position_3_acc": 0.9916666666666667,
    "test_position_4_acc": 0.9894666666666667,
    "test_position_5_acc": 0.991
}