{
    "epoch": 55,
    "train_loss": 0.029640483329617218,
    "pretrain_loss": null,
    "finetune_loss": 0.003179940595060548,
    "pseudo_label_count": 20493,
    "pseudo_label_accept_rate": 0.9758571428571429,
    "mean_pseudo_confidence": 0.9986891571776105,
    "consistency_loss": 0.02646054273455667,
    "encoder_stage": "consistency",
    "stn_status": "trainable",
    "stn_regularization_loss": 0.0003641566113805187,
    "val_loss": 0.202106199837587,
    "val_seq_acc": 0.9495333333333333,
    "val_char_acc": 0.9897066666666666,
    "val_edit_distance": 0.05146666666666667,
    "val_clean_accuracy": 0.9495333333333333,
    "val_robustness_drop": null,
    "val_restoration_gain": null,
    "val_position_1_acc": 0.9880666666666666,
    "val_position_2_acc": 0.9892,
    "val_position_3_acc": 0.9901333333333333,
    "val_position_4_acc": 0.9898,
    "val_position_5_acc": 0.9913333333333333,
    "test_loss": 0.20044824442605766,
    "test_seq_acc": 0.9501333333333334,
    "test_char_acc": 0.9897333333333334,
    "test_edit_distance": 0.05126666666666667,
    "test_clean_accuracy": 0.9501333333333334,
    "test_robustness_drop": null,
    "test_restoration_gain": null,
    "test_position_1_acc": 0.9896666666666667,
    "test_position_2_acc": 0.9880666666666666,
    "test_position_3_acc": 0.9912666666666666,
    "test_position_4_acc": 0.9894,
    "test_position_5_acc": 0.9902666666666666
}