{
    "epoch": 84,
    "train_loss": 0.013539262016357762,
    "pretrain_loss": null,
    "finetune_loss": 0.0004283847333574619,
    "pseudo_label_count": 20902,
    "pseudo_label_accept_rate": 0.9953333333333333,
    "mean_pseudo_confidence": 0.9995390875420951,
    "consistency_loss": 0.0131108772830003,
    "encoder_stage": "consistency",
    "stn_status": "trainable",
    "stn_regularization_loss": 0.00042524276180829737,
    "val_loss": 0.23050152999596632,
    "val_seq_acc": 0.9523333333333334,
    "val_char_acc": 0.9903466666666667,
    "val_edit_distance": 0.048266666666666666,
    "val_clean_accuracy": 0.9523333333333334,
    "val_robustness_drop": null,
    "val_restoration_gain": null,
    "val_position_1_acc": 0.9908666666666667,
    "val_position_2_acc": 0.9893333333333333,
    "val_position_3_acc": 0.9911333333333333,
    "val_position_4_acc": 0.9887333333333334,
    "val_position_5_acc": 0.9916666666666667,
    "test_loss": 0.22914469839591395,
    "test_seq_acc": 0.9543333333333334,
    "test_char_acc": 0.9904933333333333,
    "test_edit_distance": 0.04753333333333333,
    "test_clean_accuracy": 0.9543333333333334,
    "test_robustness_drop": null,
    "test_restoration_gain": null,
    "test_position_1_acc": 0.9914666666666667,
    "test_position_2_acc": 0.989,
    "test_position_3_acc": 0.9914666666666667,
    "test_position_4_acc": 0.9898666666666667,
    "test_position_5_acc": 0.9906666666666667
}