{
    "epoch": 2,
    "train_loss": 5.211175471063776,
    "pretrain_loss": null,
    "finetune_loss": 5.100451221665265,
    "pseudo_label_count": 14595,
    "pseudo_label_accept_rate": 0.695,
    "mean_pseudo_confidence": 0.9936378393282667,
    "consistency_loss": 0.11072424939851098,
    "encoder_stage": "consistency",
    "stn_status": "frozen",
    "stn_regularization_loss": 0.0,
    "val_loss": 83.03561586420587,
    "val_seq_acc": 0.0,
    "val_char_acc": 0.030733333333333335,
    "val_edit_distance": 4.8422,
    "val_clean_accuracy": 0.0,
    "val_robustness_drop": null,
    "val_restoration_gain": null,
    "val_position_1_acc": 0.0438,
    "val_position_2_acc": 0.028466666666666668,
    "val_position_3_acc": 0.0274,
    "val_position_4_acc": 0.026266666666666667,
    "val_position_5_acc": 0.027733333333333332,
    "test_loss": 82.71573879160779,
    "test_seq_acc": 0.0,
    "test_char_acc": 0.03016,
    "test_edit_distance": 4.8449333333333335,
    "test_clean_accuracy": 0.0,
    "test_robustness_drop": null,
    "test_restoration_gain": null,
    "test_position_1_acc": 0.041466666666666666,
    "test_position_2_acc": 0.025266666666666666,
    "test_position_3_acc": 0.027933333333333334,
    "test_position_4_acc": 0.027933333333333334,
    "test_position_5_acc": 0.0282
}