{
    "epoch": 170,
    "train_loss": 0.009023472581320562,
    "pretrain_loss": null,
    "finetune_loss": 0.00011304489525275378,
    "pseudo_label_count": 20965,
    "pseudo_label_accept_rate": 0.9983333333333333,
    "mean_pseudo_confidence": 0.999822270156602,
    "consistency_loss": 0.008910427686067809,
    "encoder_stage": "consistency",
    "stn_status": "trainable",
    "stn_regularization_loss": 0.0004598126156865022,
    "val_loss": 0.2572087063686922,
    "val_seq_acc": 0.953,
    "val_char_acc": 0.99048,
    "val_edit_distance": 0.0476,
    "val_clean_accuracy": 0.953,
    "val_robustness_drop": null,
    "val_restoration_gain": null,
    "val_position_1_acc": 0.9904666666666667,
    "val_position_2_acc": 0.9897333333333334,
    "val_position_3_acc": 0.9904,
    "val_position_4_acc": 0.9896,
    "val_position_5_acc": 0.9922,
    "test_loss": 0.25263451460801234,
    "test_seq_acc": 0.9544,
    "test_char_acc": 0.99056,
    "test_edit_distance": 0.04713333333333333,
    "test_clean_accuracy": 0.9544,
    "test_robustness_drop": null,
    "test_restoration_gain": null,
    "test_position_1_acc": 0.9911333333333333,
    "test_position_2_acc": 0.9888,
    "test_position_3_acc": 0.9917333333333334,
    "test_position_4_acc": 0.9903333333333333,
    "test_position_5_acc": 0.9908
}