{
    "epoch": 139,
    "train_loss": 0.008396014634611086,
    "pretrain_loss": null,
    "finetune_loss": 0.0001318009291220823,
    "pseudo_label_count": 20961,
    "pseudo_label_accept_rate": 0.9981428571428571,
    "mean_pseudo_confidence": 0.9997984218401773,
    "consistency_loss": 0.008264213705489003,
    "encoder_stage": "consistency",
    "stn_status": "trainable",
    "stn_regularization_loss": 0.00046734042319710226,
    "val_loss": 0.25576248501868365,
    "val_seq_acc": 0.9521333333333334,
    "val_char_acc": 0.9902933333333334,
    "val_edit_distance": 0.04853333333333333,
    "val_clean_accuracy": 0.9521333333333334,
    "val_robustness_drop": null,
    "val_restoration_gain": null,
    "val_position_1_acc": 0.9905333333333334,
    "val_position_2_acc": 0.9894666666666667,
    "val_position_3_acc": 0.9898666666666667,
    "val_position_4_acc": 0.9891333333333333,
    "val_position_5_acc": 0.9924666666666667,
    "test_loss": 0.2521251181902737,
    "test_seq_acc": 0.9544666666666667,
    "test_char_acc": 0.9906,
    "test_edit_distance": 0.046933333333333334,
    "test_clean_accuracy": 0.9544666666666667,
    "test_robustness_drop": null,
    "test_restoration_gain": null,
    "test_position_1_acc": 0.9912666666666666,
    "test_position_2_acc": 0.9889333333333333,
    "test_position_3_acc": 0.9918,
    "test_position_4_acc": 0.9904666666666667,
    "test_position_5_acc": 0.9905333333333334
}