{
    "epoch": 35,
    "train_loss": 0.0918516263967655,
    "pretrain_loss": null,
    "finetune_loss": 0.04273510444757356,
    "pseudo_label_count": 20004,
    "pseudo_label_accept_rate": 0.9525714285714286,
    "mean_pseudo_confidence": 0.9973140181457727,
    "consistency_loss": 0.04911652194919195,
    "encoder_stage": "consistency",
    "stn_status": "trainable",
    "stn_regularization_loss": 0.00021875597332420232,
    "val_loss": 0.3778272246347463,
    "val_seq_acc": 0.9183333333333333,
    "val_char_acc": 0.9832266666666667,
    "val_edit_distance": 0.08386666666666667,
    "val_clean_accuracy": 0.9183333333333333,
    "val_robustness_drop": null,
    "val_restoration_gain": null,
    "val_position_1_acc": 0.9848666666666667,
    "val_position_2_acc": 0.9836666666666667,
    "val_position_3_acc": 0.9793333333333333,
    "val_position_4_acc": 0.9798,
    "val_position_5_acc": 0.9884666666666667,
    "test_loss": 0.37801505026031046,
    "test_seq_acc": 0.9149333333333334,
    "test_char_acc": 0.9823066666666667,
    "test_edit_distance": 0.0884,
    "test_clean_accuracy": 0.9149333333333334,
    "test_robustness_drop": null,
    "test_restoration_gain": null,
    "test_position_1_acc": 0.9852,
    "test_position_2_acc": 0.9812666666666666,
    "test_position_3_acc": 0.9788,
    "test_position_4_acc": 0.9806,
    "test_position_5_acc": 0.9856666666666667
}