{
    "epoch": 51,
    "train_loss": 0.04544467898198103,
    "pretrain_loss": null,
    "finetune_loss": 0.013519536848964203,
    "pseudo_label_count": 20443,
    "pseudo_label_accept_rate": 0.9734761904761905,
    "mean_pseudo_confidence": 0.9983947679545497,
    "consistency_loss": 0.03192514213301683,
    "encoder_stage": "consistency",
    "stn_status": "trainable",
    "stn_regularization_loss": 0.0003669145901271546,
    "val_loss": 0.22327303186336414,
    "val_seq_acc": 0.9492,
    "val_char_acc": 0.98972,
    "val_edit_distance": 0.0514,
    "val_clean_accuracy": 0.9492,
    "val_robustness_drop": null,
    "val_restoration_gain": null,
    "val_position_1_acc": 0.9901333333333333,
    "val_position_2_acc": 0.9888666666666667,
    "val_position_3_acc": 0.9895333333333334,
    "val_position_4_acc": 0.9883333333333333,
    "val_position_5_acc": 0.9917333333333334,
    "test_loss": 0.21205296615891633,
    "test_seq_acc": 0.9493333333333334,
    "test_char_acc": 0.9896,
    "test_edit_distance": 0.052,
    "test_clean_accuracy": 0.9493333333333334,
    "test_robustness_drop": null,
    "test_restoration_gain": null,
    "test_position_1_acc": 0.9909333333333333,
    "test_position_2_acc": 0.9877333333333334,
    "test_position_3_acc": 0.9899333333333333,
    "test_position_4_acc": 0.9886666666666667,
    "test_position_5_acc": 0.9907333333333334
}