{
    "epoch": 66,
    "train_loss": 0.01846531673970454,
    "pretrain_loss": null,
    "finetune_loss": 0.0011427510018843742,
    "pseudo_label_count": 20704,
    "pseudo_label_accept_rate": 0.985904761904762,
    "mean_pseudo_confidence": 0.9991137743042278,
    "consistency_loss": 0.017322565737820164,
    "encoder_stage": "consistency",
    "stn_status": "trainable",
    "stn_regularization_loss": 0.0003962373792746631,
    "val_loss": 0.20030067822935574,
    "val_seq_acc": 0.9530666666666666,
    "val_char_acc": 0.99048,
    "val_edit_distance": 0.0476,
    "val_clean_accuracy": 0.9530666666666666,
    "val_robustness_drop": null,
    "val_restoration_gain": null,
    "val_position_1_acc": 0.9909333333333333,
    "val_position_2_acc": 0.9898,
    "val_position_3_acc": 0.9904666666666667,
    "val_position_4_acc": 0.9892,
    "val_position_5_acc": 0.992,
    "test_loss": 0.19828995223190546,
    "test_seq_acc": 0.9525333333333333,
    "test_char_acc": 0.9902133333333333,
    "test_edit_distance": 0.048933333333333336,
    "test_clean_accuracy": 0.9525333333333333,
    "test_robustness_drop": null,
    "test_restoration_gain": null,
    "test_position_1_acc": 0.9909333333333333,
    "test_position_2_acc": 0.9892,
    "test_position_3_acc": 0.9911333333333333,
    "test_position_4_acc": 0.9899333333333333,
    "test_position_5_acc": 0.9898666666666667
}