{
    "epoch": 95,
    "train_loss": 0.014139419019128541,
    "pretrain_loss": null,
    "finetune_loss": 0.00039935648877558697,
    "pseudo_label_count": 20941,
    "pseudo_label_accept_rate": 0.9971904761904762,
    "mean_pseudo_confidence": 0.9996558566881532,
    "consistency_loss": 0.013740062530352953,
    "encoder_stage": "consistency",
    "stn_status": "trainable",
    "stn_regularization_loss": 0.00045012269647759474,
    "val_loss": 0.2609861235778303,
    "val_seq_acc": 0.9486666666666667,
    "val_char_acc": 0.98952,
    "val_edit_distance": 0.0524,
    "val_clean_accuracy": 0.9486666666666667,
    "val_robustness_drop": null,
    "val_restoration_gain": null,
    "val_position_1_acc": 0.9899333333333333,
    "val_position_2_acc": 0.9891333333333333,
    "val_position_3_acc": 0.9895333333333334,
    "val_position_4_acc": 0.9886,
    "val_position_5_acc": 0.9904,
    "test_loss": 0.25240745226087224,
    "test_seq_acc": 0.95,
    "test_char_acc": 0.9897333333333334,
    "test_edit_distance": 0.051333333333333335,
    "test_clean_accuracy": 0.95,
    "test_robustness_drop": null,
    "test_restoration_gain": null,
    "test_position_1_acc": 0.9902,
    "test_position_2_acc": 0.9884666666666667,
    "test_position_3_acc": 0.9912666666666666,
    "test_position_4_acc": 0.9896,
    "test_position_5_acc": 0.9891333333333333
}