{
    "epoch": 77,
    "train_loss": 0.01836257836042174,
    "pretrain_loss": null,
    "finetune_loss": 0.0008413197819239888,
    "pseudo_label_count": 20834,
    "pseudo_label_accept_rate": 0.9920952380952381,
    "mean_pseudo_confidence": 0.9994245813940472,
    "consistency_loss": 0.01752125857849775,
    "encoder_stage": "consistency",
    "stn_status": "trainable",
    "stn_regularization_loss": 0.0004573774685491235,
    "val_loss": 0.22278714865257845,
    "val_seq_acc": 0.9521333333333334,
    "val_char_acc": 0.99028,
    "val_edit_distance": 0.0486,
    "val_clean_accuracy": 0.9521333333333334,
    "val_robustness_drop": null,
    "val_restoration_gain": null,
    "val_position_1_acc": 0.991,
    "val_position_2_acc": 0.9895333333333334,
    "val_position_3_acc": 0.9904666666666667,
    "val_position_4_acc": 0.9888666666666667,
    "val_position_5_acc": 0.9915333333333334,
    "test_loss": 0.21653339615131312,
    "test_seq_acc": 0.9538666666666666,
    "test_char_acc": 0.9904133333333334,
    "test_edit_distance": 0.047933333333333335,
    "test_clean_accuracy": 0.9538666666666666,
    "test_robustness_drop": null,
    "test_restoration_gain": null,
    "test_position_1_acc": 0.9912666666666666,
    "test_position_2_acc": 0.9888666666666667,
    "test_position_3_acc": 0.9910666666666667,
    "test_position_4_acc": 0.9903333333333333,
    "test_position_5_acc": 0.9905333333333334
}