{
    "epoch": 19,
    "train_loss": 0.17034661852188698,
    "pretrain_loss": null,
    "finetune_loss": 0.10983055619056052,
    "pseudo_label_count": 19959,
    "pseudo_label_accept_rate": 0.9504285714285714,
    "mean_pseudo_confidence": 0.9962205305815734,
    "consistency_loss": 0.06051606233132646,
    "encoder_stage": "consistency",
    "stn_status": "trainable",
    "stn_regularization_loss": 7.624176382421504e-05,
    "val_loss": 1.1697345497126275,
    "val_seq_acc": 0.8542,
    "val_char_acc": 0.96884,
    "val_edit_distance": 0.1558,
    "val_clean_accuracy": 0.8542,
    "val_robustness_drop": null,
    "val_restoration_gain": null,
    "val_position_1_acc": 0.9714666666666667,
    "val_position_2_acc": 0.9659333333333333,
    "val_position_3_acc": 0.9681333333333333,
    "val_position_4_acc": 0.9670666666666666,
    "val_position_5_acc": 0.9716,
    "test_loss": 1.2134464523893722,
    "test_seq_acc": 0.8502666666666666,
    "test_char_acc": 0.9679066666666667,
    "test_edit_distance": 0.1604,
    "test_clean_accuracy": 0.8502666666666666,
    "test_robustness_drop": null,
    "test_restoration_gain": null,
    "test_position_1_acc": 0.9722666666666666,
    "test_position_2_acc": 0.9632666666666667,
    "test_position_3_acc": 0.9646,
    "test_position_4_acc": 0.9692666666666667,
    "test_position_5_acc": 0.9701333333333333
}