{
    "epoch": 86,
    "train_loss": 0.015904406444681846,
    "pretrain_loss": null,
    "finetune_loss": 0.0007270292596993804,
    "pseudo_label_count": 20900,
    "pseudo_label_accept_rate": 0.9952380952380953,
    "mean_pseudo_confidence": 0.9995548985221169,
    "consistency_loss": 0.015177377184982466,
    "encoder_stage": "consistency",
    "stn_status": "trainable",
    "stn_regularization_loss": 0.0004610895960355765,
    "val_loss": 0.2342510023102303,
    "val_seq_acc": 0.9512,
    "val_char_acc": 0.9901333333333333,
    "val_edit_distance": 0.04933333333333333,
    "val_clean_accuracy": 0.9512,
    "val_robustness_drop": null,
    "val_restoration_gain": null,
    "val_position_1_acc": 0.9908,
    "val_position_2_acc": 0.9893333333333333,
    "val_position_3_acc": 0.9906666666666667,
    "val_position_4_acc": 0.9888666666666667,
    "val_position_5_acc": 0.991,
    "test_loss": 0.2323366761592742,
    "test_seq_acc": 0.9537333333333333,
    "test_char_acc": 0.99044,
    "test_edit_distance": 0.047733333333333336,
    "test_clean_accuracy": 0.9537333333333333,
    "test_robustness_drop": null,
    "test_restoration_gain": null,
    "test_position_1_acc": 0.9905333333333334,
    "test_position_2_acc": 0.9890666666666666,
    "test_position_3_acc": 0.9919333333333333,
    "test_position_4_acc": 0.9898666666666667,
    "test_position_5_acc": 0.9908
}