{
    "epoch": 22,
    "train_loss": 0.14673515017664318,
    "pretrain_loss": null,
    "finetune_loss": 0.0916031983172808,
    "pseudo_label_count": 19706,
    "pseudo_label_accept_rate": 0.9383809523809524,
    "mean_pseudo_confidence": 0.9963549004222467,
    "consistency_loss": 0.0551319518593624,
    "encoder_stage": "consistency",
    "stn_status": "trainable",
    "stn_regularization_loss": 0.00020925190768863382,
    "val_loss": 0.953897266819122,
    "val_seq_acc": 0.8615333333333334,
    "val_char_acc": 0.9705733333333333,
    "val_edit_distance": 0.14713333333333334,
    "val_clean_accuracy": 0.8615333333333334,
    "val_robustness_drop": null,
    "val_restoration_gain": null,
    "val_position_1_acc": 0.9712,
    "val_position_2_acc": 0.9674666666666667,
    "val_position_3_acc": 0.9706,
    "val_position_4_acc": 0.9696,
    "val_position_5_acc": 0.974,
    "test_loss": 0.9929711973413508,
    "test_seq_acc": 0.8542666666666666,
    "test_char_acc": 0.9687733333333334,
    "test_edit_distance": 0.15613333333333335,
    "test_clean_accuracy": 0.8542666666666666,
    "test_robustness_drop": null,
    "test_restoration_gain": null,
    "test_position_1_acc": 0.9728,
    "test_position_2_acc": 0.9646666666666667,
    "test_position_3_acc": 0.9650666666666666,
    "test_position_4_acc": 0.9696,
    "test_position_5_acc": 0.9717333333333333
}