{
    "epoch": 94,
    "train_loss": 0.012312970396391487,
    "pretrain_loss": null,
    "finetune_loss": 0.0003475751048096823,
    "pseudo_label_count": 20930,
    "pseudo_label_accept_rate": 0.9966666666666667,
    "mean_pseudo_confidence": 0.9996773064108027,
    "consistency_loss": 0.011965395291581804,
    "encoder_stage": "consistency",
    "stn_status": "trainable",
    "stn_regularization_loss": 0.00042201816136624103,
    "val_loss": 0.24764547536268514,
    "val_seq_acc": 0.9498,
    "val_char_acc": 0.9898,
    "val_edit_distance": 0.051,
    "val_clean_accuracy": 0.9498,
    "val_robustness_drop": null,
    "val_restoration_gain": null,
    "val_position_1_acc": 0.9902666666666666,
    "val_position_2_acc": 0.9889333333333333,
    "val_position_3_acc": 0.9896666666666667,
    "val_position_4_acc": 0.9888,
    "val_position_5_acc": 0.9913333333333333,
    "test_loss": 0.246809198260877,
    "test_seq_acc": 0.9524666666666667,
    "test_char_acc": 0.9901866666666667,
    "test_edit_distance": 0.049,
    "test_clean_accuracy": 0.9524666666666667,
    "test_robustness_drop": null,
    "test_restoration_gain": null,
    "test_position_1_acc": 0.9912666666666666,
    "test_position_2_acc": 0.9886,
    "test_position_3_acc": 0.9910666666666667,
    "test_position_4_acc": 0.9894,
    "test_position_5_acc": 0.9906
}