{
    "epoch": 70,
    "train_loss": 0.0007812685778716521,
    "pretrain_loss": null,
    "finetune_loss": 0.0007812685778716521,
    "pseudo_label_count": 0,
    "pseudo_label_accept_rate": 0.0,
    "mean_pseudo_confidence": 0.0,
    "consistency_loss": 0.0,
    "encoder_stage": "supervised",
    "stn_status": "disabled",
    "stn_regularization_loss": 0.0,
    "val_loss": 0.23404313970874313,
    "val_seq_acc": 0.9599333333333333,
    "val_char_acc": 0.99184,
    "val_edit_distance": 0.0408,
    "val_clean_accuracy": 0.9599333333333333,
    "val_robustness_drop": null,
    "val_restoration_gain": null,
    "val_position_1_acc": 0.9916,
    "val_position_2_acc": 0.9908666666666667,
    "val_position_3_acc": 0.9919333333333333,
    "val_position_4_acc": 0.9924666666666667,
    "val_position_5_acc": 0.9923333333333333,
    "test_loss": 0.24026971049061877,
    "test_seq_acc": 0.9598,
    "test_char_acc": 0.99176,
    "test_edit_distance": 0.04106666666666667,
    "test_clean_accuracy": 0.9598,
    "test_robustness_drop": null,
    "test_restoration_gain": null,
    "test_position_1_acc": 0.9924666666666667,
    "test_position_2_acc": 0.9905333333333334,
    "test_position_3_acc": 0.9915333333333334,
    "test_position_4_acc": 0.9919333333333333,
    "test_position_5_acc": 0.9923333333333333
}