{
    "epoch": 160,
    "train_loss": 3.466903399592829e-05,
    "pretrain_loss": null,
    "finetune_loss": 3.466903399592829e-05,
    "pseudo_label_count": 0,
    "pseudo_label_accept_rate": 0.0,
    "mean_pseudo_confidence": 0.0,
    "consistency_loss": 0.0,
    "encoder_stage": "supervised",
    "stn_status": "disabled",
    "stn_regularization_loss": 0.0,
    "val_loss": 0.2663575846688431,
    "val_seq_acc": 0.9614,
    "val_char_acc": 0.9921466666666666,
    "val_edit_distance": 0.039266666666666665,
    "val_clean_accuracy": 0.9614,
    "val_robustness_drop": null,
    "val_restoration_gain": null,
    "val_position_1_acc": 0.9924666666666667,
    "val_position_2_acc": 0.9906666666666667,
    "val_position_3_acc": 0.9918666666666667,
    "val_position_4_acc": 0.9925333333333334,
    "val_position_5_acc": 0.9932,
    "test_loss": 0.2795513383275657,
    "test_seq_acc": 0.9612,
    "test_char_acc": 0.9920666666666667,
    "test_edit_distance": 0.03953333333333333,
    "test_clean_accuracy": 0.9612,
    "test_robustness_drop": null,
    "test_restoration_gain": null,
    "test_position_1_acc": 0.9931333333333333,
    "test_position_2_acc": 0.9900666666666667,
    "test_position_3_acc": 0.9918,
    "test_position_4_acc": 0.9922,
    "test_position_5_acc": 0.9931333333333333
}