{
    "epoch": 62,
    "train_loss": 0.001859991213694481,
    "pretrain_loss": null,
    "finetune_loss": 0.001859991213694481,
    "pseudo_label_count": 0,
    "pseudo_label_accept_rate": 0.0,
    "mean_pseudo_confidence": 0.0,
    "consistency_loss": 0.0,
    "encoder_stage": "supervised",
    "stn_status": "disabled",
    "stn_regularization_loss": 0.0,
    "val_loss": 0.21126136571098308,
    "val_seq_acc": 0.9598666666666666,
    "val_char_acc": 0.9918666666666667,
    "val_edit_distance": 0.04066666666666666,
    "val_clean_accuracy": 0.9598666666666666,
    "val_robustness_drop": null,
    "val_restoration_gain": null,
    "val_position_1_acc": 0.9918,
    "val_position_2_acc": 0.9911333333333333,
    "val_position_3_acc": 0.992,
    "val_position_4_acc": 0.9918666666666667,
    "val_position_5_acc": 0.9925333333333334,
    "test_loss": 0.2172688339705154,
    "test_seq_acc": 0.9596666666666667,
    "test_char_acc": 0.9917466666666667,
    "test_edit_distance": 0.041133333333333334,
    "test_clean_accuracy": 0.9596666666666667,
    "test_robustness_drop": null,
    "test_restoration_gain": null,
    "test_position_1_acc": 0.9926666666666667,
    "test_position_2_acc": 0.9902,
    "test_position_3_acc": 0.9913333333333333,
    "test_position_4_acc": 0.9917333333333334,
    "test_position_5_acc": 0.9928
}