{
    "epoch": 121,
    "train_loss": 0.00014679282827634657,
    "pretrain_loss": null,
    "finetune_loss": 0.00014679282827634657,
    "pseudo_label_count": 0,
    "pseudo_label_accept_rate": 0.0,
    "mean_pseudo_confidence": 0.0,
    "consistency_loss": 0.0,
    "encoder_stage": "supervised",
    "stn_status": "disabled",
    "stn_regularization_loss": 0.0,
    "val_loss": 0.2607696373607762,
    "val_seq_acc": 0.961,
    "val_char_acc": 0.9920266666666666,
    "val_edit_distance": 0.03986666666666667,
    "val_clean_accuracy": 0.961,
    "val_robustness_drop": null,
    "val_restoration_gain": null,
    "val_position_1_acc": 0.9920666666666667,
    "val_position_2_acc": 0.991,
    "val_position_3_acc": 0.9917333333333334,
    "val_position_4_acc": 0.9922,
    "val_position_5_acc": 0.9931333333333333,
    "test_loss": 0.2767845710922099,
    "test_seq_acc": 0.9606666666666667,
    "test_char_acc": 0.9919466666666666,
    "test_edit_distance": 0.04013333333333333,
    "test_clean_accuracy": 0.9606666666666667,
    "test_robustness_drop": null,
    "test_restoration_gain": null,
    "test_position_1_acc": 0.993,
    "test_position_2_acc": 0.9902,
    "test_position_3_acc": 0.9918666666666667,
    "test_position_4_acc": 0.9920666666666667,
    "test_position_5_acc": 0.9926
}