{
    "epoch": 63,
    "train_loss": 0.0013952697092045555,
    "pretrain_loss": null,
    "finetune_loss": 0.0013952697092045555,
    "pseudo_label_count": 0,
    "pseudo_label_accept_rate": 0.0,
    "mean_pseudo_confidence": 0.0,
    "consistency_loss": 0.0,
    "encoder_stage": "supervised",
    "stn_status": "disabled",
    "stn_regularization_loss": 0.0,
    "val_loss": 0.21732684746799505,
    "val_seq_acc": 0.9600666666666666,
    "val_char_acc": 0.9919066666666667,
    "val_edit_distance": 0.040466666666666665,
    "val_clean_accuracy": 0.9600666666666666,
    "val_robustness_drop": null,
    "val_restoration_gain": null,
    "val_position_1_acc": 0.9921333333333333,
    "val_position_2_acc": 0.9914,
    "val_position_3_acc": 0.992,
    "val_position_4_acc": 0.992,
    "val_position_5_acc": 0.992,
    "test_loss": 0.22148022696873088,
    "test_seq_acc": 0.9596,
    "test_char_acc": 0.9917466666666667,
    "test_edit_distance": 0.041133333333333334,
    "test_clean_accuracy": 0.9596,
    "test_robustness_drop": null,
    "test_restoration_gain": null,
    "test_position_1_acc": 0.9929333333333333,
    "test_position_2_acc": 0.9894666666666667,
    "test_position_3_acc": 0.9919333333333333,
    "test_position_4_acc": 0.9920666666666667,
    "test_position_5_acc": 0.9923333333333333
}