{
    "epoch": 169,
    "train_loss": 3.058097091524082e-05,
    "pretrain_loss": null,
    "finetune_loss": 3.058097091524082e-05,
    "pseudo_label_count": 0,
    "pseudo_label_accept_rate": 0.0,
    "mean_pseudo_confidence": 0.0,
    "consistency_loss": 0.0,
    "encoder_stage": "supervised",
    "stn_status": "disabled",
    "stn_regularization_loss": 0.0,
    "val_loss": 0.2648054005411278,
    "val_seq_acc": 0.9614,
    "val_char_acc": 0.99212,
    "val_edit_distance": 0.0394,
    "val_clean_accuracy": 0.9614,
    "val_robustness_drop": null,
    "val_restoration_gain": null,
    "val_position_1_acc": 0.9924,
    "val_position_2_acc": 0.9907333333333334,
    "val_position_3_acc": 0.9918666666666667,
    "val_position_4_acc": 0.9922666666666666,
    "val_position_5_acc": 0.9933333333333333,
    "test_loss": 0.28002632399869415,
    "test_seq_acc": 0.9611333333333333,
    "test_char_acc": 0.9920533333333333,
    "test_edit_distance": 0.0396,
    "test_clean_accuracy": 0.9611333333333333,
    "test_robustness_drop": null,
    "test_restoration_gain": null,
    "test_position_1_acc": 0.9932,
    "test_position_2_acc": 0.9902666666666666,
    "test_position_3_acc": 0.9918666666666667,
    "test_position_4_acc": 0.9921333333333333,
    "test_position_5_acc": 0.9928
}