{
    "epoch": 44,
    "train_loss": 0.04516392377001238,
    "pretrain_loss": null,
    "finetune_loss": 0.04516392377001238,
    "pseudo_label_count": 0,
    "pseudo_label_accept_rate": 0.0,
    "mean_pseudo_confidence": 0.0,
    "consistency_loss": 0.0,
    "encoder_stage": "supervised",
    "stn_status": "disabled",
    "stn_regularization_loss": 0.0,
    "val_loss": 0.23543371822154943,
    "val_seq_acc": 0.9513333333333334,
    "val_char_acc": 0.9899466666666666,
    "val_edit_distance": 0.0502,
    "val_clean_accuracy": 0.9513333333333334,
    "val_robustness_drop": null,
    "val_restoration_gain": null,
    "val_position_1_acc": 0.9915333333333334,
    "val_position_2_acc": 0.9880666666666666,
    "val_position_3_acc": 0.9882,
    "val_position_4_acc": 0.9897333333333334,
    "val_position_5_acc": 0.9922,
    "test_loss": 0.25067342485826305,
    "test_seq_acc": 0.9497333333333333,
    "test_char_acc": 0.9895866666666666,
    "test_edit_distance": 0.05193333333333333,
    "test_clean_accuracy": 0.9497333333333333,
    "test_robustness_drop": null,
    "test_restoration_gain": null,
    "test_position_1_acc": 0.9919333333333333,
    "test_position_2_acc": 0.9872666666666666,
    "test_position_3_acc": 0.9876,
    "test_position_4_acc": 0.9898666666666667,
    "test_position_5_acc": 0.9912666666666666
}