{
    "epoch": 101,
    "train_loss": 0.0006581238181982611,
    "pretrain_loss": null,
    "finetune_loss": 0.0006581238181982611,
    "pseudo_label_count": 0,
    "pseudo_label_accept_rate": 0.0,
    "mean_pseudo_confidence": 0.0,
    "consistency_loss": 0.0,
    "encoder_stage": "supervised",
    "stn_status": "disabled",
    "stn_regularization_loss": 0.0,
    "val_loss": 0.267643002017421,
    "val_seq_acc": 0.9588666666666666,
    "val_char_acc": 0.9915866666666666,
    "val_edit_distance": 0.04206666666666667,
    "val_clean_accuracy": 0.9588666666666666,
    "val_robustness_drop": null,
    "val_restoration_gain": null,
    "val_position_1_acc": 0.9918,
    "val_position_2_acc": 0.9901333333333333,
    "val_position_3_acc": 0.9916,
    "val_position_4_acc": 0.9914666666666667,
    "val_position_5_acc": 0.9929333333333333,
    "test_loss": 0.2856553569309257,
    "test_seq_acc": 0.9584666666666667,
    "test_char_acc": 0.9914533333333333,
    "test_edit_distance": 0.0426,
    "test_clean_accuracy": 0.9584666666666667,
    "test_robustness_drop": null,
    "test_restoration_gain": null,
    "test_position_1_acc": 0.9923333333333333,
    "test_position_2_acc": 0.9891333333333333,
    "test_position_3_acc": 0.9917333333333334,
    "test_position_4_acc": 0.9916,
    "test_position_5_acc": 0.9924666666666667
}