{
    "epoch": 3,
    "train_loss": 0.5482735553119263,
    "pretrain_loss": null,
    "finetune_loss": 0.5482735553119263,
    "pseudo_label_count": 0,
    "pseudo_label_accept_rate": 0.0,
    "mean_pseudo_confidence": 0.0,
    "consistency_loss": 0.0,
    "encoder_stage": "supervised",
    "stn_status": "disabled",
    "stn_regularization_loss": 0.0,
    "val_loss": 0.6677957622928822,
    "val_seq_acc": 0.8232666666666667,
    "val_char_acc": 0.95912,
    "val_edit_distance": 0.20373333333333332,
    "val_clean_accuracy": 0.8232666666666667,
    "val_robustness_drop": null,
    "val_restoration_gain": null,
    "val_position_1_acc": 0.9752666666666666,
    "val_position_2_acc": 0.9559333333333333,
    "val_position_3_acc": 0.9382666666666667,
    "val_position_4_acc": 0.9542666666666667,
    "val_position_5_acc": 0.9718666666666667,
    "test_loss": 0.6514896225421987,
    "test_seq_acc": 0.8282,
    "test_char_acc": 0.9598133333333333,
    "test_edit_distance": 0.20053333333333334,
    "test_clean_accuracy": 0.8282,
    "test_robustness_drop": null,
    "test_restoration_gain": null,
    "test_position_1_acc": 0.9751333333333333,
    "test_position_2_acc": 0.9526,
    "test_position_3_acc": 0.942,
    "test_position_4_acc": 0.9569333333333333,
    "test_position_5_acc": 0.9724
}