{
    "epoch": 34,
    "train_loss": 0.06164560752085534,
    "pretrain_loss": null,
    "finetune_loss": 0.06164560752085534,
    "pseudo_label_count": 0,
    "pseudo_label_accept_rate": 0.0,
    "mean_pseudo_confidence": 0.0,
    "consistency_loss": 0.0,
    "encoder_stage": "supervised",
    "stn_status": "disabled",
    "stn_regularization_loss": 0.0,
    "val_loss": 0.29819812098557646,
    "val_seq_acc": 0.9376,
    "val_char_acc": 0.9867066666666666,
    "val_edit_distance": 0.0664,
    "val_clean_accuracy": 0.9376,
    "val_robustness_drop": null,
    "val_restoration_gain": null,
    "val_position_1_acc": 0.9882,
    "val_position_2_acc": 0.9839333333333333,
    "val_position_3_acc": 0.987,
    "val_position_4_acc": 0.9848666666666667,
    "val_position_5_acc": 0.9895333333333334,
    "test_loss": 0.3055655481789182,
    "test_seq_acc": 0.9362666666666667,
    "test_char_acc": 0.98656,
    "test_edit_distance": 0.06713333333333334,
    "test_clean_accuracy": 0.9362666666666667,
    "test_robustness_drop": null,
    "test_restoration_gain": null,
    "test_position_1_acc": 0.9891333333333333,
    "test_position_2_acc": 0.9832666666666666,
    "test_position_3_acc": 0.9853333333333333,
    "test_position_4_acc": 0.9864666666666667,
    "test_position_5_acc": 0.9886
}