{
    "epoch": 122,
    "train_loss": 0.00011314832122942915,
    "pretrain_loss": null,
    "finetune_loss": 0.00011314832122942915,
    "pseudo_label_count": 0,
    "pseudo_label_accept_rate": 0.0,
    "mean_pseudo_confidence": 0.0,
    "consistency_loss": 0.0,
    "encoder_stage": "supervised",
    "stn_status": "disabled",
    "stn_regularization_loss": 0.0,
    "val_loss": 0.2616057414521415,
    "val_seq_acc": 0.9614666666666667,
    "val_char_acc": 0.9921333333333333,
    "val_edit_distance": 0.03933333333333333,
    "val_clean_accuracy": 0.9614666666666667,
    "val_robustness_drop": null,
    "val_restoration_gain": null,
    "val_position_1_acc": 0.9922,
    "val_position_2_acc": 0.9908666666666667,
    "val_position_3_acc": 0.9919333333333333,
    "val_position_4_acc": 0.9922666666666666,
    "val_position_5_acc": 0.9934,
    "test_loss": 0.27813034756520616,
    "test_seq_acc": 0.9607333333333333,
    "test_char_acc": 0.99196,
    "test_edit_distance": 0.04006666666666667,
    "test_clean_accuracy": 0.9607333333333333,
    "test_robustness_drop": null,
    "test_restoration_gain": null,
    "test_position_1_acc": 0.9928666666666667,
    "test_position_2_acc": 0.9902666666666666,
    "test_position_3_acc": 0.9919333333333333,
    "test_position_4_acc": 0.9920666666666667,
    "test_position_5_acc": 0.9926666666666667
}