{
    "epoch": 103,
    "train_loss": 0.00020736096366438,
    "pretrain_loss": null,
    "finetune_loss": 0.00020736096366438,
    "pseudo_label_count": 0,
    "pseudo_label_accept_rate": 0.0,
    "mean_pseudo_confidence": 0.0,
    "consistency_loss": 0.0,
    "encoder_stage": "supervised",
    "stn_status": "disabled",
    "stn_regularization_loss": 0.0,
    "val_loss": 0.2681147955485203,
    "val_seq_acc": 0.9606,
    "val_char_acc": 0.9919466666666666,
    "val_edit_distance": 0.040266666666666666,
    "val_clean_accuracy": 0.9606,
    "val_robustness_drop": null,
    "val_restoration_gain": null,
    "val_position_1_acc": 0.9925333333333334,
    "val_position_2_acc": 0.9905333333333334,
    "val_position_3_acc": 0.9918666666666667,
    "val_position_4_acc": 0.9918666666666667,
    "val_position_5_acc": 0.9929333333333333,
    "test_loss": 0.28837177975981326,
    "test_seq_acc": 0.9589333333333333,
    "test_char_acc": 0.9915733333333333,
    "test_edit_distance": 0.042,
    "test_clean_accuracy": 0.9589333333333333,
    "test_robustness_drop": null,
    "test_restoration_gain": null,
    "test_position_1_acc": 0.9923333333333333,
    "test_position_2_acc": 0.9894,
    "test_position_3_acc": 0.9918666666666667,
    "test_position_4_acc": 0.9914666666666667,
    "test_position_5_acc": 0.9928
}