{
    "epoch": 55,
    "train_loss": 0.003842057488220695,
    "pretrain_loss": null,
    "finetune_loss": 0.003842057488220695,
    "pseudo_label_count": 0,
    "pseudo_label_accept_rate": 0.0,
    "mean_pseudo_confidence": 0.0,
    "consistency_loss": 0.0,
    "encoder_stage": "supervised",
    "stn_status": "disabled",
    "stn_regularization_loss": 0.0,
    "val_loss": 0.19466726594908593,
    "val_seq_acc": 0.9593333333333334,
    "val_char_acc": 0.99164,
    "val_edit_distance": 0.0418,
    "val_clean_accuracy": 0.9593333333333334,
    "val_robustness_drop": null,
    "val_restoration_gain": null,
    "val_position_1_acc": 0.9915333333333334,
    "val_position_2_acc": 0.9907333333333334,
    "val_position_3_acc": 0.9918666666666667,
    "val_position_4_acc": 0.9916,
    "val_position_5_acc": 0.9924666666666667,
    "test_loss": 0.20747874852191245,
    "test_seq_acc": 0.9586666666666667,
    "test_char_acc": 0.9915466666666667,
    "test_edit_distance": 0.042133333333333335,
    "test_clean_accuracy": 0.9586666666666667,
    "test_robustness_drop": null,
    "test_restoration_gain": null,
    "test_position_1_acc": 0.9926666666666667,
    "test_position_2_acc": 0.9892,
    "test_position_3_acc": 0.991,
    "test_position_4_acc": 0.9919333333333333,
    "test_position_5_acc": 0.9929333333333333
}