{
    "epoch": 64,
    "train_loss": 0.002081383408958976,
    "pretrain_loss": null,
    "finetune_loss": 0.002081383408958976,
    "pseudo_label_count": 0,
    "pseudo_label_accept_rate": 0.0,
    "mean_pseudo_confidence": 0.0,
    "consistency_loss": 0.0,
    "encoder_stage": "supervised",
    "stn_status": "disabled",
    "stn_regularization_loss": 0.0,
    "val_loss": 0.22234281980962942,
    "val_seq_acc": 0.9594,
    "val_char_acc": 0.9917466666666667,
    "val_edit_distance": 0.04126666666666667,
    "val_clean_accuracy": 0.9594,
    "val_robustness_drop": null,
    "val_restoration_gain": null,
    "val_position_1_acc": 0.9919333333333333,
    "val_position_2_acc": 0.9907333333333334,
    "val_position_3_acc": 0.9921333333333333,
    "val_position_4_acc": 0.9916666666666667,
    "val_position_5_acc": 0.9922666666666666,
    "test_loss": 0.2350456270494528,
    "test_seq_acc": 0.9593333333333334,
    "test_char_acc": 0.99164,
    "test_edit_distance": 0.041666666666666664,
    "test_clean_accuracy": 0.9593333333333334,
    "test_robustness_drop": null,
    "test_restoration_gain": null,
    "test_position_1_acc": 0.9926666666666667,
    "test_position_2_acc": 0.99,
    "test_position_3_acc": 0.9918,
    "test_position_4_acc": 0.9916666666666667,
    "test_position_5_acc": 0.9920666666666667
}