{
    "epoch": 43,
    "train_loss": 0.040650924703582884,
    "pretrain_loss": null,
    "finetune_loss": 0.040650924703582884,
    "pseudo_label_count": 0,
    "pseudo_label_accept_rate": 0.0,
    "mean_pseudo_confidence": 0.0,
    "consistency_loss": 0.0,
    "encoder_stage": "supervised",
    "stn_status": "disabled",
    "stn_regularization_loss": 0.0,
    "val_loss": 0.2869385543745011,
    "val_seq_acc": 0.9458666666666666,
    "val_char_acc": 0.9887333333333334,
    "val_edit_distance": 0.056266666666666666,
    "val_clean_accuracy": 0.9458666666666666,
    "val_robustness_drop": null,
    "val_restoration_gain": null,
    "val_position_1_acc": 0.9912666666666666,
    "val_position_2_acc": 0.9874,
    "val_position_3_acc": 0.9875333333333334,
    "val_position_4_acc": 0.9872,
    "val_position_5_acc": 0.9902666666666666,
    "test_loss": 0.2862924117960303,
    "test_seq_acc": 0.9435333333333333,
    "test_char_acc": 0.9882933333333334,
    "test_edit_distance": 0.058333333333333334,
    "test_clean_accuracy": 0.9435333333333333,
    "test_robustness_drop": null,
    "test_restoration_gain": null,
    "test_position_1_acc": 0.992,
    "test_position_2_acc": 0.9858666666666667,
    "test_position_3_acc": 0.9859333333333333,
    "test_position_4_acc": 0.9882,
    "test_position_5_acc": 0.9894666666666667
}