{
    "epoch": 5,
    "train_loss": 0.3667001552471293,
    "pretrain_loss": null,
    "finetune_loss": 0.3667001552471293,
    "pseudo_label_count": 0,
    "pseudo_label_accept_rate": 0.0,
    "mean_pseudo_confidence": 0.0,
    "consistency_loss": 0.0,
    "encoder_stage": "supervised",
    "stn_status": "disabled",
    "stn_regularization_loss": 0.0,
    "val_loss": 0.5188045690034299,
    "val_seq_acc": 0.8573333333333333,
    "val_char_acc": 0.96828,
    "val_edit_distance": 0.1586,
    "val_clean_accuracy": 0.8573333333333333,
    "val_robustness_drop": null,
    "val_restoration_gain": null,
    "val_position_1_acc": 0.9771333333333333,
    "val_position_2_acc": 0.9604,
    "val_position_3_acc": 0.9638666666666666,
    "val_position_4_acc": 0.9660666666666666,
    "val_position_5_acc": 0.9739333333333333,
    "test_loss": 0.5112944349963614,
    "test_seq_acc": 0.8576666666666667,
    "test_char_acc": 0.9687866666666667,
    "test_edit_distance": 0.15606666666666666,
    "test_clean_accuracy": 0.8576666666666667,
    "test_robustness_drop": null,
    "test_restoration_gain": null,
    "test_position_1_acc": 0.9774666666666667,
    "test_position_2_acc": 0.9598666666666666,
    "test_position_3_acc": 0.9652,
    "test_position_4_acc": 0.9688666666666667,
    "test_position_5_acc": 0.9725333333333334
}