{
    "epoch": 128,
    "train_loss": 5.4627354787604586e-05,
    "pretrain_loss": null,
    "finetune_loss": 5.4627354787604586e-05,
    "pseudo_label_count": 0,
    "pseudo_label_accept_rate": 0.0,
    "mean_pseudo_confidence": 0.0,
    "consistency_loss": 0.0,
    "encoder_stage": "supervised",
    "stn_status": "disabled",
    "stn_regularization_loss": 0.0,
    "val_loss": 0.26333937489684145,
    "val_seq_acc": 0.9614666666666667,
    "val_char_acc": 0.9921333333333333,
    "val_edit_distance": 0.03933333333333333,
    "val_clean_accuracy": 0.9614666666666667,
    "val_robustness_drop": null,
    "val_restoration_gain": null,
    "val_position_1_acc": 0.9924666666666667,
    "val_position_2_acc": 0.9909333333333333,
    "val_position_3_acc": 0.992,
    "val_position_4_acc": 0.9921333333333333,
    "val_position_5_acc": 0.9931333333333333,
    "test_loss": 0.2806565208968482,
    "test_seq_acc": 0.9605333333333334,
    "test_char_acc": 0.9919333333333333,
    "test_edit_distance": 0.0402,
    "test_clean_accuracy": 0.9605333333333334,
    "test_robustness_drop": null,
    "test_restoration_gain": null,
    "test_position_1_acc": 0.9929333333333333,
    "test_position_2_acc": 0.9901333333333333,
    "test_position_3_acc": 0.9918666666666667,
    "test_position_4_acc": 0.992,
    "test_position_5_acc": 0.9927333333333334
}