{
    "epoch": 83,
    "train_loss": 0.0004975771965852061,
    "pretrain_loss": null,
    "finetune_loss": 0.0004975771965852061,
    "pseudo_label_count": 0,
    "pseudo_label_accept_rate": 0.0,
    "mean_pseudo_confidence": 0.0,
    "consistency_loss": 0.0,
    "encoder_stage": "supervised",
    "stn_status": "disabled",
    "stn_regularization_loss": 0.0,
    "val_loss": 0.2499077614837393,
    "val_seq_acc": 0.9604666666666667,
    "val_char_acc": 0.9919466666666666,
    "val_edit_distance": 0.040266666666666666,
    "val_clean_accuracy": 0.9604666666666667,
    "val_robustness_drop": null,
    "val_restoration_gain": null,
    "val_position_1_acc": 0.9924666666666667,
    "val_position_2_acc": 0.9906,
    "val_position_3_acc": 0.9922,
    "val_position_4_acc": 0.9918,
    "val_position_5_acc": 0.9926666666666667,
    "test_loss": 0.26190130223664343,
    "test_seq_acc": 0.9597333333333333,
    "test_char_acc": 0.99176,
    "test_edit_distance": 0.04106666666666667,
    "test_clean_accuracy": 0.9597333333333333,
    "test_robustness_drop": null,
    "test_restoration_gain": null,
    "test_position_1_acc": 0.9924666666666667,
    "test_position_2_acc": 0.99,
    "test_position_3_acc": 0.9914,
    "test_position_4_acc": 0.9920666666666667,
    "test_position_5_acc": 0.9928666666666667
}