{
    "epoch": 72,
    "train_loss": 0.0007165247067691436,
    "pretrain_loss": null,
    "finetune_loss": 0.0007165247067691436,
    "pseudo_label_count": 0,
    "pseudo_label_accept_rate": 0.0,
    "mean_pseudo_confidence": 0.0,
    "consistency_loss": 0.0,
    "encoder_stage": "supervised",
    "stn_status": "disabled",
    "stn_regularization_loss": 0.0,
    "val_loss": 0.23429431913592705,
    "val_seq_acc": 0.9606666666666667,
    "val_char_acc": 0.992,
    "val_edit_distance": 0.04,
    "val_clean_accuracy": 0.9606666666666667,
    "val_robustness_drop": null,
    "val_restoration_gain": null,
    "val_position_1_acc": 0.9923333333333333,
    "val_position_2_acc": 0.9908666666666667,
    "val_position_3_acc": 0.9914666666666667,
    "val_position_4_acc": 0.9921333333333333,
    "val_position_5_acc": 0.9932,
    "test_loss": 0.24679052385199224,
    "test_seq_acc": 0.9604,
    "test_char_acc": 0.9919333333333333,
    "test_edit_distance": 0.0402,
    "test_clean_accuracy": 0.9604,
    "test_robustness_drop": null,
    "test_restoration_gain": null,
    "test_position_1_acc": 0.9934,
    "test_position_2_acc": 0.9897333333333334,
    "test_position_3_acc": 0.9914666666666667,
    "test_position_4_acc": 0.9921333333333333,
    "test_position_5_acc": 0.9929333333333333
}