{
    "epoch": 166,
    "train_loss": 3.319618493741314e-05,
    "pretrain_loss": null,
    "finetune_loss": 3.319618493741314e-05,
    "pseudo_label_count": 0,
    "pseudo_label_accept_rate": 0.0,
    "mean_pseudo_confidence": 0.0,
    "consistency_loss": 0.0,
    "encoder_stage": "supervised",
    "stn_status": "disabled",
    "stn_regularization_loss": 0.0,
    "val_loss": 0.2643492921620488,
    "val_seq_acc": 0.9615333333333334,
    "val_char_acc": 0.9921466666666666,
    "val_edit_distance": 0.039266666666666665,
    "val_clean_accuracy": 0.9615333333333334,
    "val_robustness_drop": null,
    "val_restoration_gain": null,
    "val_position_1_acc": 0.9923333333333333,
    "val_position_2_acc": 0.9907333333333334,
    "val_position_3_acc": 0.9920666666666667,
    "val_position_4_acc": 0.9925333333333334,
    "val_position_5_acc": 0.9930666666666667,
    "test_loss": 0.27864691209003195,
    "test_seq_acc": 0.9612666666666667,
    "test_char_acc": 0.99208,
    "test_edit_distance": 0.039466666666666664,
    "test_clean_accuracy": 0.9612666666666667,
    "test_robustness_drop": null,
    "test_restoration_gain": null,
    "test_position_1_acc": 0.9930666666666667,
    "test_position_2_acc": 0.9902,
    "test_position_3_acc": 0.9918,
    "test_position_4_acc": 0.9920666666666667,
    "test_position_5_acc": 0.9932666666666666
}