{
    "epoch": 68,
    "train_loss": 0.0009701465266846685,
    "pretrain_loss": null,
    "finetune_loss": 0.0009701465266846685,
    "pseudo_label_count": 0,
    "pseudo_label_accept_rate": 0.0,
    "mean_pseudo_confidence": 0.0,
    "consistency_loss": 0.0,
    "encoder_stage": "supervised",
    "stn_status": "disabled",
    "stn_regularization_loss": 0.0,
    "val_loss": 0.23705925233327743,
    "val_seq_acc": 0.9598,
    "val_char_acc": 0.9918266666666666,
    "val_edit_distance": 0.04086666666666667,
    "val_clean_accuracy": 0.9598,
    "val_robustness_drop": null,
    "val_restoration_gain": null,
    "val_position_1_acc": 0.9915333333333334,
    "val_position_2_acc": 0.9904666666666667,
    "val_position_3_acc": 0.9925333333333334,
    "val_position_4_acc": 0.9920666666666667,
    "val_position_5_acc": 0.9925333333333334,
    "test_loss": 0.248817543322753,
    "test_seq_acc": 0.9574666666666667,
    "test_char_acc": 0.9912933333333334,
    "test_edit_distance": 0.0434,
    "test_clean_accuracy": 0.9574666666666667,
    "test_robustness_drop": null,
    "test_restoration_gain": null,
    "test_position_1_acc": 0.9917333333333334,
    "test_position_2_acc": 0.9891333333333333,
    "test_position_3_acc": 0.9912,
    "test_position_4_acc": 0.9918,
    "test_position_5_acc": 0.9926
}