{
    "epoch": 102,
    "train_loss": 0.0002924930607972232,
    "pretrain_loss": null,
    "finetune_loss": 0.0002924930607972232,
    "pseudo_label_count": 0,
    "pseudo_label_accept_rate": 0.0,
    "mean_pseudo_confidence": 0.0,
    "consistency_loss": 0.0,
    "encoder_stage": "supervised",
    "stn_status": "disabled",
    "stn_regularization_loss": 0.0,
    "val_loss": 0.2672535964520493,
    "val_seq_acc": 0.9592666666666667,
    "val_char_acc": 0.9916533333333334,
    "val_edit_distance": 0.04173333333333333,
    "val_clean_accuracy": 0.9592666666666667,
    "val_robustness_drop": null,
    "val_restoration_gain": null,
    "val_position_1_acc": 0.992,
    "val_position_2_acc": 0.9903333333333333,
    "val_position_3_acc": 0.9916,
    "val_position_4_acc": 0.9916666666666667,
    "val_position_5_acc": 0.9926666666666667,
    "test_loss": 0.2852696721157004,
    "test_seq_acc": 0.9588,
    "test_char_acc": 0.99152,
    "test_edit_distance": 0.04226666666666667,
    "test_clean_accuracy": 0.9588,
    "test_robustness_drop": null,
    "test_restoration_gain": null,
    "test_position_1_acc": 0.9922666666666666,
    "test_position_2_acc": 0.9896666666666667,
    "test_position_3_acc": 0.9916666666666667,
    "test_position_4_acc": 0.9913333333333333,
    "test_position_5_acc": 0.9926666666666667
}