{
    "epoch": 77,
    "train_loss": 0.0007229389610848716,
    "pretrain_loss": null,
    "finetune_loss": 0.0007229389610848716,
    "pseudo_label_count": 0,
    "pseudo_label_accept_rate": 0.0,
    "mean_pseudo_confidence": 0.0,
    "consistency_loss": 0.0,
    "encoder_stage": "supervised",
    "stn_status": "disabled",
    "stn_regularization_loss": 0.0,
    "val_loss": 0.2430642742479633,
    "val_seq_acc": 0.9590666666666666,
    "val_char_acc": 0.9917066666666666,
    "val_edit_distance": 0.041466666666666666,
    "val_clean_accuracy": 0.9590666666666666,
    "val_robustness_drop": null,
    "val_restoration_gain": null,
    "val_position_1_acc": 0.9915333333333334,
    "val_position_2_acc": 0.9904666666666667,
    "val_position_3_acc": 0.9920666666666667,
    "val_position_4_acc": 0.9916666666666667,
    "val_position_5_acc": 0.9928,
    "test_loss": 0.2573916200333354,
    "test_seq_acc": 0.9588,
    "test_char_acc": 0.9915733333333333,
    "test_edit_distance": 0.042,
    "test_clean_accuracy": 0.9588,
    "test_robustness_drop": null,
    "test_restoration_gain": null,
    "test_position_1_acc": 0.9925333333333334,
    "test_position_2_acc": 0.9898666666666667,
    "test_position_3_acc": 0.9910666666666667,
    "test_position_4_acc": 0.9916666666666667,
    "test_position_5_acc": 0.9927333333333334
}