{
    "epoch": 191,
    "train_loss": 2.3224770230346537e-05,
    "pretrain_loss": null,
    "finetune_loss": 2.3224770230346537e-05,
    "pseudo_label_count": 0,
    "pseudo_label_accept_rate": 0.0,
    "mean_pseudo_confidence": 0.0,
    "consistency_loss": 0.0,
    "encoder_stage": "supervised",
    "stn_status": "disabled",
    "stn_regularization_loss": 0.0,
    "val_loss": 0.2623899652078249,
    "val_seq_acc": 0.9622,
    "val_char_acc": 0.9923066666666667,
    "val_edit_distance": 0.03846666666666667,
    "val_clean_accuracy": 0.9622,
    "val_robustness_drop": null,
    "val_restoration_gain": null,
    "val_position_1_acc": 0.9925333333333334,
    "val_position_2_acc": 0.9908,
    "val_position_3_acc": 0.9922,
    "val_position_4_acc": 0.9925333333333334,
    "val_position_5_acc": 0.9934666666666667,
    "test_loss": 0.27709767594623336,
    "test_seq_acc": 0.9616,
    "test_char_acc": 0.9921466666666666,
    "test_edit_distance": 0.03913333333333333,
    "test_clean_accuracy": 0.9616,
    "test_robustness_drop": null,
    "test_restoration_gain": null,
    "test_position_1_acc": 0.9931333333333333,
    "test_position_2_acc": 0.9903333333333333,
    "test_position_3_acc": 0.9918666666666667,
    "test_position_4_acc": 0.9925333333333334,
    "test_position_5_acc": 0.9928666666666667
}