{
    "epoch": 33,
    "train_loss": 0.05286281335112267,
    "pretrain_loss": null,
    "finetune_loss": 0.05286281335112267,
    "pseudo_label_count": 0,
    "pseudo_label_accept_rate": 0.0,
    "mean_pseudo_confidence": 0.0,
    "consistency_loss": 0.0,
    "encoder_stage": "supervised",
    "stn_status": "disabled",
    "stn_regularization_loss": 0.0,
    "val_loss": 0.2535230281624071,
    "val_seq_acc": 0.9471333333333334,
    "val_char_acc": 0.98916,
    "val_edit_distance": 0.05413333333333333,
    "val_clean_accuracy": 0.9471333333333334,
    "val_robustness_drop": null,
    "val_restoration_gain": null,
    "val_position_1_acc": 0.9896666666666667,
    "val_position_2_acc": 0.9878666666666667,
    "val_position_3_acc": 0.9891333333333333,
    "val_position_4_acc": 0.9878666666666667,
    "val_position_5_acc": 0.9912666666666666,
    "test_loss": 0.2623899491484019,
    "test_seq_acc": 0.9452,
    "test_char_acc": 0.9888,
    "test_edit_distance": 0.055933333333333335,
    "test_clean_accuracy": 0.9452,
    "test_robustness_drop": null,
    "test_restoration_gain": null,
    "test_position_1_acc": 0.9919333333333333,
    "test_position_2_acc": 0.9858,
    "test_position_3_acc": 0.9871333333333333,
    "test_position_4_acc": 0.9885333333333334,
    "test_position_5_acc": 0.9906
}