{
    "epoch": 181,
    "train_loss": 2.2382935206380646e-05,
    "pretrain_loss": null,
    "finetune_loss": 2.2382935206380646e-05,
    "pseudo_label_count": 0,
    "pseudo_label_accept_rate": 0.0,
    "mean_pseudo_confidence": 0.0,
    "consistency_loss": 0.0,
    "encoder_stage": "supervised",
    "stn_status": "disabled",
    "stn_regularization_loss": 0.0,
    "val_loss": 0.2656552571478816,
    "val_seq_acc": 0.9618666666666666,
    "val_char_acc": 0.9922266666666667,
    "val_edit_distance": 0.03886666666666667,
    "val_clean_accuracy": 0.9618666666666666,
    "val_robustness_drop": null,
    "val_restoration_gain": null,
    "val_position_1_acc": 0.9925333333333334,
    "val_position_2_acc": 0.9906,
    "val_position_3_acc": 0.9921333333333333,
    "val_position_4_acc": 0.9925333333333334,
    "val_position_5_acc": 0.9933333333333333,
    "test_loss": 0.2808228593934067,
    "test_seq_acc": 0.9608,
    "test_char_acc": 0.9919866666666667,
    "test_edit_distance": 0.039933333333333335,
    "test_clean_accuracy": 0.9608,
    "test_robustness_drop": null,
    "test_restoration_gain": null,
    "test_position_1_acc": 0.9932,
    "test_position_2_acc": 0.9902,
    "test_position_3_acc": 0.9916666666666667,
    "test_position_4_acc": 0.9922666666666666,
    "test_position_5_acc": 0.9926
}