{
    "epoch": 119,
    "train_loss": 0.00015816651077980536,
    "pretrain_loss": null,
    "finetune_loss": 0.00015816651077980536,
    "pseudo_label_count": 0,
    "pseudo_label_accept_rate": 0.0,
    "mean_pseudo_confidence": 0.0,
    "consistency_loss": 0.0,
    "encoder_stage": "supervised",
    "stn_status": "disabled",
    "stn_regularization_loss": 0.0,
    "val_loss": 0.26256565749441274,
    "val_seq_acc": 0.9608,
    "val_char_acc": 0.9919866666666667,
    "val_edit_distance": 0.04006666666666667,
    "val_clean_accuracy": 0.9608,
    "val_robustness_drop": null,
    "val_restoration_gain": null,
    "val_position_1_acc": 0.992,
    "val_position_2_acc": 0.9907333333333334,
    "val_position_3_acc": 0.9917333333333334,
    "val_position_4_acc": 0.9922666666666666,
    "val_position_5_acc": 0.9932,
    "test_loss": 0.28110680254725,
    "test_seq_acc": 0.9604,
    "test_char_acc": 0.99188,
    "test_edit_distance": 0.040466666666666665,
    "test_clean_accuracy": 0.9604,
    "test_robustness_drop": null,
    "test_restoration_gain": null,
    "test_position_1_acc": 0.9928,
    "test_position_2_acc": 0.9901333333333333,
    "test_position_3_acc": 0.9917333333333334,
    "test_position_4_acc": 0.9918,
    "test_position_5_acc": 0.9929333333333333
}