{
    "epoch": 198,
    "train_loss": 1.6339803936676264e-05,
    "pretrain_loss": null,
    "finetune_loss": 1.6339803936676264e-05,
    "pseudo_label_count": 0,
    "pseudo_label_accept_rate": 0.0,
    "mean_pseudo_confidence": 0.0,
    "consistency_loss": 0.0,
    "encoder_stage": "supervised",
    "stn_status": "disabled",
    "stn_regularization_loss": 0.0,
    "val_loss": 0.2639507489776338,
    "val_seq_acc": 0.9615333333333334,
    "val_char_acc": 0.9921466666666666,
    "val_edit_distance": 0.039266666666666665,
    "val_clean_accuracy": 0.9615333333333334,
    "val_robustness_drop": null,
    "val_restoration_gain": null,
    "val_position_1_acc": 0.9926,
    "val_position_2_acc": 0.9906,
    "val_position_3_acc": 0.9919333333333333,
    "val_position_4_acc": 0.9924666666666667,
    "val_position_5_acc": 0.9931333333333333,
    "test_loss": 0.27810059796987446,
    "test_seq_acc": 0.9614666666666667,
    "test_char_acc": 0.99212,
    "test_edit_distance": 0.039266666666666665,
    "test_clean_accuracy": 0.9614666666666667,
    "test_robustness_drop": null,
    "test_restoration_gain": null,
    "test_position_1_acc": 0.993,
    "test_position_2_acc": 0.9904,
    "test_position_3_acc": 0.9918,
    "test_position_4_acc": 0.9923333333333333,
    "test_position_5_acc": 0.9930666666666667
}