{
    "epoch": 19,
    "train_loss": 0.12358164737322039,
    "pretrain_loss": null,
    "finetune_loss": 0.12358164737322039,
    "pseudo_label_count": 0,
    "pseudo_label_accept_rate": 0.0,
    "mean_pseudo_confidence": 0.0,
    "consistency_loss": 0.0,
    "encoder_stage": "supervised",
    "stn_status": "disabled",
    "stn_regularization_loss": 0.0,
    "val_loss": 0.26287756243601756,
    "val_seq_acc": 0.9369333333333333,
    "val_char_acc": 0.9866933333333333,
    "val_edit_distance": 0.06646666666666666,
    "val_clean_accuracy": 0.9369333333333333,
    "val_robustness_drop": null,
    "val_restoration_gain": null,
    "val_position_1_acc": 0.9894,
    "val_position_2_acc": 0.9853333333333333,
    "val_position_3_acc": 0.9844666666666667,
    "val_position_4_acc": 0.9853333333333333,
    "val_position_5_acc": 0.9889333333333333,
    "test_loss": 0.2514894878372867,
    "test_seq_acc": 0.9371333333333334,
    "test_char_acc": 0.9868,
    "test_edit_distance": 0.06593333333333333,
    "test_clean_accuracy": 0.9371333333333334,
    "test_robustness_drop": null,
    "test_restoration_gain": null,
    "test_position_1_acc": 0.9905333333333334,
    "test_position_2_acc": 0.9837333333333333,
    "test_position_3_acc": 0.9842666666666666,
    "test_position_4_acc": 0.9880666666666666,
    "test_position_5_acc": 0.9874
}