{
    "epoch": 105,
    "train_loss": 0.00017838328117831848,
    "pretrain_loss": null,
    "finetune_loss": 0.00017838328117831848,
    "pseudo_label_count": 0,
    "pseudo_label_accept_rate": 0.0,
    "mean_pseudo_confidence": 0.0,
    "consistency_loss": 0.0,
    "encoder_stage": "supervised",
    "stn_status": "disabled",
    "stn_regularization_loss": 0.0,
    "val_loss": 0.2682833719886479,
    "val_seq_acc": 0.9601333333333333,
    "val_char_acc": 0.9918666666666667,
    "val_edit_distance": 0.04066666666666666,
    "val_clean_accuracy": 0.9601333333333333,
    "val_robustness_drop": null,
    "val_restoration_gain": null,
    "val_position_1_acc": 0.9924666666666667,
    "val_position_2_acc": 0.9906,
    "val_position_3_acc": 0.9915333333333334,
    "val_position_4_acc": 0.9917333333333334,
    "val_position_5_acc": 0.993,
    "test_loss": 0.2870630424721117,
    "test_seq_acc": 0.959,
    "test_char_acc": 0.9915466666666667,
    "test_edit_distance": 0.042133333333333335,
    "test_clean_accuracy": 0.959,
    "test_robustness_drop": null,
    "test_restoration_gain": null,
    "test_position_1_acc": 0.992,
    "test_position_2_acc": 0.9896,
    "test_position_3_acc": 0.9916666666666667,
    "test_position_4_acc": 0.9913333333333333,
    "test_position_5_acc": 0.9931333333333333
}