{
    "epoch": 82,
    "train_loss": 0.00039598963937229964,
    "pretrain_loss": null,
    "finetune_loss": 0.00039598963937229964,
    "pseudo_label_count": 0,
    "pseudo_label_accept_rate": 0.0,
    "mean_pseudo_confidence": 0.0,
    "consistency_loss": 0.0,
    "encoder_stage": "supervised",
    "stn_status": "disabled",
    "stn_regularization_loss": 0.0,
    "val_loss": 0.2540031150130125,
    "val_seq_acc": 0.9597333333333333,
    "val_char_acc": 0.9918133333333333,
    "val_edit_distance": 0.040933333333333335,
    "val_clean_accuracy": 0.9597333333333333,
    "val_robustness_drop": null,
    "val_restoration_gain": null,
    "val_position_1_acc": 0.9923333333333333,
    "val_position_2_acc": 0.9904666666666667,
    "val_position_3_acc": 0.9918666666666667,
    "val_position_4_acc": 0.9916,
    "val_position_5_acc": 0.9928,
    "test_loss": 0.26019902070812406,
    "test_seq_acc": 0.9599333333333333,
    "test_char_acc": 0.9918533333333334,
    "test_edit_distance": 0.0406,
    "test_clean_accuracy": 0.9599333333333333,
    "test_robustness_drop": null,
    "test_restoration_gain": null,
    "test_position_1_acc": 0.993,
    "test_position_2_acc": 0.9899333333333333,
    "test_position_3_acc": 0.9914,
    "test_position_4_acc": 0.9919333333333333,
    "test_position_5_acc": 0.993
}