{
    "epoch": 116,
    "train_loss": 0.0002125429628036447,
    "pretrain_loss": null,
    "finetune_loss": 0.0002125429628036447,
    "pseudo_label_count": 0,
    "pseudo_label_accept_rate": 0.0,
    "mean_pseudo_confidence": 0.0,
    "consistency_loss": 0.0,
    "encoder_stage": "supervised",
    "stn_status": "disabled",
    "stn_regularization_loss": 0.0,
    "val_loss": 0.2640631950074632,
    "val_seq_acc": 0.961,
    "val_char_acc": 0.99204,
    "val_edit_distance": 0.0398,
    "val_clean_accuracy": 0.961,
    "val_robustness_drop": null,
    "val_restoration_gain": null,
    "val_position_1_acc": 0.9921333333333333,
    "val_position_2_acc": 0.9907333333333334,
    "val_position_3_acc": 0.9918,
    "val_position_4_acc": 0.9924,
    "val_position_5_acc": 0.9931333333333333,
    "test_loss": 0.2827049492937844,
    "test_seq_acc": 0.9596666666666667,
    "test_char_acc": 0.9917466666666667,
    "test_edit_distance": 0.041133333333333334,
    "test_clean_accuracy": 0.9596666666666667,
    "test_robustness_drop": null,
    "test_restoration_gain": null,
    "test_position_1_acc": 0.9926666666666667,
    "test_position_2_acc": 0.9899333333333333,
    "test_position_3_acc": 0.9918666666666667,
    "test_position_4_acc": 0.9914,
    "test_position_5_acc": 0.9928666666666667
}