{
    "epoch": 24,
    "train_loss": 0.09840260468807567,
    "pretrain_loss": null,
    "finetune_loss": 0.09840260468807567,
    "pseudo_label_count": 0,
    "pseudo_label_accept_rate": 0.0,
    "mean_pseudo_confidence": 0.0,
    "consistency_loss": 0.0,
    "encoder_stage": "supervised",
    "stn_status": "disabled",
    "stn_regularization_loss": 0.0,
    "val_loss": 0.23474600128235018,
    "val_seq_acc": 0.9426666666666667,
    "val_char_acc": 0.9879066666666667,
    "val_edit_distance": 0.06046666666666667,
    "val_clean_accuracy": 0.9426666666666667,
    "val_robustness_drop": null,
    "val_restoration_gain": null,
    "val_position_1_acc": 0.9902,
    "val_position_2_acc": 0.9864,
    "val_position_3_acc": 0.9866,
    "val_position_4_acc": 0.9865333333333334,
    "val_position_5_acc": 0.9898,
    "test_loss": 0.2375028643757105,
    "test_seq_acc": 0.9427333333333333,
    "test_char_acc": 0.9881466666666666,
    "test_edit_distance": 0.059133333333333336,
    "test_clean_accuracy": 0.9427333333333333,
    "test_robustness_drop": null,
    "test_restoration_gain": null,
    "test_position_1_acc": 0.991,
    "test_position_2_acc": 0.9848666666666667,
    "test_position_3_acc": 0.9862,
    "test_position_4_acc": 0.988,
    "test_position_5_acc": 0.9906666666666667
}