{
    "epoch": 140,
    "train_loss": 4.634650114690391e-05,
    "pretrain_loss": null,
    "finetune_loss": 4.634650114690391e-05,
    "pseudo_label_count": 0,
    "pseudo_label_accept_rate": 0.0,
    "mean_pseudo_confidence": 0.0,
    "consistency_loss": 0.0,
    "encoder_stage": "supervised",
    "stn_status": "disabled",
    "stn_regularization_loss": 0.0,
    "val_loss": 0.26296020146110677,
    "val_seq_acc": 0.9610666666666666,
    "val_char_acc": 0.99208,
    "val_edit_distance": 0.0396,
    "val_clean_accuracy": 0.9610666666666666,
    "val_robustness_drop": null,
    "val_restoration_gain": null,
    "val_position_1_acc": 0.9921333333333333,
    "val_position_2_acc": 0.9908,
    "val_position_3_acc": 0.9919333333333333,
    "val_position_4_acc": 0.9924666666666667,
    "val_position_5_acc": 0.9930666666666667,
    "test_loss": 0.27820133058606555,
    "test_seq_acc": 0.9608666666666666,
    "test_char_acc": 0.992,
    "test_edit_distance": 0.03986666666666667,
    "test_clean_accuracy": 0.9608666666666666,
    "test_robustness_drop": null,
    "test_restoration_gain": null,
    "test_position_1_acc": 0.9930666666666667,
    "test_position_2_acc": 0.9898666666666667,
    "test_position_3_acc": 0.9918,
    "test_position_4_acc": 0.9922,
    "test_position_5_acc": 0.9930666666666667
}