{
    "epoch": 6,
    "train_loss": 0.3368487457110116,
    "pretrain_loss": null,
    "finetune_loss": 0.3368487457110116,
    "pseudo_label_count": 0,
    "pseudo_label_accept_rate": 0.0,
    "mean_pseudo_confidence": 0.0,
    "consistency_loss": 0.0,
    "encoder_stage": "supervised",
    "stn_status": "disabled",
    "stn_regularization_loss": 0.0,
    "val_loss": 0.3321288636231676,
    "val_seq_acc": 0.9088666666666667,
    "val_char_acc": 0.9801733333333333,
    "val_edit_distance": 0.09913333333333334,
    "val_clean_accuracy": 0.9088666666666667,
    "val_robustness_drop": null,
    "val_restoration_gain": null,
    "val_position_1_acc": 0.9847333333333333,
    "val_position_2_acc": 0.9773333333333334,
    "val_position_3_acc": 0.9779333333333333,
    "val_position_4_acc": 0.9770666666666666,
    "val_position_5_acc": 0.9838,
    "test_loss": 0.3266762403414605,
    "test_seq_acc": 0.9088,
    "test_char_acc": 0.9802266666666667,
    "test_edit_distance": 0.09866666666666667,
    "test_clean_accuracy": 0.9088,
    "test_robustness_drop": null,
    "test_restoration_gain": null,
    "test_position_1_acc": 0.9856666666666667,
    "test_position_2_acc": 0.9757333333333333,
    "test_position_3_acc": 0.9770666666666666,
    "test_position_4_acc": 0.9789333333333333,
    "test_position_5_acc": 0.9837333333333333
}