{
    "epoch": 30,
    "train_loss": 0.07261533082667106,
    "pretrain_loss": null,
    "finetune_loss": 0.07261533082667106,
    "pseudo_label_count": 0,
    "pseudo_label_accept_rate": 0.0,
    "mean_pseudo_confidence": 0.0,
    "consistency_loss": 0.0,
    "encoder_stage": "supervised",
    "stn_status": "disabled",
    "stn_regularization_loss": 0.0,
    "val_loss": 0.27287083795749917,
    "val_seq_acc": 0.9405333333333333,
    "val_char_acc": 0.9874933333333333,
    "val_edit_distance": 0.06246666666666666,
    "val_clean_accuracy": 0.9405333333333333,
    "val_robustness_drop": null,
    "val_restoration_gain": null,
    "val_position_1_acc": 0.988,
    "val_position_2_acc": 0.986,
    "val_position_3_acc": 0.9877333333333334,
    "val_position_4_acc": 0.9869333333333333,
    "val_position_5_acc": 0.9888,
    "test_loss": 0.26608107776995354,
    "test_seq_acc": 0.94,
    "test_char_acc": 0.9875466666666667,
    "test_edit_distance": 0.062066666666666666,
    "test_clean_accuracy": 0.94,
    "test_robustness_drop": null,
    "test_restoration_gain": null,
    "test_position_1_acc": 0.9894666666666667,
    "test_position_2_acc": 0.9837333333333333,
    "test_position_3_acc": 0.9873333333333333,
    "test_position_4_acc": 0.9881333333333333,
    "test_position_5_acc": 0.9890666666666666
}