{
    "epoch": 134,
    "train_loss": 4.302371659984694e-05,
    "pretrain_loss": null,
    "finetune_loss": 4.302371659984694e-05,
    "pseudo_label_count": 0,
    "pseudo_label_accept_rate": 0.0,
    "mean_pseudo_confidence": 0.0,
    "consistency_loss": 0.0,
    "encoder_stage": "supervised",
    "stn_status": "disabled",
    "stn_regularization_loss": 0.0,
    "val_loss": 0.2636817611530747,
    "val_seq_acc": 0.961,
    "val_char_acc": 0.9920533333333333,
    "val_edit_distance": 0.039733333333333336,
    "val_clean_accuracy": 0.961,
    "val_robustness_drop": null,
    "val_restoration_gain": null,
    "val_position_1_acc": 0.9922666666666666,
    "val_position_2_acc": 0.9906666666666667,
    "val_position_3_acc": 0.9919333333333333,
    "val_position_4_acc": 0.9922666666666666,
    "val_position_5_acc": 0.9931333333333333,
    "test_loss": 0.2793918131053265,
    "test_seq_acc": 0.9600666666666666,
    "test_char_acc": 0.9918266666666666,
    "test_edit_distance": 0.04073333333333334,
    "test_clean_accuracy": 0.9600666666666666,
    "test_robustness_drop": null,
    "test_restoration_gain": null,
    "test_position_1_acc": 0.9928666666666667,
    "test_position_2_acc": 0.9900666666666667,
    "test_position_3_acc": 0.9918,
    "test_position_4_acc": 0.9918,
    "test_position_5_acc": 0.9926
}