{
    "epoch": 81,
    "train_loss": 0.0006214776479486812,
    "pretrain_loss": null,
    "finetune_loss": 0.0006214776479486812,
    "pseudo_label_count": 0,
    "pseudo_label_accept_rate": 0.0,
    "mean_pseudo_confidence": 0.0,
    "consistency_loss": 0.0,
    "encoder_stage": "supervised",
    "stn_status": "disabled",
    "stn_regularization_loss": 0.0,
    "val_loss": 0.2569421815743903,
    "val_seq_acc": 0.96,
    "val_char_acc": 0.9918533333333334,
    "val_edit_distance": 0.04073333333333334,
    "val_clean_accuracy": 0.96,
    "val_robustness_drop": null,
    "val_restoration_gain": null,
    "val_position_1_acc": 0.9924,
    "val_position_2_acc": 0.9906,
    "val_position_3_acc": 0.9920666666666667,
    "val_position_4_acc": 0.9914,
    "val_position_5_acc": 0.9928,
    "test_loss": 0.2636712731100759,
    "test_seq_acc": 0.9597333333333333,
    "test_char_acc": 0.99176,
    "test_edit_distance": 0.04106666666666667,
    "test_clean_accuracy": 0.9597333333333333,
    "test_robustness_drop": null,
    "test_restoration_gain": null,
    "test_position_1_acc": 0.9928,
    "test_position_2_acc": 0.9898666666666667,
    "test_position_3_acc": 0.9909333333333333,
    "test_position_4_acc": 0.992,
    "test_position_5_acc": 0.9932
}