{
    "epoch": 15,
    "train_loss": 0.15169221371188565,
    "pretrain_loss": null,
    "finetune_loss": 0.15169221371188565,
    "pseudo_label_count": 0,
    "pseudo_label_accept_rate": 0.0,
    "mean_pseudo_confidence": 0.0,
    "consistency_loss": 0.0,
    "encoder_stage": "supervised",
    "stn_status": "disabled",
    "stn_regularization_loss": 0.0,
    "val_loss": 0.34364674688970787,
    "val_seq_acc": 0.9126666666666666,
    "val_char_acc": 0.9813866666666666,
    "val_edit_distance": 0.09306666666666667,
    "val_clean_accuracy": 0.9126666666666666,
    "val_robustness_drop": null,
    "val_restoration_gain": null,
    "val_position_1_acc": 0.9854,
    "val_position_2_acc": 0.9795333333333334,
    "val_position_3_acc": 0.9802,
    "val_position_4_acc": 0.9778666666666667,
    "val_position_5_acc": 0.9839333333333333,
    "test_loss": 0.32931655115111075,
    "test_seq_acc": 0.9157333333333333,
    "test_char_acc": 0.98224,
    "test_edit_distance": 0.08873333333333333,
    "test_clean_accuracy": 0.9157333333333333,
    "test_robustness_drop": null,
    "test_restoration_gain": null,
    "test_position_1_acc": 0.9876,
    "test_position_2_acc": 0.9788,
    "test_position_3_acc": 0.9803333333333333,
    "test_position_4_acc": 0.9809333333333333,
    "test_position_5_acc": 0.9835333333333334
}