{
    "epoch": 47,
    "train_loss": 0.04576101903235248,
    "pretrain_loss": null,
    "finetune_loss": 0.04576101903235248,
    "pseudo_label_count": 0,
    "pseudo_label_accept_rate": 0.0,
    "mean_pseudo_confidence": 0.0,
    "consistency_loss": 0.0,
    "encoder_stage": "supervised",
    "stn_status": "disabled",
    "stn_regularization_loss": 0.0,
    "val_loss": 0.2573181421119482,
    "val_seq_acc": 0.9485333333333333,
    "val_char_acc": 0.9893866666666666,
    "val_edit_distance": 0.053066666666666665,
    "val_clean_accuracy": 0.9485333333333333,
    "val_robustness_drop": null,
    "val_restoration_gain": null,
    "val_position_1_acc": 0.9906666666666667,
    "val_position_2_acc": 0.9881333333333333,
    "val_position_3_acc": 0.9896,
    "val_position_4_acc": 0.9874666666666667,
    "val_position_5_acc": 0.9910666666666667,
    "test_loss": 0.26610361218670425,
    "test_seq_acc": 0.947,
    "test_char_acc": 0.98896,
    "test_edit_distance": 0.055,
    "test_clean_accuracy": 0.947,
    "test_robustness_drop": null,
    "test_restoration_gain": null,
    "test_position_1_acc": 0.99,
    "test_position_2_acc": 0.9868666666666667,
    "test_position_3_acc": 0.9888666666666667,
    "test_position_4_acc": 0.9888666666666667,
    "test_position_5_acc": 0.9902
}