{
    "epoch": 129,
    "train_loss": 6.061527914919753e-05,
    "pretrain_loss": null,
    "finetune_loss": 6.061527914919753e-05,
    "pseudo_label_count": 0,
    "pseudo_label_accept_rate": 0.0,
    "mean_pseudo_confidence": 0.0,
    "consistency_loss": 0.0,
    "encoder_stage": "supervised",
    "stn_status": "disabled",
    "stn_regularization_loss": 0.0,
    "val_loss": 0.2603482019352049,
    "val_seq_acc": 0.9616666666666667,
    "val_char_acc": 0.9921866666666667,
    "val_edit_distance": 0.039066666666666666,
    "val_clean_accuracy": 0.9616666666666667,
    "val_robustness_drop": null,
    "val_restoration_gain": null,
    "val_position_1_acc": 0.9924,
    "val_position_2_acc": 0.9911333333333333,
    "val_position_3_acc": 0.9920666666666667,
    "val_position_4_acc": 0.992,
    "val_position_5_acc": 0.9933333333333333,
    "test_loss": 0.27721228405721426,
    "test_seq_acc": 0.9607333333333333,
    "test_char_acc": 0.99196,
    "test_edit_distance": 0.04006666666666667,
    "test_clean_accuracy": 0.9607333333333333,
    "test_robustness_drop": null,
    "test_restoration_gain": null,
    "test_position_1_acc": 0.9930666666666667,
    "test_position_2_acc": 0.9904666666666667,
    "test_position_3_acc": 0.9918666666666667,
    "test_position_4_acc": 0.9918666666666667,
    "test_position_5_acc": 0.9925333333333334
}