{
    "epoch": 100,
    "train_loss": 0.0002286532986864745,
    "pretrain_loss": null,
    "finetune_loss": 0.0002286532986864745,
    "pseudo_label_count": 0,
    "pseudo_label_accept_rate": 0.0,
    "mean_pseudo_confidence": 0.0,
    "consistency_loss": 0.0,
    "encoder_stage": "supervised",
    "stn_status": "disabled",
    "stn_regularization_loss": 0.0,
    "val_loss": 0.27498721863772285,
    "val_seq_acc": 0.9589333333333333,
    "val_char_acc": 0.9916533333333334,
    "val_edit_distance": 0.04173333333333333,
    "val_clean_accuracy": 0.9589333333333333,
    "val_robustness_drop": null,
    "val_restoration_gain": null,
    "val_position_1_acc": 0.9914666666666667,
    "val_position_2_acc": 0.9903333333333333,
    "val_position_3_acc": 0.9915333333333334,
    "val_position_4_acc": 0.9917333333333334,
    "val_position_5_acc": 0.9932,
    "test_loss": 0.2943936704731346,
    "test_seq_acc": 0.9586,
    "test_char_acc": 0.9915066666666666,
    "test_edit_distance": 0.042333333333333334,
    "test_clean_accuracy": 0.9586,
    "test_robustness_drop": null,
    "test_restoration_gain": null,
    "test_position_1_acc": 0.9928666666666667,
    "test_position_2_acc": 0.989,
    "test_position_3_acc": 0.9916666666666667,
    "test_position_4_acc": 0.9916,
    "test_position_5_acc": 0.9924
}