{
    "epoch": 194,
    "train_loss": 2.130081791301682e-05,
    "pretrain_loss": null,
    "finetune_loss": 2.130081791301682e-05,
    "pseudo_label_count": 0,
    "pseudo_label_accept_rate": 0.0,
    "mean_pseudo_confidence": 0.0,
    "consistency_loss": 0.0,
    "encoder_stage": "supervised",
    "stn_status": "disabled",
    "stn_regularization_loss": 0.0,
    "val_loss": 0.265273807429875,
    "val_seq_acc": 0.9616,
    "val_char_acc": 0.9921733333333334,
    "val_edit_distance": 0.03913333333333333,
    "val_clean_accuracy": 0.9616,
    "val_robustness_drop": null,
    "val_restoration_gain": null,
    "val_position_1_acc": 0.9924,
    "val_position_2_acc": 0.9908666666666667,
    "val_position_3_acc": 0.9918666666666667,
    "val_position_4_acc": 0.9925333333333334,
    "val_position_5_acc": 0.9932,
    "test_loss": 0.27957570792436903,
    "test_seq_acc": 0.9619333333333333,
    "test_char_acc": 0.9922133333333333,
    "test_edit_distance": 0.0388,
    "test_clean_accuracy": 0.9619333333333333,
    "test_robustness_drop": null,
    "test_restoration_gain": null,
    "test_position_1_acc": 0.993,
    "test_position_2_acc": 0.9904666666666667,
    "test_position_3_acc": 0.9920666666666667,
    "test_position_4_acc": 0.9923333333333333,
    "test_position_5_acc": 0.9932
}