{
    "epoch": 164,
    "train_loss": 2.8528570320416034e-05,
    "pretrain_loss": null,
    "finetune_loss": 2.8528570320416034e-05,
    "pseudo_label_count": 0,
    "pseudo_label_accept_rate": 0.0,
    "mean_pseudo_confidence": 0.0,
    "consistency_loss": 0.0,
    "encoder_stage": "supervised",
    "stn_status": "disabled",
    "stn_regularization_loss": 0.0,
    "val_loss": 0.26332548713237186,
    "val_seq_acc": 0.9616,
    "val_char_acc": 0.9921733333333334,
    "val_edit_distance": 0.03913333333333333,
    "val_clean_accuracy": 0.9616,
    "val_robustness_drop": null,
    "val_restoration_gain": null,
    "val_position_1_acc": 0.9926666666666667,
    "val_position_2_acc": 0.9905333333333334,
    "val_position_3_acc": 0.9920666666666667,
    "val_position_4_acc": 0.9924,
    "val_position_5_acc": 0.9932,
    "test_loss": 0.276745018660515,
    "test_seq_acc": 0.9614,
    "test_char_acc": 0.9921066666666667,
    "test_edit_distance": 0.03933333333333333,
    "test_clean_accuracy": 0.9614,
    "test_robustness_drop": null,
    "test_restoration_gain": null,
    "test_position_1_acc": 0.9934,
    "test_position_2_acc": 0.9901333333333333,
    "test_position_3_acc": 0.9916666666666667,
    "test_position_4_acc": 0.9924,
    "test_position_5_acc": 0.9929333333333333
}