{
    "epoch": 46,
    "train_loss": 0.04723072538362675,
    "pretrain_loss": null,
    "finetune_loss": 0.04723072538362675,
    "pseudo_label_count": 0,
    "pseudo_label_accept_rate": 0.0,
    "mean_pseudo_confidence": 0.0,
    "consistency_loss": 0.0,
    "encoder_stage": "supervised",
    "stn_status": "disabled",
    "stn_regularization_loss": 0.0,
    "val_loss": 0.4204792612670683,
    "val_seq_acc": 0.9288666666666666,
    "val_char_acc": 0.98512,
    "val_edit_distance": 0.07433333333333333,
    "val_clean_accuracy": 0.9288666666666666,
    "val_robustness_drop": null,
    "val_restoration_gain": null,
    "val_position_1_acc": 0.987,
    "val_position_2_acc": 0.9848666666666667,
    "val_position_3_acc": 0.9845333333333334,
    "val_position_4_acc": 0.9830666666666666,
    "val_position_5_acc": 0.9861333333333333,
    "test_loss": 0.42665306830263516,
    "test_seq_acc": 0.9297333333333333,
    "test_char_acc": 0.9852666666666666,
    "test_edit_distance": 0.0736,
    "test_clean_accuracy": 0.9297333333333333,
    "test_robustness_drop": null,
    "test_restoration_gain": null,
    "test_position_1_acc": 0.9862666666666666,
    "test_position_2_acc": 0.9849333333333333,
    "test_position_3_acc": 0.9846666666666667,
    "test_position_4_acc": 0.9839333333333333,
    "test_position_5_acc": 0.9865333333333334
}