{
    "epoch": 1,
    "train_loss": 7.967686717721874,
    "pretrain_loss": null,
    "finetune_loss": 7.967686717721874,
    "pseudo_label_count": 0,
    "pseudo_label_accept_rate": 0.0,
    "mean_pseudo_confidence": 0.0,
    "consistency_loss": 0.0,
    "encoder_stage": "supervised",
    "stn_status": "disabled",
    "stn_regularization_loss": 0.0,
    "val_loss": 1.4424554662501559,
    "val_seq_acc": 0.6458,
    "val_char_acc": 0.9108533333333333,
    "val_edit_distance": 0.4454,
    "val_clean_accuracy": 0.6458,
    "val_robustness_drop": null,
    "val_restoration_gain": null,
    "val_position_1_acc": 0.9012,
    "val_position_2_acc": 0.8989333333333334,
    "val_position_3_acc": 0.896,
    "val_position_4_acc": 0.9174666666666667,
    "val_position_5_acc": 0.9406666666666667,
    "test_loss": 1.454974683294905,
    "test_seq_acc": 0.6391333333333333,
    "test_char_acc": 0.90888,
    "test_edit_distance": 0.45526666666666665,
    "test_clean_accuracy": 0.6391333333333333,
    "test_robustness_drop": null,
    "test_restoration_gain": null,
    "test_position_1_acc": 0.9003333333333333,
    "test_position_2_acc": 0.8969333333333334,
    "test_position_3_acc": 0.8901333333333333,
    "test_position_4_acc": 0.9163333333333333,
    "test_position_5_acc": 0.9406666666666667
}