{
    "epoch": 175,
    "train_loss": 2.6897136401046443e-05,
    "pretrain_loss": null,
    "finetune_loss": 2.6897136401046443e-05,
    "pseudo_label_count": 0,
    "pseudo_label_accept_rate": 0.0,
    "mean_pseudo_confidence": 0.0,
    "consistency_loss": 0.0,
    "encoder_stage": "supervised",
    "stn_status": "disabled",
    "stn_regularization_loss": 0.0,
    "val_loss": 0.26489262615619313,
    "val_seq_acc": 0.9617333333333333,
    "val_char_acc": 0.9922,
    "val_edit_distance": 0.039,
    "val_clean_accuracy": 0.9617333333333333,
    "val_robustness_drop": null,
    "val_restoration_gain": null,
    "val_position_1_acc": 0.9924666666666667,
    "val_position_2_acc": 0.9908666666666667,
    "val_position_3_acc": 0.992,
    "val_position_4_acc": 0.9926,
    "val_position_5_acc": 0.9930666666666667,
    "test_loss": 0.27876871662657815,
    "test_seq_acc": 0.9610666666666666,
    "test_char_acc": 0.99204,
    "test_edit_distance": 0.03966666666666667,
    "test_clean_accuracy": 0.9610666666666666,
    "test_robustness_drop": null,
    "test_restoration_gain": null,
    "test_position_1_acc": 0.9933333333333333,
    "test_position_2_acc": 0.9900666666666667,
    "test_position_3_acc": 0.9916666666666667,
    "test_position_4_acc": 0.9924,
    "test_position_5_acc": 0.9927333333333334
}