{
    "epoch": 85,
    "train_loss": 0.0008695549750626028,
    "pretrain_loss": null,
    "finetune_loss": 0.0008695549750626028,
    "pseudo_label_count": 0,
    "pseudo_label_accept_rate": 0.0,
    "mean_pseudo_confidence": 0.0,
    "consistency_loss": 0.0,
    "encoder_stage": "supervised",
    "stn_status": "disabled",
    "stn_regularization_loss": 0.0,
    "val_loss": 0.24893991338061863,
    "val_seq_acc": 0.9596,
    "val_char_acc": 0.9918,
    "val_edit_distance": 0.041,
    "val_clean_accuracy": 0.9596,
    "val_robustness_drop": null,
    "val_restoration_gain": null,
    "val_position_1_acc": 0.992,
    "val_position_2_acc": 0.9904666666666667,
    "val_position_3_acc": 0.9918666666666667,
    "val_position_4_acc": 0.9915333333333334,
    "val_position_5_acc": 0.9931333333333333,
    "test_loss": 0.26001642066242486,
    "test_seq_acc": 0.9588,
    "test_char_acc": 0.9916,
    "test_edit_distance": 0.04186666666666667,
    "test_clean_accuracy": 0.9588,
    "test_robustness_drop": null,
    "test_restoration_gain": null,
    "test_position_1_acc": 0.9931333333333333,
    "test_position_2_acc": 0.9897333333333334,
    "test_position_3_acc": 0.9914,
    "test_position_4_acc": 0.9915333333333334,
    "test_position_5_acc": 0.9922
}