{
    "epoch": 58,
    "train_loss": 0.002387102638474178,
    "pretrain_loss": null,
    "finetune_loss": 0.002387102638474178,
    "pseudo_label_count": 0,
    "pseudo_label_accept_rate": 0.0,
    "mean_pseudo_confidence": 0.0,
    "consistency_loss": 0.0,
    "encoder_stage": "supervised",
    "stn_status": "disabled",
    "stn_regularization_loss": 0.0,
    "val_loss": 0.21010128915361923,
    "val_seq_acc": 0.9592,
    "val_char_acc": 0.99168,
    "val_edit_distance": 0.0416,
    "val_clean_accuracy": 0.9592,
    "val_robustness_drop": null,
    "val_restoration_gain": null,
    "val_position_1_acc": 0.9919333333333333,
    "val_position_2_acc": 0.9905333333333334,
    "val_position_3_acc": 0.9918666666666667,
    "val_position_4_acc": 0.9914666666666667,
    "val_position_5_acc": 0.9926,
    "test_loss": 0.21808095329250407,
    "test_seq_acc": 0.9592666666666667,
    "test_char_acc": 0.99168,
    "test_edit_distance": 0.041466666666666666,
    "test_clean_accuracy": 0.9592666666666667,
    "test_robustness_drop": null,
    "test_restoration_gain": null,
    "test_position_1_acc": 0.9928666666666667,
    "test_position_2_acc": 0.9891333333333333,
    "test_position_3_acc": 0.9913333333333333,
    "test_position_4_acc": 0.9924666666666667,
    "test_position_5_acc": 0.9926
}