{
    "epoch": 94,
    "train_loss": 0.0005842133416589373,
    "pretrain_loss": null,
    "finetune_loss": 0.0005842133416589373,
    "pseudo_label_count": 0,
    "pseudo_label_accept_rate": 0.0,
    "mean_pseudo_confidence": 0.0,
    "consistency_loss": 0.0,
    "encoder_stage": "supervised",
    "stn_status": "disabled",
    "stn_regularization_loss": 0.0,
    "val_loss": 0.26329677499952014,
    "val_seq_acc": 0.9608,
    "val_char_acc": 0.99196,
    "val_edit_distance": 0.0402,
    "val_clean_accuracy": 0.9608,
    "val_robustness_drop": null,
    "val_restoration_gain": null,
    "val_position_1_acc": 0.9921333333333333,
    "val_position_2_acc": 0.991,
    "val_position_3_acc": 0.992,
    "val_position_4_acc": 0.9920666666666667,
    "val_position_5_acc": 0.9926,
    "test_loss": 0.27845130831608794,
    "test_seq_acc": 0.9591333333333333,
    "test_char_acc": 0.9916533333333334,
    "test_edit_distance": 0.04173333333333333,
    "test_clean_accuracy": 0.9591333333333333,
    "test_robustness_drop": null,
    "test_restoration_gain": null,
    "test_position_1_acc": 0.9928,
    "test_position_2_acc": 0.9894666666666667,
    "test_position_3_acc": 0.9918,
    "test_position_4_acc": 0.9916,
    "test_position_5_acc": 0.9926
}