{
    "epoch": 40,
    "train_loss": 0.05373124768179367,
    "pretrain_loss": null,
    "finetune_loss": 0.05373124768179367,
    "pseudo_label_count": 0,
    "pseudo_label_accept_rate": 0.0,
    "mean_pseudo_confidence": 0.0,
    "consistency_loss": 0.0,
    "encoder_stage": "supervised",
    "stn_status": "disabled",
    "stn_regularization_loss": 0.0,
    "val_loss": 0.2501555918814971,
    "val_seq_acc": 0.9502,
    "val_char_acc": 0.98976,
    "val_edit_distance": 0.0512,
    "val_clean_accuracy": 0.9502,
    "val_robustness_drop": null,
    "val_restoration_gain": null,
    "val_position_1_acc": 0.9912,
    "val_position_2_acc": 0.9882,
    "val_position_3_acc": 0.9901333333333333,
    "val_position_4_acc": 0.9878666666666667,
    "val_position_5_acc": 0.9914,
    "test_loss": 0.24899910554126342,
    "test_seq_acc": 0.9466666666666667,
    "test_char_acc": 0.98904,
    "test_edit_distance": 0.054733333333333335,
    "test_clean_accuracy": 0.9466666666666667,
    "test_robustness_drop": null,
    "test_restoration_gain": null,
    "test_position_1_acc": 0.9924,
    "test_position_2_acc": 0.9858,
    "test_position_3_acc": 0.9876,
    "test_position_4_acc": 0.9886666666666667,
    "test_position_5_acc": 0.9907333333333334
}