{
    "epoch": 145,
    "train_loss": 3.016990544435784e-05,
    "pretrain_loss": null,
    "finetune_loss": 3.016990544435784e-05,
    "pseudo_label_count": 0,
    "pseudo_label_accept_rate": 0.0,
    "mean_pseudo_confidence": 0.0,
    "consistency_loss": 0.0,
    "encoder_stage": "supervised",
    "stn_status": "disabled",
    "stn_regularization_loss": 0.0,
    "val_loss": 0.26854717138994216,
    "val_seq_acc": 0.9614,
    "val_char_acc": 0.9921466666666666,
    "val_edit_distance": 0.039266666666666665,
    "val_clean_accuracy": 0.9614,
    "val_robustness_drop": null,
    "val_restoration_gain": null,
    "val_position_1_acc": 0.9925333333333334,
    "val_position_2_acc": 0.9908666666666667,
    "val_position_3_acc": 0.9918666666666667,
    "val_position_4_acc": 0.9925333333333334,
    "val_position_5_acc": 0.9929333333333333,
    "test_loss": 0.2818742791732435,
    "test_seq_acc": 0.9610666666666666,
    "test_char_acc": 0.99204,
    "test_edit_distance": 0.03966666666666667,
    "test_clean_accuracy": 0.9610666666666666,
    "test_robustness_drop": null,
    "test_restoration_gain": null,
    "test_position_1_acc": 0.9928,
    "test_position_2_acc": 0.9900666666666667,
    "test_position_3_acc": 0.9922,
    "test_position_4_acc": 0.9920666666666667,
    "test_position_5_acc": 0.9930666666666667
}