{
    "epoch": 56,
    "train_loss": 0.0029392157070599824,
    "pretrain_loss": null,
    "finetune_loss": 0.0029392157070599824,
    "pseudo_label_count": 0,
    "pseudo_label_accept_rate": 0.0,
    "mean_pseudo_confidence": 0.0,
    "consistency_loss": 0.0,
    "encoder_stage": "supervised",
    "stn_status": "disabled",
    "stn_regularization_loss": 0.0,
    "val_loss": 0.20056442036795025,
    "val_seq_acc": 0.9598666666666666,
    "val_char_acc": 0.9918133333333333,
    "val_edit_distance": 0.040933333333333335,
    "val_clean_accuracy": 0.9598666666666666,
    "val_robustness_drop": null,
    "val_restoration_gain": null,
    "val_position_1_acc": 0.992,
    "val_position_2_acc": 0.9906,
    "val_position_3_acc": 0.9923333333333333,
    "val_position_4_acc": 0.9916666666666667,
    "val_position_5_acc": 0.9924666666666667,
    "test_loss": 0.21177470465201545,
    "test_seq_acc": 0.9576,
    "test_char_acc": 0.9912933333333334,
    "test_edit_distance": 0.043333333333333335,
    "test_clean_accuracy": 0.9576,
    "test_robustness_drop": null,
    "test_restoration_gain": null,
    "test_position_1_acc": 0.9927333333333334,
    "test_position_2_acc": 0.9889333333333333,
    "test_position_3_acc": 0.9910666666666667,
    "test_position_4_acc": 0.9912666666666666,
    "test_position_5_acc": 0.9924666666666667
}