{
    "epoch": 18,
    "train_loss": 0.12941290535441266,
    "pretrain_loss": null,
    "finetune_loss": 0.12941290535441266,
    "pseudo_label_count": 0,
    "pseudo_label_accept_rate": 0.0,
    "mean_pseudo_confidence": 0.0,
    "consistency_loss": 0.0,
    "encoder_stage": "supervised",
    "stn_status": "disabled",
    "stn_regularization_loss": 0.0,
    "val_loss": 0.2631153468042612,
    "val_seq_acc": 0.9322,
    "val_char_acc": 0.9855333333333334,
    "val_edit_distance": 0.07226666666666667,
    "val_clean_accuracy": 0.9322,
    "val_robustness_drop": null,
    "val_restoration_gain": null,
    "val_position_1_acc": 0.9861333333333333,
    "val_position_2_acc": 0.9838666666666667,
    "val_position_3_acc": 0.985,
    "val_position_4_acc": 0.9836666666666667,
    "val_position_5_acc": 0.989,
    "test_loss": 0.2648111166392869,
    "test_seq_acc": 0.9324666666666667,
    "test_char_acc": 0.9858266666666666,
    "test_edit_distance": 0.07073333333333333,
    "test_clean_accuracy": 0.9324666666666667,
    "test_robustness_drop": null,
    "test_restoration_gain": null,
    "test_position_1_acc": 0.9862666666666666,
    "test_position_2_acc": 0.9837333333333333,
    "test_position_3_acc": 0.9842,
    "test_position_4_acc": 0.9866666666666667,
    "test_position_5_acc": 0.9882666666666666
}