{
    "epoch": 193,
    "train_loss": 2.1304213227417214e-05,
    "pretrain_loss": null,
    "finetune_loss": 2.1304213227417214e-05,
    "pseudo_label_count": 0,
    "pseudo_label_accept_rate": 0.0,
    "mean_pseudo_confidence": 0.0,
    "consistency_loss": 0.0,
    "encoder_stage": "supervised",
    "stn_status": "disabled",
    "stn_regularization_loss": 0.0,
    "val_loss": 0.26483165693174904,
    "val_seq_acc": 0.9617333333333333,
    "val_char_acc": 0.9922133333333333,
    "val_edit_distance": 0.038933333333333334,
    "val_clean_accuracy": 0.9617333333333333,
    "val_robustness_drop": null,
    "val_restoration_gain": null,
    "val_position_1_acc": 0.9926666666666667,
    "val_position_2_acc": 0.9908,
    "val_position_3_acc": 0.992,
    "val_position_4_acc": 0.9924,
    "val_position_5_acc": 0.9932,
    "test_loss": 0.27977015096446295,
    "test_seq_acc": 0.9618,
    "test_char_acc": 0.9921866666666667,
    "test_edit_distance": 0.038933333333333334,
    "test_clean_accuracy": 0.9618,
    "test_robustness_drop": null,
    "test_restoration_gain": null,
    "test_position_1_acc": 0.9934,
    "test_position_2_acc": 0.9899333333333333,
    "test_position_3_acc": 0.992,
    "test_position_4_acc": 0.9924,
    "test_position_5_acc": 0.9932
}