{
    "epoch": 66,
    "train_loss": 0.0009627212335739477,
    "pretrain_loss": null,
    "finetune_loss": 0.0009627212335739477,
    "pseudo_label_count": 0,
    "pseudo_label_accept_rate": 0.0,
    "mean_pseudo_confidence": 0.0,
    "consistency_loss": 0.0,
    "encoder_stage": "supervised",
    "stn_status": "disabled",
    "stn_regularization_loss": 0.0,
    "val_loss": 0.21994524036601162,
    "val_seq_acc": 0.9606,
    "val_char_acc": 0.992,
    "val_edit_distance": 0.04,
    "val_clean_accuracy": 0.9606,
    "val_robustness_drop": null,
    "val_restoration_gain": null,
    "val_position_1_acc": 0.9917333333333334,
    "val_position_2_acc": 0.9909333333333333,
    "val_position_3_acc": 0.9924666666666667,
    "val_position_4_acc": 0.9920666666666667,
    "val_position_5_acc": 0.9928,
    "test_loss": 0.23683528286724237,
    "test_seq_acc": 0.9604,
    "test_char_acc": 0.9918666666666667,
    "test_edit_distance": 0.04053333333333333,
    "test_clean_accuracy": 0.9604,
    "test_robustness_drop": null,
    "test_restoration_gain": null,
    "test_position_1_acc": 0.9927333333333334,
    "test_position_2_acc": 0.9905333333333334,
    "test_position_3_acc": 0.9915333333333334,
    "test_position_4_acc": 0.9917333333333334,
    "test_position_5_acc": 0.9928
}