{
    "epoch": 73,
    "train_loss": 0.0009716061634091659,
    "pretrain_loss": null,
    "finetune_loss": 0.0009716061634091659,
    "pseudo_label_count": 0,
    "pseudo_label_accept_rate": 0.0,
    "mean_pseudo_confidence": 0.0,
    "consistency_loss": 0.0,
    "encoder_stage": "supervised",
    "stn_status": "disabled",
    "stn_regularization_loss": 0.0,
    "val_loss": 0.23471051618627747,
    "val_seq_acc": 0.9606666666666667,
    "val_char_acc": 0.99196,
    "val_edit_distance": 0.0402,
    "val_clean_accuracy": 0.9606666666666667,
    "val_robustness_drop": null,
    "val_restoration_gain": null,
    "val_position_1_acc": 0.9924666666666667,
    "val_position_2_acc": 0.9909333333333333,
    "val_position_3_acc": 0.9917333333333334,
    "val_position_4_acc": 0.9918,
    "val_position_5_acc": 0.9928666666666667,
    "test_loss": 0.23963585653994396,
    "test_seq_acc": 0.9608666666666666,
    "test_char_acc": 0.9920133333333333,
    "test_edit_distance": 0.0398,
    "test_clean_accuracy": 0.9608666666666666,
    "test_robustness_drop": null,
    "test_restoration_gain": null,
    "test_position_1_acc": 0.993,
    "test_position_2_acc": 0.9904666666666667,
    "test_position_3_acc": 0.9914,
    "test_position_4_acc": 0.9925333333333334,
    "test_position_5_acc": 0.9926666666666667
}