{
    "epoch": 31,
    "train_loss": 0.07045946186791385,
    "pretrain_loss": null,
    "finetune_loss": 0.07045946186791385,
    "pseudo_label_count": 0,
    "pseudo_label_accept_rate": 0.0,
    "mean_pseudo_confidence": 0.0,
    "consistency_loss": 0.0,
    "encoder_stage": "supervised",
    "stn_status": "disabled",
    "stn_regularization_loss": 0.0,
    "val_loss": 0.27234899788758066,
    "val_seq_acc": 0.9418,
    "val_char_acc": 0.98788,
    "val_edit_distance": 0.060533333333333335,
    "val_clean_accuracy": 0.9418,
    "val_robustness_drop": null,
    "val_restoration_gain": null,
    "val_position_1_acc": 0.9898,
    "val_position_2_acc": 0.9862,
    "val_position_3_acc": 0.9876666666666667,
    "val_position_4_acc": 0.9857333333333334,
    "val_position_5_acc": 0.99,
    "test_loss": 0.2640641014527609,
    "test_seq_acc": 0.9429333333333333,
    "test_char_acc": 0.98812,
    "test_edit_distance": 0.05926666666666667,
    "test_clean_accuracy": 0.9429333333333333,
    "test_robustness_drop": null,
    "test_restoration_gain": null,
    "test_position_1_acc": 0.9917333333333334,
    "test_position_2_acc": 0.9844666666666667,
    "test_position_3_acc": 0.9866666666666667,
    "test_position_4_acc": 0.9892,
    "test_position_5_acc": 0.9885333333333334
}