{
    "epoch": 106,
    "train_loss": 0.00016540303568747994,
    "pretrain_loss": null,
    "finetune_loss": 0.00016540303568747994,
    "pseudo_label_count": 0,
    "pseudo_label_accept_rate": 0.0,
    "mean_pseudo_confidence": 0.0,
    "consistency_loss": 0.0,
    "encoder_stage": "supervised",
    "stn_status": "disabled",
    "stn_regularization_loss": 0.0,
    "val_loss": 0.2634718515836675,
    "val_seq_acc": 0.9602666666666667,
    "val_char_acc": 0.99188,
    "val_edit_distance": 0.0406,
    "val_clean_accuracy": 0.9602666666666667,
    "val_robustness_drop": null,
    "val_restoration_gain": null,
    "val_position_1_acc": 0.9922,
    "val_position_2_acc": 0.9905333333333334,
    "val_position_3_acc": 0.9917333333333334,
    "val_position_4_acc": 0.9919333333333333,
    "val_position_5_acc": 0.993,
    "test_loss": 0.2814589298988373,
    "test_seq_acc": 0.9598666666666666,
    "test_char_acc": 0.9917466666666667,
    "test_edit_distance": 0.041133333333333334,
    "test_clean_accuracy": 0.9598666666666666,
    "test_robustness_drop": null,
    "test_restoration_gain": null,
    "test_position_1_acc": 0.9928,
    "test_position_2_acc": 0.9895333333333334,
    "test_position_3_acc": 0.992,
    "test_position_4_acc": 0.9916,
    "test_position_5_acc": 0.9928
}