{
    "epoch": 156,
    "train_loss": 3.7845203720594004e-05,
    "pretrain_loss": null,
    "finetune_loss": 3.7845203720594004e-05,
    "pseudo_label_count": 0,
    "pseudo_label_accept_rate": 0.0,
    "mean_pseudo_confidence": 0.0,
    "consistency_loss": 0.0,
    "encoder_stage": "supervised",
    "stn_status": "disabled",
    "stn_regularization_loss": 0.0,
    "val_loss": 0.26257615387479494,
    "val_seq_acc": 0.9615333333333334,
    "val_char_acc": 0.9921466666666666,
    "val_edit_distance": 0.039266666666666665,
    "val_clean_accuracy": 0.9615333333333334,
    "val_robustness_drop": null,
    "val_restoration_gain": null,
    "val_position_1_acc": 0.9923333333333333,
    "val_position_2_acc": 0.9909333333333333,
    "val_position_3_acc": 0.992,
    "val_position_4_acc": 0.9924,
    "val_position_5_acc": 0.9930666666666667,
    "test_loss": 0.2764168019525917,
    "test_seq_acc": 0.9612,
    "test_char_acc": 0.9920666666666667,
    "test_edit_distance": 0.03953333333333333,
    "test_clean_accuracy": 0.9612,
    "test_robustness_drop": null,
    "test_restoration_gain": null,
    "test_position_1_acc": 0.9932,
    "test_position_2_acc": 0.9902,
    "test_position_3_acc": 0.9916666666666667,
    "test_position_4_acc": 0.9922,
    "test_position_5_acc": 0.9930666666666667
}