{
    "epoch": 11,
    "train_loss": 0.20660821304172666,
    "pretrain_loss": null,
    "finetune_loss": 0.20660821304172666,
    "pseudo_label_count": 0,
    "pseudo_label_accept_rate": 0.0,
    "mean_pseudo_confidence": 0.0,
    "consistency_loss": 0.0,
    "encoder_stage": "supervised",
    "stn_status": "disabled",
    "stn_regularization_loss": 0.0,
    "val_loss": 0.3176348417918099,
    "val_seq_acc": 0.9214,
    "val_char_acc": 0.9826933333333333,
    "val_edit_distance": 0.08653333333333334,
    "val_clean_accuracy": 0.9214,
    "val_robustness_drop": null,
    "val_restoration_gain": null,
    "val_position_1_acc": 0.9868,
    "val_position_2_acc": 0.9784,
    "val_position_3_acc": 0.9780666666666666,
    "val_position_4_acc": 0.9832666666666666,
    "val_position_5_acc": 0.9869333333333333,
    "test_loss": 0.31331586124415095,
    "test_seq_acc": 0.9186,
    "test_char_acc": 0.9821333333333333,
    "test_edit_distance": 0.08926666666666666,
    "test_clean_accuracy": 0.9186,
    "test_robustness_drop": null,
    "test_restoration_gain": null,
    "test_position_1_acc": 0.987,
    "test_position_2_acc": 0.9774666666666667,
    "test_position_3_acc": 0.9792,
    "test_position_4_acc": 0.9820666666666666,
    "test_position_5_acc": 0.9849333333333333
}