{
    "epoch": 12,
    "train_loss": 0.19612333268491314,
    "pretrain_loss": null,
    "finetune_loss": 0.19612333268491314,
    "pseudo_label_count": 0,
    "pseudo_label_accept_rate": 0.0,
    "mean_pseudo_confidence": 0.0,
    "consistency_loss": 0.0,
    "encoder_stage": "supervised",
    "stn_status": "disabled",
    "stn_regularization_loss": 0.0,
    "val_loss": 0.27136337680226946,
    "val_seq_acc": 0.9271333333333334,
    "val_char_acc": 0.9847066666666666,
    "val_edit_distance": 0.0764,
    "val_clean_accuracy": 0.9271333333333334,
    "val_robustness_drop": null,
    "val_restoration_gain": null,
    "val_position_1_acc": 0.9869333333333333,
    "val_position_2_acc": 0.9822,
    "val_position_3_acc": 0.9846666666666667,
    "val_position_4_acc": 0.9838,
    "val_position_5_acc": 0.9859333333333333,
    "test_loss": 0.2593202812517894,
    "test_seq_acc": 0.9286,
    "test_char_acc": 0.9848266666666666,
    "test_edit_distance": 0.0758,
    "test_clean_accuracy": 0.9286,
    "test_robustness_drop": null,
    "test_restoration_gain": null,
    "test_position_1_acc": 0.9878,
    "test_position_2_acc": 0.9822666666666666,
    "test_position_3_acc": 0.9835333333333334,
    "test_position_4_acc": 0.9846666666666667,
    "test_position_5_acc": 0.9858666666666667
}