{
    "epoch": 45,
    "train_loss": 0.04037612211711488,
    "pretrain_loss": null,
    "finetune_loss": 0.04037612211711488,
    "pseudo_label_count": 0,
    "pseudo_label_accept_rate": 0.0,
    "mean_pseudo_confidence": 0.0,
    "consistency_loss": 0.0,
    "encoder_stage": "supervised",
    "stn_status": "disabled",
    "stn_regularization_loss": 0.0,
    "val_loss": 0.29054384849063974,
    "val_seq_acc": 0.9409333333333333,
    "val_char_acc": 0.98788,
    "val_edit_distance": 0.060533333333333335,
    "val_clean_accuracy": 0.9409333333333333,
    "val_robustness_drop": null,
    "val_restoration_gain": null,
    "val_position_1_acc": 0.9892666666666666,
    "val_position_2_acc": 0.987,
    "val_position_3_acc": 0.9874,
    "val_position_4_acc": 0.9856,
    "val_position_5_acc": 0.9901333333333333,
    "test_loss": 0.3091192012890539,
    "test_seq_acc": 0.9411333333333334,
    "test_char_acc": 0.9877733333333333,
    "test_edit_distance": 0.06113333333333333,
    "test_clean_accuracy": 0.9411333333333334,
    "test_robustness_drop": null,
    "test_restoration_gain": null,
    "test_position_1_acc": 0.9902,
    "test_position_2_acc": 0.9854666666666667,
    "test_position_3_acc": 0.9868666666666667,
    "test_position_4_acc": 0.9872,
    "test_position_5_acc": 0.9891333333333333
}