{
    "epoch": 69,
    "train_loss": 0.001027779751722856,
    "pretrain_loss": null,
    "finetune_loss": 0.001027779751722856,
    "pseudo_label_count": 0,
    "pseudo_label_accept_rate": 0.0,
    "mean_pseudo_confidence": 0.0,
    "consistency_loss": 0.0,
    "encoder_stage": "supervised",
    "stn_status": "disabled",
    "stn_regularization_loss": 0.0,
    "val_loss": 0.23153952774571618,
    "val_seq_acc": 0.9592,
    "val_char_acc": 0.9916666666666667,
    "val_edit_distance": 0.041666666666666664,
    "val_clean_accuracy": 0.9592,
    "val_robustness_drop": null,
    "val_restoration_gain": null,
    "val_position_1_acc": 0.9910666666666667,
    "val_position_2_acc": 0.9904,
    "val_position_3_acc": 0.9920666666666667,
    "val_position_4_acc": 0.9922,
    "val_position_5_acc": 0.9926,
    "test_loss": 0.2420600905905013,
    "test_seq_acc": 0.9571333333333333,
    "test_char_acc": 0.9912266666666667,
    "test_edit_distance": 0.04373333333333333,
    "test_clean_accuracy": 0.9571333333333333,
    "test_robustness_drop": null,
    "test_restoration_gain": null,
    "test_position_1_acc": 0.9918,
    "test_position_2_acc": 0.9895333333333334,
    "test_position_3_acc": 0.991,
    "test_position_4_acc": 0.9918,
    "test_position_5_acc": 0.992
}