{
    "epoch": 170,
    "train_loss": 2.884223867274655e-05,
    "pretrain_loss": null,
    "finetune_loss": 2.884223867274655e-05,
    "pseudo_label_count": 0,
    "pseudo_label_accept_rate": 0.0,
    "mean_pseudo_confidence": 0.0,
    "consistency_loss": 0.0,
    "encoder_stage": "supervised",
    "stn_status": "disabled",
    "stn_regularization_loss": 0.0,
    "val_loss": 0.26550202624866676,
    "val_seq_acc": 0.9616,
    "val_char_acc": 0.9921733333333334,
    "val_edit_distance": 0.03913333333333333,
    "val_clean_accuracy": 0.9616,
    "val_robustness_drop": null,
    "val_restoration_gain": null,
    "val_position_1_acc": 0.9924,
    "val_position_2_acc": 0.9907333333333334,
    "val_position_3_acc": 0.992,
    "val_position_4_acc": 0.9925333333333334,
    "val_position_5_acc": 0.9932,
    "test_loss": 0.2806321924249791,
    "test_seq_acc": 0.9613333333333334,
    "test_char_acc": 0.9920933333333334,
    "test_edit_distance": 0.0394,
    "test_clean_accuracy": 0.9613333333333334,
    "test_robustness_drop": null,
    "test_restoration_gain": null,
    "test_position_1_acc": 0.9932666666666666,
    "test_position_2_acc": 0.9902666666666666,
    "test_position_3_acc": 0.9916666666666667,
    "test_position_4_acc": 0.9924,
    "test_position_5_acc": 0.9928666666666667
}