{
    "epoch": 118,
    "train_loss": 9.039588612437623e-05,
    "pretrain_loss": null,
    "finetune_loss": 9.039588612437623e-05,
    "pseudo_label_count": 0,
    "pseudo_label_accept_rate": 0.0,
    "mean_pseudo_confidence": 0.0,
    "consistency_loss": 0.0,
    "encoder_stage": "supervised",
    "stn_status": "disabled",
    "stn_regularization_loss": 0.0,
    "val_loss": 0.26415847037978313,
    "val_seq_acc": 0.9611333333333333,
    "val_char_acc": 0.9920533333333333,
    "val_edit_distance": 0.039733333333333336,
    "val_clean_accuracy": 0.9611333333333333,
    "val_robustness_drop": null,
    "val_restoration_gain": null,
    "val_position_1_acc": 0.9922,
    "val_position_2_acc": 0.9908666666666667,
    "val_position_3_acc": 0.9919333333333333,
    "val_position_4_acc": 0.9923333333333333,
    "val_position_5_acc": 0.9929333333333333,
    "test_loss": 0.28307353258380435,
    "test_seq_acc": 0.9602,
    "test_char_acc": 0.99184,
    "test_edit_distance": 0.04066666666666666,
    "test_clean_accuracy": 0.9602,
    "test_robustness_drop": null,
    "test_restoration_gain": null,
    "test_position_1_acc": 0.9927333333333334,
    "test_position_2_acc": 0.9899333333333333,
    "test_position_3_acc": 0.9920666666666667,
    "test_position_4_acc": 0.9915333333333334,
    "test_position_5_acc": 0.9929333333333333
}