{
    "epoch": 158,
    "train_loss": 3.258106751164863e-05,
    "pretrain_loss": null,
    "finetune_loss": 3.258106751164863e-05,
    "pseudo_label_count": 0,
    "pseudo_label_accept_rate": 0.0,
    "mean_pseudo_confidence": 0.0,
    "consistency_loss": 0.0,
    "encoder_stage": "supervised",
    "stn_status": "disabled",
    "stn_regularization_loss": 0.0,
    "val_loss": 0.26480522874415696,
    "val_seq_acc": 0.9614,
    "val_char_acc": 0.9921466666666666,
    "val_edit_distance": 0.039266666666666665,
    "val_clean_accuracy": 0.9614,
    "val_robustness_drop": null,
    "val_restoration_gain": null,
    "val_position_1_acc": 0.9924666666666667,
    "val_position_2_acc": 0.9908,
    "val_position_3_acc": 0.9918,
    "val_position_4_acc": 0.9926,
    "val_position_5_acc": 0.9930666666666667,
    "test_loss": 0.2781695622103356,
    "test_seq_acc": 0.9609333333333333,
    "test_char_acc": 0.9920133333333333,
    "test_edit_distance": 0.0398,
    "test_clean_accuracy": 0.9609333333333333,
    "test_robustness_drop": null,
    "test_restoration_gain": null,
    "test_position_1_acc": 0.9930666666666667,
    "test_position_2_acc": 0.9901333333333333,
    "test_position_3_acc": 0.9917333333333334,
    "test_position_4_acc": 0.9921333333333333,
    "test_position_5_acc": 0.993
}