{
    "epoch": 7,
    "train_loss": 0.2703576863551264,
    "pretrain_loss": null,
    "finetune_loss": 0.2703576863551264,
    "pseudo_label_count": 0,
    "pseudo_label_accept_rate": 0.0,
    "mean_pseudo_confidence": 0.0,
    "consistency_loss": 0.0,
    "encoder_stage": "supervised",
    "stn_status": "disabled",
    "stn_regularization_loss": 0.0,
    "val_loss": 0.3818295379268362,
    "val_seq_acc": 0.8996,
    "val_char_acc": 0.9779866666666667,
    "val_edit_distance": 0.11006666666666666,
    "val_clean_accuracy": 0.8996,
    "val_robustness_drop": null,
    "val_restoration_gain": null,
    "val_position_1_acc": 0.9812666666666666,
    "val_position_2_acc": 0.9721333333333333,
    "val_position_3_acc": 0.9747333333333333,
    "val_position_4_acc": 0.9791333333333333,
    "val_position_5_acc": 0.9826666666666667,
    "test_loss": 0.3630734351721216,
    "test_seq_acc": 0.901,
    "test_char_acc": 0.9786133333333333,
    "test_edit_distance": 0.10693333333333334,
    "test_clean_accuracy": 0.901,
    "test_robustness_drop": null,
    "test_restoration_gain": null,
    "test_position_1_acc": 0.9814,
    "test_position_2_acc": 0.973,
    "test_position_3_acc": 0.9758666666666667,
    "test_position_4_acc": 0.9804,
    "test_position_5_acc": 0.9824
}