{
    "epoch": 110,
    "train_loss": 0.00010748204435818081,
    "pretrain_loss": null,
    "finetune_loss": 0.00010748204435818081,
    "pseudo_label_count": 0,
    "pseudo_label_accept_rate": 0.0,
    "mean_pseudo_confidence": 0.0,
    "consistency_loss": 0.0,
    "encoder_stage": "supervised",
    "stn_status": "disabled",
    "stn_regularization_loss": 0.0,
    "val_loss": 0.26291088226379483,
    "val_seq_acc": 0.9604666666666667,
    "val_char_acc": 0.9919333333333333,
    "val_edit_distance": 0.04033333333333333,
    "val_clean_accuracy": 0.9604666666666667,
    "val_robustness_drop": null,
    "val_restoration_gain": null,
    "val_position_1_acc": 0.9920666666666667,
    "val_position_2_acc": 0.9906,
    "val_position_3_acc": 0.9918,
    "val_position_4_acc": 0.9920666666666667,
    "val_position_5_acc": 0.9931333333333333,
    "test_loss": 0.28025068537925474,
    "test_seq_acc": 0.9598666666666666,
    "test_char_acc": 0.9917466666666667,
    "test_edit_distance": 0.041133333333333334,
    "test_clean_accuracy": 0.9598666666666666,
    "test_robustness_drop": null,
    "test_restoration_gain": null,
    "test_position_1_acc": 0.993,
    "test_position_2_acc": 0.9896,
    "test_position_3_acc": 0.9918666666666667,
    "test_position_4_acc": 0.9916666666666667,
    "test_position_5_acc": 0.9926
}