{
    "epoch": 113,
    "train_loss": 0.00012554843550070916,
    "pretrain_loss": null,
    "finetune_loss": 0.00012554843550070916,
    "pseudo_label_count": 0,
    "pseudo_label_accept_rate": 0.0,
    "mean_pseudo_confidence": 0.0,
    "consistency_loss": 0.0,
    "encoder_stage": "supervised",
    "stn_status": "disabled",
    "stn_regularization_loss": 0.0,
    "val_loss": 0.26190768854622604,
    "val_seq_acc": 0.9612,
    "val_char_acc": 0.9920533333333333,
    "val_edit_distance": 0.039733333333333336,
    "val_clean_accuracy": 0.9612,
    "val_robustness_drop": null,
    "val_restoration_gain": null,
    "val_position_1_acc": 0.9922666666666666,
    "val_position_2_acc": 0.9906,
    "val_position_3_acc": 0.992,
    "val_position_4_acc": 0.9922,
    "val_position_5_acc": 0.9932,
    "test_loss": 0.27942751830757145,
    "test_seq_acc": 0.9602,
    "test_char_acc": 0.99184,
    "test_edit_distance": 0.04066666666666666,
    "test_clean_accuracy": 0.9602,
    "test_robustness_drop": null,
    "test_restoration_gain": null,
    "test_position_1_acc": 0.9929333333333333,
    "test_position_2_acc": 0.99,
    "test_position_3_acc": 0.9920666666666667,
    "test_position_4_acc": 0.9916,
    "test_position_5_acc": 0.9926
}