{
    "epoch": 123,
    "train_loss": 7.38621629216022e-05,
    "pretrain_loss": null,
    "finetune_loss": 7.38621629216022e-05,
    "pseudo_label_count": 0,
    "pseudo_label_accept_rate": 0.0,
    "mean_pseudo_confidence": 0.0,
    "consistency_loss": 0.0,
    "encoder_stage": "supervised",
    "stn_status": "disabled",
    "stn_regularization_loss": 0.0,
    "val_loss": 0.2624970200223772,
    "val_seq_acc": 0.9605333333333334,
    "val_char_acc": 0.9919466666666666,
    "val_edit_distance": 0.040266666666666666,
    "val_clean_accuracy": 0.9605333333333334,
    "val_robustness_drop": null,
    "val_restoration_gain": null,
    "val_position_1_acc": 0.9922,
    "val_position_2_acc": 0.9905333333333334,
    "val_position_3_acc": 0.9916666666666667,
    "val_position_4_acc": 0.9922,
    "val_position_5_acc": 0.9931333333333333,
    "test_loss": 0.2794079989382729,
    "test_seq_acc": 0.9608,
    "test_char_acc": 0.9919733333333334,
    "test_edit_distance": 0.04,
    "test_clean_accuracy": 0.9608,
    "test_robustness_drop": null,
    "test_restoration_gain": null,
    "test_position_1_acc": 0.9928666666666667,
    "test_position_2_acc": 0.9902,
    "test_position_3_acc": 0.992,
    "test_position_4_acc": 0.992,
    "test_position_5_acc": 0.9928
}