{
    "epoch": 13,
    "train_loss": 0.1798979077845637,
    "pretrain_loss": null,
    "finetune_loss": 0.1798979077845637,
    "pseudo_label_count": 0,
    "pseudo_label_accept_rate": 0.0,
    "mean_pseudo_confidence": 0.0,
    "consistency_loss": 0.0,
    "encoder_stage": "supervised",
    "stn_status": "disabled",
    "stn_regularization_loss": 0.0,
    "val_loss": 0.24063904635370412,
    "val_seq_acc": 0.9360666666666667,
    "val_char_acc": 0.9867733333333333,
    "val_edit_distance": 0.06606666666666666,
    "val_clean_accuracy": 0.9360666666666667,
    "val_robustness_drop": null,
    "val_restoration_gain": null,
    "val_position_1_acc": 0.9893333333333333,
    "val_position_2_acc": 0.9851333333333333,
    "val_position_3_acc": 0.9848,
    "val_position_4_acc": 0.9861333333333333,
    "val_position_5_acc": 0.9884666666666667,
    "test_loss": 0.2337418870366317,
    "test_seq_acc": 0.9341333333333334,
    "test_char_acc": 0.9863333333333333,
    "test_edit_distance": 0.0682,
    "test_clean_accuracy": 0.9341333333333334,
    "test_robustness_drop": null,
    "test_restoration_gain": null,
    "test_position_1_acc": 0.9909333333333333,
    "test_position_2_acc": 0.9822666666666666,
    "test_position_3_acc": 0.9832,
    "test_position_4_acc": 0.987,
    "test_position_5_acc": 0.9882666666666666
}