{
    "epoch": 90,
    "train_loss": 0.0004772882028597883,
    "pretrain_loss": null,
    "finetune_loss": 0.0004772882028597883,
    "pseudo_label_count": 0,
    "pseudo_label_accept_rate": 0.0,
    "mean_pseudo_confidence": 0.0,
    "consistency_loss": 0.0,
    "encoder_stage": "supervised",
    "stn_status": "disabled",
    "stn_regularization_loss": 0.0,
    "val_loss": 0.2660826955444792,
    "val_seq_acc": 0.9587333333333333,
    "val_char_acc": 0.9916,
    "val_edit_distance": 0.042,
    "val_clean_accuracy": 0.9587333333333333,
    "val_robustness_drop": null,
    "val_restoration_gain": null,
    "val_position_1_acc": 0.9917333333333334,
    "val_position_2_acc": 0.9907333333333334,
    "val_position_3_acc": 0.9918,
    "val_position_4_acc": 0.9913333333333333,
    "val_position_5_acc": 0.9924,
    "test_loss": 0.2796069255363731,
    "test_seq_acc": 0.9576,
    "test_char_acc": 0.99132,
    "test_edit_distance": 0.04326666666666667,
    "test_clean_accuracy": 0.9576,
    "test_robustness_drop": null,
    "test_restoration_gain": null,
    "test_position_1_acc": 0.9925333333333334,
    "test_position_2_acc": 0.9893333333333333,
    "test_position_3_acc": 0.9912,
    "test_position_4_acc": 0.9915333333333334,
    "test_position_5_acc": 0.992
}