{
    "epoch": 54,
    "train_loss": 0.004116540370212975,
    "pretrain_loss": null,
    "finetune_loss": 0.004116540370212975,
    "pseudo_label_count": 0,
    "pseudo_label_accept_rate": 0.0,
    "mean_pseudo_confidence": 0.0,
    "consistency_loss": 0.0,
    "encoder_stage": "supervised",
    "stn_status": "disabled",
    "stn_regularization_loss": 0.0,
    "val_loss": 0.1975951442596852,
    "val_seq_acc": 0.9586666666666667,
    "val_char_acc": 0.9915466666666667,
    "val_edit_distance": 0.04226666666666667,
    "val_clean_accuracy": 0.9586666666666667,
    "val_robustness_drop": null,
    "val_restoration_gain": null,
    "val_position_1_acc": 0.9916666666666667,
    "val_position_2_acc": 0.9906,
    "val_position_3_acc": 0.9918666666666667,
    "val_position_4_acc": 0.9914,
    "val_position_5_acc": 0.9922,
    "test_loss": 0.20946333776277667,
    "test_seq_acc": 0.9591333333333333,
    "test_char_acc": 0.9916533333333334,
    "test_edit_distance": 0.0416,
    "test_clean_accuracy": 0.9591333333333333,
    "test_robustness_drop": null,
    "test_restoration_gain": null,
    "test_position_1_acc": 0.9930666666666667,
    "test_position_2_acc": 0.9895333333333334,
    "test_position_3_acc": 0.9909333333333333,
    "test_position_4_acc": 0.9922,
    "test_position_5_acc": 0.9925333333333334
}