{
    "epoch": 41,
    "train_loss": 0.045340631848812714,
    "pretrain_loss": null,
    "finetune_loss": 0.045340631848812714,
    "pseudo_label_count": 0,
    "pseudo_label_accept_rate": 0.0,
    "mean_pseudo_confidence": 0.0,
    "consistency_loss": 0.0,
    "encoder_stage": "supervised",
    "stn_status": "disabled",
    "stn_regularization_loss": 0.0,
    "val_loss": 0.26620691705822075,
    "val_seq_acc": 0.9447333333333333,
    "val_char_acc": 0.9885866666666666,
    "val_edit_distance": 0.05706666666666667,
    "val_clean_accuracy": 0.9447333333333333,
    "val_robustness_drop": null,
    "val_restoration_gain": null,
    "val_position_1_acc": 0.9914,
    "val_position_2_acc": 0.9858666666666667,
    "val_position_3_acc": 0.9881333333333333,
    "val_position_4_acc": 0.9878,
    "val_position_5_acc": 0.9897333333333334,
    "test_loss": 0.2905119481025898,
    "test_seq_acc": 0.9445333333333333,
    "test_char_acc": 0.9886,
    "test_edit_distance": 0.056933333333333336,
    "test_clean_accuracy": 0.9445333333333333,
    "test_robustness_drop": null,
    "test_restoration_gain": null,
    "test_position_1_acc": 0.9923333333333333,
    "test_position_2_acc": 0.9852666666666666,
    "test_position_3_acc": 0.9862666666666666,
    "test_position_4_acc": 0.9898,
    "test_position_5_acc": 0.9893333333333333
}