{
    "epoch": 32,
    "train_loss": 0.06262246487989254,
    "pretrain_loss": null,
    "finetune_loss": 0.06262246487989254,
    "pseudo_label_count": 0,
    "pseudo_label_accept_rate": 0.0,
    "mean_pseudo_confidence": 0.0,
    "consistency_loss": 0.0,
    "encoder_stage": "supervised",
    "stn_status": "disabled",
    "stn_regularization_loss": 0.0,
    "val_loss": 0.28173951678215825,
    "val_seq_acc": 0.9362666666666667,
    "val_char_acc": 0.98656,
    "val_edit_distance": 0.06713333333333334,
    "val_clean_accuracy": 0.9362666666666667,
    "val_robustness_drop": null,
    "val_restoration_gain": null,
    "val_position_1_acc": 0.9866666666666667,
    "val_position_2_acc": 0.9842666666666666,
    "val_position_3_acc": 0.9871333333333333,
    "val_position_4_acc": 0.9852,
    "val_position_5_acc": 0.9895333333333334,
    "test_loss": 0.30327577740548456,
    "test_seq_acc": 0.935,
    "test_char_acc": 0.98648,
    "test_edit_distance": 0.0676,
    "test_clean_accuracy": 0.935,
    "test_robustness_drop": null,
    "test_restoration_gain": null,
    "test_position_1_acc": 0.9874666666666667,
    "test_position_2_acc": 0.9844,
    "test_position_3_acc": 0.9856666666666667,
    "test_position_4_acc": 0.9864,
    "test_position_5_acc": 0.9884666666666667
}