{
    "epoch": 21,
    "train_loss": 0.10501694766191799,
    "pretrain_loss": null,
    "finetune_loss": 0.10501694766191799,
    "pseudo_label_count": 0,
    "pseudo_label_accept_rate": 0.0,
    "mean_pseudo_confidence": 0.0,
    "consistency_loss": 0.0,
    "encoder_stage": "supervised",
    "stn_status": "disabled",
    "stn_regularization_loss": 0.0,
    "val_loss": 0.21483959887335274,
    "val_seq_acc": 0.9451333333333334,
    "val_char_acc": 0.9885466666666667,
    "val_edit_distance": 0.05726666666666667,
    "val_clean_accuracy": 0.9451333333333334,
    "val_robustness_drop": null,
    "val_restoration_gain": null,
    "val_position_1_acc": 0.9894666666666667,
    "val_position_2_acc": 0.9866666666666667,
    "val_position_3_acc": 0.9874666666666667,
    "val_position_4_acc": 0.9878666666666667,
    "val_position_5_acc": 0.9912666666666666,
    "test_loss": 0.21852620408493786,
    "test_seq_acc": 0.9434,
    "test_char_acc": 0.9883066666666667,
    "test_edit_distance": 0.0584,
    "test_clean_accuracy": 0.9434,
    "test_robustness_drop": null,
    "test_restoration_gain": null,
    "test_position_1_acc": 0.989,
    "test_position_2_acc": 0.9853333333333333,
    "test_position_3_acc": 0.9872666666666666,
    "test_position_4_acc": 0.989,
    "test_position_5_acc": 0.9909333333333333
}