{
    "epoch": 8,
    "train_loss": 0.26330602181681456,
    "pretrain_loss": null,
    "finetune_loss": 0.26330602181681456,
    "pseudo_label_count": 0,
    "pseudo_label_accept_rate": 0.0,
    "mean_pseudo_confidence": 0.0,
    "consistency_loss": 0.0,
    "encoder_stage": "supervised",
    "stn_status": "disabled",
    "stn_regularization_loss": 0.0,
    "val_loss": 0.2762677380696256,
    "val_seq_acc": 0.9195333333333333,
    "val_char_acc": 0.9829866666666667,
    "val_edit_distance": 0.08506666666666667,
    "val_clean_accuracy": 0.9195333333333333,
    "val_robustness_drop": null,
    "val_restoration_gain": null,
    "val_position_1_acc": 0.9868,
    "val_position_2_acc": 0.9793333333333333,
    "val_position_3_acc": 0.9816666666666667,
    "val_position_4_acc": 0.9797333333333333,
    "val_position_5_acc": 0.9874,
    "test_loss": 0.27813576957646835,
    "test_seq_acc": 0.9163333333333333,
    "test_char_acc": 0.9825333333333334,
    "test_edit_distance": 0.08733333333333333,
    "test_clean_accuracy": 0.9163333333333333,
    "test_robustness_drop": null,
    "test_restoration_gain": null,
    "test_position_1_acc": 0.9869333333333333,
    "test_position_2_acc": 0.9790666666666666,
    "test_position_3_acc": 0.98,
    "test_position_4_acc": 0.9812,
    "test_position_5_acc": 0.9854666666666667
}