{
    "epoch": 104,
    "train_loss": 0.00043738751461139047,
    "pretrain_loss": null,
    "finetune_loss": 0.00043738751461139047,
    "pseudo_label_count": 0,
    "pseudo_label_accept_rate": 0.0,
    "mean_pseudo_confidence": 0.0,
    "consistency_loss": 0.0,
    "encoder_stage": "supervised",
    "stn_status": "disabled",
    "stn_regularization_loss": 0.0,
    "val_loss": 0.2620430487599422,
    "val_seq_acc": 0.9601333333333333,
    "val_char_acc": 0.99188,
    "val_edit_distance": 0.0406,
    "val_clean_accuracy": 0.9601333333333333,
    "val_robustness_drop": null,
    "val_restoration_gain": null,
    "val_position_1_acc": 0.9919333333333333,
    "val_position_2_acc": 0.9904,
    "val_position_3_acc": 0.9918666666666667,
    "val_position_4_acc": 0.992,
    "val_position_5_acc": 0.9932,
    "test_loss": 0.281572075420859,
    "test_seq_acc": 0.9595333333333333,
    "test_char_acc": 0.9916933333333333,
    "test_edit_distance": 0.0414,
    "test_clean_accuracy": 0.9595333333333333,
    "test_robustness_drop": null,
    "test_restoration_gain": null,
    "test_position_1_acc": 0.9929333333333333,
    "test_position_2_acc": 0.9896,
    "test_position_3_acc": 0.9918666666666667,
    "test_position_4_acc": 0.9914666666666667,
    "test_position_5_acc": 0.9926
}