{
    "epoch": 183,
    "train_loss": 2.485458826971423e-05,
    "pretrain_loss": null,
    "finetune_loss": 2.485458826971423e-05,
    "pseudo_label_count": 0,
    "pseudo_label_accept_rate": 0.0,
    "mean_pseudo_confidence": 0.0,
    "consistency_loss": 0.0,
    "encoder_stage": "supervised",
    "stn_status": "disabled",
    "stn_regularization_loss": 0.0,
    "val_loss": 0.264666002390019,
    "val_seq_acc": 0.9616,
    "val_char_acc": 0.9921866666666667,
    "val_edit_distance": 0.039066666666666666,
    "val_clean_accuracy": 0.9616,
    "val_robustness_drop": null,
    "val_restoration_gain": null,
    "val_position_1_acc": 0.9924666666666667,
    "val_position_2_acc": 0.9909333333333333,
    "val_position_3_acc": 0.9920666666666667,
    "val_position_4_acc": 0.9924,
    "val_position_5_acc": 0.9930666666666667,
    "test_loss": 0.2805584229817393,
    "test_seq_acc": 0.9614666666666667,
    "test_char_acc": 0.99212,
    "test_edit_distance": 0.039266666666666665,
    "test_clean_accuracy": 0.9614666666666667,
    "test_robustness_drop": null,
    "test_restoration_gain": null,
    "test_position_1_acc": 0.9929333333333333,
    "test_position_2_acc": 0.9904666666666667,
    "test_position_3_acc": 0.9918,
    "test_position_4_acc": 0.9921333333333333,
    "test_position_5_acc": 0.9932666666666666
}