{
    "epoch": 87,
    "train_loss": 0.0003532843699768313,
    "pretrain_loss": null,
    "finetune_loss": 0.0003532843699768313,
    "pseudo_label_count": 0,
    "pseudo_label_accept_rate": 0.0,
    "mean_pseudo_confidence": 0.0,
    "consistency_loss": 0.0,
    "encoder_stage": "supervised",
    "stn_status": "disabled",
    "stn_regularization_loss": 0.0,
    "val_loss": 0.25479511071136024,
    "val_seq_acc": 0.9605333333333334,
    "val_char_acc": 0.9919866666666667,
    "val_edit_distance": 0.04006666666666667,
    "val_clean_accuracy": 0.9605333333333334,
    "val_robustness_drop": null,
    "val_restoration_gain": null,
    "val_position_1_acc": 0.9922,
    "val_position_2_acc": 0.9910666666666667,
    "val_position_3_acc": 0.9919333333333333,
    "val_position_4_acc": 0.992,
    "val_position_5_acc": 0.9927333333333334,
    "test_loss": 0.27315314665845125,
    "test_seq_acc": 0.9614,
    "test_char_acc": 0.9920933333333334,
    "test_edit_distance": 0.0394,
    "test_clean_accuracy": 0.9614,
    "test_robustness_drop": null,
    "test_restoration_gain": null,
    "test_position_1_acc": 0.9928666666666667,
    "test_position_2_acc": 0.9902,
    "test_position_3_acc": 0.9920666666666667,
    "test_position_4_acc": 0.9924666666666667,
    "test_position_5_acc": 0.9928666666666667
}