{
    "epoch": 74,
    "train_loss": 0.0007243204068187307,
    "pretrain_loss": null,
    "finetune_loss": 0.0007243204068187307,
    "pseudo_label_count": 0,
    "pseudo_label_accept_rate": 0.0,
    "mean_pseudo_confidence": 0.0,
    "consistency_loss": 0.0,
    "encoder_stage": "supervised",
    "stn_status": "disabled",
    "stn_regularization_loss": 0.0,
    "val_loss": 0.23837053868981534,
    "val_seq_acc": 0.9586666666666667,
    "val_char_acc": 0.9915733333333333,
    "val_edit_distance": 0.042133333333333335,
    "val_clean_accuracy": 0.9586666666666667,
    "val_robustness_drop": null,
    "val_restoration_gain": null,
    "val_position_1_acc": 0.9924,
    "val_position_2_acc": 0.9902666666666666,
    "val_position_3_acc": 0.9913333333333333,
    "val_position_4_acc": 0.9914,
    "val_position_5_acc": 0.9924666666666667,
    "test_loss": 0.24638966605988707,
    "test_seq_acc": 0.9576666666666667,
    "test_char_acc": 0.99132,
    "test_edit_distance": 0.04326666666666667,
    "test_clean_accuracy": 0.9576666666666667,
    "test_robustness_drop": null,
    "test_restoration_gain": null,
    "test_position_1_acc": 0.9920666666666667,
    "test_position_2_acc": 0.9897333333333334,
    "test_position_3_acc": 0.9912,
    "test_position_4_acc": 0.9916666666666667,
    "test_position_5_acc": 0.9919333333333333
}