{
    "epoch": 86,
    "train_loss": 0.0004008475451070853,
    "pretrain_loss": null,
    "finetune_loss": 0.0004008475451070853,
    "pseudo_label_count": 0,
    "pseudo_label_accept_rate": 0.0,
    "mean_pseudo_confidence": 0.0,
    "consistency_loss": 0.0,
    "encoder_stage": "supervised",
    "stn_status": "disabled",
    "stn_regularization_loss": 0.0,
    "val_loss": 0.24543011490868788,
    "val_seq_acc": 0.961,
    "val_char_acc": 0.99208,
    "val_edit_distance": 0.0396,
    "val_clean_accuracy": 0.961,
    "val_robustness_drop": null,
    "val_restoration_gain": null,
    "val_position_1_acc": 0.9926666666666667,
    "val_position_2_acc": 0.9906666666666667,
    "val_position_3_acc": 0.9921333333333333,
    "val_position_4_acc": 0.9918,
    "val_position_5_acc": 0.9931333333333333,
    "test_loss": 0.2581105312419842,
    "test_seq_acc": 0.9604,
    "test_char_acc": 0.9919066666666667,
    "test_edit_distance": 0.04033333333333333,
    "test_clean_accuracy": 0.9604,
    "test_robustness_drop": null,
    "test_restoration_gain": null,
    "test_position_1_acc": 0.9932,
    "test_position_2_acc": 0.9900666666666667,
    "test_position_3_acc": 0.9914,
    "test_position_4_acc": 0.9924,
    "test_position_5_acc": 0.9924666666666667
}