{
    "epoch": 88,
    "train_loss": 0.0006575431864627525,
    "pretrain_loss": null,
    "finetune_loss": 0.0006575431864627525,
    "pseudo_label_count": 0,
    "pseudo_label_accept_rate": 0.0,
    "mean_pseudo_confidence": 0.0,
    "consistency_loss": 0.0,
    "encoder_stage": "supervised",
    "stn_status": "disabled",
    "stn_regularization_loss": 0.0,
    "val_loss": 0.2646646489591245,
    "val_seq_acc": 0.9603333333333334,
    "val_char_acc": 0.9919466666666666,
    "val_edit_distance": 0.040266666666666666,
    "val_clean_accuracy": 0.9603333333333334,
    "val_robustness_drop": null,
    "val_restoration_gain": null,
    "val_position_1_acc": 0.9920666666666667,
    "val_position_2_acc": 0.9906666666666667,
    "val_position_3_acc": 0.992,
    "val_position_4_acc": 0.9922,
    "val_position_5_acc": 0.9928,
    "test_loss": 0.2771632185884184,
    "test_seq_acc": 0.9589333333333333,
    "test_char_acc": 0.9916133333333333,
    "test_edit_distance": 0.0418,
    "test_clean_accuracy": 0.9589333333333333,
    "test_robustness_drop": null,
    "test_restoration_gain": null,
    "test_position_1_acc": 0.9928666666666667,
    "test_position_2_acc": 0.9894,
    "test_position_3_acc": 0.9918,
    "test_position_4_acc": 0.9919333333333333,
    "test_position_5_acc": 0.9920666666666667
}