{
    "epoch": 22,
    "train_loss": 0.09924156192201372,
    "pretrain_loss": null,
    "finetune_loss": 0.09924156192201372,
    "pseudo_label_count": 0,
    "pseudo_label_accept_rate": 0.0,
    "mean_pseudo_confidence": 0.0,
    "consistency_loss": 0.0,
    "encoder_stage": "supervised",
    "stn_status": "disabled",
    "stn_regularization_loss": 0.0,
    "val_loss": 0.21639113822912281,
    "val_seq_acc": 0.9464,
    "val_char_acc": 0.9889066666666667,
    "val_edit_distance": 0.0554,
    "val_clean_accuracy": 0.9464,
    "val_robustness_drop": null,
    "val_restoration_gain": null,
    "val_position_1_acc": 0.9911333333333333,
    "val_position_2_acc": 0.9885333333333334,
    "val_position_3_acc": 0.986,
    "val_position_4_acc": 0.9872,
    "val_position_5_acc": 0.9916666666666667,
    "test_loss": 0.213868644104359,
    "test_seq_acc": 0.9479333333333333,
    "test_char_acc": 0.98912,
    "test_edit_distance": 0.0542,
    "test_clean_accuracy": 0.9479333333333333,
    "test_robustness_drop": null,
    "test_restoration_gain": null,
    "test_position_1_acc": 0.993,
    "test_position_2_acc": 0.9863333333333333,
    "test_position_3_acc": 0.9866,
    "test_position_4_acc": 0.9892666666666666,
    "test_position_5_acc": 0.9904
}