{
    "epoch": 25,
    "train_loss": 0.08026372060312235,
    "pretrain_loss": null,
    "finetune_loss": 0.08026372060312235,
    "pseudo_label_count": 0,
    "pseudo_label_accept_rate": 0.0,
    "mean_pseudo_confidence": 0.0,
    "consistency_loss": 0.0,
    "encoder_stage": "supervised",
    "stn_status": "disabled",
    "stn_regularization_loss": 0.0,
    "val_loss": 0.2517410377456628,
    "val_seq_acc": 0.9432666666666667,
    "val_char_acc": 0.9882,
    "val_edit_distance": 0.05893333333333333,
    "val_clean_accuracy": 0.9432666666666667,
    "val_robustness_drop": null,
    "val_restoration_gain": null,
    "val_position_1_acc": 0.9892,
    "val_position_2_acc": 0.9868666666666667,
    "val_position_3_acc": 0.9878,
    "val_position_4_acc": 0.986,
    "val_position_5_acc": 0.9911333333333333,
    "test_loss": 0.25757365994591347,
    "test_seq_acc": 0.9424,
    "test_char_acc": 0.98808,
    "test_edit_distance": 0.05946666666666667,
    "test_clean_accuracy": 0.9424,
    "test_robustness_drop": null,
    "test_restoration_gain": null,
    "test_position_1_acc": 0.99,
    "test_position_2_acc": 0.9854,
    "test_position_3_acc": 0.9862666666666666,
    "test_position_4_acc": 0.9887333333333334,
    "test_position_5_acc": 0.99
}