{
    "epoch": 84,
    "train_loss": 0.00045658694094935607,
    "pretrain_loss": null,
    "finetune_loss": 0.00045658694094935607,
    "pseudo_label_count": 0,
    "pseudo_label_accept_rate": 0.0,
    "mean_pseudo_confidence": 0.0,
    "consistency_loss": 0.0,
    "encoder_stage": "supervised",
    "stn_status": "disabled",
    "stn_regularization_loss": 0.0,
    "val_loss": 0.2495081095537821,
    "val_seq_acc": 0.9604,
    "val_char_acc": 0.9919333333333333,
    "val_edit_distance": 0.04033333333333333,
    "val_clean_accuracy": 0.9604,
    "val_robustness_drop": null,
    "val_restoration_gain": null,
    "val_position_1_acc": 0.9923333333333333,
    "val_position_2_acc": 0.9907333333333334,
    "val_position_3_acc": 0.992,
    "val_position_4_acc": 0.9916,
    "val_position_5_acc": 0.993,
    "test_loss": 0.26339213718039245,
    "test_seq_acc": 0.9604,
    "test_char_acc": 0.99188,
    "test_edit_distance": 0.040466666666666665,
    "test_clean_accuracy": 0.9604,
    "test_robustness_drop": null,
    "test_restoration_gain": null,
    "test_position_1_acc": 0.9925333333333334,
    "test_position_2_acc": 0.9901333333333333,
    "test_position_3_acc": 0.9915333333333334,
    "test_position_4_acc": 0.9922666666666666,
    "test_position_5_acc": 0.9929333333333333
}