{
    "epoch": 162,
    "train_loss": 3.306576056420976e-05,
    "pretrain_loss": null,
    "finetune_loss": 3.306576056420976e-05,
    "pseudo_label_count": 0,
    "pseudo_label_accept_rate": 0.0,
    "mean_pseudo_confidence": 0.0,
    "consistency_loss": 0.0,
    "encoder_stage": "supervised",
    "stn_status": "disabled",
    "stn_regularization_loss": 0.0,
    "val_loss": 0.2629890361307012,
    "val_seq_acc": 0.9614,
    "val_char_acc": 0.9921333333333333,
    "val_edit_distance": 0.03933333333333333,
    "val_clean_accuracy": 0.9614,
    "val_robustness_drop": null,
    "val_restoration_gain": null,
    "val_position_1_acc": 0.9924666666666667,
    "val_position_2_acc": 0.9906666666666667,
    "val_position_3_acc": 0.9918666666666667,
    "val_position_4_acc": 0.9922666666666666,
    "val_position_5_acc": 0.9934,
    "test_loss": 0.27627904402308673,
    "test_seq_acc": 0.9607333333333333,
    "test_char_acc": 0.99196,
    "test_edit_distance": 0.04006666666666667,
    "test_clean_accuracy": 0.9607333333333333,
    "test_robustness_drop": null,
    "test_restoration_gain": null,
    "test_position_1_acc": 0.9931333333333333,
    "test_position_2_acc": 0.9902,
    "test_position_3_acc": 0.9917333333333334,
    "test_position_4_acc": 0.9922666666666666,
    "test_position_5_acc": 0.9924666666666667
}