{
    "epoch": 37,
    "train_loss": 0.052650890078434515,
    "pretrain_loss": null,
    "finetune_loss": 0.052650890078434515,
    "pseudo_label_count": 0,
    "pseudo_label_accept_rate": 0.0,
    "mean_pseudo_confidence": 0.0,
    "consistency_loss": 0.0,
    "encoder_stage": "supervised",
    "stn_status": "disabled",
    "stn_regularization_loss": 0.0,
    "val_loss": 0.31658617821026674,
    "val_seq_acc": 0.9380666666666667,
    "val_char_acc": 0.9871466666666666,
    "val_edit_distance": 0.06426666666666667,
    "val_clean_accuracy": 0.9380666666666667,
    "val_robustness_drop": null,
    "val_restoration_gain": null,
    "val_position_1_acc": 0.988,
    "val_position_2_acc": 0.9854,
    "val_position_3_acc": 0.9878666666666667,
    "val_position_4_acc": 0.9869333333333333,
    "val_position_5_acc": 0.9875333333333334,
    "test_loss": 0.32556911869113275,
    "test_seq_acc": 0.9368666666666666,
    "test_char_acc": 0.987,
    "test_edit_distance": 0.06486666666666667,
    "test_clean_accuracy": 0.9368666666666666,
    "test_robustness_drop": null,
    "test_restoration_gain": null,
    "test_position_1_acc": 0.9902,
    "test_position_2_acc": 0.9844,
    "test_position_3_acc": 0.9852,
    "test_position_4_acc": 0.9879333333333333,
    "test_position_5_acc": 0.9872666666666666
}