{
    "epoch": 42,
    "train_loss": 0.054082327836324454,
    "pretrain_loss": null,
    "finetune_loss": 0.054082327836324454,
    "pseudo_label_count": 0,
    "pseudo_label_accept_rate": 0.0,
    "mean_pseudo_confidence": 0.0,
    "consistency_loss": 0.0,
    "encoder_stage": "supervised",
    "stn_status": "disabled",
    "stn_regularization_loss": 0.0,
    "val_loss": 0.29100943065367324,
    "val_seq_acc": 0.9436,
    "val_char_acc": 0.9883333333333333,
    "val_edit_distance": 0.05826666666666667,
    "val_clean_accuracy": 0.9436,
    "val_robustness_drop": null,
    "val_restoration_gain": null,
    "val_position_1_acc": 0.9902,
    "val_position_2_acc": 0.9851333333333333,
    "val_position_3_acc": 0.9884,
    "val_position_4_acc": 0.9872666666666666,
    "val_position_5_acc": 0.9906666666666667,
    "test_loss": 0.2876002664021414,
    "test_seq_acc": 0.9422666666666667,
    "test_char_acc": 0.9880266666666667,
    "test_edit_distance": 0.059666666666666666,
    "test_clean_accuracy": 0.9422666666666667,
    "test_robustness_drop": null,
    "test_restoration_gain": null,
    "test_position_1_acc": 0.9907333333333334,
    "test_position_2_acc": 0.9841333333333333,
    "test_position_3_acc": 0.9862666666666666,
    "test_position_4_acc": 0.989,
    "test_position_5_acc": 0.99
}