{
    "epoch": 171,
    "train_loss": 2.9036559950047292e-05,
    "pretrain_loss": null,
    "finetune_loss": 2.9036559950047292e-05,
    "pseudo_label_count": 0,
    "pseudo_label_accept_rate": 0.0,
    "mean_pseudo_confidence": 0.0,
    "consistency_loss": 0.0,
    "encoder_stage": "supervised",
    "stn_status": "disabled",
    "stn_regularization_loss": 0.0,
    "val_loss": 0.2643379247997724,
    "val_seq_acc": 0.9616,
    "val_char_acc": 0.9921733333333334,
    "val_edit_distance": 0.03913333333333333,
    "val_clean_accuracy": 0.9616,
    "val_robustness_drop": null,
    "val_restoration_gain": null,
    "val_position_1_acc": 0.9924,
    "val_position_2_acc": 0.9908666666666667,
    "val_position_3_acc": 0.9918666666666667,
    "val_position_4_acc": 0.9925333333333334,
    "val_position_5_acc": 0.9932,
    "test_loss": 0.2780212728324703,
    "test_seq_acc": 0.9617333333333333,
    "test_char_acc": 0.9921733333333334,
    "test_edit_distance": 0.039,
    "test_clean_accuracy": 0.9617333333333333,
    "test_robustness_drop": null,
    "test_restoration_gain": null,
    "test_position_1_acc": 0.9933333333333333,
    "test_position_2_acc": 0.9902666666666666,
    "test_position_3_acc": 0.9918666666666667,
    "test_position_4_acc": 0.9922,
    "test_position_5_acc": 0.9932
}