{
    "epoch": 150,
    "train_loss": 2.2586456179317367e-05,
    "pretrain_loss": null,
    "finetune_loss": 2.2586456179317367e-05,
    "pseudo_label_count": 0,
    "pseudo_label_accept_rate": 0.0,
    "mean_pseudo_confidence": 0.0,
    "consistency_loss": 0.0,
    "encoder_stage": "supervised",
    "stn_status": "disabled",
    "stn_regularization_loss": 0.0,
    "val_loss": 0.2628529276574672,
    "val_seq_acc": 0.9613333333333334,
    "val_char_acc": 0.99212,
    "val_edit_distance": 0.0394,
    "val_clean_accuracy": 0.9613333333333334,
    "val_robustness_drop": null,
    "val_restoration_gain": null,
    "val_position_1_acc": 0.9922666666666666,
    "val_position_2_acc": 0.9906666666666667,
    "val_position_3_acc": 0.9918666666666667,
    "val_position_4_acc": 0.9924666666666667,
    "val_position_5_acc": 0.9933333333333333,
    "test_loss": 0.27686858050875934,
    "test_seq_acc": 0.9611333333333333,
    "test_char_acc": 0.9920533333333333,
    "test_edit_distance": 0.0396,
    "test_clean_accuracy": 0.9611333333333333,
    "test_robustness_drop": null,
    "test_restoration_gain": null,
    "test_position_1_acc": 0.9933333333333333,
    "test_position_2_acc": 0.99,
    "test_position_3_acc": 0.9916,
    "test_position_4_acc": 0.9922666666666666,
    "test_position_5_acc": 0.9930666666666667
}