{
    "epoch": 95,
    "train_loss": 0.0008376550250632706,
    "pretrain_loss": null,
    "finetune_loss": 0.0008376550250632706,
    "pseudo_label_count": 0,
    "pseudo_label_accept_rate": 0.0,
    "mean_pseudo_confidence": 0.0,
    "consistency_loss": 0.0,
    "encoder_stage": "supervised",
    "stn_status": "disabled",
    "stn_regularization_loss": 0.0,
    "val_loss": 0.26705325662162765,
    "val_seq_acc": 0.96,
    "val_char_acc": 0.9918533333333334,
    "val_edit_distance": 0.04073333333333334,
    "val_clean_accuracy": 0.96,
    "val_robustness_drop": null,
    "val_restoration_gain": null,
    "val_position_1_acc": 0.9922,
    "val_position_2_acc": 0.9908,
    "val_position_3_acc": 0.9916,
    "val_position_4_acc": 0.9917333333333334,
    "val_position_5_acc": 0.9929333333333333,
    "test_loss": 0.2797298522214015,
    "test_seq_acc": 0.9583333333333334,
    "test_char_acc": 0.9914666666666667,
    "test_edit_distance": 0.0426,
    "test_clean_accuracy": 0.9583333333333334,
    "test_robustness_drop": null,
    "test_restoration_gain": null,
    "test_position_1_acc": 0.9928,
    "test_position_2_acc": 0.9897333333333334,
    "test_position_3_acc": 0.9915333333333334,
    "test_position_4_acc": 0.9914,
    "test_position_5_acc": 0.9918666666666667
}