{
    "epoch": 174,
    "train_loss": 2.533599308514399e-05,
    "pretrain_loss": null,
    "finetune_loss": 2.533599308514399e-05,
    "pseudo_label_count": 0,
    "pseudo_label_accept_rate": 0.0,
    "mean_pseudo_confidence": 0.0,
    "consistency_loss": 0.0,
    "encoder_stage": "supervised",
    "stn_status": "disabled",
    "stn_regularization_loss": 0.0,
    "val_loss": 0.26602006378500054,
    "val_seq_acc": 0.9614666666666667,
    "val_char_acc": 0.99216,
    "val_edit_distance": 0.0392,
    "val_clean_accuracy": 0.9614666666666667,
    "val_robustness_drop": null,
    "val_restoration_gain": null,
    "val_position_1_acc": 0.9925333333333334,
    "val_position_2_acc": 0.9908666666666667,
    "val_position_3_acc": 0.9918,
    "val_position_4_acc": 0.9925333333333334,
    "val_position_5_acc": 0.9930666666666667,
    "test_loss": 0.2815423309173934,
    "test_seq_acc": 0.9616666666666667,
    "test_char_acc": 0.99216,
    "test_edit_distance": 0.039066666666666666,
    "test_clean_accuracy": 0.9616666666666667,
    "test_robustness_drop": null,
    "test_restoration_gain": null,
    "test_position_1_acc": 0.9929333333333333,
    "test_position_2_acc": 0.9902666666666666,
    "test_position_3_acc": 0.9922666666666666,
    "test_position_4_acc": 0.992,
    "test_position_5_acc": 0.9933333333333333
}