{
    "epoch": 39,
    "train_loss": 0.047869553041763546,
    "pretrain_loss": null,
    "finetune_loss": 0.047869553041763546,
    "pseudo_label_count": 0,
    "pseudo_label_accept_rate": 0.0,
    "mean_pseudo_confidence": 0.0,
    "consistency_loss": 0.0,
    "encoder_stage": "supervised",
    "stn_status": "disabled",
    "stn_regularization_loss": 0.0,
    "val_loss": 0.7572836883524631,
    "val_seq_acc": 0.8930666666666667,
    "val_char_acc": 0.9726,
    "val_edit_distance": 0.13333333333333333,
    "val_clean_accuracy": 0.8930666666666667,
    "val_robustness_drop": null,
    "val_restoration_gain": null,
    "val_position_1_acc": 0.9744666666666667,
    "val_position_2_acc": 0.9705333333333334,
    "val_position_3_acc": 0.9735333333333334,
    "val_position_4_acc": 0.9699333333333333,
    "val_position_5_acc": 0.9745333333333334,
    "test_loss": 0.7423075150460638,
    "test_seq_acc": 0.8920666666666667,
    "test_char_acc": 0.97276,
    "test_edit_distance": 0.13366666666666666,
    "test_clean_accuracy": 0.8920666666666667,
    "test_robustness_drop": null,
    "test_restoration_gain": null,
    "test_position_1_acc": 0.9732,
    "test_position_2_acc": 0.9688,
    "test_position_3_acc": 0.9753333333333334,
    "test_position_4_acc": 0.9716666666666667,
    "test_position_5_acc": 0.9748
}