{
    "epoch": 115,
    "train_loss": 8.601385464343112e-05,
    "pretrain_loss": null,
    "finetune_loss": 8.601385464343112e-05,
    "pseudo_label_count": 0,
    "pseudo_label_accept_rate": 0.0,
    "mean_pseudo_confidence": 0.0,
    "consistency_loss": 0.0,
    "encoder_stage": "supervised",
    "stn_status": "disabled",
    "stn_regularization_loss": 0.0,
    "val_loss": 0.2654201769497609,
    "val_seq_acc": 0.9609333333333333,
    "val_char_acc": 0.9920133333333333,
    "val_edit_distance": 0.039933333333333335,
    "val_clean_accuracy": 0.9609333333333333,
    "val_robustness_drop": null,
    "val_restoration_gain": null,
    "val_position_1_acc": 0.9923333333333333,
    "val_position_2_acc": 0.9906,
    "val_position_3_acc": 0.9919333333333333,
    "val_position_4_acc": 0.9920666666666667,
    "val_position_5_acc": 0.9931333333333333,
    "test_loss": 0.28188315070314895,
    "test_seq_acc": 0.9597333333333333,
    "test_char_acc": 0.9917466666666667,
    "test_edit_distance": 0.041133333333333334,
    "test_clean_accuracy": 0.9597333333333333,
    "test_robustness_drop": null,
    "test_restoration_gain": null,
    "test_position_1_acc": 0.9926666666666667,
    "test_position_2_acc": 0.9898,
    "test_position_3_acc": 0.9921333333333333,
    "test_position_4_acc": 0.9914666666666667,
    "test_position_5_acc": 0.9926666666666667
}