{
    "epoch": 131,
    "train_loss": 0.00011058264217306515,
    "pretrain_loss": null,
    "finetune_loss": 0.00011058264217306515,
    "pseudo_label_count": 0,
    "pseudo_label_accept_rate": 0.0,
    "mean_pseudo_confidence": 0.0,
    "consistency_loss": 0.0,
    "encoder_stage": "supervised",
    "stn_status": "disabled",
    "stn_regularization_loss": 0.0,
    "val_loss": 0.2631895013605185,
    "val_seq_acc": 0.9616,
    "val_char_acc": 0.9921733333333334,
    "val_edit_distance": 0.03913333333333333,
    "val_clean_accuracy": 0.9616,
    "val_robustness_drop": null,
    "val_restoration_gain": null,
    "val_position_1_acc": 0.9924666666666667,
    "val_position_2_acc": 0.9909333333333333,
    "val_position_3_acc": 0.9920666666666667,
    "val_position_4_acc": 0.9920666666666667,
    "val_position_5_acc": 0.9933333333333333,
    "test_loss": 0.27935926492383706,
    "test_seq_acc": 0.9604,
    "test_char_acc": 0.9918933333333333,
    "test_edit_distance": 0.0404,
    "test_clean_accuracy": 0.9604,
    "test_robustness_drop": null,
    "test_restoration_gain": null,
    "test_position_1_acc": 0.9929333333333333,
    "test_position_2_acc": 0.9901333333333333,
    "test_position_3_acc": 0.9916,
    "test_position_4_acc": 0.9922,
    "test_position_5_acc": 0.9926
}