{
    "epoch": 111,
    "train_loss": 0.00010587779963242666,
    "pretrain_loss": null,
    "finetune_loss": 0.00010587779963242666,
    "pseudo_label_count": 0,
    "pseudo_label_accept_rate": 0.0,
    "mean_pseudo_confidence": 0.0,
    "consistency_loss": 0.0,
    "encoder_stage": "supervised",
    "stn_status": "disabled",
    "stn_regularization_loss": 0.0,
    "val_loss": 0.25928925632515337,
    "val_seq_acc": 0.9607333333333333,
    "val_char_acc": 0.9919733333333334,
    "val_edit_distance": 0.04013333333333333,
    "val_clean_accuracy": 0.9607333333333333,
    "val_robustness_drop": null,
    "val_restoration_gain": null,
    "val_position_1_acc": 0.9921333333333333,
    "val_position_2_acc": 0.9906666666666667,
    "val_position_3_acc": 0.9920666666666667,
    "val_position_4_acc": 0.9919333333333333,
    "val_position_5_acc": 0.9930666666666667,
    "test_loss": 0.2781615013362035,
    "test_seq_acc": 0.9598666666666666,
    "test_char_acc": 0.9917466666666667,
    "test_edit_distance": 0.041133333333333334,
    "test_clean_accuracy": 0.9598666666666666,
    "test_robustness_drop": null,
    "test_restoration_gain": null,
    "test_position_1_acc": 0.993,
    "test_position_2_acc": 0.9896666666666667,
    "test_position_3_acc": 0.9918,
    "test_position_4_acc": 0.9914,
    "test_position_5_acc": 0.9928666666666667
}