{
    "epoch": 199,
    "train_loss": 1.6130433371059273e-05,
    "pretrain_loss": null,
    "finetune_loss": 1.6130433371059273e-05,
    "pseudo_label_count": 0,
    "pseudo_label_accept_rate": 0.0,
    "mean_pseudo_confidence": 0.0,
    "consistency_loss": 0.0,
    "encoder_stage": "supervised",
    "stn_status": "disabled",
    "stn_regularization_loss": 0.0,
    "val_loss": 0.2629527178041749,
    "val_seq_acc": 0.962,
    "val_char_acc": 0.99224,
    "val_edit_distance": 0.0388,
    "val_clean_accuracy": 0.962,
    "val_robustness_drop": null,
    "val_restoration_gain": null,
    "val_position_1_acc": 0.9925333333333334,
    "val_position_2_acc": 0.9908666666666667,
    "val_position_3_acc": 0.9921333333333333,
    "val_position_4_acc": 0.9923333333333333,
    "val_position_5_acc": 0.9933333333333333,
    "test_loss": 0.27726706531858697,
    "test_seq_acc": 0.9614,
    "test_char_acc": 0.9921066666666667,
    "test_edit_distance": 0.03933333333333333,
    "test_clean_accuracy": 0.9614,
    "test_robustness_drop": null,
    "test_restoration_gain": null,
    "test_position_1_acc": 0.9933333333333333,
    "test_position_2_acc": 0.9902,
    "test_position_3_acc": 0.9916666666666667,
    "test_position_4_acc": 0.9925333333333334,
    "test_position_5_acc": 0.9928
}