{
    "epoch": 20,
    "train_loss": 0.11611663688499452,
    "pretrain_loss": null,
    "finetune_loss": 0.11611663688499452,
    "pseudo_label_count": 0,
    "pseudo_label_accept_rate": 0.0,
    "mean_pseudo_confidence": 0.0,
    "consistency_loss": 0.0,
    "encoder_stage": "supervised",
    "stn_status": "disabled",
    "stn_regularization_loss": 0.0,
    "val_loss": 0.263880667993997,
    "val_seq_acc": 0.9392,
    "val_char_acc": 0.9868933333333333,
    "val_edit_distance": 0.06506666666666666,
    "val_clean_accuracy": 0.9392,
    "val_robustness_drop": null,
    "val_restoration_gain": null,
    "val_position_1_acc": 0.9890666666666666,
    "val_position_2_acc": 0.9851333333333333,
    "val_position_3_acc": 0.9851333333333333,
    "val_position_4_acc": 0.9853333333333333,
    "val_position_5_acc": 0.9898,
    "test_loss": 0.2573969957002617,
    "test_seq_acc": 0.9381333333333334,
    "test_char_acc": 0.9866133333333333,
    "test_edit_distance": 0.06633333333333333,
    "test_clean_accuracy": 0.9381333333333334,
    "test_robustness_drop": null,
    "test_restoration_gain": null,
    "test_position_1_acc": 0.9904666666666667,
    "test_position_2_acc": 0.9838,
    "test_position_3_acc": 0.9840666666666666,
    "test_position_4_acc": 0.9872666666666666,
    "test_position_5_acc": 0.9874666666666667
}