{
    "epoch": 29,
    "train_loss": 0.07349791896241345,
    "pretrain_loss": null,
    "finetune_loss": 0.07349791896241345,
    "pseudo_label_count": 0,
    "pseudo_label_accept_rate": 0.0,
    "mean_pseudo_confidence": 0.0,
    "consistency_loss": 0.0,
    "encoder_stage": "supervised",
    "stn_status": "disabled",
    "stn_regularization_loss": 0.0,
    "val_loss": 0.32972298130551553,
    "val_seq_acc": 0.9342,
    "val_char_acc": 0.9864,
    "val_edit_distance": 0.06793333333333333,
    "val_clean_accuracy": 0.9342,
    "val_robustness_drop": null,
    "val_restoration_gain": null,
    "val_position_1_acc": 0.9867333333333334,
    "val_position_2_acc": 0.9845333333333334,
    "val_position_3_acc": 0.9857333333333334,
    "val_position_4_acc": 0.984,
    "val_position_5_acc": 0.991,
    "test_loss": 0.32252394688176983,
    "test_seq_acc": 0.9356,
    "test_char_acc": 0.9866666666666667,
    "test_edit_distance": 0.06646666666666666,
    "test_clean_accuracy": 0.9356,
    "test_robustness_drop": null,
    "test_restoration_gain": null,
    "test_position_1_acc": 0.9893333333333333,
    "test_position_2_acc": 0.9848,
    "test_position_3_acc": 0.9833333333333333,
    "test_position_4_acc": 0.9853333333333333,
    "test_position_5_acc": 0.9905333333333334
}