{
    "epoch": 177,
    "train_loss": 2.601660636457391e-05,
    "pretrain_loss": null,
    "finetune_loss": 2.601660636457391e-05,
    "pseudo_label_count": 0,
    "pseudo_label_accept_rate": 0.0,
    "mean_pseudo_confidence": 0.0,
    "consistency_loss": 0.0,
    "encoder_stage": "supervised",
    "stn_status": "disabled",
    "stn_regularization_loss": 0.0,
    "val_loss": 0.2644783101265583,
    "val_seq_acc": 0.9618666666666666,
    "val_char_acc": 0.9922266666666667,
    "val_edit_distance": 0.03886666666666667,
    "val_clean_accuracy": 0.9618666666666666,
    "val_robustness_drop": null,
    "val_restoration_gain": null,
    "val_position_1_acc": 0.9926,
    "val_position_2_acc": 0.9908666666666667,
    "val_position_3_acc": 0.992,
    "val_position_4_acc": 0.9924,
    "val_position_5_acc": 0.9932666666666666,
    "test_loss": 0.2791479655590769,
    "test_seq_acc": 0.9612666666666667,
    "test_char_acc": 0.99208,
    "test_edit_distance": 0.039466666666666664,
    "test_clean_accuracy": 0.9612666666666667,
    "test_robustness_drop": null,
    "test_restoration_gain": null,
    "test_position_1_acc": 0.9934666666666667,
    "test_position_2_acc": 0.9899333333333333,
    "test_position_3_acc": 0.9916666666666667,
    "test_position_4_acc": 0.9924,
    "test_position_5_acc": 0.9929333333333333
}