{
    "epoch": 189,
    "train_loss": 2.3524322676359123e-05,
    "pretrain_loss": null,
    "finetune_loss": 2.3524322676359123e-05,
    "pseudo_label_count": 0,
    "pseudo_label_accept_rate": 0.0,
    "mean_pseudo_confidence": 0.0,
    "consistency_loss": 0.0,
    "encoder_stage": "supervised",
    "stn_status": "disabled",
    "stn_regularization_loss": 0.0,
    "val_loss": 0.2643576522445596,
    "val_seq_acc": 0.9616666666666667,
    "val_char_acc": 0.9922,
    "val_edit_distance": 0.039,
    "val_clean_accuracy": 0.9616666666666667,
    "val_robustness_drop": null,
    "val_restoration_gain": null,
    "val_position_1_acc": 0.9924,
    "val_position_2_acc": 0.9908,
    "val_position_3_acc": 0.9921333333333333,
    "val_position_4_acc": 0.9924,
    "val_position_5_acc": 0.9932666666666666,
    "test_loss": 0.27930782149245703,
    "test_seq_acc": 0.9611333333333333,
    "test_char_acc": 0.9920533333333333,
    "test_edit_distance": 0.0396,
    "test_clean_accuracy": 0.9611333333333333,
    "test_robustness_drop": null,
    "test_restoration_gain": null,
    "test_position_1_acc": 0.9931333333333333,
    "test_position_2_acc": 0.9904,
    "test_position_3_acc": 0.9918,
    "test_position_4_acc": 0.9925333333333334,
    "test_position_5_acc": 0.9924
}