{
    "epoch": 114,
    "train_loss": 7.473140323411544e-05,
    "pretrain_loss": null,
    "finetune_loss": 7.473140323411544e-05,
    "pseudo_label_count": 0,
    "pseudo_label_accept_rate": 0.0,
    "mean_pseudo_confidence": 0.0,
    "consistency_loss": 0.0,
    "encoder_stage": "supervised",
    "stn_status": "disabled",
    "stn_regularization_loss": 0.0,
    "val_loss": 0.26210026025953687,
    "val_seq_acc": 0.9606,
    "val_char_acc": 0.9919466666666666,
    "val_edit_distance": 0.040266666666666666,
    "val_clean_accuracy": 0.9606,
    "val_robustness_drop": null,
    "val_restoration_gain": null,
    "val_position_1_acc": 0.9918666666666667,
    "val_position_2_acc": 0.9904666666666667,
    "val_position_3_acc": 0.9921333333333333,
    "val_position_4_acc": 0.9921333333333333,
    "val_position_5_acc": 0.9931333333333333,
    "test_loss": 0.27821245051270144,
    "test_seq_acc": 0.9601333333333333,
    "test_char_acc": 0.9918266666666666,
    "test_edit_distance": 0.04073333333333334,
    "test_clean_accuracy": 0.9601333333333333,
    "test_robustness_drop": null,
    "test_restoration_gain": null,
    "test_position_1_acc": 0.9926666666666667,
    "test_position_2_acc": 0.9899333333333333,
    "test_position_3_acc": 0.9918666666666667,
    "test_position_4_acc": 0.9918666666666667,
    "test_position_5_acc": 0.9928
}