{
    "epoch": 2,
    "train_loss": 0.9175897690007955,
    "pretrain_loss": null,
    "finetune_loss": 0.9175897690007955,
    "pseudo_label_count": 0,
    "pseudo_label_accept_rate": 0.0,
    "mean_pseudo_confidence": 0.0,
    "consistency_loss": 0.0,
    "encoder_stage": "supervised",
    "stn_status": "disabled",
    "stn_regularization_loss": 0.0,
    "val_loss": 0.62591775376746,
    "val_seq_acc": 0.8272666666666667,
    "val_char_acc": 0.9611866666666666,
    "val_edit_distance": 0.19386666666666666,
    "val_clean_accuracy": 0.8272666666666667,
    "val_robustness_drop": null,
    "val_restoration_gain": null,
    "val_position_1_acc": 0.9664,
    "val_position_2_acc": 0.9576666666666667,
    "val_position_3_acc": 0.9579333333333333,
    "val_position_4_acc": 0.9618666666666666,
    "val_position_5_acc": 0.9620666666666666,
    "test_loss": 0.6232019419365741,
    "test_seq_acc": 0.8268666666666666,
    "test_char_acc": 0.9611733333333333,
    "test_edit_distance": 0.194,
    "test_clean_accuracy": 0.8268666666666666,
    "test_robustness_drop": null,
    "test_restoration_gain": null,
    "test_position_1_acc": 0.9666666666666667,
    "test_position_2_acc": 0.9554,
    "test_position_3_acc": 0.9576,
    "test_position_4_acc": 0.9654666666666667,
    "test_position_5_acc": 0.9607333333333333
}