{
    "epoch": 190,
    "train_loss": 2.326180085419147e-05,
    "pretrain_loss": null,
    "finetune_loss": 2.326180085419147e-05,
    "pseudo_label_count": 0,
    "pseudo_label_accept_rate": 0.0,
    "mean_pseudo_confidence": 0.0,
    "consistency_loss": 0.0,
    "encoder_stage": "supervised",
    "stn_status": "disabled",
    "stn_regularization_loss": 0.0,
    "val_loss": 0.26372971593820616,
    "val_seq_acc": 0.9622,
    "val_char_acc": 0.9922933333333334,
    "val_edit_distance": 0.038533333333333336,
    "val_clean_accuracy": 0.9622,
    "val_robustness_drop": null,
    "val_restoration_gain": null,
    "val_position_1_acc": 0.9927333333333334,
    "val_position_2_acc": 0.9909333333333333,
    "val_position_3_acc": 0.9920666666666667,
    "val_position_4_acc": 0.9925333333333334,
    "val_position_5_acc": 0.9932,
    "test_loss": 0.27899838457088816,
    "test_seq_acc": 0.9618,
    "test_char_acc": 0.9921866666666667,
    "test_edit_distance": 0.038933333333333334,
    "test_clean_accuracy": 0.9618,
    "test_robustness_drop": null,
    "test_restoration_gain": null,
    "test_position_1_acc": 0.9931333333333333,
    "test_position_2_acc": 0.9903333333333333,
    "test_position_3_acc": 0.9919333333333333,
    "test_position_4_acc": 0.9923333333333333,
    "test_position_5_acc": 0.9932
}