{
    "epoch": 71,
    "train_loss": 0.001074249666490917,
    "pretrain_loss": null,
    "finetune_loss": 0.001074249666490917,
    "pseudo_label_count": 0,
    "pseudo_label_accept_rate": 0.0,
    "mean_pseudo_confidence": 0.0,
    "consistency_loss": 0.0,
    "encoder_stage": "supervised",
    "stn_status": "disabled",
    "stn_regularization_loss": 0.0,
    "val_loss": 0.2315639156147146,
    "val_seq_acc": 0.9583333333333334,
    "val_char_acc": 0.9915333333333334,
    "val_edit_distance": 0.042333333333333334,
    "val_clean_accuracy": 0.9583333333333334,
    "val_robustness_drop": null,
    "val_restoration_gain": null,
    "val_position_1_acc": 0.9918666666666667,
    "val_position_2_acc": 0.9900666666666667,
    "val_position_3_acc": 0.9915333333333334,
    "val_position_4_acc": 0.9920666666666667,
    "val_position_5_acc": 0.9921333333333333,
    "test_loss": 0.23816062491858034,
    "test_seq_acc": 0.9588,
    "test_char_acc": 0.9915333333333334,
    "test_edit_distance": 0.0422,
    "test_clean_accuracy": 0.9588,
    "test_robustness_drop": null,
    "test_restoration_gain": null,
    "test_position_1_acc": 0.9928666666666667,
    "test_position_2_acc": 0.9898666666666667,
    "test_position_3_acc": 0.9908666666666667,
    "test_position_4_acc": 0.9922,
    "test_position_5_acc": 0.9918666666666667
}