{
    "epoch": 153,
    "train_loss": 3.963549373950606e-05,
    "pretrain_loss": null,
    "finetune_loss": 3.963549373950606e-05,
    "pseudo_label_count": 0,
    "pseudo_label_accept_rate": 0.0,
    "mean_pseudo_confidence": 0.0,
    "consistency_loss": 0.0,
    "encoder_stage": "supervised",
    "stn_status": "disabled",
    "stn_regularization_loss": 0.0,
    "val_loss": 0.26657902604542677,
    "val_seq_acc": 0.9616666666666667,
    "val_char_acc": 0.9922,
    "val_edit_distance": 0.039,
    "val_clean_accuracy": 0.9616666666666667,
    "val_robustness_drop": null,
    "val_restoration_gain": null,
    "val_position_1_acc": 0.9925333333333334,
    "val_position_2_acc": 0.9908,
    "val_position_3_acc": 0.992,
    "val_position_4_acc": 0.9924666666666667,
    "val_position_5_acc": 0.9932,
    "test_loss": 0.28164705223054065,
    "test_seq_acc": 0.9608,
    "test_char_acc": 0.9919733333333334,
    "test_edit_distance": 0.04,
    "test_clean_accuracy": 0.9608,
    "test_robustness_drop": null,
    "test_restoration_gain": null,
    "test_position_1_acc": 0.993,
    "test_position_2_acc": 0.9900666666666667,
    "test_position_3_acc": 0.9918,
    "test_position_4_acc": 0.9921333333333333,
    "test_position_5_acc": 0.9928666666666667
}