{
    "epoch": 96,
    "train_loss": 0.00029944161949889555,
    "pretrain_loss": null,
    "finetune_loss": 0.00029944161949889555,
    "pseudo_label_count": 0,
    "pseudo_label_accept_rate": 0.0,
    "mean_pseudo_confidence": 0.0,
    "consistency_loss": 0.0,
    "encoder_stage": "supervised",
    "stn_status": "disabled",
    "stn_regularization_loss": 0.0,
    "val_loss": 0.2627547850378563,
    "val_seq_acc": 0.9616,
    "val_char_acc": 0.99216,
    "val_edit_distance": 0.0392,
    "val_clean_accuracy": 0.9616,
    "val_robustness_drop": null,
    "val_restoration_gain": null,
    "val_position_1_acc": 0.9926,
    "val_position_2_acc": 0.9912,
    "val_position_3_acc": 0.9922,
    "val_position_4_acc": 0.9920666666666667,
    "val_position_5_acc": 0.9927333333333334,
    "test_loss": 0.27758974750205645,
    "test_seq_acc": 0.9597333333333333,
    "test_char_acc": 0.9917466666666667,
    "test_edit_distance": 0.041133333333333334,
    "test_clean_accuracy": 0.9597333333333333,
    "test_robustness_drop": null,
    "test_restoration_gain": null,
    "test_position_1_acc": 0.9928666666666667,
    "test_position_2_acc": 0.99,
    "test_position_3_acc": 0.9912,
    "test_position_4_acc": 0.9920666666666667,
    "test_position_5_acc": 0.9926
}