{
    "epoch": 195,
    "train_loss": 1.871922706696482e-05,
    "pretrain_loss": null,
    "finetune_loss": 1.871922706696482e-05,
    "pseudo_label_count": 0,
    "pseudo_label_accept_rate": 0.0,
    "mean_pseudo_confidence": 0.0,
    "consistency_loss": 0.0,
    "encoder_stage": "supervised",
    "stn_status": "disabled",
    "stn_regularization_loss": 0.0,
    "val_loss": 0.26845139103049376,
    "val_seq_acc": 0.9614666666666667,
    "val_char_acc": 0.99216,
    "val_edit_distance": 0.0392,
    "val_clean_accuracy": 0.9614666666666667,
    "val_robustness_drop": null,
    "val_restoration_gain": null,
    "val_position_1_acc": 0.9926,
    "val_position_2_acc": 0.9906666666666667,
    "val_position_3_acc": 0.9918,
    "val_position_4_acc": 0.9926,
    "val_position_5_acc": 0.9931333333333333,
    "test_loss": 0.2830671234624865,
    "test_seq_acc": 0.962,
    "test_char_acc": 0.9922133333333333,
    "test_edit_distance": 0.0388,
    "test_clean_accuracy": 0.962,
    "test_robustness_drop": null,
    "test_restoration_gain": null,
    "test_position_1_acc": 0.9929333333333333,
    "test_position_2_acc": 0.9902666666666666,
    "test_position_3_acc": 0.9923333333333333,
    "test_position_4_acc": 0.9922666666666666,
    "test_position_5_acc": 0.9932666666666666
}