{
    "epoch": 27,
    "train_loss": 0.07495036837036963,
    "pretrain_loss": null,
    "finetune_loss": 0.07495036837036963,
    "pseudo_label_count": 0,
    "pseudo_label_accept_rate": 0.0,
    "mean_pseudo_confidence": 0.0,
    "consistency_loss": 0.0,
    "encoder_stage": "supervised",
    "stn_status": "disabled",
    "stn_regularization_loss": 0.0,
    "val_loss": 0.2673371926306727,
    "val_seq_acc": 0.941,
    "val_char_acc": 0.9877066666666666,
    "val_edit_distance": 0.06146666666666667,
    "val_clean_accuracy": 0.941,
    "val_robustness_drop": null,
    "val_restoration_gain": null,
    "val_position_1_acc": 0.989,
    "val_position_2_acc": 0.9858,
    "val_position_3_acc": 0.9872,
    "val_position_4_acc": 0.9856,
    "val_position_5_acc": 0.9909333333333333,
    "test_loss": 0.2336011282822236,
    "test_seq_acc": 0.9452666666666667,
    "test_char_acc": 0.9886666666666667,
    "test_edit_distance": 0.05653333333333333,
    "test_clean_accuracy": 0.9452666666666667,
    "test_robustness_drop": null,
    "test_restoration_gain": null,
    "test_position_1_acc": 0.9914,
    "test_position_2_acc": 0.9857333333333334,
    "test_position_3_acc": 0.9876,
    "test_position_4_acc": 0.9879333333333333,
    "test_position_5_acc": 0.9906666666666667
}