{
    "epoch": 35,
    "train_loss": 0.05763943169379057,
    "pretrain_loss": null,
    "finetune_loss": 0.05763943169379057,
    "pseudo_label_count": 0,
    "pseudo_label_accept_rate": 0.0,
    "mean_pseudo_confidence": 0.0,
    "consistency_loss": 0.0,
    "encoder_stage": "supervised",
    "stn_status": "disabled",
    "stn_regularization_loss": 0.0,
    "val_loss": 0.2626715140957187,
    "val_seq_acc": 0.9425333333333333,
    "val_char_acc": 0.98816,
    "val_edit_distance": 0.0592,
    "val_clean_accuracy": 0.9425333333333333,
    "val_robustness_drop": null,
    "val_restoration_gain": null,
    "val_position_1_acc": 0.9906,
    "val_position_2_acc": 0.9862,
    "val_position_3_acc": 0.9864666666666667,
    "val_position_4_acc": 0.9863333333333333,
    "val_position_5_acc": 0.9912,
    "test_loss": 0.26875592083670197,
    "test_seq_acc": 0.9408,
    "test_char_acc": 0.98772,
    "test_edit_distance": 0.0612,
    "test_clean_accuracy": 0.9408,
    "test_robustness_drop": null,
    "test_restoration_gain": null,
    "test_position_1_acc": 0.9912666666666666,
    "test_position_2_acc": 0.9836666666666667,
    "test_position_3_acc": 0.9855333333333334,
    "test_position_4_acc": 0.9878,
    "test_position_5_acc": 0.9903333333333333
}