{
    "epoch": 176,
    "train_loss": 2.679078932537623e-05,
    "pretrain_loss": null,
    "finetune_loss": 2.679078932537623e-05,
    "pseudo_label_count": 0,
    "pseudo_label_accept_rate": 0.0,
    "mean_pseudo_confidence": 0.0,
    "consistency_loss": 0.0,
    "encoder_stage": "supervised",
    "stn_status": "disabled",
    "stn_regularization_loss": 0.0,
    "val_loss": 0.2647761735009748,
    "val_seq_acc": 0.9612,
    "val_char_acc": 0.9920933333333334,
    "val_edit_distance": 0.03953333333333333,
    "val_clean_accuracy": 0.9612,
    "val_robustness_drop": null,
    "val_restoration_gain": null,
    "val_position_1_acc": 0.9926666666666667,
    "val_position_2_acc": 0.9905333333333334,
    "val_position_3_acc": 0.9918,
    "val_position_4_acc": 0.9923333333333333,
    "val_position_5_acc": 0.9931333333333333,
    "test_loss": 0.2800314373890697,
    "test_seq_acc": 0.9615333333333334,
    "test_char_acc": 0.9921333333333333,
    "test_edit_distance": 0.0392,
    "test_clean_accuracy": 0.9615333333333334,
    "test_robustness_drop": null,
    "test_restoration_gain": null,
    "test_position_1_acc": 0.9931333333333333,
    "test_position_2_acc": 0.9902,
    "test_position_3_acc": 0.992,
    "test_position_4_acc": 0.9922,
    "test_position_5_acc": 0.9931333333333333
}