{
    "epoch": 60,
    "train_loss": 0.002002144658795723,
    "pretrain_loss": null,
    "finetune_loss": 0.002002144658795723,
    "pseudo_label_count": 0,
    "pseudo_label_accept_rate": 0.0,
    "mean_pseudo_confidence": 0.0,
    "consistency_loss": 0.0,
    "encoder_stage": "supervised",
    "stn_status": "disabled",
    "stn_regularization_loss": 0.0,
    "val_loss": 0.20737381378118136,
    "val_seq_acc": 0.9588666666666666,
    "val_char_acc": 0.9916266666666667,
    "val_edit_distance": 0.04186666666666667,
    "val_clean_accuracy": 0.9588666666666666,
    "val_robustness_drop": null,
    "val_restoration_gain": null,
    "val_position_1_acc": 0.9913333333333333,
    "val_position_2_acc": 0.9909333333333333,
    "val_position_3_acc": 0.9919333333333333,
    "val_position_4_acc": 0.9914666666666667,
    "val_position_5_acc": 0.9924666666666667,
    "test_loss": 0.21815815016195322,
    "test_seq_acc": 0.9585333333333333,
    "test_char_acc": 0.9914933333333333,
    "test_edit_distance": 0.0424,
    "test_clean_accuracy": 0.9585333333333333,
    "test_robustness_drop": null,
    "test_restoration_gain": null,
    "test_position_1_acc": 0.9924,
    "test_position_2_acc": 0.9898,
    "test_position_3_acc": 0.9911333333333333,
    "test_position_4_acc": 0.9921333333333333,
    "test_position_5_acc": 0.992
}