{
    "epoch": 93,
    "train_loss": 0.0004060243313379555,
    "pretrain_loss": null,
    "finetune_loss": 0.0004060243313379555,
    "pseudo_label_count": 0,
    "pseudo_label_accept_rate": 0.0,
    "mean_pseudo_confidence": 0.0,
    "consistency_loss": 0.0,
    "encoder_stage": "supervised",
    "stn_status": "disabled",
    "stn_regularization_loss": 0.0,
    "val_loss": 0.2631799671234206,
    "val_seq_acc": 0.9603333333333334,
    "val_char_acc": 0.9918666666666667,
    "val_edit_distance": 0.04066666666666666,
    "val_clean_accuracy": 0.9603333333333334,
    "val_robustness_drop": null,
    "val_restoration_gain": null,
    "val_position_1_acc": 0.9924,
    "val_position_2_acc": 0.9907333333333334,
    "val_position_3_acc": 0.9914666666666667,
    "val_position_4_acc": 0.9916666666666667,
    "val_position_5_acc": 0.9930666666666667,
    "test_loss": 0.2752293310779273,
    "test_seq_acc": 0.9596,
    "test_char_acc": 0.9917333333333334,
    "test_edit_distance": 0.04126666666666667,
    "test_clean_accuracy": 0.9596,
    "test_robustness_drop": null,
    "test_restoration_gain": null,
    "test_position_1_acc": 0.9934666666666667,
    "test_position_2_acc": 0.9892666666666666,
    "test_position_3_acc": 0.9916666666666667,
    "test_position_4_acc": 0.9918,
    "test_position_5_acc": 0.9924666666666667
}