{
    "epoch": 26,
    "train_loss": 0.0844855056431232,
    "pretrain_loss": null,
    "finetune_loss": 0.0844855056431232,
    "pseudo_label_count": 0,
    "pseudo_label_accept_rate": 0.0,
    "mean_pseudo_confidence": 0.0,
    "consistency_loss": 0.0,
    "encoder_stage": "supervised",
    "stn_status": "disabled",
    "stn_regularization_loss": 0.0,
    "val_loss": 0.2827027025523576,
    "val_seq_acc": 0.9401333333333334,
    "val_char_acc": 0.9872133333333334,
    "val_edit_distance": 0.06353333333333333,
    "val_clean_accuracy": 0.9401333333333334,
    "val_robustness_drop": null,
    "val_restoration_gain": null,
    "val_position_1_acc": 0.9908,
    "val_position_2_acc": 0.9847333333333333,
    "val_position_3_acc": 0.985,
    "val_position_4_acc": 0.9856666666666667,
    "val_position_5_acc": 0.9898666666666667,
    "test_loss": 0.28346722887313747,
    "test_seq_acc": 0.9374666666666667,
    "test_char_acc": 0.98672,
    "test_edit_distance": 0.06606666666666666,
    "test_clean_accuracy": 0.9374666666666667,
    "test_robustness_drop": null,
    "test_restoration_gain": null,
    "test_position_1_acc": 0.9916,
    "test_position_2_acc": 0.9832666666666666,
    "test_position_3_acc": 0.9838666666666667,
    "test_position_4_acc": 0.9864,
    "test_position_5_acc": 0.9884666666666667
}