{
    "epoch": 53,
    "train_loss": 0.004769930311076844,
    "pretrain_loss": null,
    "finetune_loss": 0.004769930311076844,
    "pseudo_label_count": 0,
    "pseudo_label_accept_rate": 0.0,
    "mean_pseudo_confidence": 0.0,
    "consistency_loss": 0.0,
    "encoder_stage": "supervised",
    "stn_status": "disabled",
    "stn_regularization_loss": 0.0,
    "val_loss": 0.1976053268802253,
    "val_seq_acc": 0.9592666666666667,
    "val_char_acc": 0.9916133333333333,
    "val_edit_distance": 0.041933333333333336,
    "val_clean_accuracy": 0.9592666666666667,
    "val_robustness_drop": null,
    "val_restoration_gain": null,
    "val_position_1_acc": 0.9912,
    "val_position_2_acc": 0.9907333333333334,
    "val_position_3_acc": 0.9919333333333333,
    "val_position_4_acc": 0.9916,
    "val_position_5_acc": 0.9926,
    "test_loss": 0.2082457950284229,
    "test_seq_acc": 0.9592,
    "test_char_acc": 0.9916533333333334,
    "test_edit_distance": 0.04153333333333333,
    "test_clean_accuracy": 0.9592,
    "test_robustness_drop": null,
    "test_restoration_gain": null,
    "test_position_1_acc": 0.9931333333333333,
    "test_position_2_acc": 0.9897333333333334,
    "test_position_3_acc": 0.9909333333333333,
    "test_position_4_acc": 0.9915333333333334,
    "test_position_5_acc": 0.9929333333333333
}