{
    "epoch": 79,
    "train_loss": 0.0003735018687606802,
    "pretrain_loss": null,
    "finetune_loss": 0.0003735018687606802,
    "pseudo_label_count": 0,
    "pseudo_label_accept_rate": 0.0,
    "mean_pseudo_confidence": 0.0,
    "consistency_loss": 0.0,
    "encoder_stage": "supervised",
    "stn_status": "disabled",
    "stn_regularization_loss": 0.0,
    "val_loss": 0.24321548032436655,
    "val_seq_acc": 0.9604,
    "val_char_acc": 0.99196,
    "val_edit_distance": 0.0402,
    "val_clean_accuracy": 0.9604,
    "val_robustness_drop": null,
    "val_restoration_gain": null,
    "val_position_1_acc": 0.9924666666666667,
    "val_position_2_acc": 0.9904,
    "val_position_3_acc": 0.9922666666666666,
    "val_position_4_acc": 0.9919333333333333,
    "val_position_5_acc": 0.9927333333333334,
    "test_loss": 0.25540338424588627,
    "test_seq_acc": 0.9608666666666666,
    "test_char_acc": 0.9920133333333333,
    "test_edit_distance": 0.0398,
    "test_clean_accuracy": 0.9608666666666666,
    "test_robustness_drop": null,
    "test_restoration_gain": null,
    "test_position_1_acc": 0.9928666666666667,
    "test_position_2_acc": 0.9910666666666667,
    "test_position_3_acc": 0.9916666666666667,
    "test_position_4_acc": 0.9915333333333334,
    "test_position_5_acc": 0.9929333333333333
}