{
    "epoch": 10,
    "train_loss": 0.21932514117879906,
    "pretrain_loss": null,
    "finetune_loss": 0.21932514117879906,
    "pseudo_label_count": 0,
    "pseudo_label_accept_rate": 0.0,
    "mean_pseudo_confidence": 0.0,
    "consistency_loss": 0.0,
    "encoder_stage": "supervised",
    "stn_status": "disabled",
    "stn_regularization_loss": 0.0,
    "val_loss": 0.39908799094722625,
    "val_seq_acc": 0.8980666666666667,
    "val_char_acc": 0.9782666666666666,
    "val_edit_distance": 0.10866666666666666,
    "val_clean_accuracy": 0.8980666666666667,
    "val_robustness_drop": null,
    "val_restoration_gain": null,
    "val_position_1_acc": 0.9749333333333333,
    "val_position_2_acc": 0.9788,
    "val_position_3_acc": 0.9794,
    "val_position_4_acc": 0.974,
    "val_position_5_acc": 0.9842,
    "test_loss": 0.38924563758550806,
    "test_seq_acc": 0.9010666666666667,
    "test_char_acc": 0.97912,
    "test_edit_distance": 0.1044,
    "test_clean_accuracy": 0.9010666666666667,
    "test_robustness_drop": null,
    "test_restoration_gain": null,
    "test_position_1_acc": 0.9764666666666667,
    "test_position_2_acc": 0.9773333333333334,
    "test_position_3_acc": 0.9804,
    "test_position_4_acc": 0.9764,
    "test_position_5_acc": 0.985
}