{
    "epoch": 9,
    "train_loss": 0.24961695852190957,
    "pretrain_loss": null,
    "finetune_loss": 0.24961695852190957,
    "pseudo_label_count": 0,
    "pseudo_label_accept_rate": 0.0,
    "mean_pseudo_confidence": 0.0,
    "consistency_loss": 0.0,
    "encoder_stage": "supervised",
    "stn_status": "disabled",
    "stn_regularization_loss": 0.0,
    "val_loss": 0.6494629334896169,
    "val_seq_acc": 0.8616,
    "val_char_acc": 0.9672266666666667,
    "val_edit_distance": 0.1632,
    "val_clean_accuracy": 0.8616,
    "val_robustness_drop": null,
    "val_restoration_gain": null,
    "val_position_1_acc": 0.9744,
    "val_position_2_acc": 0.9663333333333334,
    "val_position_3_acc": 0.965,
    "val_position_4_acc": 0.9632666666666667,
    "val_position_5_acc": 0.9671333333333333,
    "test_loss": 0.6266567248613276,
    "test_seq_acc": 0.863,
    "test_char_acc": 0.9676533333333334,
    "test_edit_distance": 0.16133333333333333,
    "test_clean_accuracy": 0.863,
    "test_robustness_drop": null,
    "test_restoration_gain": null,
    "test_position_1_acc": 0.9748,
    "test_position_2_acc": 0.9651333333333333,
    "test_position_3_acc": 0.9669333333333333,
    "test_position_4_acc": 0.9646666666666667,
    "test_position_5_acc": 0.9667333333333333
}