{
    "epoch": 112,
    "train_loss": 0.0002193181376580526,
    "pretrain_loss": null,
    "finetune_loss": 0.0002193181376580526,
    "pseudo_label_count": 0,
    "pseudo_label_accept_rate": 0.0,
    "mean_pseudo_confidence": 0.0,
    "consistency_loss": 0.0,
    "encoder_stage": "supervised",
    "stn_status": "disabled",
    "stn_regularization_loss": 0.0,
    "val_loss": 0.26200133962460737,
    "val_seq_acc": 0.9607333333333333,
    "val_char_acc": 0.9919733333333334,
    "val_edit_distance": 0.04013333333333333,
    "val_clean_accuracy": 0.9607333333333333,
    "val_robustness_drop": null,
    "val_restoration_gain": null,
    "val_position_1_acc": 0.9922,
    "val_position_2_acc": 0.9904666666666667,
    "val_position_3_acc": 0.9916,
    "val_position_4_acc": 0.9922666666666666,
    "val_position_5_acc": 0.9933333333333333,
    "test_loss": 0.278003511978597,
    "test_seq_acc": 0.9598666666666666,
    "test_char_acc": 0.9917733333333333,
    "test_edit_distance": 0.041,
    "test_clean_accuracy": 0.9598666666666666,
    "test_robustness_drop": null,
    "test_restoration_gain": null,
    "test_position_1_acc": 0.993,
    "test_position_2_acc": 0.99,
    "test_position_3_acc": 0.9918666666666667,
    "test_position_4_acc": 0.9916666666666667,
    "test_position_5_acc": 0.9923333333333333
}