{
    "epoch": 78,
    "train_loss": 0.000585043959428218,
    "pretrain_loss": null,
    "finetune_loss": 0.000585043959428218,
    "pseudo_label_count": 0,
    "pseudo_label_accept_rate": 0.0,
    "mean_pseudo_confidence": 0.0,
    "consistency_loss": 0.0,
    "encoder_stage": "supervised",
    "stn_status": "disabled",
    "stn_regularization_loss": 0.0,
    "val_loss": 0.247072198307454,
    "val_seq_acc": 0.959,
    "val_char_acc": 0.9916666666666667,
    "val_edit_distance": 0.041666666666666664,
    "val_clean_accuracy": 0.959,
    "val_robustness_drop": null,
    "val_restoration_gain": null,
    "val_position_1_acc": 0.9921333333333333,
    "val_position_2_acc": 0.9905333333333334,
    "val_position_3_acc": 0.9921333333333333,
    "val_position_4_acc": 0.9909333333333333,
    "val_position_5_acc": 0.9926,
    "test_loss": 0.2573852392863278,
    "test_seq_acc": 0.9589333333333333,
    "test_char_acc": 0.9915866666666666,
    "test_edit_distance": 0.041933333333333336,
    "test_clean_accuracy": 0.9589333333333333,
    "test_robustness_drop": null,
    "test_restoration_gain": null,
    "test_position_1_acc": 0.9928,
    "test_position_2_acc": 0.9897333333333334,
    "test_position_3_acc": 0.9914,
    "test_position_4_acc": 0.9913333333333333,
    "test_position_5_acc": 0.9926666666666667
}