{
    "epoch": 92,
    "train_loss": 0.0005557427626833627,
    "pretrain_loss": null,
    "finetune_loss": 0.0005557427626833627,
    "pseudo_label_count": 0,
    "pseudo_label_accept_rate": 0.0,
    "mean_pseudo_confidence": 0.0,
    "consistency_loss": 0.0,
    "encoder_stage": "supervised",
    "stn_status": "disabled",
    "stn_regularization_loss": 0.0,
    "val_loss": 0.26004287112532726,
    "val_seq_acc": 0.9607333333333333,
    "val_char_acc": 0.9920133333333333,
    "val_edit_distance": 0.039933333333333335,
    "val_clean_accuracy": 0.9607333333333333,
    "val_robustness_drop": null,
    "val_restoration_gain": null,
    "val_position_1_acc": 0.9925333333333334,
    "val_position_2_acc": 0.9912,
    "val_position_3_acc": 0.9922,
    "val_position_4_acc": 0.9914666666666667,
    "val_position_5_acc": 0.9926666666666667,
    "test_loss": 0.27320423689657314,
    "test_seq_acc": 0.9598,
    "test_char_acc": 0.9917866666666667,
    "test_edit_distance": 0.041,
    "test_clean_accuracy": 0.9598,
    "test_robustness_drop": null,
    "test_restoration_gain": null,
    "test_position_1_acc": 0.9930666666666667,
    "test_position_2_acc": 0.9901333333333333,
    "test_position_3_acc": 0.9919333333333333,
    "test_position_4_acc": 0.9916666666666667,
    "test_position_5_acc": 0.9921333333333333
}