{
    "epoch": 80,
    "train_loss": 0.0006453666150912608,
    "pretrain_loss": null,
    "finetune_loss": 0.0006453666150912608,
    "pseudo_label_count": 0,
    "pseudo_label_accept_rate": 0.0,
    "mean_pseudo_confidence": 0.0,
    "consistency_loss": 0.0,
    "encoder_stage": "supervised",
    "stn_status": "disabled",
    "stn_regularization_loss": 0.0,
    "val_loss": 0.25221967923790023,
    "val_seq_acc": 0.9588666666666666,
    "val_char_acc": 0.9916266666666667,
    "val_edit_distance": 0.04186666666666667,
    "val_clean_accuracy": 0.9588666666666666,
    "val_robustness_drop": null,
    "val_restoration_gain": null,
    "val_position_1_acc": 0.9924,
    "val_position_2_acc": 0.9898,
    "val_position_3_acc": 0.992,
    "val_position_4_acc": 0.9914,
    "val_position_5_acc": 0.9925333333333334,
    "test_loss": 0.2582419257983194,
    "test_seq_acc": 0.9596666666666667,
    "test_char_acc": 0.9917466666666667,
    "test_edit_distance": 0.041133333333333334,
    "test_clean_accuracy": 0.9596666666666667,
    "test_robustness_drop": null,
    "test_restoration_gain": null,
    "test_position_1_acc": 0.9926,
    "test_position_2_acc": 0.99,
    "test_position_3_acc": 0.9912,
    "test_position_4_acc": 0.9920666666666667,
    "test_position_5_acc": 0.9928666666666667
}