{
    "epoch": 16,
    "train_loss": 0.14298923643835998,
    "pretrain_loss": null,
    "finetune_loss": 0.14298923643835998,
    "pseudo_label_count": 0,
    "pseudo_label_accept_rate": 0.0,
    "mean_pseudo_confidence": 0.0,
    "consistency_loss": 0.0,
    "encoder_stage": "supervised",
    "stn_status": "disabled",
    "stn_regularization_loss": 0.0,
    "val_loss": 0.37922570017424034,
    "val_seq_acc": 0.914,
    "val_char_acc": 0.9813733333333333,
    "val_edit_distance": 0.093,
    "val_clean_accuracy": 0.914,
    "val_robustness_drop": null,
    "val_restoration_gain": null,
    "val_position_1_acc": 0.9846,
    "val_position_2_acc": 0.9785333333333334,
    "val_position_3_acc": 0.9771333333333333,
    "val_position_4_acc": 0.9803333333333333,
    "val_position_5_acc": 0.9862666666666666,
    "test_loss": 0.3895010050623975,
    "test_seq_acc": 0.9120666666666667,
    "test_char_acc": 0.9809066666666667,
    "test_edit_distance": 0.0954,
    "test_clean_accuracy": 0.9120666666666667,
    "test_robustness_drop": null,
    "test_restoration_gain": null,
    "test_position_1_acc": 0.9853333333333333,
    "test_position_2_acc": 0.9769333333333333,
    "test_position_3_acc": 0.9756666666666667,
    "test_position_4_acc": 0.982,
    "test_position_5_acc": 0.9846
}