{
    "epoch": 67,
    "train_loss": 0.001494191421410002,
    "pretrain_loss": null,
    "finetune_loss": 0.001494191421410002,
    "pseudo_label_count": 0,
    "pseudo_label_accept_rate": 0.0,
    "mean_pseudo_confidence": 0.0,
    "consistency_loss": 0.0,
    "encoder_stage": "supervised",
    "stn_status": "disabled",
    "stn_regularization_loss": 0.0,
    "val_loss": 0.22400581297267907,
    "val_seq_acc": 0.9588666666666666,
    "val_char_acc": 0.99168,
    "val_edit_distance": 0.0416,
    "val_clean_accuracy": 0.9588666666666666,
    "val_robustness_drop": null,
    "val_restoration_gain": null,
    "val_position_1_acc": 0.9921333333333333,
    "val_position_2_acc": 0.9903333333333333,
    "val_position_3_acc": 0.9917333333333334,
    "val_position_4_acc": 0.9918,
    "val_position_5_acc": 0.9924,
    "test_loss": 0.23650931451995852,
    "test_seq_acc": 0.9592,
    "test_char_acc": 0.99164,
    "test_edit_distance": 0.041666666666666664,
    "test_clean_accuracy": 0.9592,
    "test_robustness_drop": null,
    "test_restoration_gain": null,
    "test_position_1_acc": 0.9924,
    "test_position_2_acc": 0.99,
    "test_position_3_acc": 0.9914666666666667,
    "test_position_4_acc": 0.9914666666666667,
    "test_position_5_acc": 0.9928666666666667
}