{
    "epoch": 36,
    "train_loss": 0.05606568108650785,
    "pretrain_loss": null,
    "finetune_loss": 0.05606568108650785,
    "pseudo_label_count": 0,
    "pseudo_label_accept_rate": 0.0,
    "mean_pseudo_confidence": 0.0,
    "consistency_loss": 0.0,
    "encoder_stage": "supervised",
    "stn_status": "disabled",
    "stn_regularization_loss": 0.0,
    "val_loss": 0.264361589514908,
    "val_seq_acc": 0.9439333333333333,
    "val_char_acc": 0.9884533333333333,
    "val_edit_distance": 0.05773333333333333,
    "val_clean_accuracy": 0.9439333333333333,
    "val_robustness_drop": null,
    "val_restoration_gain": null,
    "val_position_1_acc": 0.9907333333333334,
    "val_position_2_acc": 0.9864,
    "val_position_3_acc": 0.9873333333333333,
    "val_position_4_acc": 0.9876666666666667,
    "val_position_5_acc": 0.9901333333333333,
    "test_loss": 0.2756125694774884,
    "test_seq_acc": 0.9454666666666667,
    "test_char_acc": 0.9887333333333334,
    "test_edit_distance": 0.0562,
    "test_clean_accuracy": 0.9454666666666667,
    "test_robustness_drop": null,
    "test_restoration_gain": null,
    "test_position_1_acc": 0.9913333333333333,
    "test_position_2_acc": 0.986,
    "test_position_3_acc": 0.9876,
    "test_position_4_acc": 0.9897333333333334,
    "test_position_5_acc": 0.989
}