{
    "epoch": 109,
    "train_loss": 0.00010598316894637844,
    "pretrain_loss": null,
    "finetune_loss": 0.00010598316894637844,
    "pseudo_label_count": 0,
    "pseudo_label_accept_rate": 0.0,
    "mean_pseudo_confidence": 0.0,
    "consistency_loss": 0.0,
    "encoder_stage": "supervised",
    "stn_status": "disabled",
    "stn_regularization_loss": 0.0,
    "val_loss": 0.2611994480629135,
    "val_seq_acc": 0.9605333333333334,
    "val_char_acc": 0.99196,
    "val_edit_distance": 0.0402,
    "val_clean_accuracy": 0.9605333333333334,
    "val_robustness_drop": null,
    "val_restoration_gain": null,
    "val_position_1_acc": 0.9922666666666666,
    "val_position_2_acc": 0.9906666666666667,
    "val_position_3_acc": 0.9917333333333334,
    "val_position_4_acc": 0.9920666666666667,
    "val_position_5_acc": 0.9930666666666667,
    "test_loss": 0.28023363611452645,
    "test_seq_acc": 0.9605333333333334,
    "test_char_acc": 0.99188,
    "test_edit_distance": 0.040466666666666665,
    "test_clean_accuracy": 0.9605333333333334,
    "test_robustness_drop": null,
    "test_restoration_gain": null,
    "test_position_1_acc": 0.9929333333333333,
    "test_position_2_acc": 0.99,
    "test_position_3_acc": 0.992,
    "test_position_4_acc": 0.9916,
    "test_position_5_acc": 0.9928666666666667
}