{
    "epoch": 132,
    "train_loss": 5.4690415042954574e-05,
    "pretrain_loss": null,
    "finetune_loss": 5.4690415042954574e-05,
    "pseudo_label_count": 0,
    "pseudo_label_accept_rate": 0.0,
    "mean_pseudo_confidence": 0.0,
    "consistency_loss": 0.0,
    "encoder_stage": "supervised",
    "stn_status": "disabled",
    "stn_regularization_loss": 0.0,
    "val_loss": 0.26223731842882775,
    "val_seq_acc": 0.9612,
    "val_char_acc": 0.9921066666666667,
    "val_edit_distance": 0.039466666666666664,
    "val_clean_accuracy": 0.9612,
    "val_robustness_drop": null,
    "val_restoration_gain": null,
    "val_position_1_acc": 0.9922666666666666,
    "val_position_2_acc": 0.9908666666666667,
    "val_position_3_acc": 0.9920666666666667,
    "val_position_4_acc": 0.9921333333333333,
    "val_position_5_acc": 0.9932,
    "test_loss": 0.2783843720165689,
    "test_seq_acc": 0.9606666666666667,
    "test_char_acc": 0.9919466666666666,
    "test_edit_distance": 0.04013333333333333,
    "test_clean_accuracy": 0.9606666666666667,
    "test_robustness_drop": null,
    "test_restoration_gain": null,
    "test_position_1_acc": 0.993,
    "test_position_2_acc": 0.99,
    "test_position_3_acc": 0.9917333333333334,
    "test_position_4_acc": 0.9923333333333333,
    "test_position_5_acc": 0.9926666666666667
}