{
    "epoch": 75,
    "train_loss": 0.0008978523328361118,
    "pretrain_loss": null,
    "finetune_loss": 0.0008978523328361118,
    "pseudo_label_count": 0,
    "pseudo_label_accept_rate": 0.0,
    "mean_pseudo_confidence": 0.0,
    "consistency_loss": 0.0,
    "encoder_stage": "supervised",
    "stn_status": "disabled",
    "stn_regularization_loss": 0.0,
    "val_loss": 0.2574379500578172,
    "val_seq_acc": 0.9587333333333333,
    "val_char_acc": 0.9915466666666667,
    "val_edit_distance": 0.04226666666666667,
    "val_clean_accuracy": 0.9587333333333333,
    "val_robustness_drop": null,
    "val_restoration_gain": null,
    "val_position_1_acc": 0.9918666666666667,
    "val_position_2_acc": 0.9904,
    "val_position_3_acc": 0.9918,
    "val_position_4_acc": 0.9912666666666666,
    "val_position_5_acc": 0.9924,
    "test_loss": 0.2679924327373536,
    "test_seq_acc": 0.9570666666666666,
    "test_char_acc": 0.9912266666666667,
    "test_edit_distance": 0.04373333333333333,
    "test_clean_accuracy": 0.9570666666666666,
    "test_robustness_drop": null,
    "test_restoration_gain": null,
    "test_position_1_acc": 0.9928666666666667,
    "test_position_2_acc": 0.9894666666666667,
    "test_position_3_acc": 0.9904,
    "test_position_4_acc": 0.9919333333333333,
    "test_position_5_acc": 0.9914666666666667
}