{
    "epoch": 49,
    "train_loss": 0.03441752889755914,
    "pretrain_loss": null,
    "finetune_loss": 0.03441752889755914,
    "pseudo_label_count": 0,
    "pseudo_label_accept_rate": 0.0,
    "mean_pseudo_confidence": 0.0,
    "consistency_loss": 0.0,
    "encoder_stage": "supervised",
    "stn_status": "disabled",
    "stn_regularization_loss": 0.0,
    "val_loss": 0.288101710304816,
    "val_seq_acc": 0.9476666666666667,
    "val_char_acc": 0.9890666666666666,
    "val_edit_distance": 0.05466666666666667,
    "val_clean_accuracy": 0.9476666666666667,
    "val_robustness_drop": null,
    "val_restoration_gain": null,
    "val_position_1_acc": 0.9894,
    "val_position_2_acc": 0.9882666666666666,
    "val_position_3_acc": 0.9892666666666666,
    "val_position_4_acc": 0.9881333333333333,
    "val_position_5_acc": 0.9902666666666666,
    "test_loss": 0.2929969323115384,
    "test_seq_acc": 0.9465333333333333,
    "test_char_acc": 0.98896,
    "test_edit_distance": 0.055,
    "test_clean_accuracy": 0.9465333333333333,
    "test_robustness_drop": null,
    "test_restoration_gain": null,
    "test_position_1_acc": 0.9904666666666667,
    "test_position_2_acc": 0.9867333333333334,
    "test_position_3_acc": 0.9875333333333334,
    "test_position_4_acc": 0.9896666666666667,
    "test_position_5_acc": 0.9904
}