{
    "epoch": 50,
    "train_loss": 0.046365264832426964,
    "pretrain_loss": null,
    "finetune_loss": 0.046365264832426964,
    "pseudo_label_count": 0,
    "pseudo_label_accept_rate": 0.0,
    "mean_pseudo_confidence": 0.0,
    "consistency_loss": 0.0,
    "encoder_stage": "supervised",
    "stn_status": "disabled",
    "stn_regularization_loss": 0.0,
    "val_loss": 0.37522568268146606,
    "val_seq_acc": 0.936,
    "val_char_acc": 0.9868133333333333,
    "val_edit_distance": 0.06593333333333333,
    "val_clean_accuracy": 0.936,
    "val_robustness_drop": null,
    "val_restoration_gain": null,
    "val_position_1_acc": 0.9884,
    "val_position_2_acc": 0.9856666666666667,
    "val_position_3_acc": 0.9834666666666667,
    "val_position_4_acc": 0.9857333333333334,
    "val_position_5_acc": 0.9908,
    "test_loss": 0.3913803089271359,
    "test_seq_acc": 0.9332666666666667,
    "test_char_acc": 0.9861866666666667,
    "test_edit_distance": 0.06886666666666667,
    "test_clean_accuracy": 0.9332666666666667,
    "test_robustness_drop": null,
    "test_restoration_gain": null,
    "test_position_1_acc": 0.9882666666666666,
    "test_position_2_acc": 0.9844,
    "test_position_3_acc": 0.9838,
    "test_position_4_acc": 0.9855333333333334,
    "test_position_5_acc": 0.9889333333333333
}