{
    "epoch": 200,
    "train_loss": 1.5239029851385586e-05,
    "pretrain_loss": null,
    "finetune_loss": 1.5239029851385586e-05,
    "pseudo_label_count": 0,
    "pseudo_label_accept_rate": 0.0,
    "mean_pseudo_confidence": 0.0,
    "consistency_loss": 0.0,
    "encoder_stage": "supervised",
    "stn_status": "disabled",
    "stn_regularization_loss": 0.0,
    "val_loss": 0.2629675366518139,
    "val_seq_acc": 0.9616666666666667,
    "val_char_acc": 0.9921866666666667,
    "val_edit_distance": 0.039066666666666666,
    "val_clean_accuracy": 0.9616666666666667,
    "val_robustness_drop": null,
    "val_restoration_gain": null,
    "val_position_1_acc": 0.9923333333333333,
    "val_position_2_acc": 0.9908666666666667,
    "val_position_3_acc": 0.9920666666666667,
    "val_position_4_acc": 0.9923333333333333,
    "val_position_5_acc": 0.9933333333333333,
    "test_loss": 0.2774002680980296,
    "test_seq_acc": 0.9617333333333333,
    "test_char_acc": 0.9921733333333334,
    "test_edit_distance": 0.039,
    "test_clean_accuracy": 0.9617333333333333,
    "test_robustness_drop": null,
    "test_restoration_gain": null,
    "test_position_1_acc": 0.9932666666666666,
    "test_position_2_acc": 0.9902,
    "test_position_3_acc": 0.9917333333333334,
    "test_position_4_acc": 0.9924666666666667,
    "test_position_5_acc": 0.9932
}