{
    "epoch": 149,
    "train_loss": 2.4179881000132005e-05,
    "pretrain_loss": null,
    "finetune_loss": 2.4179881000132005e-05,
    "pseudo_label_count": 0,
    "pseudo_label_accept_rate": 0.0,
    "mean_pseudo_confidence": 0.0,
    "consistency_loss": 0.0,
    "encoder_stage": "supervised",
    "stn_status": "disabled",
    "stn_regularization_loss": 0.0,
    "val_loss": 0.2625190850785812,
    "val_seq_acc": 0.9619333333333333,
    "val_char_acc": 0.9922266666666667,
    "val_edit_distance": 0.03886666666666667,
    "val_clean_accuracy": 0.9619333333333333,
    "val_robustness_drop": null,
    "val_restoration_gain": null,
    "val_position_1_acc": 0.9924,
    "val_position_2_acc": 0.9908666666666667,
    "val_position_3_acc": 0.992,
    "val_position_4_acc": 0.9926,
    "val_position_5_acc": 0.9932666666666666,
    "test_loss": 0.27595981733684144,
    "test_seq_acc": 0.9612,
    "test_char_acc": 0.9920666666666667,
    "test_edit_distance": 0.03953333333333333,
    "test_clean_accuracy": 0.9612,
    "test_robustness_drop": null,
    "test_restoration_gain": null,
    "test_position_1_acc": 0.9932,
    "test_position_2_acc": 0.9903333333333333,
    "test_position_3_acc": 0.9917333333333334,
    "test_position_4_acc": 0.9925333333333334,
    "test_position_5_acc": 0.9925333333333334
}