{
    "epoch": 130,
    "train_loss": 5.2324554826317494e-05,
    "pretrain_loss": null,
    "finetune_loss": 5.2324554826317494e-05,
    "pseudo_label_count": 0,
    "pseudo_label_accept_rate": 0.0,
    "mean_pseudo_confidence": 0.0,
    "consistency_loss": 0.0,
    "encoder_stage": "supervised",
    "stn_status": "disabled",
    "stn_regularization_loss": 0.0,
    "val_loss": 0.2628989607027642,
    "val_seq_acc": 0.9615333333333334,
    "val_char_acc": 0.99216,
    "val_edit_distance": 0.0392,
    "val_clean_accuracy": 0.9615333333333334,
    "val_robustness_drop": null,
    "val_restoration_gain": null,
    "val_position_1_acc": 0.9925333333333334,
    "val_position_2_acc": 0.991,
    "val_position_3_acc": 0.992,
    "val_position_4_acc": 0.9921333333333333,
    "val_position_5_acc": 0.9931333333333333,
    "test_loss": 0.2794994076546244,
    "test_seq_acc": 0.9606,
    "test_char_acc": 0.99192,
    "test_edit_distance": 0.040266666666666666,
    "test_clean_accuracy": 0.9606,
    "test_robustness_drop": null,
    "test_restoration_gain": null,
    "test_position_1_acc": 0.9929333333333333,
    "test_position_2_acc": 0.9902,
    "test_position_3_acc": 0.9918,
    "test_position_4_acc": 0.9918,
    "test_position_5_acc": 0.9928666666666667
}