{
    "epoch": 125,
    "train_loss": 6.749611769493032e-05,
    "pretrain_loss": null,
    "finetune_loss": 6.749611769493032e-05,
    "pseudo_label_count": 0,
    "pseudo_label_accept_rate": 0.0,
    "mean_pseudo_confidence": 0.0,
    "consistency_loss": 0.0,
    "encoder_stage": "supervised",
    "stn_status": "disabled",
    "stn_regularization_loss": 0.0,
    "val_loss": 0.2607856879567562,
    "val_seq_acc": 0.9614,
    "val_char_acc": 0.99212,
    "val_edit_distance": 0.0394,
    "val_clean_accuracy": 0.9614,
    "val_robustness_drop": null,
    "val_restoration_gain": null,
    "val_position_1_acc": 0.9921333333333333,
    "val_position_2_acc": 0.9909333333333333,
    "val_position_3_acc": 0.992,
    "val_position_4_acc": 0.9922,
    "val_position_5_acc": 0.9933333333333333,
    "test_loss": 0.27719372563298283,
    "test_seq_acc": 0.9608666666666666,
    "test_char_acc": 0.9919866666666667,
    "test_edit_distance": 0.039933333333333335,
    "test_clean_accuracy": 0.9608666666666666,
    "test_robustness_drop": null,
    "test_restoration_gain": null,
    "test_position_1_acc": 0.9928,
    "test_position_2_acc": 0.9903333333333333,
    "test_position_3_acc": 0.9918,
    "test_position_4_acc": 0.9924,
    "test_position_5_acc": 0.9926
}