{
    "epoch": 48,
    "train_loss": 0.04307218281310246,
    "pretrain_loss": null,
    "finetune_loss": 0.04307218281310246,
    "pseudo_label_count": 0,
    "pseudo_label_accept_rate": 0.0,
    "mean_pseudo_confidence": 0.0,
    "consistency_loss": 0.0,
    "encoder_stage": "supervised",
    "stn_status": "disabled",
    "stn_regularization_loss": 0.0,
    "val_loss": 0.26965381308369574,
    "val_seq_acc": 0.946,
    "val_char_acc": 0.9888533333333334,
    "val_edit_distance": 0.055733333333333336,
    "val_clean_accuracy": 0.946,
    "val_robustness_drop": null,
    "val_restoration_gain": null,
    "val_position_1_acc": 0.9900666666666667,
    "val_position_2_acc": 0.9868666666666667,
    "val_position_3_acc": 0.9882,
    "val_position_4_acc": 0.9879333333333333,
    "val_position_5_acc": 0.9912,
    "test_loss": 0.27443898562930197,
    "test_seq_acc": 0.9446666666666667,
    "test_char_acc": 0.9886666666666667,
    "test_edit_distance": 0.056466666666666665,
    "test_clean_accuracy": 0.9446666666666667,
    "test_robustness_drop": null,
    "test_restoration_gain": null,
    "test_position_1_acc": 0.9894,
    "test_position_2_acc": 0.9864,
    "test_position_3_acc": 0.9882666666666666,
    "test_position_4_acc": 0.9891333333333333,
    "test_position_5_acc": 0.9901333333333333
}