{
    "epoch": 51,
    "train_loss": 0.013607489512765211,
    "pretrain_loss": null,
    "finetune_loss": 0.013607489512765211,
    "pseudo_label_count": 0,
    "pseudo_label_accept_rate": 0.0,
    "mean_pseudo_confidence": 0.0,
    "consistency_loss": 0.0,
    "encoder_stage": "supervised",
    "stn_status": "disabled",
    "stn_regularization_loss": 0.0,
    "val_loss": 0.20563347908839127,
    "val_seq_acc": 0.9575333333333333,
    "val_char_acc": 0.99128,
    "val_edit_distance": 0.0436,
    "val_clean_accuracy": 0.9575333333333333,
    "val_robustness_drop": null,
    "val_restoration_gain": null,
    "val_position_1_acc": 0.991,
    "val_position_2_acc": 0.9901333333333333,
    "val_position_3_acc": 0.9915333333333334,
    "val_position_4_acc": 0.9912,
    "val_position_5_acc": 0.9925333333333334,
    "test_loss": 0.21796194737166552,
    "test_seq_acc": 0.9564,
    "test_char_acc": 0.9910933333333334,
    "test_edit_distance": 0.0444,
    "test_clean_accuracy": 0.9564,
    "test_robustness_drop": null,
    "test_restoration_gain": null,
    "test_position_1_acc": 0.9928666666666667,
    "test_position_2_acc": 0.9882666666666666,
    "test_position_3_acc": 0.9902666666666666,
    "test_position_4_acc": 0.9913333333333333,
    "test_position_5_acc": 0.9927333333333334
}