{
    "epoch": 23,
    "train_loss": 0.10210797817424407,
    "pretrain_loss": null,
    "finetune_loss": 0.10210797817424407,
    "pseudo_label_count": 0,
    "pseudo_label_accept_rate": 0.0,
    "mean_pseudo_confidence": 0.0,
    "consistency_loss": 0.0,
    "encoder_stage": "supervised",
    "stn_status": "disabled",
    "stn_regularization_loss": 0.0,
    "val_loss": 0.23131262088353013,
    "val_seq_acc": 0.9447333333333333,
    "val_char_acc": 0.9885066666666666,
    "val_edit_distance": 0.057466666666666666,
    "val_clean_accuracy": 0.9447333333333333,
    "val_robustness_drop": null,
    "val_restoration_gain": null,
    "val_position_1_acc": 0.9894,
    "val_position_2_acc": 0.9852,
    "val_position_3_acc": 0.9875333333333334,
    "val_position_4_acc": 0.9885333333333334,
    "val_position_5_acc": 0.9918666666666667,
    "test_loss": 0.20954466875682168,
    "test_seq_acc": 0.9498,
    "test_char_acc": 0.9896266666666667,
    "test_edit_distance": 0.051866666666666665,
    "test_clean_accuracy": 0.9498,
    "test_robustness_drop": null,
    "test_restoration_gain": null,
    "test_position_1_acc": 0.9925333333333334,
    "test_position_2_acc": 0.9868,
    "test_position_3_acc": 0.9878,
    "test_position_4_acc": 0.9891333333333333,
    "test_position_5_acc": 0.9918666666666667
}