{
    "epoch": 108,
    "train_loss": 0.00011720160898171498,
    "pretrain_loss": null,
    "finetune_loss": 0.00011720160898171498,
    "pseudo_label_count": 0,
    "pseudo_label_accept_rate": 0.0,
    "mean_pseudo_confidence": 0.0,
    "consistency_loss": 0.0,
    "encoder_stage": "supervised",
    "stn_status": "disabled",
    "stn_regularization_loss": 0.0,
    "val_loss": 0.26475728034614454,
    "val_seq_acc": 0.9603333333333334,
    "val_char_acc": 0.9919333333333333,
    "val_edit_distance": 0.04033333333333333,
    "val_clean_accuracy": 0.9603333333333334,
    "val_robustness_drop": null,
    "val_restoration_gain": null,
    "val_position_1_acc": 0.9922,
    "val_position_2_acc": 0.9908,
    "val_position_3_acc": 0.9917333333333334,
    "val_position_4_acc": 0.9918666666666667,
    "val_position_5_acc": 0.9930666666666667,
    "test_loss": 0.2811079479817471,
    "test_seq_acc": 0.9598666666666666,
    "test_char_acc": 0.9917333333333334,
    "test_edit_distance": 0.0412,
    "test_clean_accuracy": 0.9598666666666666,
    "test_robustness_drop": null,
    "test_restoration_gain": null,
    "test_position_1_acc": 0.9928666666666667,
    "test_position_2_acc": 0.9898,
    "test_position_3_acc": 0.9918,
    "test_position_4_acc": 0.9914666666666667,
    "test_position_5_acc": 0.9927333333333334
}