{
    "epoch": 17,
    "train_loss": 0.14097284459856682,
    "pretrain_loss": null,
    "finetune_loss": 0.14097284459856682,
    "pseudo_label_count": 0,
    "pseudo_label_accept_rate": 0.0,
    "mean_pseudo_confidence": 0.0,
    "consistency_loss": 0.0,
    "encoder_stage": "supervised",
    "stn_status": "disabled",
    "stn_regularization_loss": 0.0,
    "val_loss": 0.23657793803734983,
    "val_seq_acc": 0.9371333333333334,
    "val_char_acc": 0.98676,
    "val_edit_distance": 0.0662,
    "val_clean_accuracy": 0.9371333333333334,
    "val_robustness_drop": null,
    "val_restoration_gain": null,
    "val_position_1_acc": 0.9902666666666666,
    "val_position_2_acc": 0.9835333333333334,
    "val_position_3_acc": 0.985,
    "val_position_4_acc": 0.9838,
    "val_position_5_acc": 0.9912,
    "test_loss": 0.2418319599940739,
    "test_seq_acc": 0.9367333333333333,
    "test_char_acc": 0.9867866666666667,
    "test_edit_distance": 0.066,
    "test_clean_accuracy": 0.9367333333333333,
    "test_robustness_drop": null,
    "test_restoration_gain": null,
    "test_position_1_acc": 0.9908666666666667,
    "test_position_2_acc": 0.9824666666666667,
    "test_position_3_acc": 0.9844,
    "test_position_4_acc": 0.9856,
    "test_position_5_acc": 0.9906
}