{
    "epoch": 97,
    "train_loss": 0.0005813330329072191,
    "pretrain_loss": null,
    "finetune_loss": 0.0005813330329072191,
    "pseudo_label_count": 0,
    "pseudo_label_accept_rate": 0.0,
    "mean_pseudo_confidence": 0.0,
    "consistency_loss": 0.0,
    "encoder_stage": "supervised",
    "stn_status": "disabled",
    "stn_regularization_loss": 0.0,
    "val_loss": 0.2673431499909945,
    "val_seq_acc": 0.9596,
    "val_char_acc": 0.9917466666666667,
    "val_edit_distance": 0.04126666666666667,
    "val_clean_accuracy": 0.9596,
    "val_robustness_drop": null,
    "val_restoration_gain": null,
    "val_position_1_acc": 0.9922666666666666,
    "val_position_2_acc": 0.9904666666666667,
    "val_position_3_acc": 0.9916666666666667,
    "val_position_4_acc": 0.9916666666666667,
    "val_position_5_acc": 0.9926666666666667,
    "test_loss": 0.28243288993252935,
    "test_seq_acc": 0.9595333333333333,
    "test_char_acc": 0.9916933333333333,
    "test_edit_distance": 0.0414,
    "test_clean_accuracy": 0.9595333333333333,
    "test_robustness_drop": null,
    "test_restoration_gain": null,
    "test_position_1_acc": 0.9932,
    "test_position_2_acc": 0.9896666666666667,
    "test_position_3_acc": 0.9916666666666667,
    "test_position_4_acc": 0.9914666666666667,
    "test_position_5_acc": 0.9924666666666667
}