{
    "epoch": 14,
    "train_loss": 0.16071829397484233,
    "pretrain_loss": null,
    "finetune_loss": 0.16071829397484233,
    "pseudo_label_count": 0,
    "pseudo_label_accept_rate": 0.0,
    "mean_pseudo_confidence": 0.0,
    "consistency_loss": 0.0,
    "encoder_stage": "supervised",
    "stn_status": "disabled",
    "stn_regularization_loss": 0.0,
    "val_loss": 0.36317199825289403,
    "val_seq_acc": 0.914,
    "val_char_acc": 0.98164,
    "val_edit_distance": 0.09173333333333333,
    "val_clean_accuracy": 0.914,
    "val_robustness_drop": null,
    "val_restoration_gain": null,
    "val_position_1_acc": 0.988,
    "val_position_2_acc": 0.9747333333333333,
    "val_position_3_acc": 0.9801333333333333,
    "val_position_4_acc": 0.9812,
    "val_position_5_acc": 0.9841333333333333,
    "test_loss": 0.3734211120833742,
    "test_seq_acc": 0.9122666666666667,
    "test_char_acc": 0.9813066666666667,
    "test_edit_distance": 0.09326666666666666,
    "test_clean_accuracy": 0.9122666666666667,
    "test_robustness_drop": null,
    "test_restoration_gain": null,
    "test_position_1_acc": 0.9872666666666666,
    "test_position_2_acc": 0.9728666666666667,
    "test_position_3_acc": 0.9792,
    "test_position_4_acc": 0.9832,
    "test_position_5_acc": 0.984
}