{
    "epoch": 147,
    "train_loss": 2.8429106723635116e-05,
    "pretrain_loss": null,
    "finetune_loss": 2.8429106723635116e-05,
    "pseudo_label_count": 0,
    "pseudo_label_accept_rate": 0.0,
    "mean_pseudo_confidence": 0.0,
    "consistency_loss": 0.0,
    "encoder_stage": "supervised",
    "stn_status": "disabled",
    "stn_regularization_loss": 0.0,
    "val_loss": 0.26439258305422786,
    "val_seq_acc": 0.9613333333333334,
    "val_char_acc": 0.99212,
    "val_edit_distance": 0.0394,
    "val_clean_accuracy": 0.9613333333333334,
    "val_robustness_drop": null,
    "val_restoration_gain": null,
    "val_position_1_acc": 0.9924666666666667,
    "val_position_2_acc": 0.9906666666666667,
    "val_position_3_acc": 0.9918666666666667,
    "val_position_4_acc": 0.9923333333333333,
    "val_position_5_acc": 0.9932666666666666,
    "test_loss": 0.277144810475224,
    "test_seq_acc": 0.9604,
    "test_char_acc": 0.9918933333333333,
    "test_edit_distance": 0.0404,
    "test_clean_accuracy": 0.9604,
    "test_robustness_drop": null,
    "test_restoration_gain": null,
    "test_position_1_acc": 0.9932,
    "test_position_2_acc": 0.9896666666666667,
    "test_position_3_acc": 0.9916666666666667,
    "test_position_4_acc": 0.9923333333333333,
    "test_position_5_acc": 0.9926
}