{
    "epoch": 4,
    "train_loss": 0.4342153546237448,
    "pretrain_loss": null,
    "finetune_loss": 0.4342153546237448,
    "pseudo_label_count": 0,
    "pseudo_label_accept_rate": 0.0,
    "mean_pseudo_confidence": 0.0,
    "consistency_loss": 0.0,
    "encoder_stage": "supervised",
    "stn_status": "disabled",
    "stn_regularization_loss": 0.0,
    "val_loss": 1.5494877713791868,
    "val_seq_acc": 0.7312,
    "val_char_acc": 0.9242133333333333,
    "val_edit_distance": 0.36566666666666664,
    "val_clean_accuracy": 0.7312,
    "val_robustness_drop": null,
    "val_restoration_gain": null,
    "val_position_1_acc": 0.9282666666666667,
    "val_position_2_acc": 0.8841333333333333,
    "val_position_3_acc": 0.9059333333333334,
    "val_position_4_acc": 0.942,
    "val_position_5_acc": 0.9607333333333333,
    "test_loss": 1.512119025626081,
    "test_seq_acc": 0.7319333333333333,
    "test_char_acc": 0.9255066666666667,
    "test_edit_distance": 0.3612,
    "test_clean_accuracy": 0.7319333333333333,
    "test_robustness_drop": null,
    "test_restoration_gain": null,
    "test_position_1_acc": 0.935,
    "test_position_2_acc": 0.8844666666666666,
    "test_position_3_acc": 0.9098666666666667,
    "test_position_4_acc": 0.9444,
    "test_position_5_acc": 0.9538
}