{
    "epoch": 115,
    "train_loss": 0.00011633215930553985,
    "pretrain_loss": 0.0,
    "finetune_loss": 0.00011633215930553985,
    "pseudo_label_count": 0,
    "pseudo_label_accept_rate": 0.0,
    "mean_pseudo_confidence": 0.0,
    "consistency_loss": 0.0,
    "encoder_stage": "contrastive_finetune_only",
    "stn_status": "trainable",
    "stn_regularization_loss": 3.1445845203187514e-07,
    "val_loss": 0.2667196762863491,
    "val_seq_acc": 0.9598,
    "val_char_acc": 0.9918,
    "val_edit_distance": 0.041,
    "val_clean_accuracy": 0.9598,
    "val_robustness_drop": null,
    "val_restoration_gain": null,
    "val_position_1_acc": 0.9932,
    "val_position_2_acc": 0.9906666666666667,
    "val_position_3_acc": 0.9909333333333333,
    "val_position_4_acc": 0.9912666666666666,
    "val_position_5_acc": 0.9929333333333333,
    "test_loss": 0.25794461428462057,
    "test_seq_acc": 0.9616666666666667,
    "test_char_acc": 0.99212,
    "test_edit_distance": 0.039266666666666665,
    "test_clean_accuracy": 0.9616666666666667,
    "test_robustness_drop": null,
    "test_restoration_gain": null,
    "test_position_1_acc": 0.9929333333333333,
    "test_position_2_acc": 0.9906666666666667,
    "test_position_3_acc": 0.9919333333333333,
    "test_position_4_acc": 0.9918666666666667,
    "test_position_5_acc": 0.9932
}