{
    "epoch": 51,
    "train_loss": 0.010478769427204295,
    "pretrain_loss": 0.0,
    "finetune_loss": 0.010478769427204295,
    "pseudo_label_count": 0,
    "pseudo_label_accept_rate": 0.0,
    "mean_pseudo_confidence": 0.0,
    "consistency_loss": 0.0,
    "encoder_stage": "contrastive_finetune_only",
    "stn_status": "trainable",
    "stn_regularization_loss": 3.799813593800548e-07,
    "val_loss": 0.23001302111996497,
    "val_seq_acc": 0.9557333333333333,
    "val_char_acc": 0.9909733333333334,
    "val_edit_distance": 0.045066666666666665,
    "val_clean_accuracy": 0.9557333333333333,
    "val_robustness_drop": null,
    "val_restoration_gain": null,
    "val_position_1_acc": 0.9915333333333334,
    "val_position_2_acc": 0.9890666666666666,
    "val_position_3_acc": 0.9903333333333333,
    "val_position_4_acc": 0.9909333333333333,
    "val_position_5_acc": 0.993,
    "test_loss": 0.2417742575408291,
    "test_seq_acc": 0.9570666666666666,
    "test_char_acc": 0.9911866666666667,
    "test_edit_distance": 0.04393333333333333,
    "test_clean_accuracy": 0.9570666666666666,
    "test_robustness_drop": null,
    "test_restoration_gain": null,
    "test_position_1_acc": 0.9923333333333333,
    "test_position_2_acc": 0.9898666666666667,
    "test_position_3_acc": 0.9901333333333333,
    "test_position_4_acc": 0.9908666666666667,
    "test_position_5_acc": 0.9927333333333334
}