{
    "epoch": 173,
    "train_loss": 0.00016762596657599122,
    "pretrain_loss": 0.0,
    "finetune_loss": 0.00016762596657599122,
    "pseudo_label_count": 0,
    "pseudo_label_accept_rate": 0.0,
    "mean_pseudo_confidence": 0.0,
    "consistency_loss": 0.0,
    "encoder_stage": "contrastive_finetune_only",
    "stn_status": "trainable",
    "stn_regularization_loss": 3.4143138751319657e-07,
    "val_loss": 0.26672232083037284,
    "val_seq_acc": 0.9600666666666666,
    "val_char_acc": 0.9918933333333333,
    "val_edit_distance": 0.04053333333333333,
    "val_clean_accuracy": 0.9600666666666666,
    "val_robustness_drop": null,
    "val_restoration_gain": null,
    "val_position_1_acc": 0.9928666666666667,
    "val_position_2_acc": 0.9909333333333333,
    "val_position_3_acc": 0.9915333333333334,
    "val_position_4_acc": 0.9910666666666667,
    "val_position_5_acc": 0.9930666666666667,
    "test_loss": 0.262691987664801,
    "test_seq_acc": 0.962,
    "test_char_acc": 0.9921733333333334,
    "test_edit_distance": 0.039,
    "test_clean_accuracy": 0.962,
    "test_robustness_drop": null,
    "test_restoration_gain": null,
    "test_position_1_acc": 0.9928,
    "test_position_2_acc": 0.9908,
    "test_position_3_acc": 0.9924,
    "test_position_4_acc": 0.9917333333333334,
    "test_position_5_acc": 0.9931333333333333
}