{
    "epoch": 165,
    "train_loss": 0.0001036202852055058,
    "pretrain_loss": 0.0,
    "finetune_loss": 0.0001036202852055058,
    "pseudo_label_count": 0,
    "pseudo_label_accept_rate": 0.0,
    "mean_pseudo_confidence": 0.0,
    "consistency_loss": 0.0,
    "encoder_stage": "contrastive_finetune_only",
    "stn_status": "trainable",
    "stn_regularization_loss": 3.3870277131742663e-07,
    "val_loss": 0.266114091793981,
    "val_seq_acc": 0.9595333333333333,
    "val_char_acc": 0.9917866666666667,
    "val_edit_distance": 0.04106666666666667,
    "val_clean_accuracy": 0.9595333333333333,
    "val_robustness_drop": null,
    "val_restoration_gain": null,
    "val_position_1_acc": 0.9926666666666667,
    "val_position_2_acc": 0.9906,
    "val_position_3_acc": 0.9912666666666666,
    "val_position_4_acc": 0.9911333333333333,
    "val_position_5_acc": 0.9932666666666666,
    "test_loss": 0.2600493829949499,
    "test_seq_acc": 0.9624666666666667,
    "test_char_acc": 0.99228,
    "test_edit_distance": 0.03846666666666667,
    "test_clean_accuracy": 0.9624666666666667,
    "test_robustness_drop": null,
    "test_restoration_gain": null,
    "test_position_1_acc": 0.9933333333333333,
    "test_position_2_acc": 0.9906,
    "test_position_3_acc": 0.9924,
    "test_position_4_acc": 0.9918666666666667,
    "test_position_5_acc": 0.9932
}