{
    "epoch": 25,
    "train_loss": 0.053676050213498715,
    "pretrain_loss": 0.0,
    "finetune_loss": 0.053676050213498715,
    "pseudo_label_count": 0,
    "pseudo_label_accept_rate": 0.0,
    "mean_pseudo_confidence": 0.0,
    "consistency_loss": 0.0,
    "encoder_stage": "contrastive_finetune_only",
    "stn_status": "trainable",
    "stn_regularization_loss": 2.2430323560815247e-08,
    "val_loss": 0.3537251281915075,
    "val_seq_acc": 0.9287333333333333,
    "val_char_acc": 0.9851733333333333,
    "val_edit_distance": 0.074,
    "val_clean_accuracy": 0.9287333333333333,
    "val_robustness_drop": null,
    "val_restoration_gain": null,
    "val_position_1_acc": 0.9871333333333333,
    "val_position_2_acc": 0.984,
    "val_position_3_acc": 0.9842,
    "val_position_4_acc": 0.9822666666666666,
    "val_position_5_acc": 0.9882666666666666,
    "test_loss": 0.3278362793942629,
    "test_seq_acc": 0.9324,
    "test_char_acc": 0.9858933333333333,
    "test_edit_distance": 0.0704,
    "test_clean_accuracy": 0.9324,
    "test_robustness_drop": null,
    "test_restoration_gain": null,
    "test_position_1_acc": 0.9874666666666667,
    "test_position_2_acc": 0.984,
    "test_position_3_acc": 0.984,
    "test_position_4_acc": 0.9864666666666667,
    "test_position_5_acc": 0.9875333333333334
}