{
    "epoch": 77,
    "train_loss": 0.0009123910892671661,
    "pretrain_loss": 0.0,
    "finetune_loss": 0.0009123910892671661,
    "pseudo_label_count": 0,
    "pseudo_label_accept_rate": 0.0,
    "mean_pseudo_confidence": 0.0,
    "consistency_loss": 0.0,
    "encoder_stage": "contrastive_finetune_only",
    "stn_status": "trainable",
    "stn_regularization_loss": 2.943255229696632e-07,
    "val_loss": 0.2507462082667497,
    "val_seq_acc": 0.9603333333333334,
    "val_char_acc": 0.9918933333333333,
    "val_edit_distance": 0.04053333333333333,
    "val_clean_accuracy": 0.9603333333333334,
    "val_robustness_drop": null,
    "val_restoration_gain": null,
    "val_position_1_acc": 0.9920666666666667,
    "val_position_2_acc": 0.9908,
    "val_position_3_acc": 0.9914,
    "val_position_4_acc": 0.9916666666666667,
    "val_position_5_acc": 0.9935333333333334,
    "test_loss": 0.25355604176520036,
    "test_seq_acc": 0.9595333333333333,
    "test_char_acc": 0.9916933333333333,
    "test_edit_distance": 0.0414,
    "test_clean_accuracy": 0.9595333333333333,
    "test_robustness_drop": null,
    "test_restoration_gain": null,
    "test_position_1_acc": 0.9926666666666667,
    "test_position_2_acc": 0.9898666666666667,
    "test_position_3_acc": 0.9912,
    "test_position_4_acc": 0.9918,
    "test_position_5_acc": 0.9929333333333333
}