{
    "epoch": 88,
    "train_loss": 0.0006048432635292338,
    "pretrain_loss": 0.0,
    "finetune_loss": 0.0006048432635292338,
    "pseudo_label_count": 0,
    "pseudo_label_accept_rate": 0.0,
    "mean_pseudo_confidence": 0.0,
    "consistency_loss": 0.0,
    "encoder_stage": "contrastive_finetune_only",
    "stn_status": "trainable",
    "stn_regularization_loss": 3.2331432412670545e-07,
    "val_loss": 0.2700051453785371,
    "val_seq_acc": 0.9580666666666666,
    "val_char_acc": 0.9913866666666666,
    "val_edit_distance": 0.04306666666666667,
    "val_clean_accuracy": 0.9580666666666666,
    "val_robustness_drop": null,
    "val_restoration_gain": null,
    "val_position_1_acc": 0.9922,
    "val_position_2_acc": 0.9902,
    "val_position_3_acc": 0.9910666666666667,
    "val_position_4_acc": 0.9912666666666666,
    "val_position_5_acc": 0.9922,
    "test_loss": 0.2699899508872354,
    "test_seq_acc": 0.9594,
    "test_char_acc": 0.9916666666666667,
    "test_edit_distance": 0.0416,
    "test_clean_accuracy": 0.9594,
    "test_robustness_drop": null,
    "test_restoration_gain": null,
    "test_position_1_acc": 0.9927333333333334,
    "test_position_2_acc": 0.99,
    "test_position_3_acc": 0.9911333333333333,
    "test_position_4_acc": 0.9919333333333333,
    "test_position_5_acc": 0.9925333333333334
}