{
    "epoch": 154,
    "train_loss": 0.00010173231533659351,
    "pretrain_loss": 0.0,
    "finetune_loss": 0.00010173231533659351,
    "pseudo_label_count": 0,
    "pseudo_label_accept_rate": 0.0,
    "mean_pseudo_confidence": 0.0,
    "consistency_loss": 0.0,
    "encoder_stage": "contrastive_finetune_only",
    "stn_status": "trainable",
    "stn_regularization_loss": 3.381153636341546e-07,
    "val_loss": 0.2670294558205782,
    "val_seq_acc": 0.96,
    "val_char_acc": 0.99188,
    "val_edit_distance": 0.0406,
    "val_clean_accuracy": 0.96,
    "val_robustness_drop": null,
    "val_restoration_gain": null,
    "val_position_1_acc": 0.9927333333333334,
    "val_position_2_acc": 0.991,
    "val_position_3_acc": 0.9913333333333333,
    "val_position_4_acc": 0.9910666666666667,
    "val_position_5_acc": 0.9932666666666666,
    "test_loss": 0.2607423442192109,
    "test_seq_acc": 0.9616,
    "test_char_acc": 0.9921066666666667,
    "test_edit_distance": 0.03933333333333333,
    "test_clean_accuracy": 0.9616,
    "test_robustness_drop": null,
    "test_restoration_gain": null,
    "test_position_1_acc": 0.9930666666666667,
    "test_position_2_acc": 0.9904666666666667,
    "test_position_3_acc": 0.9922666666666666,
    "test_position_4_acc": 0.9916,
    "test_position_5_acc": 0.9931333333333333
}