{
    "epoch": 79,
    "train_loss": 0.0007325146919548832,
    "pretrain_loss": 0.0,
    "finetune_loss": 0.0007325146919548832,
    "pseudo_label_count": 0,
    "pseudo_label_accept_rate": 0.0,
    "mean_pseudo_confidence": 0.0,
    "consistency_loss": 0.0,
    "encoder_stage": "contrastive_finetune_only",
    "stn_status": "trainable",
    "stn_regularization_loss": 2.8936630801510244e-07,
    "val_loss": 0.2518876289191135,
    "val_seq_acc": 0.9577333333333333,
    "val_char_acc": 0.9913866666666666,
    "val_edit_distance": 0.04306666666666667,
    "val_clean_accuracy": 0.9577333333333333,
    "val_robustness_drop": null,
    "val_restoration_gain": null,
    "val_position_1_acc": 0.9918,
    "val_position_2_acc": 0.9903333333333333,
    "val_position_3_acc": 0.9904666666666667,
    "val_position_4_acc": 0.9911333333333333,
    "val_position_5_acc": 0.9932,
    "test_loss": 0.25158730929874534,
    "test_seq_acc": 0.9607333333333333,
    "test_char_acc": 0.9919066666666667,
    "test_edit_distance": 0.04033333333333333,
    "test_clean_accuracy": 0.9607333333333333,
    "test_robustness_drop": null,
    "test_restoration_gain": null,
    "test_position_1_acc": 0.9928666666666667,
    "test_position_2_acc": 0.9901333333333333,
    "test_position_3_acc": 0.9915333333333334,
    "test_position_4_acc": 0.992,
    "test_position_5_acc": 0.993
}