{
    "epoch": 98,
    "train_loss": 0.0008276657426049544,
    "pretrain_loss": 0.0,
    "finetune_loss": 0.0008276657426049544,
    "pseudo_label_count": 0,
    "pseudo_label_accept_rate": 0.0,
    "mean_pseudo_confidence": 0.0,
    "consistency_loss": 0.0,
    "encoder_stage": "contrastive_finetune_only",
    "stn_status": "trainable",
    "stn_regularization_loss": 3.1807831092318725e-07,
    "val_loss": 0.28101731215996306,
    "val_seq_acc": 0.9583333333333334,
    "val_char_acc": 0.9915333333333334,
    "val_edit_distance": 0.042333333333333334,
    "val_clean_accuracy": 0.9583333333333334,
    "val_robustness_drop": null,
    "val_restoration_gain": null,
    "val_position_1_acc": 0.9925333333333334,
    "val_position_2_acc": 0.9898666666666667,
    "val_position_3_acc": 0.9910666666666667,
    "val_position_4_acc": 0.9916,
    "val_position_5_acc": 0.9926,
    "test_loss": 0.2663353951332175,
    "test_seq_acc": 0.9608666666666666,
    "test_char_acc": 0.9919333333333333,
    "test_edit_distance": 0.0402,
    "test_clean_accuracy": 0.9608666666666666,
    "test_robustness_drop": null,
    "test_restoration_gain": null,
    "test_position_1_acc": 0.9924,
    "test_position_2_acc": 0.9900666666666667,
    "test_position_3_acc": 0.9918666666666667,
    "test_position_4_acc": 0.9922666666666666,
    "test_position_5_acc": 0.9930666666666667
}