{
    "epoch": 126,
    "train_loss": 8.136301366475914e-05,
    "pretrain_loss": 0.0,
    "finetune_loss": 8.136301366475914e-05,
    "pseudo_label_count": 0,
    "pseudo_label_accept_rate": 0.0,
    "mean_pseudo_confidence": 0.0,
    "consistency_loss": 0.0,
    "encoder_stage": "contrastive_finetune_only",
    "stn_status": "trainable",
    "stn_regularization_loss": 3.1429405860118205e-07,
    "val_loss": 0.2656728428338607,
    "val_seq_acc": 0.9602666666666667,
    "val_char_acc": 0.9919066666666667,
    "val_edit_distance": 0.040466666666666665,
    "val_clean_accuracy": 0.9602666666666667,
    "val_robustness_drop": null,
    "val_restoration_gain": null,
    "val_position_1_acc": 0.9928,
    "val_position_2_acc": 0.9907333333333334,
    "val_position_3_acc": 0.9912,
    "val_position_4_acc": 0.9914,
    "val_position_5_acc": 0.9934,
    "test_loss": 0.2589432631102065,
    "test_seq_acc": 0.9617333333333333,
    "test_char_acc": 0.9921333333333333,
    "test_edit_distance": 0.0392,
    "test_clean_accuracy": 0.9617333333333333,
    "test_robustness_drop": null,
    "test_restoration_gain": null,
    "test_position_1_acc": 0.9928666666666667,
    "test_position_2_acc": 0.9908,
    "test_position_3_acc": 0.9919333333333333,
    "test_position_4_acc": 0.9919333333333333,
    "test_position_5_acc": 0.9931333333333333
}