{
    "epoch": 144,
    "train_loss": 0.00023138861989506092,
    "pretrain_loss": 0.0,
    "finetune_loss": 0.00023138861989506092,
    "pseudo_label_count": 0,
    "pseudo_label_accept_rate": 0.0,
    "mean_pseudo_confidence": 0.0,
    "consistency_loss": 0.0,
    "encoder_stage": "contrastive_finetune_only",
    "stn_status": "trainable",
    "stn_regularization_loss": 3.274259055843667e-07,
    "val_loss": 0.2669444317545127,
    "val_seq_acc": 0.9612666666666667,
    "val_char_acc": 0.99212,
    "val_edit_distance": 0.0394,
    "val_clean_accuracy": 0.9612666666666667,
    "val_robustness_drop": null,
    "val_restoration_gain": null,
    "val_position_1_acc": 0.993,
    "val_position_2_acc": 0.9912666666666666,
    "val_position_3_acc": 0.9914,
    "val_position_4_acc": 0.9916,
    "val_position_5_acc": 0.9933333333333333,
    "test_loss": 0.2605395589644936,
    "test_seq_acc": 0.9626,
    "test_char_acc": 0.9923066666666667,
    "test_edit_distance": 0.03833333333333333,
    "test_clean_accuracy": 0.9626,
    "test_robustness_drop": null,
    "test_restoration_gain": null,
    "test_position_1_acc": 0.9931333333333333,
    "test_position_2_acc": 0.9908666666666667,
    "test_position_3_acc": 0.9922666666666666,
    "test_position_4_acc": 0.9921333333333333,
    "test_position_5_acc": 0.9931333333333333
}