{
    "epoch": 170,
    "train_loss": 0.00015767091488671768,
    "pretrain_loss": 0.0,
    "finetune_loss": 0.00015767091488671768,
    "pseudo_label_count": 0,
    "pseudo_label_accept_rate": 0.0,
    "mean_pseudo_confidence": 0.0,
    "consistency_loss": 0.0,
    "encoder_stage": "contrastive_finetune_only",
    "stn_status": "trainable",
    "stn_regularization_loss": 3.39506456855622e-07,
    "val_loss": 0.2674020325826027,
    "val_seq_acc": 0.9600666666666666,
    "val_char_acc": 0.9919066666666667,
    "val_edit_distance": 0.040466666666666665,
    "val_clean_accuracy": 0.9600666666666666,
    "val_robustness_drop": null,
    "val_restoration_gain": null,
    "val_position_1_acc": 0.9928,
    "val_position_2_acc": 0.9906666666666667,
    "val_position_3_acc": 0.9914,
    "val_position_4_acc": 0.9912666666666666,
    "val_position_5_acc": 0.9934,
    "test_loss": 0.26235074828149507,
    "test_seq_acc": 0.9622666666666667,
    "test_char_acc": 0.99224,
    "test_edit_distance": 0.03866666666666667,
    "test_clean_accuracy": 0.9622666666666667,
    "test_robustness_drop": null,
    "test_restoration_gain": null,
    "test_position_1_acc": 0.9934,
    "test_position_2_acc": 0.9904,
    "test_position_3_acc": 0.9922666666666666,
    "test_position_4_acc": 0.9919333333333333,
    "test_position_5_acc": 0.9932
}