{
    "epoch": 18,
    "train_loss": 3.9631260633588212,
    "pretrain_loss": 3.840693076306331,
    "finetune_loss": 0.12243298705249013,
    "pseudo_label_count": 0,
    "pseudo_label_accept_rate": 0.0,
    "mean_pseudo_confidence": 0.0,
    "consistency_loss": 0.0,
    "encoder_stage": "contrastive_pretrain_and_finetune",
    "stn_status": "frozen",
    "stn_regularization_loss": 0.0,
    "val_loss": 0.2399709576393588,
    "val_seq_acc": 0.9339333333333333,
    "val_char_acc": 0.9862533333333333,
    "val_edit_distance": 0.06873333333333333,
    "val_clean_accuracy": 0.9339333333333333,
    "val_robustness_drop": null,
    "val_restoration_gain": null,
    "val_position_1_acc": 0.9874,
    "val_position_2_acc": 0.9844,
    "val_position_3_acc": 0.9853333333333333,
    "val_position_4_acc": 0.9852666666666666,
    "val_position_5_acc": 0.9888666666666667,
    "test_loss": 0.25478196507161954,
    "test_seq_acc": 0.9294666666666667,
    "test_char_acc": 0.9852933333333334,
    "test_edit_distance": 0.07346666666666667,
    "test_clean_accuracy": 0.9294666666666667,
    "test_robustness_drop": null,
    "test_restoration_gain": null,
    "test_position_1_acc": 0.9874,
    "test_position_2_acc": 0.9818,
    "test_position_3_acc": 0.9846,
    "test_position_4_acc": 0.9866666666666667,
    "test_position_5_acc": 0.986
}