{
    "epoch": 123,
    "train_loss": 8.22194115030482e-05,
    "pretrain_loss": 0.0,
    "finetune_loss": 8.22194115030482e-05,
    "pseudo_label_count": 0,
    "pseudo_label_accept_rate": 0.0,
    "mean_pseudo_confidence": 0.0,
    "consistency_loss": 0.0,
    "encoder_stage": "contrastive_finetune_only",
    "stn_status": "trainable",
    "stn_regularization_loss": 3.174742165426345e-07,
    "val_loss": 0.2663107758735196,
    "val_seq_acc": 0.961,
    "val_char_acc": 0.99204,
    "val_edit_distance": 0.0398,
    "val_clean_accuracy": 0.961,
    "val_robustness_drop": null,
    "val_restoration_gain": null,
    "val_position_1_acc": 0.9928666666666667,
    "val_position_2_acc": 0.9912,
    "val_position_3_acc": 0.9913333333333333,
    "val_position_4_acc": 0.9915333333333334,
    "val_position_5_acc": 0.9932666666666666,
    "test_loss": 0.25854993021605,
    "test_seq_acc": 0.9618,
    "test_char_acc": 0.9921466666666666,
    "test_edit_distance": 0.03913333333333333,
    "test_clean_accuracy": 0.9618,
    "test_robustness_drop": null,
    "test_restoration_gain": null,
    "test_position_1_acc": 0.9931333333333333,
    "test_position_2_acc": 0.9906666666666667,
    "test_position_3_acc": 0.9918666666666667,
    "test_position_4_acc": 0.9918666666666667,
    "test_position_5_acc": 0.9932
}