{
    "epoch": 112,
    "train_loss": 0.00010012508362839266,
    "pretrain_loss": 0.0,
    "finetune_loss": 0.00010012508362839266,
    "pseudo_label_count": 0,
    "pseudo_label_accept_rate": 0.0,
    "mean_pseudo_confidence": 0.0,
    "consistency_loss": 0.0,
    "encoder_stage": "contrastive_finetune_only",
    "stn_status": "trainable",
    "stn_regularization_loss": 3.1256372003423525e-07,
    "val_loss": 0.2660258398948719,
    "val_seq_acc": 0.9602666666666667,
    "val_char_acc": 0.9918933333333333,
    "val_edit_distance": 0.04053333333333333,
    "val_clean_accuracy": 0.9602666666666667,
    "val_robustness_drop": null,
    "val_restoration_gain": null,
    "val_position_1_acc": 0.9932,
    "val_position_2_acc": 0.9909333333333333,
    "val_position_3_acc": 0.9910666666666667,
    "val_position_4_acc": 0.9912666666666666,
    "val_position_5_acc": 0.993,
    "test_loss": 0.2569987392857063,
    "test_seq_acc": 0.9618666666666666,
    "test_char_acc": 0.99216,
    "test_edit_distance": 0.039066666666666666,
    "test_clean_accuracy": 0.9618666666666666,
    "test_robustness_drop": null,
    "test_restoration_gain": null,
    "test_position_1_acc": 0.993,
    "test_position_2_acc": 0.9906666666666667,
    "test_position_3_acc": 0.992,
    "test_position_4_acc": 0.992,
    "test_position_5_acc": 0.9931333333333333
}