{
    "epoch": 100,
    "train_loss": 0.0009442342500973343,
    "pretrain_loss": 0.0,
    "finetune_loss": 0.0009442342500973343,
    "pseudo_label_count": 0,
    "pseudo_label_accept_rate": 0.0,
    "mean_pseudo_confidence": 0.0,
    "consistency_loss": 0.0,
    "encoder_stage": "contrastive_finetune_only",
    "stn_status": "trainable",
    "stn_regularization_loss": 3.009729477259424e-07,
    "val_loss": 0.2840497201669693,
    "val_seq_acc": 0.9569333333333333,
    "val_char_acc": 0.9912133333333333,
    "val_edit_distance": 0.04393333333333333,
    "val_clean_accuracy": 0.9569333333333333,
    "val_robustness_drop": null,
    "val_restoration_gain": null,
    "val_position_1_acc": 0.9922,
    "val_position_2_acc": 0.9901333333333333,
    "val_position_3_acc": 0.9906666666666667,
    "val_position_4_acc": 0.9908666666666667,
    "val_position_5_acc": 0.9922,
    "test_loss": 0.27511316277402437,
    "test_seq_acc": 0.9584666666666667,
    "test_char_acc": 0.9914933333333333,
    "test_edit_distance": 0.0424,
    "test_clean_accuracy": 0.9584666666666667,
    "test_robustness_drop": null,
    "test_restoration_gain": null,
    "test_position_1_acc": 0.9921333333333333,
    "test_position_2_acc": 0.9902666666666666,
    "test_position_3_acc": 0.9912,
    "test_position_4_acc": 0.9916666666666667,
    "test_position_5_acc": 0.9922
}