{
    "epoch": 199,
    "train_loss": 0.00023280309262888862,
    "pretrain_loss": 0.0,
    "finetune_loss": 0.00023280309262888862,
    "pseudo_label_count": 0,
    "pseudo_label_accept_rate": 0.0,
    "mean_pseudo_confidence": 0.0,
    "consistency_loss": 0.0,
    "encoder_stage": "contrastive_finetune_only",
    "stn_status": "trainable",
    "stn_regularization_loss": 3.432017877782276e-07,
    "val_loss": 0.2640331208710063,
    "val_seq_acc": 0.9605333333333334,
    "val_char_acc": 0.992,
    "val_edit_distance": 0.04,
    "val_clean_accuracy": 0.9605333333333334,
    "val_robustness_drop": null,
    "val_restoration_gain": null,
    "val_position_1_acc": 0.9928,
    "val_position_2_acc": 0.9909333333333333,
    "val_position_3_acc": 0.9914666666666667,
    "val_position_4_acc": 0.9914666666666667,
    "val_position_5_acc": 0.9933333333333333,
    "test_loss": 0.2572608065582114,
    "test_seq_acc": 0.9631333333333333,
    "test_char_acc": 0.9924266666666667,
    "test_edit_distance": 0.037733333333333334,
    "test_clean_accuracy": 0.9631333333333333,
    "test_robustness_drop": null,
    "test_restoration_gain": null,
    "test_position_1_acc": 0.9932666666666666,
    "test_position_2_acc": 0.9908,
    "test_position_3_acc": 0.9924666666666667,
    "test_position_4_acc": 0.9921333333333333,
    "test_position_5_acc": 0.9934666666666667
}