{
    "epoch": 28,
    "train_loss": 0.04726765189421978,
    "pretrain_loss": 0.0,
    "finetune_loss": 0.04726765189421978,
    "pseudo_label_count": 0,
    "pseudo_label_accept_rate": 0.0,
    "mean_pseudo_confidence": 0.0,
    "consistency_loss": 0.0,
    "encoder_stage": "contrastive_finetune_only",
    "stn_status": "trainable",
    "stn_regularization_loss": 5.1957847083095496e-08,
    "val_loss": 0.38287401814960825,
    "val_seq_acc": 0.9265333333333333,
    "val_char_acc": 0.9844533333333333,
    "val_edit_distance": 0.07773333333333333,
    "val_clean_accuracy": 0.9265333333333333,
    "val_robustness_drop": null,
    "val_restoration_gain": null,
    "val_position_1_acc": 0.9858666666666667,
    "val_position_2_acc": 0.9812666666666666,
    "val_position_3_acc": 0.9849333333333333,
    "val_position_4_acc": 0.9822666666666666,
    "val_position_5_acc": 0.9879333333333333,
    "test_loss": 0.3769429007197841,
    "test_seq_acc": 0.9259333333333334,
    "test_char_acc": 0.9844666666666667,
    "test_edit_distance": 0.07766666666666666,
    "test_clean_accuracy": 0.9259333333333334,
    "test_robustness_drop": null,
    "test_restoration_gain": null,
    "test_position_1_acc": 0.9866,
    "test_position_2_acc": 0.9808,
    "test_position_3_acc": 0.9862,
    "test_position_4_acc": 0.9816,
    "test_position_5_acc": 0.9871333333333333
}