{
    "epoch": 65,
    "train_loss": 0.001009076529236598,
    "pretrain_loss": 0.0,
    "finetune_loss": 0.001009076529236598,
    "pseudo_label_count": 0,
    "pseudo_label_accept_rate": 0.0,
    "mean_pseudo_confidence": 0.0,
    "consistency_loss": 0.0,
    "encoder_stage": "contrastive_finetune_only",
    "stn_status": "trainable",
    "stn_regularization_loss": 3.5099145500801715e-07,
    "val_loss": 0.22763337306599368,
    "val_seq_acc": 0.9590666666666666,
    "val_char_acc": 0.9916666666666667,
    "val_edit_distance": 0.041666666666666664,
    "val_clean_accuracy": 0.9590666666666666,
    "val_robustness_drop": null,
    "val_restoration_gain": null,
    "val_position_1_acc": 0.9926,
    "val_position_2_acc": 0.9899333333333333,
    "val_position_3_acc": 0.9914666666666667,
    "val_position_4_acc": 0.9914,
    "val_position_5_acc": 0.9929333333333333,
    "test_loss": 0.23548855954560183,
    "test_seq_acc": 0.9604666666666667,
    "test_char_acc": 0.9918533333333334,
    "test_edit_distance": 0.0406,
    "test_clean_accuracy": 0.9604666666666667,
    "test_robustness_drop": null,
    "test_restoration_gain": null,
    "test_position_1_acc": 0.9931333333333333,
    "test_position_2_acc": 0.9904,
    "test_position_3_acc": 0.9912,
    "test_position_4_acc": 0.9912,
    "test_position_5_acc": 0.9933333333333333
}