{
    "epoch": 45,
    "train_loss": 0.03797573981351917,
    "pretrain_loss": 0.0,
    "finetune_loss": 0.03797573981351917,
    "pseudo_label_count": 0,
    "pseudo_label_accept_rate": 0.0,
    "mean_pseudo_confidence": 0.0,
    "consistency_loss": 0.0,
    "encoder_stage": "contrastive_finetune_only",
    "stn_status": "trainable",
    "stn_regularization_loss": 2.1541735229150002e-07,
    "val_loss": 0.2840127323515382,
    "val_seq_acc": 0.9452666666666667,
    "val_char_acc": 0.9886133333333333,
    "val_edit_distance": 0.05686666666666667,
    "val_clean_accuracy": 0.9452666666666667,
    "val_robustness_drop": null,
    "val_restoration_gain": null,
    "val_position_1_acc": 0.9908,
    "val_position_2_acc": 0.9846666666666667,
    "val_position_3_acc": 0.9882,
    "val_position_4_acc": 0.9876,
    "val_position_5_acc": 0.9918,
    "test_loss": 0.29206152822254067,
    "test_seq_acc": 0.9464666666666667,
    "test_char_acc": 0.98896,
    "test_edit_distance": 0.05513333333333333,
    "test_clean_accuracy": 0.9464666666666667,
    "test_robustness_drop": null,
    "test_restoration_gain": null,
    "test_position_1_acc": 0.9911333333333333,
    "test_position_2_acc": 0.9864666666666667,
    "test_position_3_acc": 0.9878,
    "test_position_4_acc": 0.9884666666666667,
    "test_position_5_acc": 0.9909333333333333
}