{
    "epoch": 5,
    "train_loss": 4.266240830523396,
    "pretrain_loss": 3.8986969382061165,
    "finetune_loss": 0.3675438923172789,
    "pseudo_label_count": 0,
    "pseudo_label_accept_rate": 0.0,
    "mean_pseudo_confidence": 0.0,
    "consistency_loss": 0.0,
    "encoder_stage": "contrastive_pretrain_and_finetune",
    "stn_status": "frozen",
    "stn_regularization_loss": 0.0,
    "val_loss": 0.2963217253149566,
    "val_seq_acc": 0.9061333333333333,
    "val_char_acc": 0.9800666666666666,
    "val_edit_distance": 0.0996,
    "val_clean_accuracy": 0.9061333333333333,
    "val_robustness_drop": null,
    "val_restoration_gain": null,
    "val_position_1_acc": 0.9790666666666666,
    "val_position_2_acc": 0.9768,
    "val_position_3_acc": 0.9772666666666666,
    "val_position_4_acc": 0.9814666666666667,
    "val_position_5_acc": 0.9857333333333334,
    "test_loss": 0.299170504308353,
    "test_seq_acc": 0.9064666666666666,
    "test_char_acc": 0.98004,
    "test_edit_distance": 0.09966666666666667,
    "test_clean_accuracy": 0.9064666666666666,
    "test_robustness_drop": null,
    "test_restoration_gain": null,
    "test_position_1_acc": 0.9824,
    "test_position_2_acc": 0.9733333333333334,
    "test_position_3_acc": 0.9764,
    "test_position_4_acc": 0.9819333333333333,
    "test_position_5_acc": 0.9861333333333333
}