{
    "epoch": 192,
    "train_loss": 0.00012431142255383377,
    "pretrain_loss": 0.0,
    "finetune_loss": 0.00012431142255383377,
    "pseudo_label_count": 0,
    "pseudo_label_accept_rate": 0.0,
    "mean_pseudo_confidence": 0.0,
    "consistency_loss": 0.0,
    "encoder_stage": "contrastive_finetune_only",
    "stn_status": "trainable",
    "stn_regularization_loss": 3.4171489604983204e-07,
    "val_loss": 0.2657367684020678,
    "val_seq_acc": 0.9603333333333334,
    "val_char_acc": 0.99196,
    "val_edit_distance": 0.0402,
    "val_clean_accuracy": 0.9603333333333334,
    "val_robustness_drop": null,
    "val_restoration_gain": null,
    "val_position_1_acc": 0.9927333333333334,
    "val_position_2_acc": 0.9909333333333333,
    "val_position_3_acc": 0.9916,
    "val_position_4_acc": 0.9914666666666667,
    "val_position_5_acc": 0.9930666666666667,
    "test_loss": 0.25986904571733016,
    "test_seq_acc": 0.9628,
    "test_char_acc": 0.9923466666666667,
    "test_edit_distance": 0.03813333333333333,
    "test_clean_accuracy": 0.9628,
    "test_robustness_drop": null,
    "test_restoration_gain": null,
    "test_position_1_acc": 0.9932,
    "test_position_2_acc": 0.9909333333333333,
    "test_position_3_acc": 0.9924666666666667,
    "test_position_4_acc": 0.9918,
    "test_position_5_acc": 0.9933333333333333
}