{
    "epoch": 68,
    "train_loss": 0.001588265725514288,
    "pretrain_loss": 0.0,
    "finetune_loss": 0.001588265725514288,
    "pseudo_label_count": 0,
    "pseudo_label_accept_rate": 0.0,
    "mean_pseudo_confidence": 0.0,
    "consistency_loss": 0.0,
    "encoder_stage": "contrastive_finetune_only",
    "stn_status": "trainable",
    "stn_regularization_loss": 4.302343484735267e-07,
    "val_loss": 0.23643703321468526,
    "val_seq_acc": 0.9587333333333333,
    "val_char_acc": 0.9916,
    "val_edit_distance": 0.042,
    "val_clean_accuracy": 0.9587333333333333,
    "val_robustness_drop": null,
    "val_restoration_gain": null,
    "val_position_1_acc": 0.9918,
    "val_position_2_acc": 0.9902,
    "val_position_3_acc": 0.9912666666666666,
    "val_position_4_acc": 0.9914666666666667,
    "val_position_5_acc": 0.9932666666666666,
    "test_loss": 0.23520179677723071,
    "test_seq_acc": 0.9608666666666666,
    "test_char_acc": 0.99192,
    "test_edit_distance": 0.040266666666666666,
    "test_clean_accuracy": 0.9608666666666666,
    "test_robustness_drop": null,
    "test_restoration_gain": null,
    "test_position_1_acc": 0.9925333333333334,
    "test_position_2_acc": 0.9906666666666667,
    "test_position_3_acc": 0.9913333333333333,
    "test_position_4_acc": 0.9919333333333333,
    "test_position_5_acc": 0.9931333333333333
}