{
    "epoch": 137,
    "train_loss": 0.00024934716729251043,
    "pretrain_loss": 0.0,
    "finetune_loss": 0.00024934716729251043,
    "pseudo_label_count": 0,
    "pseudo_label_accept_rate": 0.0,
    "mean_pseudo_confidence": 0.0,
    "consistency_loss": 0.0,
    "encoder_stage": "contrastive_finetune_only",
    "stn_status": "trainable",
    "stn_regularization_loss": 3.310381320037108e-07,
    "val_loss": 0.2683365659542455,
    "val_seq_acc": 0.96,
    "val_char_acc": 0.99188,
    "val_edit_distance": 0.0406,
    "val_clean_accuracy": 0.96,
    "val_robustness_drop": null,
    "val_restoration_gain": null,
    "val_position_1_acc": 0.993,
    "val_position_2_acc": 0.991,
    "val_position_3_acc": 0.9911333333333333,
    "val_position_4_acc": 0.9912,
    "val_position_5_acc": 0.9930666666666667,
    "test_loss": 0.2606044530899027,
    "test_seq_acc": 0.9616,
    "test_char_acc": 0.9921066666666667,
    "test_edit_distance": 0.03933333333333333,
    "test_clean_accuracy": 0.9616,
    "test_robustness_drop": null,
    "test_restoration_gain": null,
    "test_position_1_acc": 0.9930666666666667,
    "test_position_2_acc": 0.9907333333333334,
    "test_position_3_acc": 0.9918666666666667,
    "test_position_4_acc": 0.9919333333333333,
    "test_position_5_acc": 0.9929333333333333
}