{
    "epoch": 39,
    "train_loss": 0.028948871943158615,
    "pretrain_loss": 0.0,
    "finetune_loss": 0.028948871943158615,
    "pseudo_label_count": 0,
    "pseudo_label_accept_rate": 0.0,
    "mean_pseudo_confidence": 0.0,
    "consistency_loss": 0.0,
    "encoder_stage": "contrastive_finetune_only",
    "stn_status": "trainable",
    "stn_regularization_loss": 1.3710031570366538e-07,
    "val_loss": 0.3208076594460566,
    "val_seq_acc": 0.9390666666666667,
    "val_char_acc": 0.9874266666666667,
    "val_edit_distance": 0.06286666666666667,
    "val_clean_accuracy": 0.9390666666666667,
    "val_robustness_drop": null,
    "val_restoration_gain": null,
    "val_position_1_acc": 0.9884666666666667,
    "val_position_2_acc": 0.9863333333333333,
    "val_position_3_acc": 0.9868666666666667,
    "val_position_4_acc": 0.9865333333333334,
    "val_position_5_acc": 0.9889333333333333,
    "test_loss": 0.3249755144371825,
    "test_seq_acc": 0.9396666666666667,
    "test_char_acc": 0.9875466666666667,
    "test_edit_distance": 0.0622,
    "test_clean_accuracy": 0.9396666666666667,
    "test_robustness_drop": null,
    "test_restoration_gain": null,
    "test_position_1_acc": 0.9896,
    "test_position_2_acc": 0.9862666666666666,
    "test_position_3_acc": 0.9866,
    "test_position_4_acc": 0.9868,
    "test_position_5_acc": 0.9884666666666667
}