{
    "epoch": 29,
    "train_loss": 0.04095123155168975,
    "pretrain_loss": 0.0,
    "finetune_loss": 0.04095123155168975,
    "pseudo_label_count": 0,
    "pseudo_label_accept_rate": 0.0,
    "mean_pseudo_confidence": 0.0,
    "consistency_loss": 0.0,
    "encoder_stage": "contrastive_finetune_only",
    "stn_status": "trainable",
    "stn_regularization_loss": 3.902281066079679e-08,
    "val_loss": 0.25417557873336943,
    "val_seq_acc": 0.9462,
    "val_char_acc": 0.989,
    "val_edit_distance": 0.055,
    "val_clean_accuracy": 0.9462,
    "val_robustness_drop": null,
    "val_restoration_gain": null,
    "val_position_1_acc": 0.9904666666666667,
    "val_position_2_acc": 0.9866666666666667,
    "val_position_3_acc": 0.9876666666666667,
    "val_position_4_acc": 0.9880666666666666,
    "val_position_5_acc": 0.9921333333333333,
    "test_loss": 0.25981977515680305,
    "test_seq_acc": 0.9440666666666667,
    "test_char_acc": 0.9884533333333333,
    "test_edit_distance": 0.057666666666666665,
    "test_clean_accuracy": 0.9440666666666667,
    "test_robustness_drop": null,
    "test_restoration_gain": null,
    "test_position_1_acc": 0.9905333333333334,
    "test_position_2_acc": 0.9842666666666666,
    "test_position_3_acc": 0.9875333333333334,
    "test_position_4_acc": 0.9884,
    "test_position_5_acc": 0.9915333333333334
}