{
    "epoch": 63,
    "train_loss": 0.0006135857343412607,
    "pretrain_loss": 0.0,
    "finetune_loss": 0.0006135857343412607,
    "pseudo_label_count": 0,
    "pseudo_label_accept_rate": 0.0,
    "mean_pseudo_confidence": 0.0,
    "consistency_loss": 0.0,
    "encoder_stage": "contrastive_finetune_only",
    "stn_status": "trainable",
    "stn_regularization_loss": 3.455982452255656e-07,
    "val_loss": 0.22052377795650607,
    "val_seq_acc": 0.9601333333333333,
    "val_char_acc": 0.99188,
    "val_edit_distance": 0.0406,
    "val_clean_accuracy": 0.9601333333333333,
    "val_robustness_drop": null,
    "val_restoration_gain": null,
    "val_position_1_acc": 0.9924,
    "val_position_2_acc": 0.9904666666666667,
    "val_position_3_acc": 0.9916666666666667,
    "val_position_4_acc": 0.9917333333333334,
    "val_position_5_acc": 0.9931333333333333,
    "test_loss": 0.22889025350716913,
    "test_seq_acc": 0.9592666666666667,
    "test_char_acc": 0.9916266666666667,
    "test_edit_distance": 0.04173333333333333,
    "test_clean_accuracy": 0.9592666666666667,
    "test_robustness_drop": null,
    "test_restoration_gain": null,
    "test_position_1_acc": 0.9927333333333334,
    "test_position_2_acc": 0.9906666666666667,
    "test_position_3_acc": 0.9904666666666667,
    "test_position_4_acc": 0.9909333333333333,
    "test_position_5_acc": 0.9933333333333333
}