{
    "epoch": 53,
    "train_loss": 0.0034246785554356445,
    "pretrain_loss": 0.0,
    "finetune_loss": 0.0034246785554356445,
    "pseudo_label_count": 0,
    "pseudo_label_accept_rate": 0.0,
    "mean_pseudo_confidence": 0.0,
    "consistency_loss": 0.0,
    "encoder_stage": "contrastive_finetune_only",
    "stn_status": "trainable",
    "stn_regularization_loss": 3.601831108622177e-07,
    "val_loss": 0.21624201807682797,
    "val_seq_acc": 0.9576,
    "val_char_acc": 0.9913733333333333,
    "val_edit_distance": 0.043133333333333336,
    "val_clean_accuracy": 0.9576,
    "val_robustness_drop": null,
    "val_restoration_gain": null,
    "val_position_1_acc": 0.9920666666666667,
    "val_position_2_acc": 0.9896666666666667,
    "val_position_3_acc": 0.991,
    "val_position_4_acc": 0.9912,
    "val_position_5_acc": 0.9929333333333333,
    "test_loss": 0.22474381565195273,
    "test_seq_acc": 0.9578666666666666,
    "test_char_acc": 0.99136,
    "test_edit_distance": 0.04306666666666667,
    "test_clean_accuracy": 0.9578666666666666,
    "test_robustness_drop": null,
    "test_restoration_gain": null,
    "test_position_1_acc": 0.9926666666666667,
    "test_position_2_acc": 0.9896666666666667,
    "test_position_3_acc": 0.9900666666666667,
    "test_position_4_acc": 0.9914,
    "test_position_5_acc": 0.993
}