{
    "epoch": 159,
    "train_loss": 0.00010388018015674497,
    "pretrain_loss": 0.0,
    "finetune_loss": 0.00010388018015674497,
    "pseudo_label_count": 0,
    "pseudo_label_accept_rate": 0.0,
    "mean_pseudo_confidence": 0.0,
    "consistency_loss": 0.0,
    "encoder_stage": "contrastive_finetune_only",
    "stn_status": "trainable",
    "stn_regularization_loss": 3.3777747091715725e-07,
    "val_loss": 0.2668048576385261,
    "val_seq_acc": 0.9599333333333333,
    "val_char_acc": 0.9918533333333334,
    "val_edit_distance": 0.04073333333333334,
    "val_clean_accuracy": 0.9599333333333333,
    "val_robustness_drop": null,
    "val_restoration_gain": null,
    "val_position_1_acc": 0.9928666666666667,
    "val_position_2_acc": 0.9907333333333334,
    "val_position_3_acc": 0.9914666666666667,
    "val_position_4_acc": 0.9910666666666667,
    "val_position_5_acc": 0.9931333333333333,
    "test_loss": 0.2609244748661308,
    "test_seq_acc": 0.9618666666666666,
    "test_char_acc": 0.99216,
    "test_edit_distance": 0.039066666666666666,
    "test_clean_accuracy": 0.9618666666666666,
    "test_robustness_drop": null,
    "test_restoration_gain": null,
    "test_position_1_acc": 0.9930666666666667,
    "test_position_2_acc": 0.9904,
    "test_position_3_acc": 0.9922666666666666,
    "test_position_4_acc": 0.9918,
    "test_position_5_acc": 0.9932666666666666
}