{
    "epoch": 160,
    "train_loss": 0.0001000580928631605,
    "pretrain_loss": 0.0,
    "finetune_loss": 0.0001000580928631605,
    "pseudo_label_count": 0,
    "pseudo_label_accept_rate": 0.0,
    "mean_pseudo_confidence": 0.0,
    "consistency_loss": 0.0,
    "encoder_stage": "contrastive_finetune_only",
    "stn_status": "trainable",
    "stn_regularization_loss": 3.3736650051236564e-07,
    "val_loss": 0.2662231844994281,
    "val_seq_acc": 0.9598666666666666,
    "val_char_acc": 0.9918533333333334,
    "val_edit_distance": 0.04073333333333334,
    "val_clean_accuracy": 0.9598666666666666,
    "val_robustness_drop": null,
    "val_restoration_gain": null,
    "val_position_1_acc": 0.9929333333333333,
    "val_position_2_acc": 0.9906666666666667,
    "val_position_3_acc": 0.9913333333333333,
    "val_position_4_acc": 0.9910666666666667,
    "val_position_5_acc": 0.9932666666666666,
    "test_loss": 0.26047653219506406,
    "test_seq_acc": 0.9624,
    "test_char_acc": 0.9922666666666666,
    "test_edit_distance": 0.038533333333333336,
    "test_clean_accuracy": 0.9624,
    "test_robustness_drop": null,
    "test_restoration_gain": null,
    "test_position_1_acc": 0.9933333333333333,
    "test_position_2_acc": 0.9906666666666667,
    "test_position_3_acc": 0.9923333333333333,
    "test_position_4_acc": 0.9916666666666667,
    "test_position_5_acc": 0.9933333333333333
}