{
    "epoch": 176,
    "train_loss": 8.365539039437131e-05,
    "pretrain_loss": 0.0,
    "finetune_loss": 8.365539039437131e-05,
    "pseudo_label_count": 0,
    "pseudo_label_accept_rate": 0.0,
    "mean_pseudo_confidence": 0.0,
    "consistency_loss": 0.0,
    "encoder_stage": "contrastive_finetune_only",
    "stn_status": "trainable",
    "stn_regularization_loss": 3.405919209722395e-07,
    "val_loss": 0.26531883002311435,
    "val_seq_acc": 0.9597333333333333,
    "val_char_acc": 0.9918266666666666,
    "val_edit_distance": 0.04086666666666667,
    "val_clean_accuracy": 0.9597333333333333,
    "val_robustness_drop": null,
    "val_restoration_gain": null,
    "val_position_1_acc": 0.9926,
    "val_position_2_acc": 0.9908,
    "val_position_3_acc": 0.9912,
    "val_position_4_acc": 0.9912,
    "val_position_5_acc": 0.9933333333333333,
    "test_loss": 0.25978966281057164,
    "test_seq_acc": 0.9626,
    "test_char_acc": 0.9923066666666667,
    "test_edit_distance": 0.03833333333333333,
    "test_clean_accuracy": 0.9626,
    "test_robustness_drop": null,
    "test_restoration_gain": null,
    "test_position_1_acc": 0.9932666666666666,
    "test_position_2_acc": 0.9906,
    "test_position_3_acc": 0.9922666666666666,
    "test_position_4_acc": 0.9920666666666667,
    "test_position_5_acc": 0.9933333333333333
}