{
    "epoch": 50,
    "train_loss": 0.03082178138967302,
    "pretrain_loss": 0.0,
    "finetune_loss": 0.03082178138967302,
    "pseudo_label_count": 0,
    "pseudo_label_accept_rate": 0.0,
    "mean_pseudo_confidence": 0.0,
    "consistency_loss": 0.0,
    "encoder_stage": "contrastive_finetune_only",
    "stn_status": "trainable",
    "stn_regularization_loss": 3.210095661153435e-07,
    "val_loss": 0.3170317141339183,
    "val_seq_acc": 0.948,
    "val_char_acc": 0.9893466666666667,
    "val_edit_distance": 0.0532,
    "val_clean_accuracy": 0.948,
    "val_robustness_drop": null,
    "val_restoration_gain": null,
    "val_position_1_acc": 0.9907333333333334,
    "val_position_2_acc": 0.9872666666666666,
    "val_position_3_acc": 0.9894,
    "val_position_4_acc": 0.9881333333333333,
    "val_position_5_acc": 0.9912,
    "test_loss": 0.30838633495998585,
    "test_seq_acc": 0.9497333333333333,
    "test_char_acc": 0.9896666666666667,
    "test_edit_distance": 0.051533333333333334,
    "test_clean_accuracy": 0.9497333333333333,
    "test_robustness_drop": null,
    "test_restoration_gain": null,
    "test_position_1_acc": 0.9911333333333333,
    "test_position_2_acc": 0.9878666666666667,
    "test_position_3_acc": 0.9886666666666667,
    "test_position_4_acc": 0.9896666666666667,
    "test_position_5_acc": 0.991
}