{
    "epoch": 122,
    "train_loss": 7.844111131776675e-05,
    "pretrain_loss": 0.0,
    "finetune_loss": 7.844111131776675e-05,
    "pseudo_label_count": 0,
    "pseudo_label_accept_rate": 0.0,
    "mean_pseudo_confidence": 0.0,
    "consistency_loss": 0.0,
    "encoder_stage": "contrastive_finetune_only",
    "stn_status": "trainable",
    "stn_regularization_loss": 3.233058823595478e-07,
    "val_loss": 0.26629645050053435,
    "val_seq_acc": 0.9602666666666667,
    "val_char_acc": 0.99188,
    "val_edit_distance": 0.0406,
    "val_clean_accuracy": 0.9602666666666667,
    "val_robustness_drop": null,
    "val_restoration_gain": null,
    "val_position_1_acc": 0.9932666666666666,
    "val_position_2_acc": 0.9906666666666667,
    "val_position_3_acc": 0.9911333333333333,
    "val_position_4_acc": 0.9910666666666667,
    "val_position_5_acc": 0.9932666666666666,
    "test_loss": 0.2600487265042799,
    "test_seq_acc": 0.9619333333333333,
    "test_char_acc": 0.9921733333333334,
    "test_edit_distance": 0.039,
    "test_clean_accuracy": 0.9619333333333333,
    "test_robustness_drop": null,
    "test_restoration_gain": null,
    "test_position_1_acc": 0.9928,
    "test_position_2_acc": 0.9908,
    "test_position_3_acc": 0.9922,
    "test_position_4_acc": 0.9919333333333333,
    "test_position_5_acc": 0.9931333333333333
}