{
    "epoch": 96,
    "train_loss": 0.000619243572483135,
    "pretrain_loss": 0.0,
    "finetune_loss": 0.000619243572483135,
    "pseudo_label_count": 0,
    "pseudo_label_accept_rate": 0.0,
    "mean_pseudo_confidence": 0.0,
    "consistency_loss": 0.0,
    "encoder_stage": "contrastive_finetune_only",
    "stn_status": "trainable",
    "stn_regularization_loss": 3.0054431651244906e-07,
    "val_loss": 0.2823622096398987,
    "val_seq_acc": 0.9567333333333333,
    "val_char_acc": 0.9912133333333333,
    "val_edit_distance": 0.04393333333333333,
    "val_clean_accuracy": 0.9567333333333333,
    "val_robustness_drop": null,
    "val_restoration_gain": null,
    "val_position_1_acc": 0.9920666666666667,
    "val_position_2_acc": 0.9898666666666667,
    "val_position_3_acc": 0.9905333333333334,
    "val_position_4_acc": 0.991,
    "val_position_5_acc": 0.9926,
    "test_loss": 0.2647357570496782,
    "test_seq_acc": 0.9588666666666666,
    "test_char_acc": 0.99152,
    "test_edit_distance": 0.042333333333333334,
    "test_clean_accuracy": 0.9588666666666666,
    "test_robustness_drop": null,
    "test_restoration_gain": null,
    "test_position_1_acc": 0.9926666666666667,
    "test_position_2_acc": 0.9898,
    "test_position_3_acc": 0.9912,
    "test_position_4_acc": 0.9914666666666667,
    "test_position_5_acc": 0.9924666666666667
}