{
    "epoch": 95,
    "train_loss": 0.0006094105593777625,
    "pretrain_loss": 0.0,
    "finetune_loss": 0.0006094105593777625,
    "pseudo_label_count": 0,
    "pseudo_label_accept_rate": 0.0,
    "mean_pseudo_confidence": 0.0,
    "consistency_loss": 0.0,
    "encoder_stage": "contrastive_finetune_only",
    "stn_status": "trainable",
    "stn_regularization_loss": 3.1613934183346106e-07,
    "val_loss": 0.2715414471991392,
    "val_seq_acc": 0.9582666666666667,
    "val_char_acc": 0.99152,
    "val_edit_distance": 0.0424,
    "val_clean_accuracy": 0.9582666666666667,
    "val_robustness_drop": null,
    "val_restoration_gain": null,
    "val_position_1_acc": 0.992,
    "val_position_2_acc": 0.9902,
    "val_position_3_acc": 0.9914666666666667,
    "val_position_4_acc": 0.991,
    "val_position_5_acc": 0.9929333333333333,
    "test_loss": 0.2674737780058206,
    "test_seq_acc": 0.9596666666666667,
    "test_char_acc": 0.9916933333333333,
    "test_edit_distance": 0.041466666666666666,
    "test_clean_accuracy": 0.9596666666666667,
    "test_robustness_drop": null,
    "test_restoration_gain": null,
    "test_position_1_acc": 0.993,
    "test_position_2_acc": 0.99,
    "test_position_3_acc": 0.9913333333333333,
    "test_position_4_acc": 0.9912666666666666,
    "test_position_5_acc": 0.9928666666666667
}