{
    "epoch": 184,
    "train_loss": 8.506304293488378e-05,
    "pretrain_loss": 0.0,
    "finetune_loss": 8.506304293488378e-05,
    "pseudo_label_count": 0,
    "pseudo_label_accept_rate": 0.0,
    "mean_pseudo_confidence": 0.0,
    "consistency_loss": 0.0,
    "encoder_stage": "contrastive_finetune_only",
    "stn_status": "trainable",
    "stn_regularization_loss": 3.403981795663794e-07,
    "val_loss": 0.2667328847634208,
    "val_seq_acc": 0.9602666666666667,
    "val_char_acc": 0.9919333333333333,
    "val_edit_distance": 0.04033333333333333,
    "val_clean_accuracy": 0.9602666666666667,
    "val_robustness_drop": null,
    "val_restoration_gain": null,
    "val_position_1_acc": 0.9928,
    "val_position_2_acc": 0.9909333333333333,
    "val_position_3_acc": 0.9914666666666667,
    "val_position_4_acc": 0.9913333333333333,
    "val_position_5_acc": 0.9931333333333333,
    "test_loss": 0.2608944424479321,
    "test_seq_acc": 0.9629333333333333,
    "test_char_acc": 0.9923733333333333,
    "test_edit_distance": 0.038,
    "test_clean_accuracy": 0.9629333333333333,
    "test_robustness_drop": null,
    "test_restoration_gain": null,
    "test_position_1_acc": 0.9934666666666667,
    "test_position_2_acc": 0.9905333333333334,
    "test_position_3_acc": 0.9924,
    "test_position_4_acc": 0.9922,
    "test_position_5_acc": 0.9932666666666666
}