{
    "epoch": 85,
    "train_loss": 0.0005722420587315417,
    "pretrain_loss": 0.0,
    "finetune_loss": 0.0005722420587315417,
    "pseudo_label_count": 0,
    "pseudo_label_accept_rate": 0.0,
    "mean_pseudo_confidence": 0.0,
    "consistency_loss": 0.0,
    "encoder_stage": "contrastive_finetune_only",
    "stn_status": "trainable",
    "stn_regularization_loss": 3.3673674284946364e-07,
    "val_loss": 0.28895518936658815,
    "val_seq_acc": 0.9568,
    "val_char_acc": 0.9911866666666667,
    "val_edit_distance": 0.044066666666666664,
    "val_clean_accuracy": 0.9568,
    "val_robustness_drop": null,
    "val_restoration_gain": null,
    "val_position_1_acc": 0.9922666666666666,
    "val_position_2_acc": 0.9896,
    "val_position_3_acc": 0.9908666666666667,
    "val_position_4_acc": 0.9907333333333334,
    "val_position_5_acc": 0.9924666666666667,
    "test_loss": 0.2879334263458169,
    "test_seq_acc": 0.9570666666666666,
    "test_char_acc": 0.99112,
    "test_edit_distance": 0.044333333333333336,
    "test_clean_accuracy": 0.9570666666666666,
    "test_robustness_drop": null,
    "test_restoration_gain": null,
    "test_position_1_acc": 0.9916,
    "test_position_2_acc": 0.9894,
    "test_position_3_acc": 0.9906666666666667,
    "test_position_4_acc": 0.9910666666666667,
    "test_position_5_acc": 0.9928666666666667
}