{
    "epoch": 57,
    "train_loss": 0.0024940589058420233,
    "pretrain_loss": 0.0,
    "finetune_loss": 0.0024940589058420233,
    "pseudo_label_count": 0,
    "pseudo_label_accept_rate": 0.0,
    "mean_pseudo_confidence": 0.0,
    "consistency_loss": 0.0,
    "encoder_stage": "contrastive_finetune_only",
    "stn_status": "trainable",
    "stn_regularization_loss": 3.159079421078544e-07,
    "val_loss": 0.21861581872434402,
    "val_seq_acc": 0.9576666666666667,
    "val_char_acc": 0.9914266666666667,
    "val_edit_distance": 0.042866666666666664,
    "val_clean_accuracy": 0.9576666666666667,
    "val_robustness_drop": null,
    "val_restoration_gain": null,
    "val_position_1_acc": 0.9921333333333333,
    "val_position_2_acc": 0.9904,
    "val_position_3_acc": 0.9906666666666667,
    "val_position_4_acc": 0.9912,
    "val_position_5_acc": 0.9927333333333334,
    "test_loss": 0.22558138057415894,
    "test_seq_acc": 0.9584666666666667,
    "test_char_acc": 0.9914666666666667,
    "test_edit_distance": 0.04253333333333333,
    "test_clean_accuracy": 0.9584666666666667,
    "test_robustness_drop": null,
    "test_restoration_gain": null,
    "test_position_1_acc": 0.993,
    "test_position_2_acc": 0.9898666666666667,
    "test_position_3_acc": 0.9904666666666667,
    "test_position_4_acc": 0.9912,
    "test_position_5_acc": 0.9928
}