{
    "epoch": 97,
    "train_loss": 0.0003670406454848703,
    "pretrain_loss": 0.0,
    "finetune_loss": 0.0003670406454848703,
    "pseudo_label_count": 0,
    "pseudo_label_accept_rate": 0.0,
    "mean_pseudo_confidence": 0.0,
    "consistency_loss": 0.0,
    "encoder_stage": "contrastive_finetune_only",
    "stn_status": "trainable",
    "stn_regularization_loss": 3.249813717395094e-07,
    "val_loss": 0.27522159904494126,
    "val_seq_acc": 0.9579333333333333,
    "val_char_acc": 0.99148,
    "val_edit_distance": 0.0426,
    "val_clean_accuracy": 0.9579333333333333,
    "val_robustness_drop": null,
    "val_restoration_gain": null,
    "val_position_1_acc": 0.9918666666666667,
    "val_position_2_acc": 0.9901333333333333,
    "val_position_3_acc": 0.9914,
    "val_position_4_acc": 0.9910666666666667,
    "val_position_5_acc": 0.9929333333333333,
    "test_loss": 0.25966236053093367,
    "test_seq_acc": 0.9616666666666667,
    "test_char_acc": 0.99208,
    "test_edit_distance": 0.03953333333333333,
    "test_clean_accuracy": 0.9616666666666667,
    "test_robustness_drop": null,
    "test_restoration_gain": null,
    "test_position_1_acc": 0.9929333333333333,
    "test_position_2_acc": 0.9905333333333334,
    "test_position_3_acc": 0.9915333333333334,
    "test_position_4_acc": 0.9922,
    "test_position_5_acc": 0.9932
}