{
    "epoch": 19,
    "train_loss": 3.9567396225425346,
    "pretrain_loss": 3.840101865353488,
    "finetune_loss": 0.11663775718904662,
    "pseudo_label_count": 0,
    "pseudo_label_accept_rate": 0.0,
    "mean_pseudo_confidence": 0.0,
    "consistency_loss": 0.0,
    "encoder_stage": "contrastive_pretrain_and_finetune",
    "stn_status": "frozen",
    "stn_regularization_loss": 0.0,
    "val_loss": 0.5498089909048404,
    "val_seq_acc": 0.8934666666666666,
    "val_char_acc": 0.97564,
    "val_edit_distance": 0.12106666666666667,
    "val_clean_accuracy": 0.8934666666666666,
    "val_robustness_drop": null,
    "val_restoration_gain": null,
    "val_position_1_acc": 0.9818666666666667,
    "val_position_2_acc": 0.9726666666666667,
    "val_position_3_acc": 0.9697333333333333,
    "val_position_4_acc": 0.9730666666666666,
    "val_position_5_acc": 0.9808666666666667,
    "test_loss": 0.5650823452210022,
    "test_seq_acc": 0.8927333333333334,
    "test_char_acc": 0.9754,
    "test_edit_distance": 0.12213333333333333,
    "test_clean_accuracy": 0.8927333333333334,
    "test_robustness_drop": null,
    "test_restoration_gain": null,
    "test_position_1_acc": 0.9835333333333334,
    "test_position_2_acc": 0.9736666666666667,
    "test_position_3_acc": 0.9692666666666667,
    "test_position_4_acc": 0.9712,
    "test_position_5_acc": 0.9793333333333333
}