{
    "epoch": 195,
    "train_loss": 0.0001766093898342005,
    "pretrain_loss": 0.0,
    "finetune_loss": 0.0001766093898342005,
    "pseudo_label_count": 0,
    "pseudo_label_accept_rate": 0.0,
    "mean_pseudo_confidence": 0.0,
    "consistency_loss": 0.0,
    "encoder_stage": "contrastive_finetune_only",
    "stn_status": "trainable",
    "stn_regularization_loss": 3.413616621215047e-07,
    "val_loss": 0.266189404056364,
    "val_seq_acc": 0.9602666666666667,
    "val_char_acc": 0.9919466666666666,
    "val_edit_distance": 0.040266666666666666,
    "val_clean_accuracy": 0.9602666666666667,
    "val_robustness_drop": null,
    "val_restoration_gain": null,
    "val_position_1_acc": 0.9926666666666667,
    "val_position_2_acc": 0.9908666666666667,
    "val_position_3_acc": 0.9914666666666667,
    "val_position_4_acc": 0.9914,
    "val_position_5_acc": 0.9933333333333333,
    "test_loss": 0.26172023561621344,
    "test_seq_acc": 0.9628,
    "test_char_acc": 0.99236,
    "test_edit_distance": 0.038066666666666665,
    "test_clean_accuracy": 0.9628,
    "test_robustness_drop": null,
    "test_restoration_gain": null,
    "test_position_1_acc": 0.9932,
    "test_position_2_acc": 0.9907333333333334,
    "test_position_3_acc": 0.9923333333333333,
    "test_position_4_acc": 0.9921333333333333,
    "test_position_5_acc": 0.9934
}