{
    "epoch": 172,
    "train_loss": 0.00024172685461440403,
    "pretrain_loss": 0.0,
    "finetune_loss": 0.00024172685461440403,
    "pseudo_label_count": 0,
    "pseudo_label_accept_rate": 0.0,
    "mean_pseudo_confidence": 0.0,
    "consistency_loss": 0.0,
    "encoder_stage": "contrastive_finetune_only",
    "stn_status": "trainable",
    "stn_regularization_loss": 3.378195492208649e-07,
    "val_loss": 0.26602517435190903,
    "val_seq_acc": 0.9596666666666667,
    "val_char_acc": 0.9918266666666666,
    "val_edit_distance": 0.04086666666666667,
    "val_clean_accuracy": 0.9596666666666667,
    "val_robustness_drop": null,
    "val_restoration_gain": null,
    "val_position_1_acc": 0.9926,
    "val_position_2_acc": 0.9907333333333334,
    "val_position_3_acc": 0.9912666666666666,
    "val_position_4_acc": 0.9912,
    "val_position_5_acc": 0.9933333333333333,
    "test_loss": 0.2612492535770488,
    "test_seq_acc": 0.9626,
    "test_char_acc": 0.99232,
    "test_edit_distance": 0.038266666666666664,
    "test_clean_accuracy": 0.9626,
    "test_robustness_drop": null,
    "test_restoration_gain": null,
    "test_position_1_acc": 0.9932,
    "test_position_2_acc": 0.9906666666666667,
    "test_position_3_acc": 0.9923333333333333,
    "test_position_4_acc": 0.9921333333333333,
    "test_position_5_acc": 0.9932666666666666
}