{
    "epoch": 52,
    "train_loss": 0.005873439902823915,
    "pretrain_loss": 0.0,
    "finetune_loss": 0.005873439902823915,
    "pseudo_label_count": 0,
    "pseudo_label_accept_rate": 0.0,
    "mean_pseudo_confidence": 0.0,
    "consistency_loss": 0.0,
    "encoder_stage": "contrastive_finetune_only",
    "stn_status": "trainable",
    "stn_regularization_loss": 3.707011068240777e-07,
    "val_loss": 0.2183037399160439,
    "val_seq_acc": 0.9566666666666667,
    "val_char_acc": 0.9911733333333334,
    "val_edit_distance": 0.044066666666666664,
    "val_clean_accuracy": 0.9566666666666667,
    "val_robustness_drop": null,
    "val_restoration_gain": null,
    "val_position_1_acc": 0.9917333333333334,
    "val_position_2_acc": 0.9894666666666667,
    "val_position_3_acc": 0.9904666666666667,
    "val_position_4_acc": 0.9912,
    "val_position_5_acc": 0.993,
    "test_loss": 0.22703298994229507,
    "test_seq_acc": 0.9574,
    "test_char_acc": 0.9912666666666666,
    "test_edit_distance": 0.043533333333333334,
    "test_clean_accuracy": 0.9574,
    "test_robustness_drop": null,
    "test_restoration_gain": null,
    "test_position_1_acc": 0.9924,
    "test_position_2_acc": 0.9897333333333334,
    "test_position_3_acc": 0.9902,
    "test_position_4_acc": 0.9910666666666667,
    "test_position_5_acc": 0.9929333333333333
}