{
    "epoch": 81,
    "train_loss": 0.000554048954597726,
    "pretrain_loss": 0.0,
    "finetune_loss": 0.000554048954597726,
    "pseudo_label_count": 0,
    "pseudo_label_accept_rate": 0.0,
    "mean_pseudo_confidence": 0.0,
    "consistency_loss": 0.0,
    "encoder_stage": "contrastive_finetune_only",
    "stn_status": "trainable",
    "stn_regularization_loss": 3.2702252418413763e-07,
    "val_loss": 0.260443478793111,
    "val_seq_acc": 0.9593333333333334,
    "val_char_acc": 0.9917066666666666,
    "val_edit_distance": 0.041466666666666666,
    "val_clean_accuracy": 0.9593333333333334,
    "val_robustness_drop": null,
    "val_restoration_gain": null,
    "val_position_1_acc": 0.9926,
    "val_position_2_acc": 0.9903333333333333,
    "val_position_3_acc": 0.9916,
    "val_position_4_acc": 0.9909333333333333,
    "val_position_5_acc": 0.9930666666666667,
    "test_loss": 0.265660380194816,
    "test_seq_acc": 0.959,
    "test_char_acc": 0.99156,
    "test_edit_distance": 0.04206666666666667,
    "test_clean_accuracy": 0.959,
    "test_robustness_drop": null,
    "test_restoration_gain": null,
    "test_position_1_acc": 0.9924666666666667,
    "test_position_2_acc": 0.9899333333333333,
    "test_position_3_acc": 0.991,
    "test_position_4_acc": 0.9912666666666666,
    "test_position_5_acc": 0.9931333333333333
}