{
    "epoch": 3,
    "train_loss": 4.788499988579914,
    "pretrain_loss": 3.950012771041563,
    "finetune_loss": 0.8384872175383505,
    "pseudo_label_count": 0,
    "pseudo_label_accept_rate": 0.0,
    "mean_pseudo_confidence": 0.0,
    "consistency_loss": 0.0,
    "encoder_stage": "contrastive_pretrain_and_finetune",
    "stn_status": "frozen",
    "stn_regularization_loss": 0.0,
    "val_loss": 0.432700743362055,
    "val_seq_acc": 0.8655333333333334,
    "val_char_acc": 0.9709066666666667,
    "val_edit_distance": 0.14546666666666666,
    "val_clean_accuracy": 0.8655333333333334,
    "val_robustness_drop": null,
    "val_restoration_gain": null,
    "val_position_1_acc": 0.9748,
    "val_position_2_acc": 0.9632,
    "val_position_3_acc": 0.9683333333333334,
    "val_position_4_acc": 0.9709333333333333,
    "val_position_5_acc": 0.9772666666666666,
    "test_loss": 0.44997485588162633,
    "test_seq_acc": 0.8629333333333333,
    "test_char_acc": 0.9702933333333333,
    "test_edit_distance": 0.14853333333333332,
    "test_clean_accuracy": 0.8629333333333333,
    "test_robustness_drop": null,
    "test_restoration_gain": null,
    "test_position_1_acc": 0.9729333333333333,
    "test_position_2_acc": 0.9628,
    "test_position_3_acc": 0.9684,
    "test_position_4_acc": 0.9716,
    "test_position_5_acc": 0.9757333333333333
}