{
    "epoch": 136,
    "train_loss": 0.0004312362153118782,
    "pretrain_loss": 0.0,
    "finetune_loss": 0.0004312362153118782,
    "pseudo_label_count": 0,
    "pseudo_label_accept_rate": 0.0,
    "mean_pseudo_confidence": 0.0,
    "consistency_loss": 0.0,
    "encoder_stage": "contrastive_finetune_only",
    "stn_status": "trainable",
    "stn_regularization_loss": 3.308713536725016e-07,
    "val_loss": 0.2665661421135262,
    "val_seq_acc": 0.9601333333333333,
    "val_char_acc": 0.9919066666666667,
    "val_edit_distance": 0.040466666666666665,
    "val_clean_accuracy": 0.9601333333333333,
    "val_robustness_drop": null,
    "val_restoration_gain": null,
    "val_position_1_acc": 0.9928666666666667,
    "val_position_2_acc": 0.9910666666666667,
    "val_position_3_acc": 0.9912,
    "val_position_4_acc": 0.9913333333333333,
    "val_position_5_acc": 0.9930666666666667,
    "test_loss": 0.258099215880824,
    "test_seq_acc": 0.9628666666666666,
    "test_char_acc": 0.99236,
    "test_edit_distance": 0.038066666666666665,
    "test_clean_accuracy": 0.9628666666666666,
    "test_robustness_drop": null,
    "test_restoration_gain": null,
    "test_position_1_acc": 0.9932666666666666,
    "test_position_2_acc": 0.9909333333333333,
    "test_position_3_acc": 0.9922,
    "test_position_4_acc": 0.9922,
    "test_position_5_acc": 0.9932
}