{
    "epoch": 58,
    "train_loss": 0.0018365161221607542,
    "pretrain_loss": 0.0,
    "finetune_loss": 0.0018365161221607542,
    "pseudo_label_count": 0,
    "pseudo_label_accept_rate": 0.0,
    "mean_pseudo_confidence": 0.0,
    "consistency_loss": 0.0,
    "encoder_stage": "contrastive_finetune_only",
    "stn_status": "trainable",
    "stn_regularization_loss": 2.9462872906812806e-07,
    "val_loss": 0.2205945520417102,
    "val_seq_acc": 0.9579333333333333,
    "val_char_acc": 0.99148,
    "val_edit_distance": 0.0426,
    "val_clean_accuracy": 0.9579333333333333,
    "val_robustness_drop": null,
    "val_restoration_gain": null,
    "val_position_1_acc": 0.9920666666666667,
    "val_position_2_acc": 0.9901333333333333,
    "val_position_3_acc": 0.9908666666666667,
    "val_position_4_acc": 0.9914,
    "val_position_5_acc": 0.9929333333333333,
    "test_loss": 0.22648536504968464,
    "test_seq_acc": 0.9595333333333333,
    "test_char_acc": 0.99168,
    "test_edit_distance": 0.041466666666666666,
    "test_clean_accuracy": 0.9595333333333333,
    "test_robustness_drop": null,
    "test_restoration_gain": null,
    "test_position_1_acc": 0.9928666666666667,
    "test_position_2_acc": 0.9904,
    "test_position_3_acc": 0.9906,
    "test_position_4_acc": 0.9913333333333333,
    "test_position_5_acc": 0.9932
}