{
    "epoch": 142,
    "train_loss": 0.00031531856699222664,
    "pretrain_loss": 0.0,
    "finetune_loss": 0.00031531856699222664,
    "pseudo_label_count": 0,
    "pseudo_label_accept_rate": 0.0,
    "mean_pseudo_confidence": 0.0,
    "consistency_loss": 0.0,
    "encoder_stage": "contrastive_finetune_only",
    "stn_status": "trainable",
    "stn_regularization_loss": 3.274110588588351e-07,
    "val_loss": 0.27065169492963753,
    "val_seq_acc": 0.9598,
    "val_char_acc": 0.9918266666666666,
    "val_edit_distance": 0.04086666666666667,
    "val_clean_accuracy": 0.9598,
    "val_robustness_drop": null,
    "val_restoration_gain": null,
    "val_position_1_acc": 0.993,
    "val_position_2_acc": 0.9905333333333334,
    "val_position_3_acc": 0.9914666666666667,
    "val_position_4_acc": 0.991,
    "val_position_5_acc": 0.9931333333333333,
    "test_loss": 0.26553454966121165,
    "test_seq_acc": 0.9613333333333334,
    "test_char_acc": 0.9920533333333333,
    "test_edit_distance": 0.0396,
    "test_clean_accuracy": 0.9613333333333334,
    "test_robustness_drop": null,
    "test_restoration_gain": null,
    "test_position_1_acc": 0.9931333333333333,
    "test_position_2_acc": 0.9905333333333334,
    "test_position_3_acc": 0.9921333333333333,
    "test_position_4_acc": 0.9916,
    "test_position_5_acc": 0.9928666666666667
}