{
    "epoch": 198,
    "train_loss": 0.0001952511898065253,
    "pretrain_loss": 0.0,
    "finetune_loss": 0.0001952511898065253,
    "pseudo_label_count": 0,
    "pseudo_label_accept_rate": 0.0,
    "mean_pseudo_confidence": 0.0,
    "consistency_loss": 0.0,
    "encoder_stage": "contrastive_finetune_only",
    "stn_status": "trainable",
    "stn_regularization_loss": 3.4714582329590066e-07,
    "val_loss": 0.26681667450750074,
    "val_seq_acc": 0.9602666666666667,
    "val_char_acc": 0.9919466666666666,
    "val_edit_distance": 0.040266666666666666,
    "val_clean_accuracy": 0.9602666666666667,
    "val_robustness_drop": null,
    "val_restoration_gain": null,
    "val_position_1_acc": 0.9928666666666667,
    "val_position_2_acc": 0.991,
    "val_position_3_acc": 0.9915333333333334,
    "val_position_4_acc": 0.9912666666666666,
    "val_position_5_acc": 0.9930666666666667,
    "test_loss": 0.26163467569744986,
    "test_seq_acc": 0.9629333333333333,
    "test_char_acc": 0.9923733333333333,
    "test_edit_distance": 0.038,
    "test_clean_accuracy": 0.9629333333333333,
    "test_robustness_drop": null,
    "test_restoration_gain": null,
    "test_position_1_acc": 0.9933333333333333,
    "test_position_2_acc": 0.9908,
    "test_position_3_acc": 0.9924,
    "test_position_4_acc": 0.9920666666666667,
    "test_position_5_acc": 0.9932666666666666
}