{
    "epoch": 99,
    "train_loss": 0.0006418837501840543,
    "pretrain_loss": 0.0,
    "finetune_loss": 0.0006418837501840543,
    "pseudo_label_count": 0,
    "pseudo_label_accept_rate": 0.0,
    "mean_pseudo_confidence": 0.0,
    "consistency_loss": 0.0,
    "encoder_stage": "contrastive_finetune_only",
    "stn_status": "trainable",
    "stn_regularization_loss": 3.3467549124722015e-07,
    "val_loss": 0.26683498788782856,
    "val_seq_acc": 0.9592666666666667,
    "val_char_acc": 0.9917066666666666,
    "val_edit_distance": 0.041466666666666666,
    "val_clean_accuracy": 0.9592666666666667,
    "val_robustness_drop": null,
    "val_restoration_gain": null,
    "val_position_1_acc": 0.9922666666666666,
    "val_position_2_acc": 0.9902,
    "val_position_3_acc": 0.9911333333333333,
    "val_position_4_acc": 0.992,
    "val_position_5_acc": 0.9929333333333333,
    "test_loss": 0.2576919760433187,
    "test_seq_acc": 0.9618666666666666,
    "test_char_acc": 0.99212,
    "test_edit_distance": 0.039266666666666665,
    "test_clean_accuracy": 0.9618666666666666,
    "test_robustness_drop": null,
    "test_restoration_gain": null,
    "test_position_1_acc": 0.9932666666666666,
    "test_position_2_acc": 0.9905333333333334,
    "test_position_3_acc": 0.9918666666666667,
    "test_position_4_acc": 0.9918,
    "test_position_5_acc": 0.9931333333333333
}