{
    "epoch": 1,
    "train_loss": 19.952944582558732,
    "pretrain_loss": 3.847520344000194,
    "finetune_loss": 16.105424238558538,
    "pseudo_label_count": 0,
    "pseudo_label_accept_rate": 0.0,
    "mean_pseudo_confidence": 0.0,
    "consistency_loss": 0.0,
    "encoder_stage": "contrastive_pretrain_and_finetune",
    "stn_status": "frozen",
    "stn_regularization_loss": 0.0,
    "val_loss": 9.924189955501234,
    "val_seq_acc": 0.005866666666666667,
    "val_char_acc": 0.3706,
    "val_edit_distance": 3.1374666666666666,
    "val_clean_accuracy": 0.005866666666666667,
    "val_robustness_drop": null,
    "val_restoration_gain": null,
    "val_position_1_acc": 0.5102666666666666,
    "val_position_2_acc": 0.28873333333333334,
    "val_position_3_acc": 0.25693333333333335,
    "val_position_4_acc": 0.3028666666666667,
    "val_position_5_acc": 0.4942,
    "test_loss": 9.95859939769163,
    "test_seq_acc": 0.005666666666666667,
    "test_char_acc": 0.36832,
    "test_edit_distance": 3.1494,
    "test_clean_accuracy": 0.005666666666666667,
    "test_robustness_drop": null,
    "test_restoration_gain": null,
    "test_position_1_acc": 0.5064,
    "test_position_2_acc": 0.29046666666666665,
    "test_position_3_acc": 0.24613333333333334,
    "test_position_4_acc": 0.31246666666666667,
    "test_position_5_acc": 0.4861333333333333
}