{
    "epoch": 41,
    "train_loss": 0.03486840067280568,
    "pretrain_loss": 0.0,
    "finetune_loss": 0.03486840067280568,
    "pseudo_label_count": 0,
    "pseudo_label_accept_rate": 0.0,
    "mean_pseudo_confidence": 0.0,
    "consistency_loss": 0.0,
    "encoder_stage": "contrastive_finetune_only",
    "stn_status": "trainable",
    "stn_regularization_loss": 1.810386935739006e-07,
    "val_loss": 0.2944577088642676,
    "val_seq_acc": 0.9427333333333333,
    "val_char_acc": 0.9882133333333334,
    "val_edit_distance": 0.05893333333333333,
    "val_clean_accuracy": 0.9427333333333333,
    "val_robustness_drop": null,
    "val_restoration_gain": null,
    "val_position_1_acc": 0.9890666666666666,
    "val_position_2_acc": 0.9863333333333333,
    "val_position_3_acc": 0.9876666666666667,
    "val_position_4_acc": 0.9864666666666667,
    "val_position_5_acc": 0.9915333333333334,
    "test_loss": 0.295804516933227,
    "test_seq_acc": 0.9433333333333334,
    "test_char_acc": 0.9882933333333334,
    "test_edit_distance": 0.05846666666666667,
    "test_clean_accuracy": 0.9433333333333334,
    "test_robustness_drop": null,
    "test_restoration_gain": null,
    "test_position_1_acc": 0.9895333333333334,
    "test_position_2_acc": 0.9857333333333334,
    "test_position_3_acc": 0.9872666666666666,
    "test_position_4_acc": 0.9872,
    "test_position_5_acc": 0.9917333333333334
}