{
    "epoch": 75,
    "train_loss": 0.0009768701264810718,
    "pretrain_loss": 0.0,
    "finetune_loss": 0.0009768701264810718,
    "pseudo_label_count": 0,
    "pseudo_label_accept_rate": 0.0,
    "mean_pseudo_confidence": 0.0,
    "consistency_loss": 0.0,
    "encoder_stage": "contrastive_finetune_only",
    "stn_status": "trainable",
    "stn_regularization_loss": 3.6390234537005584e-07,
    "val_loss": 0.24181332818816526,
    "val_seq_acc": 0.9593333333333334,
    "val_char_acc": 0.9917333333333334,
    "val_edit_distance": 0.04133333333333333,
    "val_clean_accuracy": 0.9593333333333334,
    "val_robustness_drop": null,
    "val_restoration_gain": null,
    "val_position_1_acc": 0.9927333333333334,
    "val_position_2_acc": 0.9901333333333333,
    "val_position_3_acc": 0.9918,
    "val_position_4_acc": 0.9908666666666667,
    "val_position_5_acc": 0.9931333333333333,
    "test_loss": 0.24435195377712154,
    "test_seq_acc": 0.9598666666666666,
    "test_char_acc": 0.9916933333333333,
    "test_edit_distance": 0.0414,
    "test_clean_accuracy": 0.9598666666666666,
    "test_robustness_drop": null,
    "test_restoration_gain": null,
    "test_position_1_acc": 0.9928666666666667,
    "test_position_2_acc": 0.9898666666666667,
    "test_position_3_acc": 0.9909333333333333,
    "test_position_4_acc": 0.9921333333333333,
    "test_position_5_acc": 0.9926666666666667
}