{
    "epoch": 43,
    "train_loss": 0.03422958405284751,
    "pretrain_loss": 0.0,
    "finetune_loss": 0.03422958405284751,
    "pseudo_label_count": 0,
    "pseudo_label_accept_rate": 0.0,
    "mean_pseudo_confidence": 0.0,
    "consistency_loss": 0.0,
    "encoder_stage": "contrastive_finetune_only",
    "stn_status": "trainable",
    "stn_regularization_loss": 1.724952343005315e-07,
    "val_loss": 0.3005354925102191,
    "val_seq_acc": 0.9422666666666667,
    "val_char_acc": 0.9880666666666666,
    "val_edit_distance": 0.0596,
    "val_clean_accuracy": 0.9422666666666667,
    "val_robustness_drop": null,
    "val_restoration_gain": null,
    "val_position_1_acc": 0.9892,
    "val_position_2_acc": 0.9861333333333333,
    "val_position_3_acc": 0.9879333333333333,
    "val_position_4_acc": 0.9861333333333333,
    "val_position_5_acc": 0.9909333333333333,
    "test_loss": 0.31975671342747697,
    "test_seq_acc": 0.9403333333333334,
    "test_char_acc": 0.98752,
    "test_edit_distance": 0.062266666666666665,
    "test_clean_accuracy": 0.9403333333333334,
    "test_robustness_drop": null,
    "test_restoration_gain": null,
    "test_position_1_acc": 0.988,
    "test_position_2_acc": 0.9849333333333333,
    "test_position_3_acc": 0.9877333333333334,
    "test_position_4_acc": 0.9864666666666667,
    "test_position_5_acc": 0.9904666666666667
}