{
    "epoch": 54,
    "train_loss": 0.0030299509878439937,
    "pretrain_loss": 0.0,
    "finetune_loss": 0.0030299509878439937,
    "pseudo_label_count": 0,
    "pseudo_label_accept_rate": 0.0,
    "mean_pseudo_confidence": 0.0,
    "consistency_loss": 0.0,
    "encoder_stage": "contrastive_finetune_only",
    "stn_status": "trainable",
    "stn_regularization_loss": 3.5796778094328926e-07,
    "val_loss": 0.2231227433855519,
    "val_seq_acc": 0.9575333333333333,
    "val_char_acc": 0.9913333333333333,
    "val_edit_distance": 0.043333333333333335,
    "val_clean_accuracy": 0.9575333333333333,
    "val_robustness_drop": null,
    "val_restoration_gain": null,
    "val_position_1_acc": 0.9918,
    "val_position_2_acc": 0.9897333333333334,
    "val_position_3_acc": 0.9911333333333333,
    "val_position_4_acc": 0.9913333333333333,
    "val_position_5_acc": 0.9926666666666667,
    "test_loss": 0.23092533852431482,
    "test_seq_acc": 0.9564666666666667,
    "test_char_acc": 0.9910666666666667,
    "test_edit_distance": 0.044533333333333334,
    "test_clean_accuracy": 0.9564666666666667,
    "test_robustness_drop": null,
    "test_restoration_gain": null,
    "test_position_1_acc": 0.992,
    "test_position_2_acc": 0.9892,
    "test_position_3_acc": 0.9900666666666667,
    "test_position_4_acc": 0.9912,
    "test_position_5_acc": 0.9928666666666667
}