{
    "epoch": 200,
    "train_loss": 0.0002291439188284415,
    "pretrain_loss": 0.0,
    "finetune_loss": 0.0002291439188284415,
    "pseudo_label_count": 0,
    "pseudo_label_accept_rate": 0.0,
    "mean_pseudo_confidence": 0.0,
    "consistency_loss": 0.0,
    "encoder_stage": "contrastive_finetune_only",
    "stn_status": "trainable",
    "stn_regularization_loss": 3.4408778082449054e-07,
    "val_loss": 0.26729536127850323,
    "val_seq_acc": 0.9600666666666666,
    "val_char_acc": 0.9918933333333333,
    "val_edit_distance": 0.04053333333333333,
    "val_clean_accuracy": 0.9600666666666666,
    "val_robustness_drop": null,
    "val_restoration_gain": null,
    "val_position_1_acc": 0.9927333333333334,
    "val_position_2_acc": 0.9908,
    "val_position_3_acc": 0.9915333333333334,
    "val_position_4_acc": 0.9912666666666666,
    "val_position_5_acc": 0.9931333333333333,
    "test_loss": 0.26153529875221493,
    "test_seq_acc": 0.9630666666666666,
    "test_char_acc": 0.9924133333333334,
    "test_edit_distance": 0.0378,
    "test_clean_accuracy": 0.9630666666666666,
    "test_robustness_drop": null,
    "test_restoration_gain": null,
    "test_position_1_acc": 0.9932666666666666,
    "test_position_2_acc": 0.9908,
    "test_position_3_acc": 0.9924,
    "test_position_4_acc": 0.9922666666666666,
    "test_position_5_acc": 0.9933333333333333
}