{
    "epoch": 175,
    "train_loss": 8.55379763087377e-05,
    "pretrain_loss": 0.0,
    "finetune_loss": 8.55379763087377e-05,
    "pseudo_label_count": 0,
    "pseudo_label_accept_rate": 0.0,
    "mean_pseudo_confidence": 0.0,
    "consistency_loss": 0.0,
    "encoder_stage": "contrastive_finetune_only",
    "stn_status": "trainable",
    "stn_regularization_loss": 3.421447279321326e-07,
    "val_loss": 0.2643752556105937,
    "val_seq_acc": 0.9604666666666667,
    "val_char_acc": 0.99196,
    "val_edit_distance": 0.0402,
    "val_clean_accuracy": 0.9604666666666667,
    "val_robustness_drop": null,
    "val_restoration_gain": null,
    "val_position_1_acc": 0.993,
    "val_position_2_acc": 0.9908,
    "val_position_3_acc": 0.9915333333333334,
    "val_position_4_acc": 0.9910666666666667,
    "val_position_5_acc": 0.9934,
    "test_loss": 0.2585909839774568,
    "test_seq_acc": 0.9626666666666667,
    "test_char_acc": 0.99232,
    "test_edit_distance": 0.038266666666666664,
    "test_clean_accuracy": 0.9626666666666667,
    "test_robustness_drop": null,
    "test_restoration_gain": null,
    "test_position_1_acc": 0.9932666666666666,
    "test_position_2_acc": 0.9908666666666667,
    "test_position_3_acc": 0.9922666666666666,
    "test_position_4_acc": 0.9918666666666667,
    "test_position_5_acc": 0.9933333333333333
}