{
    "epoch": 94,
    "train_loss": 0.00043196003642450686,
    "pretrain_loss": 0.0,
    "finetune_loss": 0.00043196003642450686,
    "pseudo_label_count": 0,
    "pseudo_label_accept_rate": 0.0,
    "mean_pseudo_confidence": 0.0,
    "consistency_loss": 0.0,
    "encoder_stage": "contrastive_finetune_only",
    "stn_status": "trainable",
    "stn_regularization_loss": 3.017877341308098e-07,
    "val_loss": 0.2645382360393434,
    "val_seq_acc": 0.959,
    "val_char_acc": 0.9916666666666667,
    "val_edit_distance": 0.041666666666666664,
    "val_clean_accuracy": 0.959,
    "val_robustness_drop": null,
    "val_restoration_gain": null,
    "val_position_1_acc": 0.9921333333333333,
    "val_position_2_acc": 0.9902,
    "val_position_3_acc": 0.9911333333333333,
    "val_position_4_acc": 0.9913333333333333,
    "val_position_5_acc": 0.9935333333333334,
    "test_loss": 0.25816911240523904,
    "test_seq_acc": 0.9596666666666667,
    "test_char_acc": 0.99164,
    "test_edit_distance": 0.041666666666666664,
    "test_clean_accuracy": 0.9596666666666667,
    "test_robustness_drop": null,
    "test_restoration_gain": null,
    "test_position_1_acc": 0.993,
    "test_position_2_acc": 0.9894,
    "test_position_3_acc": 0.9912,
    "test_position_4_acc": 0.9914666666666667,
    "test_position_5_acc": 0.9931333333333333
}