{
    "epoch": 197,
    "train_loss": 0.00034817655969353724,
    "pretrain_loss": 0.0,
    "finetune_loss": 0.00034817655969353724,
    "pseudo_label_count": 0,
    "pseudo_label_accept_rate": 0.0,
    "mean_pseudo_confidence": 0.0,
    "consistency_loss": 0.0,
    "encoder_stage": "contrastive_finetune_only",
    "stn_status": "trainable",
    "stn_regularization_loss": 3.407380815980525e-07,
    "val_loss": 0.26711264639040194,
    "val_seq_acc": 0.9603333333333334,
    "val_char_acc": 0.99196,
    "val_edit_distance": 0.0402,
    "val_clean_accuracy": 0.9603333333333334,
    "val_robustness_drop": null,
    "val_restoration_gain": null,
    "val_position_1_acc": 0.9928666666666667,
    "val_position_2_acc": 0.9910666666666667,
    "val_position_3_acc": 0.9912666666666666,
    "val_position_4_acc": 0.9914666666666667,
    "val_position_5_acc": 0.9931333333333333,
    "test_loss": 0.2623266173869142,
    "test_seq_acc": 0.9629333333333333,
    "test_char_acc": 0.9923866666666666,
    "test_edit_distance": 0.03793333333333333,
    "test_clean_accuracy": 0.9629333333333333,
    "test_robustness_drop": null,
    "test_restoration_gain": null,
    "test_position_1_acc": 0.9932666666666666,
    "test_position_2_acc": 0.991,
    "test_position_3_acc": 0.9924,
    "test_position_4_acc": 0.992,
    "test_position_5_acc": 0.9932666666666666
}