{
    "epoch": 17,
    "train_loss": 3.9702621342851248,
    "pretrain_loss": 3.841743483621852,
    "finetune_loss": 0.12851865066327253,
    "pseudo_label_count": 0,
    "pseudo_label_accept_rate": 0.0,
    "mean_pseudo_confidence": 0.0,
    "consistency_loss": 0.0,
    "encoder_stage": "contrastive_pretrain_and_finetune",
    "stn_status": "frozen",
    "stn_regularization_loss": 0.0,
    "val_loss": 0.24975103787067582,
    "val_seq_acc": 0.9363333333333334,
    "val_char_acc": 0.98656,
    "val_edit_distance": 0.06706666666666666,
    "val_clean_accuracy": 0.9363333333333334,
    "val_robustness_drop": null,
    "val_restoration_gain": null,
    "val_position_1_acc": 0.9894,
    "val_position_2_acc": 0.9854666666666667,
    "val_position_3_acc": 0.9834666666666667,
    "val_position_4_acc": 0.9861333333333333,
    "val_position_5_acc": 0.9883333333333333,
    "test_loss": 0.24937055951331633,
    "test_seq_acc": 0.9357333333333333,
    "test_char_acc": 0.9864933333333333,
    "test_edit_distance": 0.06733333333333333,
    "test_clean_accuracy": 0.9357333333333333,
    "test_robustness_drop": null,
    "test_restoration_gain": null,
    "test_position_1_acc": 0.9902,
    "test_position_2_acc": 0.9834666666666667,
    "test_position_3_acc": 0.9844666666666667,
    "test_position_4_acc": 0.9858666666666667,
    "test_position_5_acc": 0.9884666666666667
}