{
    "epoch": 13,
    "train_loss": 4.006807407290357,
    "pretrain_loss": 3.842115659382487,
    "finetune_loss": 0.1646917479078701,
    "pseudo_label_count": 0,
    "pseudo_label_accept_rate": 0.0,
    "mean_pseudo_confidence": 0.0,
    "consistency_loss": 0.0,
    "encoder_stage": "contrastive_pretrain_and_finetune",
    "stn_status": "frozen",
    "stn_regularization_loss": 0.0,
    "val_loss": 0.2108808072062872,
    "val_seq_acc": 0.9364666666666667,
    "val_char_acc": 0.9868266666666666,
    "val_edit_distance": 0.06586666666666667,
    "val_clean_accuracy": 0.9364666666666667,
    "val_robustness_drop": null,
    "val_restoration_gain": null,
    "val_position_1_acc": 0.9898,
    "val_position_2_acc": 0.9839333333333333,
    "val_position_3_acc": 0.9843333333333333,
    "val_position_4_acc": 0.9858,
    "val_position_5_acc": 0.9902666666666666,
    "test_loss": 0.2077987603843212,
    "test_seq_acc": 0.9406666666666667,
    "test_char_acc": 0.9876133333333333,
    "test_edit_distance": 0.06186666666666667,
    "test_clean_accuracy": 0.9406666666666667,
    "test_robustness_drop": null,
    "test_restoration_gain": null,
    "test_position_1_acc": 0.9914,
    "test_position_2_acc": 0.9830666666666666,
    "test_position_3_acc": 0.9859333333333333,
    "test_position_4_acc": 0.9867333333333334,
    "test_position_5_acc": 0.9909333333333333
}