{
    "epoch": 107,
    "train_loss": 0.00017079936793146886,
    "pretrain_loss": 0.0,
    "finetune_loss": 0.00017079936793146886,
    "pseudo_label_count": 0,
    "pseudo_label_accept_rate": 0.0,
    "mean_pseudo_confidence": 0.0,
    "consistency_loss": 0.0,
    "encoder_stage": "contrastive_finetune_only",
    "stn_status": "trainable",
    "stn_regularization_loss": 3.08916502501896e-07,
    "val_loss": 0.2690969148644106,
    "val_seq_acc": 0.9592666666666667,
    "val_char_acc": 0.9916933333333333,
    "val_edit_distance": 0.04153333333333333,
    "val_clean_accuracy": 0.9592666666666667,
    "val_robustness_drop": null,
    "val_restoration_gain": null,
    "val_position_1_acc": 0.9929333333333333,
    "val_position_2_acc": 0.9905333333333334,
    "val_position_3_acc": 0.9911333333333333,
    "val_position_4_acc": 0.9911333333333333,
    "val_position_5_acc": 0.9927333333333334,
    "test_loss": 0.2583398730401591,
    "test_seq_acc": 0.9614,
    "test_char_acc": 0.9920666666666667,
    "test_edit_distance": 0.03953333333333333,
    "test_clean_accuracy": 0.9614,
    "test_robustness_drop": null,
    "test_restoration_gain": null,
    "test_position_1_acc": 0.9928,
    "test_position_2_acc": 0.9905333333333334,
    "test_position_3_acc": 0.992,
    "test_position_4_acc": 0.9918666666666667,
    "test_position_5_acc": 0.9931333333333333
}