{
    "epoch": 82,
    "train_loss": 0.0008293382809732222,
    "pretrain_loss": 0.0,
    "finetune_loss": 0.0008293382809732222,
    "pseudo_label_count": 0,
    "pseudo_label_accept_rate": 0.0,
    "mean_pseudo_confidence": 0.0,
    "consistency_loss": 0.0,
    "encoder_stage": "contrastive_finetune_only",
    "stn_status": "trainable",
    "stn_regularization_loss": 3.578122244008814e-07,
    "val_loss": 0.2624386506908873,
    "val_seq_acc": 0.9587333333333333,
    "val_char_acc": 0.9916266666666667,
    "val_edit_distance": 0.04186666666666667,
    "val_clean_accuracy": 0.9587333333333333,
    "val_robustness_drop": null,
    "val_restoration_gain": null,
    "val_position_1_acc": 0.9922666666666666,
    "val_position_2_acc": 0.9904666666666667,
    "val_position_3_acc": 0.9911333333333333,
    "val_position_4_acc": 0.991,
    "val_position_5_acc": 0.9932666666666666,
    "test_loss": 0.2586946686947081,
    "test_seq_acc": 0.9597333333333333,
    "test_char_acc": 0.9917066666666666,
    "test_edit_distance": 0.04133333333333333,
    "test_clean_accuracy": 0.9597333333333333,
    "test_robustness_drop": null,
    "test_restoration_gain": null,
    "test_position_1_acc": 0.9924,
    "test_position_2_acc": 0.9898666666666667,
    "test_position_3_acc": 0.991,
    "test_position_4_acc": 0.992,
    "test_position_5_acc": 0.9932666666666666
}