{
    "epoch": 46,
    "train_loss": 0.03424067363050565,
    "pretrain_loss": 0.0,
    "finetune_loss": 0.03424067363050565,
    "pseudo_label_count": 0,
    "pseudo_label_accept_rate": 0.0,
    "mean_pseudo_confidence": 0.0,
    "consistency_loss": 0.0,
    "encoder_stage": "contrastive_finetune_only",
    "stn_status": "trainable",
    "stn_regularization_loss": 2.561664435735032e-07,
    "val_loss": 0.38611701992735015,
    "val_seq_acc": 0.9342,
    "val_char_acc": 0.9863066666666667,
    "val_edit_distance": 0.06846666666666666,
    "val_clean_accuracy": 0.9342,
    "val_robustness_drop": null,
    "val_restoration_gain": null,
    "val_position_1_acc": 0.9880666666666666,
    "val_position_2_acc": 0.9821333333333333,
    "val_position_3_acc": 0.9865333333333334,
    "val_position_4_acc": 0.9848,
    "val_position_5_acc": 0.99,
    "test_loss": 0.3980676776145474,
    "test_seq_acc": 0.9343333333333333,
    "test_char_acc": 0.98632,
    "test_edit_distance": 0.0682,
    "test_clean_accuracy": 0.9343333333333333,
    "test_robustness_drop": null,
    "test_restoration_gain": null,
    "test_position_1_acc": 0.9872,
    "test_position_2_acc": 0.9826666666666667,
    "test_position_3_acc": 0.9855333333333334,
    "test_position_4_acc": 0.9874,
    "test_position_5_acc": 0.9888
}