{
    "epoch": 91,
    "train_loss": 0.00045620031426126515,
    "pretrain_loss": 0.0,
    "finetune_loss": 0.00045620031426126515,
    "pseudo_label_count": 0,
    "pseudo_label_accept_rate": 0.0,
    "mean_pseudo_confidence": 0.0,
    "consistency_loss": 0.0,
    "encoder_stage": "contrastive_finetune_only",
    "stn_status": "trainable",
    "stn_regularization_loss": 3.252414745346282e-07,
    "val_loss": 0.27414152449217893,
    "val_seq_acc": 0.9582,
    "val_char_acc": 0.9914266666666667,
    "val_edit_distance": 0.042866666666666664,
    "val_clean_accuracy": 0.9582,
    "val_robustness_drop": null,
    "val_restoration_gain": null,
    "val_position_1_acc": 0.992,
    "val_position_2_acc": 0.9898,
    "val_position_3_acc": 0.9914666666666667,
    "val_position_4_acc": 0.9907333333333334,
    "val_position_5_acc": 0.9931333333333333,
    "test_loss": 0.26949940001645317,
    "test_seq_acc": 0.9598666666666666,
    "test_char_acc": 0.99172,
    "test_edit_distance": 0.04133333333333333,
    "test_clean_accuracy": 0.9598666666666666,
    "test_robustness_drop": null,
    "test_restoration_gain": null,
    "test_position_1_acc": 0.9926,
    "test_position_2_acc": 0.9902666666666666,
    "test_position_3_acc": 0.9910666666666667,
    "test_position_4_acc": 0.9916,
    "test_position_5_acc": 0.9930666666666667
}