{
    "epoch": 27,
    "train_loss": 0.04943825270829834,
    "pretrain_loss": 0.0,
    "finetune_loss": 0.04943825270829834,
    "pseudo_label_count": 0,
    "pseudo_label_accept_rate": 0.0,
    "mean_pseudo_confidence": 0.0,
    "consistency_loss": 0.0,
    "encoder_stage": "contrastive_finetune_only",
    "stn_status": "trainable",
    "stn_regularization_loss": 3.700256545381556e-08,
    "val_loss": 0.24657140540401057,
    "val_seq_acc": 0.9482,
    "val_char_acc": 0.9892,
    "val_edit_distance": 0.054,
    "val_clean_accuracy": 0.9482,
    "val_robustness_drop": null,
    "val_restoration_gain": null,
    "val_position_1_acc": 0.9916666666666667,
    "val_position_2_acc": 0.9872666666666666,
    "val_position_3_acc": 0.9881333333333333,
    "val_position_4_acc": 0.987,
    "val_position_5_acc": 0.9919333333333333,
    "test_loss": 0.2515465960348562,
    "test_seq_acc": 0.9472666666666667,
    "test_char_acc": 0.9889866666666667,
    "test_edit_distance": 0.054933333333333334,
    "test_clean_accuracy": 0.9472666666666667,
    "test_robustness_drop": null,
    "test_restoration_gain": null,
    "test_position_1_acc": 0.9908666666666667,
    "test_position_2_acc": 0.9863333333333333,
    "test_position_3_acc": 0.9874,
    "test_position_4_acc": 0.9884,
    "test_position_5_acc": 0.9919333333333333
}