{
    "epoch": 49,
    "train_loss": 0.028009461458892788,
    "pretrain_loss": 0.0,
    "finetune_loss": 0.028009461458892788,
    "pseudo_label_count": 0,
    "pseudo_label_accept_rate": 0.0,
    "mean_pseudo_confidence": 0.0,
    "consistency_loss": 0.0,
    "encoder_stage": "contrastive_finetune_only",
    "stn_status": "trainable",
    "stn_regularization_loss": 3.4968325585413897e-07,
    "val_loss": 0.3105340226853298,
    "val_seq_acc": 0.9439333333333333,
    "val_char_acc": 0.9884133333333334,
    "val_edit_distance": 0.05793333333333334,
    "val_clean_accuracy": 0.9439333333333333,
    "val_robustness_drop": null,
    "val_restoration_gain": null,
    "val_position_1_acc": 0.9900666666666667,
    "val_position_2_acc": 0.9870666666666666,
    "val_position_3_acc": 0.9879333333333333,
    "val_position_4_acc": 0.9867333333333334,
    "val_position_5_acc": 0.9902666666666666,
    "test_loss": 0.31266712883518916,
    "test_seq_acc": 0.9453333333333334,
    "test_char_acc": 0.98872,
    "test_edit_distance": 0.056266666666666666,
    "test_clean_accuracy": 0.9453333333333334,
    "test_robustness_drop": null,
    "test_restoration_gain": null,
    "test_position_1_acc": 0.9912,
    "test_position_2_acc": 0.9878666666666667,
    "test_position_3_acc": 0.9866666666666667,
    "test_position_4_acc": 0.9877333333333334,
    "test_position_5_acc": 0.9901333333333333
}