{
    "epoch": 101,
    "train_loss": 0.00024997596013737086,
    "pretrain_loss": 0.0,
    "finetune_loss": 0.00024997596013737086,
    "pseudo_label_count": 0,
    "pseudo_label_accept_rate": 0.0,
    "mean_pseudo_confidence": 0.0,
    "consistency_loss": 0.0,
    "encoder_stage": "contrastive_finetune_only",
    "stn_status": "trainable",
    "stn_regularization_loss": 2.931066295390309e-07,
    "val_loss": 0.27615900530632276,
    "val_seq_acc": 0.9585333333333333,
    "val_char_acc": 0.9915733333333333,
    "val_edit_distance": 0.042133333333333335,
    "val_clean_accuracy": 0.9585333333333333,
    "val_robustness_drop": null,
    "val_restoration_gain": null,
    "val_position_1_acc": 0.9927333333333334,
    "val_position_2_acc": 0.9908,
    "val_position_3_acc": 0.9908,
    "val_position_4_acc": 0.9910666666666667,
    "val_position_5_acc": 0.9924666666666667,
    "test_loss": 0.26493842845981924,
    "test_seq_acc": 0.9602666666666667,
    "test_char_acc": 0.99184,
    "test_edit_distance": 0.04066666666666666,
    "test_clean_accuracy": 0.9602666666666667,
    "test_robustness_drop": null,
    "test_restoration_gain": null,
    "test_position_1_acc": 0.9924666666666667,
    "test_position_2_acc": 0.9904,
    "test_position_3_acc": 0.9917333333333334,
    "test_position_4_acc": 0.9918666666666667,
    "test_position_5_acc": 0.9927333333333334
}