{
    "epoch": 116,
    "train_loss": 0.00011211186728058608,
    "pretrain_loss": 0.0,
    "finetune_loss": 0.00011211186728058608,
    "pseudo_label_count": 0,
    "pseudo_label_accept_rate": 0.0,
    "mean_pseudo_confidence": 0.0,
    "consistency_loss": 0.0,
    "encoder_stage": "contrastive_finetune_only",
    "stn_status": "trainable",
    "stn_regularization_loss": 3.164187120987057e-07,
    "val_loss": 0.26644184890349193,
    "val_seq_acc": 0.9601333333333333,
    "val_char_acc": 0.9918666666666667,
    "val_edit_distance": 0.04066666666666666,
    "val_clean_accuracy": 0.9601333333333333,
    "val_robustness_drop": null,
    "val_restoration_gain": null,
    "val_position_1_acc": 0.9931333333333333,
    "val_position_2_acc": 0.991,
    "val_position_3_acc": 0.9910666666666667,
    "val_position_4_acc": 0.9912666666666666,
    "val_position_5_acc": 0.9928666666666667,
    "test_loss": 0.25940550243979227,
    "test_seq_acc": 0.9618,
    "test_char_acc": 0.9921466666666666,
    "test_edit_distance": 0.03913333333333333,
    "test_clean_accuracy": 0.9618,
    "test_robustness_drop": null,
    "test_restoration_gain": null,
    "test_position_1_acc": 0.993,
    "test_position_2_acc": 0.9908,
    "test_position_3_acc": 0.9919333333333333,
    "test_position_4_acc": 0.9919333333333333,
    "test_position_5_acc": 0.9930666666666667
}