{
    "epoch": 14,
    "train_loss": 3.9990861574190855,
    "pretrain_loss": 3.8429210700326255,
    "finetune_loss": 0.15616508738645996,
    "pseudo_label_count": 0,
    "pseudo_label_accept_rate": 0.0,
    "mean_pseudo_confidence": 0.0,
    "consistency_loss": 0.0,
    "encoder_stage": "contrastive_pretrain_and_finetune",
    "stn_status": "frozen",
    "stn_regularization_loss": 0.0,
    "val_loss": 0.22185039416081825,
    "val_seq_acc": 0.941,
    "val_char_acc": 0.9876933333333333,
    "val_edit_distance": 0.061533333333333336,
    "val_clean_accuracy": 0.941,
    "val_robustness_drop": null,
    "val_restoration_gain": null,
    "val_position_1_acc": 0.9902,
    "val_position_2_acc": 0.9848,
    "val_position_3_acc": 0.9852,
    "val_position_4_acc": 0.9868,
    "val_position_5_acc": 0.9914666666666667,
    "test_loss": 0.2167592807593992,
    "test_seq_acc": 0.9378,
    "test_char_acc": 0.9869333333333333,
    "test_edit_distance": 0.06506666666666666,
    "test_clean_accuracy": 0.9378,
    "test_robustness_drop": null,
    "test_restoration_gain": null,
    "test_position_1_acc": 0.9893333333333333,
    "test_position_2_acc": 0.9824,
    "test_position_3_acc": 0.9865333333333334,
    "test_position_4_acc": 0.9865333333333334,
    "test_position_5_acc": 0.9898666666666667
}