{
    "epoch": 6,
    "train_loss": 4.207080006091651,
    "pretrain_loss": 3.8945053739565165,
    "finetune_loss": 0.31257463213513476,
    "pseudo_label_count": 0,
    "pseudo_label_accept_rate": 0.0,
    "mean_pseudo_confidence": 0.0,
    "consistency_loss": 0.0,
    "encoder_stage": "contrastive_pretrain_and_finetune",
    "stn_status": "frozen",
    "stn_regularization_loss": 0.0,
    "val_loss": 0.3627011494363769,
    "val_seq_acc": 0.902,
    "val_char_acc": 0.9784666666666667,
    "val_edit_distance": 0.1076,
    "val_clean_accuracy": 0.902,
    "val_robustness_drop": null,
    "val_restoration_gain": null,
    "val_position_1_acc": 0.9844,
    "val_position_2_acc": 0.9736666666666667,
    "val_position_3_acc": 0.9744666666666667,
    "val_position_4_acc": 0.9746,
    "val_position_5_acc": 0.9852,
    "test_loss": 0.3677251727904304,
    "test_seq_acc": 0.8956666666666667,
    "test_char_acc": 0.9775066666666666,
    "test_edit_distance": 0.11233333333333333,
    "test_clean_accuracy": 0.8956666666666667,
    "test_robustness_drop": null,
    "test_restoration_gain": null,
    "test_position_1_acc": 0.9844,
    "test_position_2_acc": 0.9692,
    "test_position_3_acc": 0.9761333333333333,
    "test_position_4_acc": 0.9764,
    "test_position_5_acc": 0.9814
}