{
    "epoch": 171,
    "train_loss": 0.00014508427730296604,
    "pretrain_loss": 0.0,
    "finetune_loss": 0.00014508427730296604,
    "pseudo_label_count": 0,
    "pseudo_label_accept_rate": 0.0,
    "mean_pseudo_confidence": 0.0,
    "consistency_loss": 0.0,
    "encoder_stage": "contrastive_finetune_only",
    "stn_status": "trainable",
    "stn_regularization_loss": 3.3715222776080743e-07,
    "val_loss": 0.2659200278095747,
    "val_seq_acc": 0.9596666666666667,
    "val_char_acc": 0.9918266666666666,
    "val_edit_distance": 0.04086666666666667,
    "val_clean_accuracy": 0.9596666666666667,
    "val_robustness_drop": null,
    "val_restoration_gain": null,
    "val_position_1_acc": 0.9926666666666667,
    "val_position_2_acc": 0.991,
    "val_position_3_acc": 0.9911333333333333,
    "val_position_4_acc": 0.9911333333333333,
    "val_position_5_acc": 0.9932,
    "test_loss": 0.25948202904789586,
    "test_seq_acc": 0.9623333333333334,
    "test_char_acc": 0.9922533333333333,
    "test_edit_distance": 0.0386,
    "test_clean_accuracy": 0.9623333333333334,
    "test_robustness_drop": null,
    "test_restoration_gain": null,
    "test_position_1_acc": 0.9932666666666666,
    "test_position_2_acc": 0.9908666666666667,
    "test_position_3_acc": 0.9925333333333334,
    "test_position_4_acc": 0.9915333333333334,
    "test_position_5_acc": 0.9930666666666667
}