{
    "epoch": 56,
    "train_loss": 0.002297448284553811,
    "pretrain_loss": 0.0,
    "finetune_loss": 0.002297448284553811,
    "pseudo_label_count": 0,
    "pseudo_label_accept_rate": 0.0,
    "mean_pseudo_confidence": 0.0,
    "consistency_loss": 0.0,
    "encoder_stage": "contrastive_finetune_only",
    "stn_status": "trainable",
    "stn_regularization_loss": 3.1587125561762925e-07,
    "val_loss": 0.2170420563256889,
    "val_seq_acc": 0.9572,
    "val_char_acc": 0.9913066666666667,
    "val_edit_distance": 0.04346666666666667,
    "val_clean_accuracy": 0.9572,
    "val_robustness_drop": null,
    "val_restoration_gain": null,
    "val_position_1_acc": 0.9916666666666667,
    "val_position_2_acc": 0.9902,
    "val_position_3_acc": 0.9906,
    "val_position_4_acc": 0.9911333333333333,
    "val_position_5_acc": 0.9929333333333333,
    "test_loss": 0.22548221052876846,
    "test_seq_acc": 0.9590666666666666,
    "test_char_acc": 0.9916,
    "test_edit_distance": 0.04186666666666667,
    "test_clean_accuracy": 0.9590666666666666,
    "test_robustness_drop": null,
    "test_restoration_gain": null,
    "test_position_1_acc": 0.9925333333333334,
    "test_position_2_acc": 0.9900666666666667,
    "test_position_3_acc": 0.9904666666666667,
    "test_position_4_acc": 0.9916,
    "test_position_5_acc": 0.9933333333333333
}