{
    "epoch": 186,
    "train_loss": 8.313719134179332e-05,
    "pretrain_loss": 0.0,
    "finetune_loss": 8.313719134179332e-05,
    "pseudo_label_count": 0,
    "pseudo_label_accept_rate": 0.0,
    "mean_pseudo_confidence": 0.0,
    "consistency_loss": 0.0,
    "encoder_stage": "contrastive_finetune_only",
    "stn_status": "trainable",
    "stn_regularization_loss": 3.4170994256515416e-07,
    "val_loss": 0.2663241789612807,
    "val_seq_acc": 0.9605333333333334,
    "val_char_acc": 0.992,
    "val_edit_distance": 0.04,
    "val_clean_accuracy": 0.9605333333333334,
    "val_robustness_drop": null,
    "val_restoration_gain": null,
    "val_position_1_acc": 0.9929333333333333,
    "val_position_2_acc": 0.9909333333333333,
    "val_position_3_acc": 0.9913333333333333,
    "val_position_4_acc": 0.9914666666666667,
    "val_position_5_acc": 0.9933333333333333,
    "test_loss": 0.2605944922735711,
    "test_seq_acc": 0.9635333333333334,
    "test_char_acc": 0.9925066666666666,
    "test_edit_distance": 0.037333333333333336,
    "test_clean_accuracy": 0.9635333333333334,
    "test_robustness_drop": null,
    "test_restoration_gain": null,
    "test_position_1_acc": 0.9932666666666666,
    "test_position_2_acc": 0.991,
    "test_position_3_acc": 0.9924,
    "test_position_4_acc": 0.9922666666666666,
    "test_position_5_acc": 0.9936
}