{
    "epoch": 12,
    "train_loss": 4.0190019676868864,
    "pretrain_loss": 3.844043058712696,
    "finetune_loss": 0.1749589089741906,
    "pseudo_label_count": 0,
    "pseudo_label_accept_rate": 0.0,
    "mean_pseudo_confidence": 0.0,
    "consistency_loss": 0.0,
    "encoder_stage": "contrastive_pretrain_and_finetune",
    "stn_status": "frozen",
    "stn_regularization_loss": 0.0,
    "val_loss": 0.24610714544936763,
    "val_seq_acc": 0.9328666666666666,
    "val_char_acc": 0.9860933333333334,
    "val_edit_distance": 0.06953333333333334,
    "val_clean_accuracy": 0.9328666666666666,
    "val_robustness_drop": null,
    "val_restoration_gain": null,
    "val_position_1_acc": 0.9897333333333334,
    "val_position_2_acc": 0.9836666666666667,
    "val_position_3_acc": 0.9846,
    "val_position_4_acc": 0.9837333333333333,
    "val_position_5_acc": 0.9887333333333334,
    "test_loss": 0.2565465510144072,
    "test_seq_acc": 0.9303333333333333,
    "test_char_acc": 0.9854133333333334,
    "test_edit_distance": 0.07286666666666666,
    "test_clean_accuracy": 0.9303333333333333,
    "test_robustness_drop": null,
    "test_restoration_gain": null,
    "test_position_1_acc": 0.9892,
    "test_position_2_acc": 0.9820666666666666,
    "test_position_3_acc": 0.9836666666666667,
    "test_position_4_acc": 0.9836666666666667,
    "test_position_5_acc": 0.9884666666666667
}