{
    "epoch": 69,
    "train_loss": 0.0012962393002049918,
    "pretrain_loss": 0.0,
    "finetune_loss": 0.0012962393002049918,
    "pseudo_label_count": 0,
    "pseudo_label_accept_rate": 0.0,
    "mean_pseudo_confidence": 0.0,
    "consistency_loss": 0.0,
    "encoder_stage": "contrastive_finetune_only",
    "stn_status": "trainable",
    "stn_regularization_loss": 4.061407057117426e-07,
    "val_loss": 0.24092212560689236,
    "val_seq_acc": 0.9593333333333334,
    "val_char_acc": 0.99176,
    "val_edit_distance": 0.0412,
    "val_clean_accuracy": 0.9593333333333334,
    "val_robustness_drop": null,
    "val_restoration_gain": null,
    "val_position_1_acc": 0.9922666666666666,
    "val_position_2_acc": 0.99,
    "val_position_3_acc": 0.9920666666666667,
    "val_position_4_acc": 0.9912,
    "val_position_5_acc": 0.9932666666666666,
    "test_loss": 0.24297869769003938,
    "test_seq_acc": 0.9601333333333333,
    "test_char_acc": 0.9917733333333333,
    "test_edit_distance": 0.04106666666666667,
    "test_clean_accuracy": 0.9601333333333333,
    "test_robustness_drop": null,
    "test_restoration_gain": null,
    "test_position_1_acc": 0.9925333333333334,
    "test_position_2_acc": 0.9901333333333333,
    "test_position_3_acc": 0.9912666666666666,
    "test_position_4_acc": 0.9916666666666667,
    "test_position_5_acc": 0.9932666666666666
}