{
    "epoch": 131,
    "train_loss": 7.343604844854947e-05,
    "pretrain_loss": 0.0,
    "finetune_loss": 7.343604844854947e-05,
    "pseudo_label_count": 0,
    "pseudo_label_accept_rate": 0.0,
    "mean_pseudo_confidence": 0.0,
    "consistency_loss": 0.0,
    "encoder_stage": "contrastive_finetune_only",
    "stn_status": "trainable",
    "stn_regularization_loss": 3.24773279856359e-07,
    "val_loss": 0.26858970411694055,
    "val_seq_acc": 0.9599333333333333,
    "val_char_acc": 0.99184,
    "val_edit_distance": 0.0408,
    "val_clean_accuracy": 0.9599333333333333,
    "val_robustness_drop": null,
    "val_restoration_gain": null,
    "val_position_1_acc": 0.993,
    "val_position_2_acc": 0.9907333333333334,
    "val_position_3_acc": 0.9913333333333333,
    "val_position_4_acc": 0.9913333333333333,
    "val_position_5_acc": 0.9928,
    "test_loss": 0.2600791510044088,
    "test_seq_acc": 0.9616666666666667,
    "test_char_acc": 0.99212,
    "test_edit_distance": 0.039266666666666665,
    "test_clean_accuracy": 0.9616666666666667,
    "test_robustness_drop": null,
    "test_restoration_gain": null,
    "test_position_1_acc": 0.9932,
    "test_position_2_acc": 0.9908666666666667,
    "test_position_3_acc": 0.9920666666666667,
    "test_position_4_acc": 0.9915333333333334,
    "test_position_5_acc": 0.9929333333333333
}