{
    "epoch": 44,
    "train_loss": 0.032583776493945865,
    "pretrain_loss": 0.0,
    "finetune_loss": 0.032583776493945865,
    "pseudo_label_count": 0,
    "pseudo_label_accept_rate": 0.0,
    "mean_pseudo_confidence": 0.0,
    "consistency_loss": 0.0,
    "encoder_stage": "contrastive_finetune_only",
    "stn_status": "trainable",
    "stn_regularization_loss": 2.109539800307942e-07,
    "val_loss": 0.3166999798662708,
    "val_seq_acc": 0.9462,
    "val_char_acc": 0.9888133333333333,
    "val_edit_distance": 0.05586666666666667,
    "val_clean_accuracy": 0.9462,
    "val_robustness_drop": null,
    "val_restoration_gain": null,
    "val_position_1_acc": 0.9896666666666667,
    "val_position_2_acc": 0.9860666666666666,
    "val_position_3_acc": 0.9881333333333333,
    "val_position_4_acc": 0.989,
    "val_position_5_acc": 0.9912,
    "test_loss": 0.31136683002114296,
    "test_seq_acc": 0.9440666666666667,
    "test_char_acc": 0.98836,
    "test_edit_distance": 0.058133333333333335,
    "test_clean_accuracy": 0.9440666666666667,
    "test_robustness_drop": null,
    "test_restoration_gain": null,
    "test_position_1_acc": 0.9905333333333334,
    "test_position_2_acc": 0.9842666666666666,
    "test_position_3_acc": 0.9879333333333333,
    "test_position_4_acc": 0.9888,
    "test_position_5_acc": 0.9902666666666666
}