{
    "epoch": 86,
    "train_loss": 0.0005831998832589629,
    "pretrain_loss": 0.0,
    "finetune_loss": 0.0005831998832589629,
    "pseudo_label_count": 0,
    "pseudo_label_accept_rate": 0.0,
    "mean_pseudo_confidence": 0.0,
    "consistency_loss": 0.0,
    "encoder_stage": "contrastive_finetune_only",
    "stn_status": "trainable",
    "stn_regularization_loss": 3.2510211428514915e-07,
    "val_loss": 0.266416488491567,
    "val_seq_acc": 0.9570666666666666,
    "val_char_acc": 0.99124,
    "val_edit_distance": 0.0438,
    "val_clean_accuracy": 0.9570666666666666,
    "val_robustness_drop": null,
    "val_restoration_gain": null,
    "val_position_1_acc": 0.9917333333333334,
    "val_position_2_acc": 0.9895333333333334,
    "val_position_3_acc": 0.9909333333333333,
    "val_position_4_acc": 0.9914,
    "val_position_5_acc": 0.9926,
    "test_loss": 0.26871086196516153,
    "test_seq_acc": 0.9582666666666667,
    "test_char_acc": 0.9914266666666667,
    "test_edit_distance": 0.0428,
    "test_clean_accuracy": 0.9582666666666667,
    "test_robustness_drop": null,
    "test_restoration_gain": null,
    "test_position_1_acc": 0.9922,
    "test_position_2_acc": 0.9899333333333333,
    "test_position_3_acc": 0.9912,
    "test_position_4_acc": 0.9908666666666667,
    "test_position_5_acc": 0.9929333333333333
}