{
    "epoch": 89,
    "train_loss": 0.0007576040112734596,
    "pretrain_loss": 0.0,
    "finetune_loss": 0.0007576040112734596,
    "pseudo_label_count": 0,
    "pseudo_label_accept_rate": 0.0,
    "mean_pseudo_confidence": 0.0,
    "consistency_loss": 0.0,
    "encoder_stage": "contrastive_finetune_only",
    "stn_status": "trainable",
    "stn_regularization_loss": 2.915236344938599e-07,
    "val_loss": 0.26886361385735097,
    "val_seq_acc": 0.9572666666666667,
    "val_char_acc": 0.99124,
    "val_edit_distance": 0.0438,
    "val_clean_accuracy": 0.9572666666666667,
    "val_robustness_drop": null,
    "val_restoration_gain": null,
    "val_position_1_acc": 0.9916666666666667,
    "val_position_2_acc": 0.9902,
    "val_position_3_acc": 0.9907333333333334,
    "val_position_4_acc": 0.9909333333333333,
    "val_position_5_acc": 0.9926666666666667,
    "test_loss": 0.2632669592069036,
    "test_seq_acc": 0.9588666666666666,
    "test_char_acc": 0.99156,
    "test_edit_distance": 0.042133333333333335,
    "test_clean_accuracy": 0.9588666666666666,
    "test_robustness_drop": null,
    "test_restoration_gain": null,
    "test_position_1_acc": 0.9922,
    "test_position_2_acc": 0.9896666666666667,
    "test_position_3_acc": 0.9911333333333333,
    "test_position_4_acc": 0.992,
    "test_position_5_acc": 0.9928
}