{
    "epoch": 11,
    "train_loss": 4.046193636345909,
    "pretrain_loss": 3.8444280288773003,
    "finetune_loss": 0.20176560746860878,
    "pseudo_label_count": 0,
    "pseudo_label_accept_rate": 0.0,
    "mean_pseudo_confidence": 0.0,
    "consistency_loss": 0.0,
    "encoder_stage": "contrastive_pretrain_and_finetune",
    "stn_status": "frozen",
    "stn_regularization_loss": 0.0,
    "val_loss": 0.24043420528582596,
    "val_seq_acc": 0.9314666666666667,
    "val_char_acc": 0.9857066666666666,
    "val_edit_distance": 0.07133333333333333,
    "val_clean_accuracy": 0.9314666666666667,
    "val_robustness_drop": null,
    "val_restoration_gain": null,
    "val_position_1_acc": 0.9899333333333333,
    "val_position_2_acc": 0.9842666666666666,
    "val_position_3_acc": 0.9840666666666666,
    "val_position_4_acc": 0.982,
    "val_position_5_acc": 0.9882666666666666,
    "test_loss": 0.25513996145987916,
    "test_seq_acc": 0.9306666666666666,
    "test_char_acc": 0.98548,
    "test_edit_distance": 0.0726,
    "test_clean_accuracy": 0.9306666666666666,
    "test_robustness_drop": null,
    "test_restoration_gain": null,
    "test_position_1_acc": 0.9907333333333334,
    "test_position_2_acc": 0.9818666666666667,
    "test_position_3_acc": 0.9838666666666667,
    "test_position_4_acc": 0.9826,
    "test_position_5_acc": 0.9883333333333333
}