{
    "epoch": 61,
    "train_loss": 0.0007609915640911844,
    "pretrain_loss": 0.0,
    "finetune_loss": 0.0007609915640911844,
    "pseudo_label_count": 0,
    "pseudo_label_accept_rate": 0.0,
    "mean_pseudo_confidence": 0.0,
    "consistency_loss": 0.0,
    "encoder_stage": "contrastive_finetune_only",
    "stn_status": "trainable",
    "stn_regularization_loss": 3.3250923756889707e-07,
    "val_loss": 0.21976695403405386,
    "val_seq_acc": 0.9588666666666666,
    "val_char_acc": 0.9916,
    "val_edit_distance": 0.042,
    "val_clean_accuracy": 0.9588666666666666,
    "val_robustness_drop": null,
    "val_restoration_gain": null,
    "val_position_1_acc": 0.992,
    "val_position_2_acc": 0.9901333333333333,
    "val_position_3_acc": 0.9914666666666667,
    "val_position_4_acc": 0.9910666666666667,
    "val_position_5_acc": 0.9933333333333333,
    "test_loss": 0.22763045024426687,
    "test_seq_acc": 0.9599333333333333,
    "test_char_acc": 0.9917733333333333,
    "test_edit_distance": 0.041,
    "test_clean_accuracy": 0.9599333333333333,
    "test_robustness_drop": null,
    "test_restoration_gain": null,
    "test_position_1_acc": 0.993,
    "test_position_2_acc": 0.9904,
    "test_position_3_acc": 0.9908666666666667,
    "test_position_4_acc": 0.9913333333333333,
    "test_position_5_acc": 0.9932666666666666
}