{
    "epoch": 183,
    "train_loss": 8.941247006849666e-05,
    "pretrain_loss": 0.0,
    "finetune_loss": 8.941247006849666e-05,
    "pseudo_label_count": 0,
    "pseudo_label_accept_rate": 0.0,
    "mean_pseudo_confidence": 0.0,
    "consistency_loss": 0.0,
    "encoder_stage": "contrastive_finetune_only",
    "stn_status": "trainable",
    "stn_regularization_loss": 3.408717606038344e-07,
    "val_loss": 0.26610929585061327,
    "val_seq_acc": 0.9599333333333333,
    "val_char_acc": 0.99188,
    "val_edit_distance": 0.0406,
    "val_clean_accuracy": 0.9599333333333333,
    "val_robustness_drop": null,
    "val_restoration_gain": null,
    "val_position_1_acc": 0.9928666666666667,
    "val_position_2_acc": 0.9906666666666667,
    "val_position_3_acc": 0.9914666666666667,
    "val_position_4_acc": 0.9912,
    "val_position_5_acc": 0.9932,
    "test_loss": 0.26105839194190866,
    "test_seq_acc": 0.9626,
    "test_char_acc": 0.9923066666666667,
    "test_edit_distance": 0.03833333333333333,
    "test_clean_accuracy": 0.9626,
    "test_robustness_drop": null,
    "test_restoration_gain": null,
    "test_position_1_acc": 0.9934666666666667,
    "test_position_2_acc": 0.9906,
    "test_position_3_acc": 0.9924,
    "test_position_4_acc": 0.9918,
    "test_position_5_acc": 0.9932666666666666
}