{
    "epoch": 26,
    "train_loss": 0.049233948132242064,
    "pretrain_loss": 0.0,
    "finetune_loss": 0.049233948132242064,
    "pseudo_label_count": 0,
    "pseudo_label_accept_rate": 0.0,
    "mean_pseudo_confidence": 0.0,
    "consistency_loss": 0.0,
    "encoder_stage": "contrastive_finetune_only",
    "stn_status": "trainable",
    "stn_regularization_loss": 2.6610602344807067e-08,
    "val_loss": 0.23178674065965718,
    "val_seq_acc": 0.9456666666666667,
    "val_char_acc": 0.98868,
    "val_edit_distance": 0.0566,
    "val_clean_accuracy": 0.9456666666666667,
    "val_robustness_drop": null,
    "val_restoration_gain": null,
    "val_position_1_acc": 0.9906,
    "val_position_2_acc": 0.9862666666666666,
    "val_position_3_acc": 0.987,
    "val_position_4_acc": 0.9883333333333333,
    "val_position_5_acc": 0.9912,
    "test_loss": 0.22964760792141747,
    "test_seq_acc": 0.9472666666666667,
    "test_char_acc": 0.9890666666666666,
    "test_edit_distance": 0.0546,
    "test_clean_accuracy": 0.9472666666666667,
    "test_robustness_drop": null,
    "test_restoration_gain": null,
    "test_position_1_acc": 0.9916666666666667,
    "test_position_2_acc": 0.9852666666666666,
    "test_position_3_acc": 0.9872666666666666,
    "test_position_4_acc": 0.989,
    "test_position_5_acc": 0.9921333333333333
}