{
    "epoch": 180,
    "train_loss": 9.249989444450977e-05,
    "pretrain_loss": 0.0,
    "finetune_loss": 9.249989444450977e-05,
    "pseudo_label_count": 0,
    "pseudo_label_accept_rate": 0.0,
    "mean_pseudo_confidence": 0.0,
    "consistency_loss": 0.0,
    "encoder_stage": "contrastive_finetune_only",
    "stn_status": "trainable",
    "stn_regularization_loss": 3.4262329633027156e-07,
    "val_loss": 0.26607435362943666,
    "val_seq_acc": 0.9598666666666666,
    "val_char_acc": 0.9918666666666667,
    "val_edit_distance": 0.04066666666666666,
    "val_clean_accuracy": 0.9598666666666666,
    "val_robustness_drop": null,
    "val_restoration_gain": null,
    "val_position_1_acc": 0.9928,
    "val_position_2_acc": 0.9908666666666667,
    "val_position_3_acc": 0.9914666666666667,
    "val_position_4_acc": 0.9911333333333333,
    "val_position_5_acc": 0.9930666666666667,
    "test_loss": 0.26011496024557057,
    "test_seq_acc": 0.9624666666666667,
    "test_char_acc": 0.99228,
    "test_edit_distance": 0.03846666666666667,
    "test_clean_accuracy": 0.9624666666666667,
    "test_robustness_drop": null,
    "test_restoration_gain": null,
    "test_position_1_acc": 0.9932,
    "test_position_2_acc": 0.9906666666666667,
    "test_position_3_acc": 0.9922666666666666,
    "test_position_4_acc": 0.992,
    "test_position_5_acc": 0.9932666666666666
}