{
    "epoch": 104,
    "train_loss": 0.00025110343353880276,
    "pretrain_loss": 0.0,
    "finetune_loss": 0.00025110343353880276,
    "pseudo_label_count": 0,
    "pseudo_label_accept_rate": 0.0,
    "mean_pseudo_confidence": 0.0,
    "consistency_loss": 0.0,
    "encoder_stage": "contrastive_finetune_only",
    "stn_status": "trainable",
    "stn_regularization_loss": 3.066851130556013e-07,
    "val_loss": 0.26860846468652955,
    "val_seq_acc": 0.9594,
    "val_char_acc": 0.99172,
    "val_edit_distance": 0.0414,
    "val_clean_accuracy": 0.9594,
    "val_robustness_drop": null,
    "val_restoration_gain": null,
    "val_position_1_acc": 0.9932,
    "val_position_2_acc": 0.9904666666666667,
    "val_position_3_acc": 0.991,
    "val_position_4_acc": 0.9912,
    "val_position_5_acc": 0.9927333333333334,
    "test_loss": 0.25630030311349095,
    "test_seq_acc": 0.9614,
    "test_char_acc": 0.9920533333333333,
    "test_edit_distance": 0.0396,
    "test_clean_accuracy": 0.9614,
    "test_robustness_drop": null,
    "test_restoration_gain": null,
    "test_position_1_acc": 0.9928,
    "test_position_2_acc": 0.9905333333333334,
    "test_position_3_acc": 0.992,
    "test_position_4_acc": 0.9918666666666667,
    "test_position_5_acc": 0.9930666666666667
}