{
    "epoch": 24,
    "train_loss": 0.05234297080142983,
    "pretrain_loss": 0.0,
    "finetune_loss": 0.05234297080142983,
    "pseudo_label_count": 0,
    "pseudo_label_accept_rate": 0.0,
    "mean_pseudo_confidence": 0.0,
    "consistency_loss": 0.0,
    "encoder_stage": "contrastive_finetune_only",
    "stn_status": "trainable",
    "stn_regularization_loss": 2.5711321009595094e-08,
    "val_loss": 0.719778686509294,
    "val_seq_acc": 0.8987333333333334,
    "val_char_acc": 0.97424,
    "val_edit_distance": 0.12613333333333332,
    "val_clean_accuracy": 0.8987333333333334,
    "val_robustness_drop": null,
    "val_restoration_gain": null,
    "val_position_1_acc": 0.9833333333333333,
    "val_position_2_acc": 0.9772666666666666,
    "val_position_3_acc": 0.9758666666666667,
    "val_position_4_acc": 0.9631333333333333,
    "val_position_5_acc": 0.9716,
    "test_loss": 0.668545574581219,
    "test_seq_acc": 0.9008666666666667,
    "test_char_acc": 0.9748533333333333,
    "test_edit_distance": 0.12393333333333334,
    "test_clean_accuracy": 0.9008666666666667,
    "test_robustness_drop": null,
    "test_restoration_gain": null,
    "test_position_1_acc": 0.9826666666666667,
    "test_position_2_acc": 0.9768666666666667,
    "test_position_3_acc": 0.9786666666666667,
    "test_position_4_acc": 0.9639333333333333,
    "test_position_5_acc": 0.9721333333333333
}