{
    "epoch": 102,
    "train_loss": 0.00026919392741414215,
    "pretrain_loss": 0.0,
    "finetune_loss": 0.00026919392741414215,
    "pseudo_label_count": 0,
    "pseudo_label_accept_rate": 0.0,
    "mean_pseudo_confidence": 0.0,
    "consistency_loss": 0.0,
    "encoder_stage": "contrastive_finetune_only",
    "stn_status": "trainable",
    "stn_regularization_loss": 2.9841312008510693e-07,
    "val_loss": 0.27184899289593084,
    "val_seq_acc": 0.9588666666666666,
    "val_char_acc": 0.9916133333333333,
    "val_edit_distance": 0.041933333333333336,
    "val_clean_accuracy": 0.9588666666666666,
    "val_robustness_drop": null,
    "val_restoration_gain": null,
    "val_position_1_acc": 0.993,
    "val_position_2_acc": 0.9902666666666666,
    "val_position_3_acc": 0.9909333333333333,
    "val_position_4_acc": 0.9910666666666667,
    "val_position_5_acc": 0.9928,
    "test_loss": 0.2598418708835429,
    "test_seq_acc": 0.9609333333333333,
    "test_char_acc": 0.9919733333333334,
    "test_edit_distance": 0.04,
    "test_clean_accuracy": 0.9609333333333333,
    "test_robustness_drop": null,
    "test_restoration_gain": null,
    "test_position_1_acc": 0.9928,
    "test_position_2_acc": 0.9906666666666667,
    "test_position_3_acc": 0.9916666666666667,
    "test_position_4_acc": 0.9916666666666667,
    "test_position_5_acc": 0.9930666666666667
}