{
    "epoch": 48,
    "train_loss": 0.027599358039983493,
    "pretrain_loss": 0.0,
    "finetune_loss": 0.027599358039983493,
    "pseudo_label_count": 0,
    "pseudo_label_accept_rate": 0.0,
    "mean_pseudo_confidence": 0.0,
    "consistency_loss": 0.0,
    "encoder_stage": "contrastive_finetune_only",
    "stn_status": "trainable",
    "stn_regularization_loss": 3.308897952433713e-07,
    "val_loss": 0.3052202451251984,
    "val_seq_acc": 0.9422666666666667,
    "val_char_acc": 0.9882133333333334,
    "val_edit_distance": 0.05893333333333333,
    "val_clean_accuracy": 0.9422666666666667,
    "val_robustness_drop": null,
    "val_restoration_gain": null,
    "val_position_1_acc": 0.9897333333333334,
    "val_position_2_acc": 0.9862666666666666,
    "val_position_3_acc": 0.9870666666666666,
    "val_position_4_acc": 0.9865333333333334,
    "val_position_5_acc": 0.9914666666666667,
    "test_loss": 0.3146446757649971,
    "test_seq_acc": 0.9434666666666667,
    "test_char_acc": 0.9883066666666667,
    "test_edit_distance": 0.05826666666666667,
    "test_clean_accuracy": 0.9434666666666667,
    "test_robustness_drop": null,
    "test_restoration_gain": null,
    "test_position_1_acc": 0.9894,
    "test_position_2_acc": 0.9850666666666666,
    "test_position_3_acc": 0.9889333333333333,
    "test_position_4_acc": 0.9873333333333333,
    "test_position_5_acc": 0.9908
}