{
    "epoch": 135,
    "train_loss": 0.00019830906506478174,
    "pretrain_loss": 0.0,
    "finetune_loss": 0.00019830906506478174,
    "pseudo_label_count": 0,
    "pseudo_label_accept_rate": 0.0,
    "mean_pseudo_confidence": 0.0,
    "consistency_loss": 0.0,
    "encoder_stage": "contrastive_finetune_only",
    "stn_status": "trainable",
    "stn_regularization_loss": 3.3026001244246914e-07,
    "val_loss": 0.2647608573570943,
    "val_seq_acc": 0.9600666666666666,
    "val_char_acc": 0.9918933333333333,
    "val_edit_distance": 0.04053333333333333,
    "val_clean_accuracy": 0.9600666666666666,
    "val_robustness_drop": null,
    "val_restoration_gain": null,
    "val_position_1_acc": 0.9929333333333333,
    "val_position_2_acc": 0.9906,
    "val_position_3_acc": 0.9914,
    "val_position_4_acc": 0.9913333333333333,
    "val_position_5_acc": 0.9932,
    "test_loss": 0.2576951781248855,
    "test_seq_acc": 0.9624666666666667,
    "test_char_acc": 0.99228,
    "test_edit_distance": 0.03846666666666667,
    "test_clean_accuracy": 0.9624666666666667,
    "test_robustness_drop": null,
    "test_restoration_gain": null,
    "test_position_1_acc": 0.9933333333333333,
    "test_position_2_acc": 0.9908666666666667,
    "test_position_3_acc": 0.9921333333333333,
    "test_position_4_acc": 0.9918666666666667,
    "test_position_5_acc": 0.9932
}