{
    "epoch": 129,
    "train_loss": 0.000124732376076642,
    "pretrain_loss": 0.0,
    "finetune_loss": 0.000124732376076642,
    "pseudo_label_count": 0,
    "pseudo_label_accept_rate": 0.0,
    "mean_pseudo_confidence": 0.0,
    "consistency_loss": 0.0,
    "encoder_stage": "contrastive_finetune_only",
    "stn_status": "trainable",
    "stn_regularization_loss": 3.196243468746093e-07,
    "val_loss": 0.2647434677267684,
    "val_seq_acc": 0.9601333333333333,
    "val_char_acc": 0.9919066666666667,
    "val_edit_distance": 0.040466666666666665,
    "val_clean_accuracy": 0.9601333333333333,
    "val_robustness_drop": null,
    "val_restoration_gain": null,
    "val_position_1_acc": 0.9928666666666667,
    "val_position_2_acc": 0.9906,
    "val_position_3_acc": 0.9914,
    "val_position_4_acc": 0.9916666666666667,
    "val_position_5_acc": 0.993,
    "test_loss": 0.2556620858849783,
    "test_seq_acc": 0.9625333333333334,
    "test_char_acc": 0.9922933333333334,
    "test_edit_distance": 0.0384,
    "test_clean_accuracy": 0.9625333333333334,
    "test_robustness_drop": null,
    "test_restoration_gain": null,
    "test_position_1_acc": 0.9931333333333333,
    "test_position_2_acc": 0.991,
    "test_position_3_acc": 0.9922666666666666,
    "test_position_4_acc": 0.992,
    "test_position_5_acc": 0.9930666666666667
}