{
    "epoch": 66,
    "train_loss": 0.0013942442519668376,
    "pretrain_loss": 0.0,
    "finetune_loss": 0.0013942442519668376,
    "pseudo_label_count": 0,
    "pseudo_label_accept_rate": 0.0,
    "mean_pseudo_confidence": 0.0,
    "consistency_loss": 0.0,
    "encoder_stage": "contrastive_finetune_only",
    "stn_status": "trainable",
    "stn_regularization_loss": 3.7761444728292726e-07,
    "val_loss": 0.2370827467105809,
    "val_seq_acc": 0.9572,
    "val_char_acc": 0.99124,
    "val_edit_distance": 0.0438,
    "val_clean_accuracy": 0.9572,
    "val_robustness_drop": null,
    "val_restoration_gain": null,
    "val_position_1_acc": 0.9918666666666667,
    "val_position_2_acc": 0.9896666666666667,
    "val_position_3_acc": 0.9908,
    "val_position_4_acc": 0.9912666666666666,
    "val_position_5_acc": 0.9926,
    "test_loss": 0.2398874978377026,
    "test_seq_acc": 0.9593333333333334,
    "test_char_acc": 0.9916,
    "test_edit_distance": 0.04186666666666667,
    "test_clean_accuracy": 0.9593333333333334,
    "test_robustness_drop": null,
    "test_restoration_gain": null,
    "test_position_1_acc": 0.9923333333333333,
    "test_position_2_acc": 0.9904666666666667,
    "test_position_3_acc": 0.9912666666666666,
    "test_position_4_acc": 0.9908666666666667,
    "test_position_5_acc": 0.9930666666666667
}