{
    "epoch": 31,
    "train_loss": 0.047532771427096804,
    "pretrain_loss": 0.0,
    "finetune_loss": 0.047532771427096804,
    "pseudo_label_count": 0,
    "pseudo_label_accept_rate": 0.0,
    "mean_pseudo_confidence": 0.0,
    "consistency_loss": 0.0,
    "encoder_stage": "contrastive_finetune_only",
    "stn_status": "trainable",
    "stn_regularization_loss": 4.6662044008814766e-08,
    "val_loss": 0.22069624314771302,
    "val_seq_acc": 0.9507333333333333,
    "val_char_acc": 0.9898,
    "val_edit_distance": 0.05093333333333333,
    "val_clean_accuracy": 0.9507333333333333,
    "val_robustness_drop": null,
    "val_restoration_gain": null,
    "val_position_1_acc": 0.9900666666666667,
    "val_position_2_acc": 0.9883333333333333,
    "val_position_3_acc": 0.9891333333333333,
    "val_position_4_acc": 0.9892666666666666,
    "val_position_5_acc": 0.9922,
    "test_loss": 0.21812529066356562,
    "test_seq_acc": 0.9496666666666667,
    "test_char_acc": 0.9896,
    "test_edit_distance": 0.052,
    "test_clean_accuracy": 0.9496666666666667,
    "test_robustness_drop": null,
    "test_restoration_gain": null,
    "test_position_1_acc": 0.9902,
    "test_position_2_acc": 0.9883333333333333,
    "test_position_3_acc": 0.9896,
    "test_position_4_acc": 0.9892,
    "test_position_5_acc": 0.9906666666666667
}