{
    "epoch": 36,
    "train_loss": 0.03514652745555065,
    "pretrain_loss": 0.0,
    "finetune_loss": 0.03514652745555065,
    "pseudo_label_count": 0,
    "pseudo_label_accept_rate": 0.0,
    "mean_pseudo_confidence": 0.0,
    "consistency_loss": 0.0,
    "encoder_stage": "contrastive_finetune_only",
    "stn_status": "trainable",
    "stn_regularization_loss": 9.753899692458553e-08,
    "val_loss": 0.2864574521495882,
    "val_seq_acc": 0.9456,
    "val_char_acc": 0.9887066666666666,
    "val_edit_distance": 0.056466666666666665,
    "val_clean_accuracy": 0.9456,
    "val_robustness_drop": null,
    "val_restoration_gain": null,
    "val_position_1_acc": 0.99,
    "val_position_2_acc": 0.9873333333333333,
    "val_position_3_acc": 0.9875333333333334,
    "val_position_4_acc": 0.9872,
    "val_position_5_acc": 0.9914666666666667,
    "test_loss": 0.2776086454642779,
    "test_seq_acc": 0.9474666666666667,
    "test_char_acc": 0.98916,
    "test_edit_distance": 0.0542,
    "test_clean_accuracy": 0.9474666666666667,
    "test_robustness_drop": null,
    "test_restoration_gain": null,
    "test_position_1_acc": 0.9923333333333333,
    "test_position_2_acc": 0.9875333333333334,
    "test_position_3_acc": 0.9883333333333333,
    "test_position_4_acc": 0.9874666666666667,
    "test_position_5_acc": 0.9901333333333333
}