{
    "epoch": 7,
    "train_loss": 4.145217330097544,
    "pretrain_loss": 3.8702593643007157,
    "finetune_loss": 0.27495796579682796,
    "pseudo_label_count": 0,
    "pseudo_label_accept_rate": 0.0,
    "mean_pseudo_confidence": 0.0,
    "consistency_loss": 0.0,
    "encoder_stage": "contrastive_pretrain_and_finetune",
    "stn_status": "frozen",
    "stn_regularization_loss": 0.0,
    "val_loss": 0.29095281894176694,
    "val_seq_acc": 0.9157333333333333,
    "val_char_acc": 0.9821866666666667,
    "val_edit_distance": 0.089,
    "val_clean_accuracy": 0.9157333333333333,
    "val_robustness_drop": null,
    "val_restoration_gain": null,
    "val_position_1_acc": 0.9845333333333334,
    "val_position_2_acc": 0.9781333333333333,
    "val_position_3_acc": 0.9808,
    "val_position_4_acc": 0.9788666666666667,
    "val_position_5_acc": 0.9886,
    "test_loss": 0.2881330224543305,
    "test_seq_acc": 0.9126,
    "test_char_acc": 0.9814266666666667,
    "test_edit_distance": 0.09273333333333333,
    "test_clean_accuracy": 0.9126,
    "test_robustness_drop": null,
    "test_restoration_gain": null,
    "test_position_1_acc": 0.9853333333333333,
    "test_position_2_acc": 0.9775333333333334,
    "test_position_3_acc": 0.9796,
    "test_position_4_acc": 0.9774666666666667,
    "test_position_5_acc": 0.9872
}