{
    "epoch": 109,
    "train_loss": 0.00010494323289555293,
    "pretrain_loss": 0.0,
    "finetune_loss": 0.00010494323289555293,
    "pseudo_label_count": 0,
    "pseudo_label_accept_rate": 0.0,
    "mean_pseudo_confidence": 0.0,
    "consistency_loss": 0.0,
    "encoder_stage": "contrastive_finetune_only",
    "stn_status": "trainable",
    "stn_regularization_loss": 3.0655478883189383e-07,
    "val_loss": 0.2666545313579756,
    "val_seq_acc": 0.9596666666666667,
    "val_char_acc": 0.9917733333333333,
    "val_edit_distance": 0.041133333333333334,
    "val_clean_accuracy": 0.9596666666666667,
    "val_robustness_drop": null,
    "val_restoration_gain": null,
    "val_position_1_acc": 0.9928666666666667,
    "val_position_2_acc": 0.9908666666666667,
    "val_position_3_acc": 0.9911333333333333,
    "val_position_4_acc": 0.9912,
    "val_position_5_acc": 0.9928,
    "test_loss": 0.25703775320215433,
    "test_seq_acc": 0.9614,
    "test_char_acc": 0.9920666666666667,
    "test_edit_distance": 0.03953333333333333,
    "test_clean_accuracy": 0.9614,
    "test_robustness_drop": null,
    "test_restoration_gain": null,
    "test_position_1_acc": 0.9929333333333333,
    "test_position_2_acc": 0.9904666666666667,
    "test_position_3_acc": 0.992,
    "test_position_4_acc": 0.9918666666666667,
    "test_position_5_acc": 0.9930666666666667
}