{
    "epoch": 181,
    "train_loss": 9.131475012711173e-05,
    "pretrain_loss": 0.0,
    "finetune_loss": 9.131475012711173e-05,
    "pseudo_label_count": 0,
    "pseudo_label_accept_rate": 0.0,
    "mean_pseudo_confidence": 0.0,
    "consistency_loss": 0.0,
    "encoder_stage": "contrastive_finetune_only",
    "stn_status": "trainable",
    "stn_regularization_loss": 3.417641543786085e-07,
    "val_loss": 0.26760855196482825,
    "val_seq_acc": 0.9604,
    "val_char_acc": 0.9919733333333334,
    "val_edit_distance": 0.04013333333333333,
    "val_clean_accuracy": 0.9604,
    "val_robustness_drop": null,
    "val_restoration_gain": null,
    "val_position_1_acc": 0.9926666666666667,
    "val_position_2_acc": 0.9911333333333333,
    "val_position_3_acc": 0.9914,
    "val_position_4_acc": 0.9914,
    "val_position_5_acc": 0.9932666666666666,
    "test_loss": 0.2602345258713479,
    "test_seq_acc": 0.9628,
    "test_char_acc": 0.9923466666666667,
    "test_edit_distance": 0.03813333333333333,
    "test_clean_accuracy": 0.9628,
    "test_robustness_drop": null,
    "test_restoration_gain": null,
    "test_position_1_acc": 0.9931333333333333,
    "test_position_2_acc": 0.9908666666666667,
    "test_position_3_acc": 0.9922666666666666,
    "test_position_4_acc": 0.9922666666666666,
    "test_position_5_acc": 0.9932
}