{
    "epoch": 16,
    "train_loss": 3.9767884939637668,
    "pretrain_loss": 3.8414177973048123,
    "finetune_loss": 0.1353706966589543,
    "pseudo_label_count": 0,
    "pseudo_label_accept_rate": 0.0,
    "mean_pseudo_confidence": 0.0,
    "consistency_loss": 0.0,
    "encoder_stage": "contrastive_pretrain_and_finetune",
    "stn_status": "frozen",
    "stn_regularization_loss": 0.0,
    "val_loss": 0.3418756089473175,
    "val_seq_acc": 0.9206666666666666,
    "val_char_acc": 0.9826933333333333,
    "val_edit_distance": 0.0864,
    "val_clean_accuracy": 0.9206666666666666,
    "val_robustness_drop": null,
    "val_restoration_gain": null,
    "val_position_1_acc": 0.9844,
    "val_position_2_acc": 0.9803333333333333,
    "val_position_3_acc": 0.9798666666666667,
    "val_position_4_acc": 0.9804,
    "val_position_5_acc": 0.9884666666666667,
    "test_loss": 0.34870057338375154,
    "test_seq_acc": 0.9195333333333333,
    "test_char_acc": 0.9828666666666667,
    "test_edit_distance": 0.08553333333333334,
    "test_clean_accuracy": 0.9195333333333333,
    "test_robustness_drop": null,
    "test_restoration_gain": null,
    "test_position_1_acc": 0.986,
    "test_position_2_acc": 0.9780666666666666,
    "test_position_3_acc": 0.9796666666666667,
    "test_position_4_acc": 0.9821333333333333,
    "test_position_5_acc": 0.9884666666666667
}