{
    "epoch": 161,
    "train_loss": 9.589467533245928e-05,
    "pretrain_loss": 0.0,
    "finetune_loss": 9.589467533245928e-05,
    "pseudo_label_count": 0,
    "pseudo_label_accept_rate": 0.0,
    "mean_pseudo_confidence": 0.0,
    "consistency_loss": 0.0,
    "encoder_stage": "contrastive_finetune_only",
    "stn_status": "trainable",
    "stn_regularization_loss": 3.369501115977208e-07,
    "val_loss": 0.2669455647344276,
    "val_seq_acc": 0.9602,
    "val_char_acc": 0.9919066666666667,
    "val_edit_distance": 0.040466666666666665,
    "val_clean_accuracy": 0.9602,
    "val_robustness_drop": null,
    "val_restoration_gain": null,
    "val_position_1_acc": 0.9928,
    "val_position_2_acc": 0.9909333333333333,
    "val_position_3_acc": 0.9913333333333333,
    "val_position_4_acc": 0.9912,
    "val_position_5_acc": 0.9932666666666666,
    "test_loss": 0.26046155787642544,
    "test_seq_acc": 0.9628,
    "test_char_acc": 0.9923466666666667,
    "test_edit_distance": 0.03813333333333333,
    "test_clean_accuracy": 0.9628,
    "test_robustness_drop": null,
    "test_restoration_gain": null,
    "test_position_1_acc": 0.9934,
    "test_position_2_acc": 0.9905333333333334,
    "test_position_3_acc": 0.9923333333333333,
    "test_position_4_acc": 0.9921333333333333,
    "test_position_5_acc": 0.9933333333333333
}