{
    "epoch": 55,
    "train_loss": 0.002741654528547796,
    "pretrain_loss": 0.0,
    "finetune_loss": 0.002741654528547796,
    "pseudo_label_count": 0,
    "pseudo_label_accept_rate": 0.0,
    "mean_pseudo_confidence": 0.0,
    "consistency_loss": 0.0,
    "encoder_stage": "contrastive_finetune_only",
    "stn_status": "trainable",
    "stn_regularization_loss": 3.244670667336156e-07,
    "val_loss": 0.22071073966108704,
    "val_seq_acc": 0.9578,
    "val_char_acc": 0.9913733333333333,
    "val_edit_distance": 0.043133333333333336,
    "val_clean_accuracy": 0.9578,
    "val_robustness_drop": null,
    "val_restoration_gain": null,
    "val_position_1_acc": 0.9918,
    "val_position_2_acc": 0.9900666666666667,
    "val_position_3_acc": 0.9909333333333333,
    "val_position_4_acc": 0.991,
    "val_position_5_acc": 0.9930666666666667,
    "test_loss": 0.22480591516783935,
    "test_seq_acc": 0.9583333333333334,
    "test_char_acc": 0.99144,
    "test_edit_distance": 0.042666666666666665,
    "test_clean_accuracy": 0.9583333333333334,
    "test_robustness_drop": null,
    "test_restoration_gain": null,
    "test_position_1_acc": 0.9925333333333334,
    "test_position_2_acc": 0.9898666666666667,
    "test_position_3_acc": 0.9904,
    "test_position_4_acc": 0.9914666666666667,
    "test_position_5_acc": 0.9929333333333333
}