{
    "epoch": 187,
    "train_loss": 8.719109953925393e-05,
    "pretrain_loss": 0.0,
    "finetune_loss": 8.719109953925393e-05,
    "pseudo_label_count": 0,
    "pseudo_label_accept_rate": 0.0,
    "mean_pseudo_confidence": 0.0,
    "consistency_loss": 0.0,
    "encoder_stage": "contrastive_finetune_only",
    "stn_status": "trainable",
    "stn_regularization_loss": 3.372476263601844e-07,
    "val_loss": 0.26680604355932835,
    "val_seq_acc": 0.9604,
    "val_char_acc": 0.9919733333333334,
    "val_edit_distance": 0.04013333333333333,
    "val_clean_accuracy": 0.9604,
    "val_robustness_drop": null,
    "val_restoration_gain": null,
    "val_position_1_acc": 0.9928,
    "val_position_2_acc": 0.9910666666666667,
    "val_position_3_acc": 0.9914666666666667,
    "val_position_4_acc": 0.9914666666666667,
    "val_position_5_acc": 0.9930666666666667,
    "test_loss": 0.26004968834260506,
    "test_seq_acc": 0.9633333333333334,
    "test_char_acc": 0.9924666666666667,
    "test_edit_distance": 0.037533333333333335,
    "test_clean_accuracy": 0.9633333333333334,
    "test_robustness_drop": null,
    "test_restoration_gain": null,
    "test_position_1_acc": 0.9932666666666666,
    "test_position_2_acc": 0.9905333333333334,
    "test_position_3_acc": 0.9925333333333334,
    "test_position_4_acc": 0.9924666666666667,
    "test_position_5_acc": 0.9935333333333334
}