{
    "epoch": 132,
    "train_loss": 6.368849243659145e-05,
    "pretrain_loss": 0.0,
    "finetune_loss": 6.368849243659145e-05,
    "pseudo_label_count": 0,
    "pseudo_label_accept_rate": 0.0,
    "mean_pseudo_confidence": 0.0,
    "consistency_loss": 0.0,
    "encoder_stage": "contrastive_finetune_only",
    "stn_status": "trainable",
    "stn_regularization_loss": 3.2044799098313923e-07,
    "val_loss": 0.2689948708970313,
    "val_seq_acc": 0.9596666666666667,
    "val_char_acc": 0.9918,
    "val_edit_distance": 0.041,
    "val_clean_accuracy": 0.9596666666666667,
    "val_robustness_drop": null,
    "val_restoration_gain": null,
    "val_position_1_acc": 0.9928666666666667,
    "val_position_2_acc": 0.9906,
    "val_position_3_acc": 0.9913333333333333,
    "val_position_4_acc": 0.9914,
    "val_position_5_acc": 0.9928,
    "test_loss": 0.260615550016679,
    "test_seq_acc": 0.9621333333333333,
    "test_char_acc": 0.9922133333333333,
    "test_edit_distance": 0.0388,
    "test_clean_accuracy": 0.9621333333333333,
    "test_robustness_drop": null,
    "test_restoration_gain": null,
    "test_position_1_acc": 0.9932,
    "test_position_2_acc": 0.991,
    "test_position_3_acc": 0.9923333333333333,
    "test_position_4_acc": 0.9915333333333334,
    "test_position_5_acc": 0.993
}