{
    "epoch": 162,
    "train_loss": 9.507387101516649e-05,
    "pretrain_loss": 0.0,
    "finetune_loss": 9.507387101516649e-05,
    "pseudo_label_count": 0,
    "pseudo_label_accept_rate": 0.0,
    "mean_pseudo_confidence": 0.0,
    "consistency_loss": 0.0,
    "encoder_stage": "contrastive_finetune_only",
    "stn_status": "trainable",
    "stn_regularization_loss": 3.3920475436205656e-07,
    "val_loss": 0.2664201005226934,
    "val_seq_acc": 0.9608,
    "val_char_acc": 0.99204,
    "val_edit_distance": 0.0398,
    "val_clean_accuracy": 0.9608,
    "val_robustness_drop": null,
    "val_restoration_gain": null,
    "val_position_1_acc": 0.9928666666666667,
    "val_position_2_acc": 0.9910666666666667,
    "val_position_3_acc": 0.9912666666666666,
    "val_position_4_acc": 0.9916,
    "val_position_5_acc": 0.9934,
    "test_loss": 0.2599620813405481,
    "test_seq_acc": 0.9628,
    "test_char_acc": 0.9923466666666667,
    "test_edit_distance": 0.03813333333333333,
    "test_clean_accuracy": 0.9628,
    "test_robustness_drop": null,
    "test_restoration_gain": null,
    "test_position_1_acc": 0.9932666666666666,
    "test_position_2_acc": 0.9904666666666667,
    "test_position_3_acc": 0.9922666666666666,
    "test_position_4_acc": 0.9923333333333333,
    "test_position_5_acc": 0.9934
}