{
    "epoch": 139,
    "train_loss": 0.000199631083489897,
    "pretrain_loss": 0.0,
    "finetune_loss": 0.000199631083489897,
    "pseudo_label_count": 0,
    "pseudo_label_accept_rate": 0.0,
    "mean_pseudo_confidence": 0.0,
    "consistency_loss": 0.0,
    "encoder_stage": "contrastive_finetune_only",
    "stn_status": "trainable",
    "stn_regularization_loss": 3.33828914640898e-07,
    "val_loss": 0.2694681504172064,
    "val_seq_acc": 0.9598666666666666,
    "val_char_acc": 0.9918266666666666,
    "val_edit_distance": 0.04086666666666667,
    "val_clean_accuracy": 0.9598666666666666,
    "val_robustness_drop": null,
    "val_restoration_gain": null,
    "val_position_1_acc": 0.993,
    "val_position_2_acc": 0.9904,
    "val_position_3_acc": 0.9913333333333333,
    "val_position_4_acc": 0.9912,
    "val_position_5_acc": 0.9932,
    "test_loss": 0.2623107303562953,
    "test_seq_acc": 0.9616,
    "test_char_acc": 0.9921066666666667,
    "test_edit_distance": 0.03933333333333333,
    "test_clean_accuracy": 0.9616,
    "test_robustness_drop": null,
    "test_restoration_gain": null,
    "test_position_1_acc": 0.993,
    "test_position_2_acc": 0.9906666666666667,
    "test_position_3_acc": 0.9918,
    "test_position_4_acc": 0.9919333333333333,
    "test_position_5_acc": 0.9931333333333333
}