{
    "epoch": 37,
    "train_loss": 0.04411052871317975,
    "pretrain_loss": 0.0,
    "finetune_loss": 0.04411052871317975,
    "pseudo_label_count": 0,
    "pseudo_label_accept_rate": 0.0,
    "mean_pseudo_confidence": 0.0,
    "consistency_loss": 0.0,
    "encoder_stage": "contrastive_finetune_only",
    "stn_status": "trainable",
    "stn_regularization_loss": 1.3034087031382787e-07,
    "val_loss": 0.2974987925756407,
    "val_seq_acc": 0.9436,
    "val_char_acc": 0.98844,
    "val_edit_distance": 0.05773333333333333,
    "val_clean_accuracy": 0.9436,
    "val_robustness_drop": null,
    "val_restoration_gain": null,
    "val_position_1_acc": 0.9901333333333333,
    "val_position_2_acc": 0.987,
    "val_position_3_acc": 0.9877333333333334,
    "val_position_4_acc": 0.9862,
    "val_position_5_acc": 0.9911333333333333,
    "test_loss": 0.300726908653722,
    "test_seq_acc": 0.9410666666666667,
    "test_char_acc": 0.9879333333333333,
    "test_edit_distance": 0.060333333333333336,
    "test_clean_accuracy": 0.9410666666666667,
    "test_robustness_drop": null,
    "test_restoration_gain": null,
    "test_position_1_acc": 0.9906666666666667,
    "test_position_2_acc": 0.9852666666666666,
    "test_position_3_acc": 0.9862,
    "test_position_4_acc": 0.9876,
    "test_position_5_acc": 0.9899333333333333
}