{
    "epoch": 67,
    "train_loss": 0.0008982457226823454,
    "pretrain_loss": 0.0,
    "finetune_loss": 0.0008982457226823454,
    "pseudo_label_count": 0,
    "pseudo_label_accept_rate": 0.0,
    "mean_pseudo_confidence": 0.0,
    "consistency_loss": 0.0,
    "encoder_stage": "contrastive_finetune_only",
    "stn_status": "trainable",
    "stn_regularization_loss": 3.9417946187532115e-07,
    "val_loss": 0.23578290388548462,
    "val_seq_acc": 0.9578666666666666,
    "val_char_acc": 0.99144,
    "val_edit_distance": 0.0428,
    "val_clean_accuracy": 0.9578666666666666,
    "val_robustness_drop": null,
    "val_restoration_gain": null,
    "val_position_1_acc": 0.992,
    "val_position_2_acc": 0.9899333333333333,
    "val_position_3_acc": 0.9908666666666667,
    "val_position_4_acc": 0.9915333333333334,
    "val_position_5_acc": 0.9928666666666667,
    "test_loss": 0.24133186192267528,
    "test_seq_acc": 0.96,
    "test_char_acc": 0.99176,
    "test_edit_distance": 0.04106666666666667,
    "test_clean_accuracy": 0.96,
    "test_robustness_drop": null,
    "test_restoration_gain": null,
    "test_position_1_acc": 0.9926,
    "test_position_2_acc": 0.9903333333333333,
    "test_position_3_acc": 0.9912,
    "test_position_4_acc": 0.9911333333333333,
    "test_position_5_acc": 0.9935333333333334
}