{
    "epoch": 155,
    "train_loss": 0.00010469900523487355,
    "pretrain_loss": 0.0,
    "finetune_loss": 0.00010469900523487355,
    "pseudo_label_count": 0,
    "pseudo_label_accept_rate": 0.0,
    "mean_pseudo_confidence": 0.0,
    "consistency_loss": 0.0,
    "encoder_stage": "contrastive_finetune_only",
    "stn_status": "trainable",
    "stn_regularization_loss": 3.4121438434812196e-07,
    "val_loss": 0.26742246287587207,
    "val_seq_acc": 0.9602666666666667,
    "val_char_acc": 0.9919333333333333,
    "val_edit_distance": 0.04033333333333333,
    "val_clean_accuracy": 0.9602666666666667,
    "val_robustness_drop": null,
    "val_restoration_gain": null,
    "val_position_1_acc": 0.9928666666666667,
    "val_position_2_acc": 0.9908666666666667,
    "val_position_3_acc": 0.9914666666666667,
    "val_position_4_acc": 0.9912,
    "val_position_5_acc": 0.9932666666666666,
    "test_loss": 0.26084561212796775,
    "test_seq_acc": 0.9617333333333333,
    "test_char_acc": 0.9921333333333333,
    "test_edit_distance": 0.0392,
    "test_clean_accuracy": 0.9617333333333333,
    "test_robustness_drop": null,
    "test_restoration_gain": null,
    "test_position_1_acc": 0.9929333333333333,
    "test_position_2_acc": 0.9904,
    "test_position_3_acc": 0.9922,
    "test_position_4_acc": 0.9918666666666667,
    "test_position_5_acc": 0.9932666666666666
}