{
    "epoch": 158,
    "train_loss": 0.00010664929335304826,
    "pretrain_loss": 0.0,
    "finetune_loss": 0.00010664929335304826,
    "pseudo_label_count": 0,
    "pseudo_label_accept_rate": 0.0,
    "mean_pseudo_confidence": 0.0,
    "consistency_loss": 0.0,
    "encoder_stage": "contrastive_finetune_only",
    "stn_status": "trainable",
    "stn_regularization_loss": 3.381583341049683e-07,
    "val_loss": 0.26778321562316626,
    "val_seq_acc": 0.96,
    "val_char_acc": 0.99188,
    "val_edit_distance": 0.0406,
    "val_clean_accuracy": 0.96,
    "val_robustness_drop": null,
    "val_restoration_gain": null,
    "val_position_1_acc": 0.9926666666666667,
    "val_position_2_acc": 0.9908,
    "val_position_3_acc": 0.9914,
    "val_position_4_acc": 0.9913333333333333,
    "val_position_5_acc": 0.9932,
    "test_loss": 0.25969024876594826,
    "test_seq_acc": 0.9629333333333333,
    "test_char_acc": 0.9923733333333333,
    "test_edit_distance": 0.038,
    "test_clean_accuracy": 0.9629333333333333,
    "test_robustness_drop": null,
    "test_restoration_gain": null,
    "test_position_1_acc": 0.9931333333333333,
    "test_position_2_acc": 0.9906666666666667,
    "test_position_3_acc": 0.9923333333333333,
    "test_position_4_acc": 0.9924,
    "test_position_5_acc": 0.9933333333333333
}