{
    "epoch": 70,
    "train_loss": 0.0008393916450158964,
    "pretrain_loss": 0.0,
    "finetune_loss": 0.0008393916450158964,
    "pseudo_label_count": 0,
    "pseudo_label_accept_rate": 0.0,
    "mean_pseudo_confidence": 0.0,
    "consistency_loss": 0.0,
    "encoder_stage": "contrastive_finetune_only",
    "stn_status": "trainable",
    "stn_regularization_loss": 4.0313584920075504e-07,
    "val_loss": 0.24057471033943406,
    "val_seq_acc": 0.9605333333333334,
    "val_char_acc": 0.9919866666666667,
    "val_edit_distance": 0.04006666666666667,
    "val_clean_accuracy": 0.9605333333333334,
    "val_robustness_drop": null,
    "val_restoration_gain": null,
    "val_position_1_acc": 0.9928,
    "val_position_2_acc": 0.9903333333333333,
    "val_position_3_acc": 0.9918666666666667,
    "val_position_4_acc": 0.9914,
    "val_position_5_acc": 0.9935333333333334,
    "test_loss": 0.2444999543195235,
    "test_seq_acc": 0.9612,
    "test_char_acc": 0.99196,
    "test_edit_distance": 0.04013333333333333,
    "test_clean_accuracy": 0.9612,
    "test_robustness_drop": null,
    "test_restoration_gain": null,
    "test_position_1_acc": 0.9928666666666667,
    "test_position_2_acc": 0.9909333333333333,
    "test_position_3_acc": 0.9914666666666667,
    "test_position_4_acc": 0.9916666666666667,
    "test_position_5_acc": 0.9928666666666667
}