{
    "epoch": 121,
    "train_loss": 8.459904418548727e-05,
    "pretrain_loss": 0.0,
    "finetune_loss": 8.459904418548727e-05,
    "pseudo_label_count": 0,
    "pseudo_label_accept_rate": 0.0,
    "mean_pseudo_confidence": 0.0,
    "consistency_loss": 0.0,
    "encoder_stage": "contrastive_finetune_only",
    "stn_status": "trainable",
    "stn_regularization_loss": 3.2145082213343286e-07,
    "val_loss": 0.26590621558519206,
    "val_seq_acc": 0.9607333333333333,
    "val_char_acc": 0.9920133333333333,
    "val_edit_distance": 0.039933333333333335,
    "val_clean_accuracy": 0.9607333333333333,
    "val_robustness_drop": null,
    "val_restoration_gain": null,
    "val_position_1_acc": 0.9929333333333333,
    "val_position_2_acc": 0.9908666666666667,
    "val_position_3_acc": 0.9914,
    "val_position_4_acc": 0.9916,
    "val_position_5_acc": 0.9932666666666666,
    "test_loss": 0.2591823180113876,
    "test_seq_acc": 0.9621333333333333,
    "test_char_acc": 0.9922266666666667,
    "test_edit_distance": 0.038733333333333335,
    "test_clean_accuracy": 0.9621333333333333,
    "test_robustness_drop": null,
    "test_restoration_gain": null,
    "test_position_1_acc": 0.9931333333333333,
    "test_position_2_acc": 0.9908666666666667,
    "test_position_3_acc": 0.9920666666666667,
    "test_position_4_acc": 0.9919333333333333,
    "test_position_5_acc": 0.9931333333333333
}