{
    "epoch": 40,
    "train_loss": 0.04005858861761017,
    "pretrain_loss": 0.0,
    "finetune_loss": 0.04005858861761017,
    "pseudo_label_count": 0,
    "pseudo_label_accept_rate": 0.0,
    "mean_pseudo_confidence": 0.0,
    "consistency_loss": 0.0,
    "encoder_stage": "contrastive_finetune_only",
    "stn_status": "trainable",
    "stn_regularization_loss": 2.46146914638509e-07,
    "val_loss": 0.30530140938837147,
    "val_seq_acc": 0.9416666666666667,
    "val_char_acc": 0.98796,
    "val_edit_distance": 0.0602,
    "val_clean_accuracy": 0.9416666666666667,
    "val_robustness_drop": null,
    "val_restoration_gain": null,
    "val_position_1_acc": 0.9889333333333333,
    "val_position_2_acc": 0.9854,
    "val_position_3_acc": 0.9876,
    "val_position_4_acc": 0.9876,
    "val_position_5_acc": 0.9902666666666666,
    "test_loss": 0.3204823582417379,
    "test_seq_acc": 0.944,
    "test_char_acc": 0.9883333333333333,
    "test_edit_distance": 0.0582,
    "test_clean_accuracy": 0.944,
    "test_robustness_drop": null,
    "test_restoration_gain": null,
    "test_position_1_acc": 0.9905333333333334,
    "test_position_2_acc": 0.9864,
    "test_position_3_acc": 0.9868666666666667,
    "test_position_4_acc": 0.9884,
    "test_position_5_acc": 0.9894666666666667
}