{
    "epoch": 23,
    "train_loss": 0.05449050433894828,
    "pretrain_loss": 0.0,
    "finetune_loss": 0.05449050433894828,
    "pseudo_label_count": 0,
    "pseudo_label_accept_rate": 0.0,
    "mean_pseudo_confidence": 0.0,
    "consistency_loss": 0.0,
    "encoder_stage": "contrastive_finetune_only",
    "stn_status": "trainable",
    "stn_regularization_loss": 1.7150210287023224e-08,
    "val_loss": 0.3185115782070463,
    "val_seq_acc": 0.9307333333333333,
    "val_char_acc": 0.9854666666666667,
    "val_edit_distance": 0.07266666666666667,
    "val_clean_accuracy": 0.9307333333333333,
    "val_robustness_drop": null,
    "val_restoration_gain": null,
    "val_position_1_acc": 0.9872666666666666,
    "val_position_2_acc": 0.9842,
    "val_position_3_acc": 0.9839333333333333,
    "val_position_4_acc": 0.984,
    "val_position_5_acc": 0.9879333333333333,
    "test_loss": 0.3184543464774803,
    "test_seq_acc": 0.9302,
    "test_char_acc": 0.9855333333333334,
    "test_edit_distance": 0.07233333333333333,
    "test_clean_accuracy": 0.9302,
    "test_robustness_drop": null,
    "test_restoration_gain": null,
    "test_position_1_acc": 0.9876666666666667,
    "test_position_2_acc": 0.982,
    "test_position_3_acc": 0.9847333333333333,
    "test_position_4_acc": 0.9870666666666666,
    "test_position_5_acc": 0.9862
}