{
    "epoch": 118,
    "train_loss": 9.115170513659454e-05,
    "pretrain_loss": 0.0,
    "finetune_loss": 9.115170513659454e-05,
    "pseudo_label_count": 0,
    "pseudo_label_accept_rate": 0.0,
    "mean_pseudo_confidence": 0.0,
    "consistency_loss": 0.0,
    "encoder_stage": "contrastive_finetune_only",
    "stn_status": "trainable",
    "stn_regularization_loss": 3.20628646343842e-07,
    "val_loss": 0.26533312816148175,
    "val_seq_acc": 0.9595333333333333,
    "val_char_acc": 0.9917466666666667,
    "val_edit_distance": 0.04126666666666667,
    "val_clean_accuracy": 0.9595333333333333,
    "val_robustness_drop": null,
    "val_restoration_gain": null,
    "val_position_1_acc": 0.9932,
    "val_position_2_acc": 0.9906,
    "val_position_3_acc": 0.991,
    "val_position_4_acc": 0.9909333333333333,
    "val_position_5_acc": 0.993,
    "test_loss": 0.25865127389039055,
    "test_seq_acc": 0.9616666666666667,
    "test_char_acc": 0.99212,
    "test_edit_distance": 0.039266666666666665,
    "test_clean_accuracy": 0.9616666666666667,
    "test_robustness_drop": null,
    "test_restoration_gain": null,
    "test_position_1_acc": 0.9928666666666667,
    "test_position_2_acc": 0.9908,
    "test_position_3_acc": 0.992,
    "test_position_4_acc": 0.9918666666666667,
    "test_position_5_acc": 0.9930666666666667
}