{
    "epoch": 59,
    "train_loss": 0.0011671026985117844,
    "pretrain_loss": 0.0,
    "finetune_loss": 0.0011671026985117844,
    "pseudo_label_count": 0,
    "pseudo_label_accept_rate": 0.0,
    "mean_pseudo_confidence": 0.0,
    "consistency_loss": 0.0,
    "encoder_stage": "contrastive_finetune_only",
    "stn_status": "trainable",
    "stn_regularization_loss": 3.0283991931980094e-07,
    "val_loss": 0.21871265958031735,
    "val_seq_acc": 0.958,
    "val_char_acc": 0.9914666666666667,
    "val_edit_distance": 0.042666666666666665,
    "val_clean_accuracy": 0.958,
    "val_robustness_drop": null,
    "val_restoration_gain": null,
    "val_position_1_acc": 0.9922,
    "val_position_2_acc": 0.9902666666666666,
    "val_position_3_acc": 0.9911333333333333,
    "val_position_4_acc": 0.9910666666666667,
    "val_position_5_acc": 0.9926666666666667,
    "test_loss": 0.22560834806507168,
    "test_seq_acc": 0.9592,
    "test_char_acc": 0.9916266666666667,
    "test_edit_distance": 0.04173333333333333,
    "test_clean_accuracy": 0.9592,
    "test_robustness_drop": null,
    "test_restoration_gain": null,
    "test_position_1_acc": 0.9925333333333334,
    "test_position_2_acc": 0.9902,
    "test_position_3_acc": 0.9908,
    "test_position_4_acc": 0.9912,
    "test_position_5_acc": 0.9934
}