{
    "epoch": 47,
    "train_loss": 0.027762013495116745,
    "pretrain_loss": 0.0,
    "finetune_loss": 0.027762013495116745,
    "pseudo_label_count": 0,
    "pseudo_label_accept_rate": 0.0,
    "mean_pseudo_confidence": 0.0,
    "consistency_loss": 0.0,
    "encoder_stage": "contrastive_finetune_only",
    "stn_status": "trainable",
    "stn_regularization_loss": 2.75232688924237e-07,
    "val_loss": 0.2909470297044964,
    "val_seq_acc": 0.9453333333333334,
    "val_char_acc": 0.9885866666666666,
    "val_edit_distance": 0.05706666666666667,
    "val_clean_accuracy": 0.9453333333333334,
    "val_robustness_drop": null,
    "val_restoration_gain": null,
    "val_position_1_acc": 0.9878666666666667,
    "val_position_2_acc": 0.987,
    "val_position_3_acc": 0.9886,
    "val_position_4_acc": 0.9892,
    "val_position_5_acc": 0.9902666666666666,
    "test_loss": 0.30465249455202437,
    "test_seq_acc": 0.9425333333333333,
    "test_char_acc": 0.9881466666666666,
    "test_edit_distance": 0.0592,
    "test_clean_accuracy": 0.9425333333333333,
    "test_robustness_drop": null,
    "test_restoration_gain": null,
    "test_position_1_acc": 0.9889333333333333,
    "test_position_2_acc": 0.9860666666666666,
    "test_position_3_acc": 0.9872666666666666,
    "test_position_4_acc": 0.9893333333333333,
    "test_position_5_acc": 0.9891333333333333
}