{
    "epoch": 92,
    "train_loss": 0.0010408606550553826,
    "pretrain_loss": 0.0,
    "finetune_loss": 0.0010408606550553826,
    "pseudo_label_count": 0,
    "pseudo_label_accept_rate": 0.0,
    "mean_pseudo_confidence": 0.0,
    "consistency_loss": 0.0,
    "encoder_stage": "contrastive_finetune_only",
    "stn_status": "trainable",
    "stn_regularization_loss": 3.070279298894136e-07,
    "val_loss": 0.2712786207922687,
    "val_seq_acc": 0.9589333333333333,
    "val_char_acc": 0.9916133333333333,
    "val_edit_distance": 0.041933333333333336,
    "val_clean_accuracy": 0.9589333333333333,
    "val_robustness_drop": null,
    "val_restoration_gain": null,
    "val_position_1_acc": 0.9923333333333333,
    "val_position_2_acc": 0.9897333333333334,
    "val_position_3_acc": 0.9916666666666667,
    "val_position_4_acc": 0.9908,
    "val_position_5_acc": 0.9935333333333334,
    "test_loss": 0.26137450069475915,
    "test_seq_acc": 0.9602,
    "test_char_acc": 0.9917466666666667,
    "test_edit_distance": 0.041133333333333334,
    "test_clean_accuracy": 0.9602,
    "test_robustness_drop": null,
    "test_restoration_gain": null,
    "test_position_1_acc": 0.9927333333333334,
    "test_position_2_acc": 0.9899333333333333,
    "test_position_3_acc": 0.9910666666666667,
    "test_position_4_acc": 0.9917333333333334,
    "test_position_5_acc": 0.9932666666666666
}