{
    "epoch": 33,
    "train_loss": 0.04077736011465559,
    "pretrain_loss": 0.0,
    "finetune_loss": 0.04077736011465559,
    "pseudo_label_count": 0,
    "pseudo_label_accept_rate": 0.0,
    "mean_pseudo_confidence": 0.0,
    "consistency_loss": 0.0,
    "encoder_stage": "contrastive_finetune_only",
    "stn_status": "trainable",
    "stn_regularization_loss": 6.970552930453491e-08,
    "val_loss": 0.272678519267652,
    "val_seq_acc": 0.9464666666666667,
    "val_char_acc": 0.9890533333333333,
    "val_edit_distance": 0.054733333333333335,
    "val_clean_accuracy": 0.9464666666666667,
    "val_robustness_drop": null,
    "val_restoration_gain": null,
    "val_position_1_acc": 0.9914666666666667,
    "val_position_2_acc": 0.9868666666666667,
    "val_position_3_acc": 0.9878,
    "val_position_4_acc": 0.9885333333333334,
    "val_position_5_acc": 0.9906,
    "test_loss": 0.25139563969904716,
    "test_seq_acc": 0.9474666666666667,
    "test_char_acc": 0.98912,
    "test_edit_distance": 0.05433333333333333,
    "test_clean_accuracy": 0.9474666666666667,
    "test_robustness_drop": null,
    "test_restoration_gain": null,
    "test_position_1_acc": 0.9905333333333334,
    "test_position_2_acc": 0.9874,
    "test_position_3_acc": 0.9880666666666666,
    "test_position_4_acc": 0.9886,
    "test_position_5_acc": 0.991
}