{
    "epoch": 148,
    "train_loss": 0.00039895140022129955,
    "pretrain_loss": 0.0,
    "finetune_loss": 0.00039895140022129955,
    "pseudo_label_count": 0,
    "pseudo_label_accept_rate": 0.0,
    "mean_pseudo_confidence": 0.0,
    "consistency_loss": 0.0,
    "encoder_stage": "contrastive_finetune_only",
    "stn_status": "trainable",
    "stn_regularization_loss": 3.3115136314792797e-07,
    "val_loss": 0.27117627090286056,
    "val_seq_acc": 0.9592666666666667,
    "val_char_acc": 0.9917333333333334,
    "val_edit_distance": 0.04133333333333333,
    "val_clean_accuracy": 0.9592666666666667,
    "val_robustness_drop": null,
    "val_restoration_gain": null,
    "val_position_1_acc": 0.9928,
    "val_position_2_acc": 0.9904,
    "val_position_3_acc": 0.9911333333333333,
    "val_position_4_acc": 0.9910666666666667,
    "val_position_5_acc": 0.9932666666666666,
    "test_loss": 0.26432019972495796,
    "test_seq_acc": 0.9622,
    "test_char_acc": 0.9922266666666667,
    "test_edit_distance": 0.038733333333333335,
    "test_clean_accuracy": 0.9622,
    "test_robustness_drop": null,
    "test_restoration_gain": null,
    "test_position_1_acc": 0.9931333333333333,
    "test_position_2_acc": 0.9909333333333333,
    "test_position_3_acc": 0.9922666666666666,
    "test_position_4_acc": 0.9916,
    "test_position_5_acc": 0.9932
}