{
    "epoch": 93,
    "train_loss": 0.0007377648112683572,
    "pretrain_loss": 0.0,
    "finetune_loss": 0.0007377648112683572,
    "pseudo_label_count": 0,
    "pseudo_label_accept_rate": 0.0,
    "mean_pseudo_confidence": 0.0,
    "consistency_loss": 0.0,
    "encoder_stage": "contrastive_finetune_only",
    "stn_status": "trainable",
    "stn_regularization_loss": 2.9365378569985134e-07,
    "val_loss": 0.26511131243060554,
    "val_seq_acc": 0.9586666666666667,
    "val_char_acc": 0.9915866666666666,
    "val_edit_distance": 0.04206666666666667,
    "val_clean_accuracy": 0.9586666666666667,
    "val_robustness_drop": null,
    "val_restoration_gain": null,
    "val_position_1_acc": 0.9921333333333333,
    "val_position_2_acc": 0.9906666666666667,
    "val_position_3_acc": 0.9913333333333333,
    "val_position_4_acc": 0.991,
    "val_position_5_acc": 0.9928,
    "test_loss": 0.26173316387884354,
    "test_seq_acc": 0.96,
    "test_char_acc": 0.9917466666666667,
    "test_edit_distance": 0.041133333333333334,
    "test_clean_accuracy": 0.96,
    "test_robustness_drop": null,
    "test_restoration_gain": null,
    "test_position_1_acc": 0.9929333333333333,
    "test_position_2_acc": 0.9904,
    "test_position_3_acc": 0.9912,
    "test_position_4_acc": 0.9913333333333333,
    "test_position_5_acc": 0.9928666666666667
}