{
    "epoch": 146,
    "train_loss": 0.00020259557580794955,
    "pretrain_loss": 0.0,
    "finetune_loss": 0.00020259557580794955,
    "pseudo_label_count": 0,
    "pseudo_label_accept_rate": 0.0,
    "mean_pseudo_confidence": 0.0,
    "consistency_loss": 0.0,
    "encoder_stage": "contrastive_finetune_only",
    "stn_status": "trainable",
    "stn_regularization_loss": 3.2940273508109853e-07,
    "val_loss": 0.2664524593063696,
    "val_seq_acc": 0.9605333333333334,
    "val_char_acc": 0.9919866666666667,
    "val_edit_distance": 0.04006666666666667,
    "val_clean_accuracy": 0.9605333333333334,
    "val_robustness_drop": null,
    "val_restoration_gain": null,
    "val_position_1_acc": 0.9926666666666667,
    "val_position_2_acc": 0.9910666666666667,
    "val_position_3_acc": 0.9914,
    "val_position_4_acc": 0.9916666666666667,
    "val_position_5_acc": 0.9931333333333333,
    "test_loss": 0.25972231347590463,
    "test_seq_acc": 0.9628666666666666,
    "test_char_acc": 0.99236,
    "test_edit_distance": 0.038066666666666665,
    "test_clean_accuracy": 0.9628666666666666,
    "test_robustness_drop": null,
    "test_restoration_gain": null,
    "test_position_1_acc": 0.9934,
    "test_position_2_acc": 0.9907333333333334,
    "test_position_3_acc": 0.9920666666666667,
    "test_position_4_acc": 0.9920666666666667,
    "test_position_5_acc": 0.9935333333333334
}