{
    "epoch": 8,
    "train_loss": 4.101029251314839,
    "pretrain_loss": 3.849047799868819,
    "finetune_loss": 0.25198145144602024,
    "pseudo_label_count": 0,
    "pseudo_label_accept_rate": 0.0,
    "mean_pseudo_confidence": 0.0,
    "consistency_loss": 0.0,
    "encoder_stage": "contrastive_pretrain_and_finetune",
    "stn_status": "frozen",
    "stn_regularization_loss": 0.0,
    "val_loss": 4.555013567714368,
    "val_seq_acc": 0.523,
    "val_char_acc": 0.84256,
    "val_edit_distance": 0.7562666666666666,
    "val_clean_accuracy": 0.523,
    "val_robustness_drop": null,
    "val_restoration_gain": null,
    "val_position_1_acc": 0.8516,
    "val_position_2_acc": 0.83,
    "val_position_3_acc": 0.8472666666666666,
    "val_position_4_acc": 0.824,
    "val_position_5_acc": 0.8599333333333333,
    "test_loss": 4.56307961577076,
    "test_seq_acc": 0.5183333333333333,
    "test_char_acc": 0.8406266666666666,
    "test_edit_distance": 0.7678,
    "test_clean_accuracy": 0.5183333333333333,
    "test_robustness_drop": null,
    "test_restoration_gain": null,
    "test_position_1_acc": 0.8482666666666666,
    "test_position_2_acc": 0.8286,
    "test_position_3_acc": 0.8446666666666667,
    "test_position_4_acc": 0.8255333333333333,
    "test_position_5_acc": 0.8560666666666666
}