{
    "epoch": 62,
    "train_loss": 0.0009241207532532082,
    "pretrain_loss": 0.0,
    "finetune_loss": 0.0009241207532532082,
    "pseudo_label_count": 0,
    "pseudo_label_accept_rate": 0.0,
    "mean_pseudo_confidence": 0.0,
    "consistency_loss": 0.0,
    "encoder_stage": "contrastive_finetune_only",
    "stn_status": "trainable",
    "stn_regularization_loss": 3.406178051165017e-07,
    "val_loss": 0.21783891303999492,
    "val_seq_acc": 0.9592,
    "val_char_acc": 0.99172,
    "val_edit_distance": 0.0414,
    "val_clean_accuracy": 0.9592,
    "val_robustness_drop": null,
    "val_restoration_gain": null,
    "val_position_1_acc": 0.9924666666666667,
    "val_position_2_acc": 0.9901333333333333,
    "val_position_3_acc": 0.9912666666666666,
    "val_position_4_acc": 0.9912,
    "val_position_5_acc": 0.9935333333333334,
    "test_loss": 0.22415760159097864,
    "test_seq_acc": 0.9598,
    "test_char_acc": 0.9917466666666667,
    "test_edit_distance": 0.041133333333333334,
    "test_clean_accuracy": 0.9598,
    "test_robustness_drop": null,
    "test_restoration_gain": null,
    "test_position_1_acc": 0.993,
    "test_position_2_acc": 0.9902666666666666,
    "test_position_3_acc": 0.9908666666666667,
    "test_position_4_acc": 0.9913333333333333,
    "test_position_5_acc": 0.9932666666666666
}