{
    "epoch": 128,
    "train_loss": 0.00010677198949093275,
    "pretrain_loss": 0.0,
    "finetune_loss": 0.00010677198949093275,
    "pseudo_label_count": 0,
    "pseudo_label_accept_rate": 0.0,
    "mean_pseudo_confidence": 0.0,
    "consistency_loss": 0.0,
    "encoder_stage": "contrastive_finetune_only",
    "stn_status": "trainable",
    "stn_regularization_loss": 3.210386420435476e-07,
    "val_loss": 0.265424462090053,
    "val_seq_acc": 0.9606,
    "val_char_acc": 0.9919866666666667,
    "val_edit_distance": 0.04006666666666667,
    "val_clean_accuracy": 0.9606,
    "val_robustness_drop": null,
    "val_restoration_gain": null,
    "val_position_1_acc": 0.9928666666666667,
    "val_position_2_acc": 0.9908,
    "val_position_3_acc": 0.9912666666666666,
    "val_position_4_acc": 0.9915333333333334,
    "val_position_5_acc": 0.9934666666666667,
    "test_loss": 0.2576512477166558,
    "test_seq_acc": 0.9618,
    "test_char_acc": 0.9921466666666666,
    "test_edit_distance": 0.03913333333333333,
    "test_clean_accuracy": 0.9618,
    "test_robustness_drop": null,
    "test_restoration_gain": null,
    "test_position_1_acc": 0.9930666666666667,
    "test_position_2_acc": 0.9906,
    "test_position_3_acc": 0.9920666666666667,
    "test_position_4_acc": 0.9918666666666667,
    "test_position_5_acc": 0.9931333333333333
}