{
    "epoch": 73,
    "train_loss": 0.0011371392909058687,
    "pretrain_loss": 0.0,
    "finetune_loss": 0.0011371392909058687,
    "pseudo_label_count": 0,
    "pseudo_label_accept_rate": 0.0,
    "mean_pseudo_confidence": 0.0,
    "consistency_loss": 0.0,
    "encoder_stage": "contrastive_finetune_only",
    "stn_status": "trainable",
    "stn_regularization_loss": 3.645054842097692e-07,
    "val_loss": 0.24103676137451271,
    "val_seq_acc": 0.9598,
    "val_char_acc": 0.99184,
    "val_edit_distance": 0.0408,
    "val_clean_accuracy": 0.9598,
    "val_robustness_drop": null,
    "val_restoration_gain": null,
    "val_position_1_acc": 0.9928666666666667,
    "val_position_2_acc": 0.9897333333333334,
    "val_position_3_acc": 0.9917333333333334,
    "val_position_4_acc": 0.9917333333333334,
    "val_position_5_acc": 0.9931333333333333,
    "test_loss": 0.2426441186147158,
    "test_seq_acc": 0.9594666666666667,
    "test_char_acc": 0.99164,
    "test_edit_distance": 0.04173333333333333,
    "test_clean_accuracy": 0.9594666666666667,
    "test_robustness_drop": null,
    "test_restoration_gain": null,
    "test_position_1_acc": 0.9929333333333333,
    "test_position_2_acc": 0.9899333333333333,
    "test_position_3_acc": 0.9912666666666666,
    "test_position_4_acc": 0.9913333333333333,
    "test_position_5_acc": 0.9927333333333334
}