{
    "epoch": 10,
    "train_loss": 4.041876383631494,
    "pretrain_loss": 3.845556467499114,
    "finetune_loss": 0.1963199161323804,
    "pseudo_label_count": 0,
    "pseudo_label_accept_rate": 0.0,
    "mean_pseudo_confidence": 0.0,
    "consistency_loss": 0.0,
    "encoder_stage": "contrastive_pretrain_and_finetune",
    "stn_status": "frozen",
    "stn_regularization_loss": 0.0,
    "val_loss": 0.8808672243760804,
    "val_seq_acc": 0.8216666666666667,
    "val_char_acc": 0.9564933333333333,
    "val_edit_distance": 0.21693333333333334,
    "val_clean_accuracy": 0.8216666666666667,
    "val_robustness_drop": null,
    "val_restoration_gain": null,
    "val_position_1_acc": 0.9643333333333334,
    "val_position_2_acc": 0.9556,
    "val_position_3_acc": 0.9512,
    "val_position_4_acc": 0.9539333333333333,
    "val_position_5_acc": 0.9574,
    "test_loss": 0.8610288142147711,
    "test_seq_acc": 0.8194,
    "test_char_acc": 0.95744,
    "test_edit_distance": 0.2126,
    "test_clean_accuracy": 0.8194,
    "test_robustness_drop": null,
    "test_restoration_gain": null,
    "test_position_1_acc": 0.9649333333333333,
    "test_position_2_acc": 0.9548666666666666,
    "test_position_3_acc": 0.9547333333333333,
    "test_position_4_acc": 0.9566666666666667,
    "test_position_5_acc": 0.956
}