{
    "epoch": 177,
    "train_loss": 9.01271693654257e-05,
    "pretrain_loss": 0.0,
    "finetune_loss": 9.01271693654257e-05,
    "pseudo_label_count": 0,
    "pseudo_label_accept_rate": 0.0,
    "mean_pseudo_confidence": 0.0,
    "consistency_loss": 0.0,
    "encoder_stage": "contrastive_finetune_only",
    "stn_status": "trainable",
    "stn_regularization_loss": 3.4110832118870635e-07,
    "val_loss": 0.26716047081248534,
    "val_seq_acc": 0.9595333333333333,
    "val_char_acc": 0.9917866666666667,
    "val_edit_distance": 0.04106666666666667,
    "val_clean_accuracy": 0.9595333333333333,
    "val_robustness_drop": null,
    "val_restoration_gain": null,
    "val_position_1_acc": 0.9928,
    "val_position_2_acc": 0.9909333333333333,
    "val_position_3_acc": 0.9912666666666666,
    "val_position_4_acc": 0.9910666666666667,
    "val_position_5_acc": 0.9928666666666667,
    "test_loss": 0.26233372178893505,
    "test_seq_acc": 0.962,
    "test_char_acc": 0.9921866666666667,
    "test_edit_distance": 0.038933333333333334,
    "test_clean_accuracy": 0.962,
    "test_robustness_drop": null,
    "test_restoration_gain": null,
    "test_position_1_acc": 0.9931333333333333,
    "test_position_2_acc": 0.9907333333333334,
    "test_position_3_acc": 0.9924,
    "test_position_4_acc": 0.9915333333333334,
    "test_position_5_acc": 0.9931333333333333
}