{
    "epoch": 34,
    "train_loss": 0.03465103593171032,
    "pretrain_loss": 0.0,
    "finetune_loss": 0.03465103593171032,
    "pseudo_label_count": 0,
    "pseudo_label_accept_rate": 0.0,
    "mean_pseudo_confidence": 0.0,
    "consistency_loss": 0.0,
    "encoder_stage": "contrastive_finetune_only",
    "stn_status": "trainable",
    "stn_regularization_loss": 7.880726466760695e-08,
    "val_loss": 0.3295386780874204,
    "val_seq_acc": 0.9383333333333334,
    "val_char_acc": 0.9872,
    "val_edit_distance": 0.064,
    "val_clean_accuracy": 0.9383333333333334,
    "val_robustness_drop": null,
    "val_restoration_gain": null,
    "val_position_1_acc": 0.9888666666666667,
    "val_position_2_acc": 0.9856666666666667,
    "val_position_3_acc": 0.9856666666666667,
    "val_position_4_acc": 0.9861333333333333,
    "val_position_5_acc": 0.9896666666666667,
    "test_loss": 0.31148498186494333,
    "test_seq_acc": 0.9405333333333333,
    "test_char_acc": 0.98768,
    "test_edit_distance": 0.061533333333333336,
    "test_clean_accuracy": 0.9405333333333333,
    "test_robustness_drop": null,
    "test_restoration_gain": null,
    "test_position_1_acc": 0.9908666666666667,
    "test_position_2_acc": 0.9857333333333334,
    "test_position_3_acc": 0.9857333333333334,
    "test_position_4_acc": 0.9872666666666666,
    "test_position_5_acc": 0.9888
}