{
    "epoch": 87,
    "train_loss": 0.0005763492297408367,
    "pretrain_loss": 0.0,
    "finetune_loss": 0.0005763492297408367,
    "pseudo_label_count": 0,
    "pseudo_label_accept_rate": 0.0,
    "mean_pseudo_confidence": 0.0,
    "consistency_loss": 0.0,
    "encoder_stage": "contrastive_finetune_only",
    "stn_status": "trainable",
    "stn_regularization_loss": 3.3090279869489256e-07,
    "val_loss": 0.2646717984718665,
    "val_seq_acc": 0.9582,
    "val_char_acc": 0.99144,
    "val_edit_distance": 0.0428,
    "val_clean_accuracy": 0.9582,
    "val_robustness_drop": null,
    "val_restoration_gain": null,
    "val_position_1_acc": 0.9922,
    "val_position_2_acc": 0.9906,
    "val_position_3_acc": 0.9915333333333334,
    "val_position_4_acc": 0.9906,
    "val_position_5_acc": 0.9922666666666666,
    "test_loss": 0.26897635362208455,
    "test_seq_acc": 0.9595333333333333,
    "test_char_acc": 0.9917066666666666,
    "test_edit_distance": 0.0414,
    "test_clean_accuracy": 0.9595333333333333,
    "test_robustness_drop": null,
    "test_restoration_gain": null,
    "test_position_1_acc": 0.9926666666666667,
    "test_position_2_acc": 0.99,
    "test_position_3_acc": 0.9912,
    "test_position_4_acc": 0.9920666666666667,
    "test_position_5_acc": 0.9926
}