{
    "epoch": 74,
    "train_loss": 0.0007108303317768248,
    "pretrain_loss": 0.0,
    "finetune_loss": 0.0007108303317768248,
    "pseudo_label_count": 0,
    "pseudo_label_accept_rate": 0.0,
    "mean_pseudo_confidence": 0.0,
    "consistency_loss": 0.0,
    "encoder_stage": "contrastive_finetune_only",
    "stn_status": "trainable",
    "stn_regularization_loss": 3.6496459603694403e-07,
    "val_loss": 0.23619692900091788,
    "val_seq_acc": 0.96,
    "val_char_acc": 0.99188,
    "val_edit_distance": 0.0406,
    "val_clean_accuracy": 0.96,
    "val_robustness_drop": null,
    "val_restoration_gain": null,
    "val_position_1_acc": 0.9926,
    "val_position_2_acc": 0.9906666666666667,
    "val_position_3_acc": 0.9911333333333333,
    "val_position_4_acc": 0.9918,
    "val_position_5_acc": 0.9932,
    "test_loss": 0.2397912192253112,
    "test_seq_acc": 0.9598666666666666,
    "test_char_acc": 0.9917333333333334,
    "test_edit_distance": 0.04126666666666667,
    "test_clean_accuracy": 0.9598666666666666,
    "test_robustness_drop": null,
    "test_restoration_gain": null,
    "test_position_1_acc": 0.9928,
    "test_position_2_acc": 0.9905333333333334,
    "test_position_3_acc": 0.9909333333333333,
    "test_position_4_acc": 0.992,
    "test_position_5_acc": 0.9924
}