{
    "epoch": 190,
    "train_loss": 8.749860174784843e-05,
    "pretrain_loss": 0.0,
    "finetune_loss": 8.749860174784843e-05,
    "pseudo_label_count": 0,
    "pseudo_label_accept_rate": 0.0,
    "mean_pseudo_confidence": 0.0,
    "consistency_loss": 0.0,
    "encoder_stage": "contrastive_finetune_only",
    "stn_status": "trainable",
    "stn_regularization_loss": 3.378713568396923e-07,
    "val_loss": 0.2650633022015717,
    "val_seq_acc": 0.9604666666666667,
    "val_char_acc": 0.9919866666666667,
    "val_edit_distance": 0.04006666666666667,
    "val_clean_accuracy": 0.9604666666666667,
    "val_robustness_drop": null,
    "val_restoration_gain": null,
    "val_position_1_acc": 0.9928,
    "val_position_2_acc": 0.9911333333333333,
    "val_position_3_acc": 0.9913333333333333,
    "val_position_4_acc": 0.9912666666666666,
    "val_position_5_acc": 0.9934,
    "test_loss": 0.25863703436041646,
    "test_seq_acc": 0.963,
    "test_char_acc": 0.9923866666666666,
    "test_edit_distance": 0.03793333333333333,
    "test_clean_accuracy": 0.963,
    "test_robustness_drop": null,
    "test_restoration_gain": null,
    "test_position_1_acc": 0.9931333333333333,
    "test_position_2_acc": 0.9911333333333333,
    "test_position_3_acc": 0.9922666666666666,
    "test_position_4_acc": 0.992,
    "test_position_5_acc": 0.9934
}