{
    "epoch": 2,
    "train_loss": 8.03304121752922,
    "pretrain_loss": 4.252208601622085,
    "finetune_loss": 3.780832615907136,
    "pseudo_label_count": 0,
    "pseudo_label_accept_rate": 0.0,
    "mean_pseudo_confidence": 0.0,
    "consistency_loss": 0.0,
    "encoder_stage": "contrastive_pretrain_and_finetune",
    "stn_status": "frozen",
    "stn_regularization_loss": 0.0,
    "val_loss": 0.9730436827166605,
    "val_seq_acc": 0.7574666666666666,
    "val_char_acc": 0.9420133333333334,
    "val_edit_distance": 0.28986666666666666,
    "val_clean_accuracy": 0.7574666666666666,
    "val_robustness_drop": null,
    "val_restoration_gain": null,
    "val_position_1_acc": 0.9589333333333333,
    "val_position_2_acc": 0.928,
    "val_position_3_acc": 0.9289333333333334,
    "val_position_4_acc": 0.9382666666666667,
    "val_position_5_acc": 0.9559333333333333,
    "test_loss": 0.966989068661706,
    "test_seq_acc": 0.7516666666666667,
    "test_char_acc": 0.94084,
    "test_edit_distance": 0.2958,
    "test_clean_accuracy": 0.7516666666666667,
    "test_robustness_drop": null,
    "test_restoration_gain": null,
    "test_position_1_acc": 0.9590666666666666,
    "test_position_2_acc": 0.9248,
    "test_position_3_acc": 0.9295333333333333,
    "test_position_4_acc": 0.9367333333333333,
    "test_position_5_acc": 0.9540666666666666
}