{
    "epoch": 80,
    "train_loss": 0.00044385665593026406,
    "pretrain_loss": 0.0,
    "finetune_loss": 0.00044385665593026406,
    "pseudo_label_count": 0,
    "pseudo_label_accept_rate": 0.0,
    "mean_pseudo_confidence": 0.0,
    "consistency_loss": 0.0,
    "encoder_stage": "contrastive_finetune_only",
    "stn_status": "trainable",
    "stn_regularization_loss": 3.0602506330474327e-07,
    "val_loss": 0.2613558421336643,
    "val_seq_acc": 0.9574,
    "val_char_acc": 0.9913333333333333,
    "val_edit_distance": 0.043333333333333335,
    "val_clean_accuracy": 0.9574,
    "val_robustness_drop": null,
    "val_restoration_gain": null,
    "val_position_1_acc": 0.9922666666666666,
    "val_position_2_acc": 0.9902,
    "val_position_3_acc": 0.991,
    "val_position_4_acc": 0.9908,
    "val_position_5_acc": 0.9924,
    "test_loss": 0.26746546040817903,
    "test_seq_acc": 0.9585333333333333,
    "test_char_acc": 0.9914666666666667,
    "test_edit_distance": 0.04253333333333333,
    "test_clean_accuracy": 0.9585333333333333,
    "test_robustness_drop": null,
    "test_restoration_gain": null,
    "test_position_1_acc": 0.9922666666666666,
    "test_position_2_acc": 0.99,
    "test_position_3_acc": 0.9909333333333333,
    "test_position_4_acc": 0.9914666666666667,
    "test_position_5_acc": 0.9926666666666667
}