{
    "epoch": 110,
    "train_loss": 9.060790855154458e-05,
    "pretrain_loss": 0.0,
    "finetune_loss": 9.060790855154458e-05,
    "pseudo_label_count": 0,
    "pseudo_label_accept_rate": 0.0,
    "mean_pseudo_confidence": 0.0,
    "consistency_loss": 0.0,
    "encoder_stage": "contrastive_finetune_only",
    "stn_status": "trainable",
    "stn_regularization_loss": 3.1076716663906403e-07,
    "val_loss": 0.26726020953294394,
    "val_seq_acc": 0.9597333333333333,
    "val_char_acc": 0.9917866666666667,
    "val_edit_distance": 0.04106666666666667,
    "val_clean_accuracy": 0.9597333333333333,
    "val_robustness_drop": null,
    "val_restoration_gain": null,
    "val_position_1_acc": 0.9932,
    "val_position_2_acc": 0.9908,
    "val_position_3_acc": 0.991,
    "val_position_4_acc": 0.9912,
    "val_position_5_acc": 0.9927333333333334,
    "test_loss": 0.25792361935230673,
    "test_seq_acc": 0.9614,
    "test_char_acc": 0.9920666666666667,
    "test_edit_distance": 0.03953333333333333,
    "test_clean_accuracy": 0.9614,
    "test_robustness_drop": null,
    "test_restoration_gain": null,
    "test_position_1_acc": 0.9928666666666667,
    "test_position_2_acc": 0.9907333333333334,
    "test_position_3_acc": 0.9918666666666667,
    "test_position_4_acc": 0.9918666666666667,
    "test_position_5_acc": 0.993
}