{
    "epoch": 30,
    "train_loss": 0.043292868153530104,
    "pretrain_loss": 0.0,
    "finetune_loss": 0.043292868153530104,
    "pseudo_label_count": 0,
    "pseudo_label_accept_rate": 0.0,
    "mean_pseudo_confidence": 0.0,
    "consistency_loss": 0.0,
    "encoder_stage": "contrastive_finetune_only",
    "stn_status": "trainable",
    "stn_regularization_loss": 3.408769940293637e-08,
    "val_loss": 0.29536419216606574,
    "val_seq_acc": 0.9376666666666666,
    "val_char_acc": 0.9871333333333333,
    "val_edit_distance": 0.06433333333333334,
    "val_clean_accuracy": 0.9376666666666666,
    "val_robustness_drop": null,
    "val_restoration_gain": null,
    "val_position_1_acc": 0.9870666666666666,
    "val_position_2_acc": 0.986,
    "val_position_3_acc": 0.9860666666666666,
    "val_position_4_acc": 0.9869333333333333,
    "val_position_5_acc": 0.9896,
    "test_loss": 0.2906661828086017,
    "test_seq_acc": 0.9386,
    "test_char_acc": 0.98736,
    "test_edit_distance": 0.0632,
    "test_clean_accuracy": 0.9386,
    "test_robustness_drop": null,
    "test_restoration_gain": null,
    "test_position_1_acc": 0.989,
    "test_position_2_acc": 0.9842,
    "test_position_3_acc": 0.9874,
    "test_position_4_acc": 0.987,
    "test_position_5_acc": 0.9892
}