{
    "epoch": 156,
    "train_loss": 0.00010134187590423318,
    "pretrain_loss": 0.0,
    "finetune_loss": 0.00010134187590423318,
    "pseudo_label_count": 0,
    "pseudo_label_accept_rate": 0.0,
    "mean_pseudo_confidence": 0.0,
    "consistency_loss": 0.0,
    "encoder_stage": "contrastive_finetune_only",
    "stn_status": "trainable",
    "stn_regularization_loss": 3.4058332570558844e-07,
    "val_loss": 0.267453327151212,
    "val_seq_acc": 0.9602,
    "val_char_acc": 0.99192,
    "val_edit_distance": 0.0404,
    "val_clean_accuracy": 0.9602,
    "val_robustness_drop": null,
    "val_restoration_gain": null,
    "val_position_1_acc": 0.9929333333333333,
    "val_position_2_acc": 0.9908,
    "val_position_3_acc": 0.9914666666666667,
    "val_position_4_acc": 0.9910666666666667,
    "val_position_5_acc": 0.9933333333333333,
    "test_loss": 0.26229562639224785,
    "test_seq_acc": 0.9618,
    "test_char_acc": 0.99216,
    "test_edit_distance": 0.039066666666666666,
    "test_clean_accuracy": 0.9618,
    "test_robustness_drop": null,
    "test_restoration_gain": null,
    "test_position_1_acc": 0.9929333333333333,
    "test_position_2_acc": 0.9906,
    "test_position_3_acc": 0.9922666666666666,
    "test_position_4_acc": 0.9918,
    "test_position_5_acc": 0.9932
}