{
    "epoch": 138,
    "train_loss": 0.00028967014112616057,
    "pretrain_loss": 0.0,
    "finetune_loss": 0.00028967014112616057,
    "pseudo_label_count": 0,
    "pseudo_label_accept_rate": 0.0,
    "mean_pseudo_confidence": 0.0,
    "consistency_loss": 0.0,
    "encoder_stage": "contrastive_finetune_only",
    "stn_status": "trainable",
    "stn_regularization_loss": 3.338706468750445e-07,
    "val_loss": 0.27246104597449455,
    "val_seq_acc": 0.9596,
    "val_char_acc": 0.9917866666666667,
    "val_edit_distance": 0.04106666666666667,
    "val_clean_accuracy": 0.9596,
    "val_robustness_drop": null,
    "val_restoration_gain": null,
    "val_position_1_acc": 0.9927333333333334,
    "val_position_2_acc": 0.9906,
    "val_position_3_acc": 0.9914,
    "val_position_4_acc": 0.9912666666666666,
    "val_position_5_acc": 0.9929333333333333,
    "test_loss": 0.2656686795721861,
    "test_seq_acc": 0.9614666666666667,
    "test_char_acc": 0.99208,
    "test_edit_distance": 0.039466666666666664,
    "test_clean_accuracy": 0.9614666666666667,
    "test_robustness_drop": null,
    "test_restoration_gain": null,
    "test_position_1_acc": 0.9929333333333333,
    "test_position_2_acc": 0.9907333333333334,
    "test_position_3_acc": 0.9919333333333333,
    "test_position_4_acc": 0.9918666666666667,
    "test_position_5_acc": 0.9929333333333333
}