{
    "epoch": 194,
    "train_loss": 0.0001223076419301066,
    "pretrain_loss": 0.0,
    "finetune_loss": 0.0001223076419301066,
    "pseudo_label_count": 0,
    "pseudo_label_accept_rate": 0.0,
    "mean_pseudo_confidence": 0.0,
    "consistency_loss": 0.0,
    "encoder_stage": "contrastive_finetune_only",
    "stn_status": "trainable",
    "stn_regularization_loss": 3.4054817281889467e-07,
    "val_loss": 0.2661441712538721,
    "val_seq_acc": 0.9599333333333333,
    "val_char_acc": 0.9918933333333333,
    "val_edit_distance": 0.04053333333333333,
    "val_clean_accuracy": 0.9599333333333333,
    "val_robustness_drop": null,
    "val_restoration_gain": null,
    "val_position_1_acc": 0.9927333333333334,
    "val_position_2_acc": 0.9910666666666667,
    "val_position_3_acc": 0.9912666666666666,
    "val_position_4_acc": 0.9911333333333333,
    "val_position_5_acc": 0.9932666666666666,
    "test_loss": 0.2600672150304848,
    "test_seq_acc": 0.9624666666666667,
    "test_char_acc": 0.9922933333333334,
    "test_edit_distance": 0.0384,
    "test_clean_accuracy": 0.9624666666666667,
    "test_robustness_drop": null,
    "test_restoration_gain": null,
    "test_position_1_acc": 0.9932,
    "test_position_2_acc": 0.9907333333333334,
    "test_position_3_acc": 0.9925333333333334,
    "test_position_4_acc": 0.9918666666666667,
    "test_position_5_acc": 0.9931333333333333
}