{
    "epoch": 189,
    "train_loss": 8.781275354173147e-05,
    "pretrain_loss": 0.0,
    "finetune_loss": 8.781275354173147e-05,
    "pseudo_label_count": 0,
    "pseudo_label_accept_rate": 0.0,
    "mean_pseudo_confidence": 0.0,
    "consistency_loss": 0.0,
    "encoder_stage": "contrastive_finetune_only",
    "stn_status": "trainable",
    "stn_regularization_loss": 3.4374946679089977e-07,
    "val_loss": 0.267361282688791,
    "val_seq_acc": 0.9604,
    "val_char_acc": 0.9919733333333334,
    "val_edit_distance": 0.04013333333333333,
    "val_clean_accuracy": 0.9604,
    "val_robustness_drop": null,
    "val_restoration_gain": null,
    "val_position_1_acc": 0.993,
    "val_position_2_acc": 0.991,
    "val_position_3_acc": 0.9914,
    "val_position_4_acc": 0.9912,
    "val_position_5_acc": 0.9932666666666666,
    "test_loss": 0.26163386058711946,
    "test_seq_acc": 0.9632,
    "test_char_acc": 0.9924266666666667,
    "test_edit_distance": 0.037733333333333334,
    "test_clean_accuracy": 0.9632,
    "test_robustness_drop": null,
    "test_restoration_gain": null,
    "test_position_1_acc": 0.9933333333333333,
    "test_position_2_acc": 0.9908,
    "test_position_3_acc": 0.9925333333333334,
    "test_position_4_acc": 0.992,
    "test_position_5_acc": 0.9934666666666667
}