{
    "epoch": 119,
    "train_loss": 9.289493276473188e-05,
    "pretrain_loss": 0.0,
    "finetune_loss": 9.289493276473188e-05,
    "pseudo_label_count": 0,
    "pseudo_label_accept_rate": 0.0,
    "mean_pseudo_confidence": 0.0,
    "consistency_loss": 0.0,
    "encoder_stage": "contrastive_finetune_only",
    "stn_status": "trainable",
    "stn_regularization_loss": 3.223748719784873e-07,
    "val_loss": 0.266038156045952,
    "val_seq_acc": 0.9599333333333333,
    "val_char_acc": 0.9918266666666666,
    "val_edit_distance": 0.04086666666666667,
    "val_clean_accuracy": 0.9599333333333333,
    "val_robustness_drop": null,
    "val_restoration_gain": null,
    "val_position_1_acc": 0.9930666666666667,
    "val_position_2_acc": 0.9906,
    "val_position_3_acc": 0.9910666666666667,
    "val_position_4_acc": 0.9912,
    "val_position_5_acc": 0.9932,
    "test_loss": 0.2588047296389882,
    "test_seq_acc": 0.9614666666666667,
    "test_char_acc": 0.9920933333333334,
    "test_edit_distance": 0.0394,
    "test_clean_accuracy": 0.9614666666666667,
    "test_robustness_drop": null,
    "test_restoration_gain": null,
    "test_position_1_acc": 0.9930666666666667,
    "test_position_2_acc": 0.9907333333333334,
    "test_position_3_acc": 0.9918666666666667,
    "test_position_4_acc": 0.9918,
    "test_position_5_acc": 0.993
}