{
    "epoch": 38,
    "train_loss": 0.047819225916969674,
    "pretrain_loss": 0.0,
    "finetune_loss": 0.047819225916969674,
    "pseudo_label_count": 0,
    "pseudo_label_accept_rate": 0.0,
    "mean_pseudo_confidence": 0.0,
    "consistency_loss": 0.0,
    "encoder_stage": "contrastive_finetune_only",
    "stn_status": "trainable",
    "stn_regularization_loss": 1.3356066763496146e-07,
    "val_loss": 0.2675908714911695,
    "val_seq_acc": 0.9502666666666667,
    "val_char_acc": 0.98976,
    "val_edit_distance": 0.0512,
    "val_clean_accuracy": 0.9502666666666667,
    "val_robustness_drop": null,
    "val_restoration_gain": null,
    "val_position_1_acc": 0.9917333333333334,
    "val_position_2_acc": 0.9876666666666667,
    "val_position_3_acc": 0.989,
    "val_position_4_acc": 0.9889333333333333,
    "val_position_5_acc": 0.9914666666666667,
    "test_loss": 0.2673903090358412,
    "test_seq_acc": 0.9473333333333334,
    "test_char_acc": 0.9890933333333334,
    "test_edit_distance": 0.05446666666666666,
    "test_clean_accuracy": 0.9473333333333334,
    "test_robustness_drop": null,
    "test_restoration_gain": null,
    "test_position_1_acc": 0.9928666666666667,
    "test_position_2_acc": 0.9869333333333333,
    "test_position_3_acc": 0.9876666666666667,
    "test_position_4_acc": 0.9872,
    "test_position_5_acc": 0.9908
}