{
    "epoch": 106,
    "train_loss": 0.00013298266289074687,
    "pretrain_loss": 0.0,
    "finetune_loss": 0.00013298266289074687,
    "pseudo_label_count": 0,
    "pseudo_label_accept_rate": 0.0,
    "mean_pseudo_confidence": 0.0,
    "consistency_loss": 0.0,
    "encoder_stage": "contrastive_finetune_only",
    "stn_status": "trainable",
    "stn_regularization_loss": 3.0737577918389385e-07,
    "val_loss": 0.27161650718372293,
    "val_seq_acc": 0.9587333333333333,
    "val_char_acc": 0.9915733333333333,
    "val_edit_distance": 0.042133333333333335,
    "val_clean_accuracy": 0.9587333333333333,
    "val_robustness_drop": null,
    "val_restoration_gain": null,
    "val_position_1_acc": 0.9931333333333333,
    "val_position_2_acc": 0.9907333333333334,
    "val_position_3_acc": 0.9907333333333334,
    "val_position_4_acc": 0.9911333333333333,
    "val_position_5_acc": 0.9921333333333333,
    "test_loss": 0.26244230169908467,
    "test_seq_acc": 0.9605333333333334,
    "test_char_acc": 0.9918933333333333,
    "test_edit_distance": 0.0404,
    "test_clean_accuracy": 0.9605333333333334,
    "test_robustness_drop": null,
    "test_restoration_gain": null,
    "test_position_1_acc": 0.9927333333333334,
    "test_position_2_acc": 0.9906666666666667,
    "test_position_3_acc": 0.9918,
    "test_position_4_acc": 0.9916,
    "test_position_5_acc": 0.9926666666666667
}