{
    "epoch": 143,
    "train_loss": 0.0002027222696873812,
    "pretrain_loss": 0.0,
    "finetune_loss": 0.0002027222696873812,
    "pseudo_label_count": 0,
    "pseudo_label_accept_rate": 0.0,
    "mean_pseudo_confidence": 0.0,
    "consistency_loss": 0.0,
    "encoder_stage": "contrastive_finetune_only",
    "stn_status": "trainable",
    "stn_regularization_loss": 3.254789432227997e-07,
    "val_loss": 0.2675889639333771,
    "val_seq_acc": 0.9600666666666666,
    "val_char_acc": 0.99188,
    "val_edit_distance": 0.0406,
    "val_clean_accuracy": 0.9600666666666666,
    "val_robustness_drop": null,
    "val_restoration_gain": null,
    "val_position_1_acc": 0.993,
    "val_position_2_acc": 0.9909333333333333,
    "val_position_3_acc": 0.9914,
    "val_position_4_acc": 0.9910666666666667,
    "val_position_5_acc": 0.993,
    "test_loss": 0.263735439376959,
    "test_seq_acc": 0.9619333333333333,
    "test_char_acc": 0.9921733333333334,
    "test_edit_distance": 0.039,
    "test_clean_accuracy": 0.9619333333333333,
    "test_robustness_drop": null,
    "test_restoration_gain": null,
    "test_position_1_acc": 0.9932666666666666,
    "test_position_2_acc": 0.9906666666666667,
    "test_position_3_acc": 0.9923333333333333,
    "test_position_4_acc": 0.9915333333333334,
    "test_position_5_acc": 0.9930666666666667
}