{
    "epoch": 168,
    "train_loss": 0.0001890528534125986,
    "pretrain_loss": 0.0,
    "finetune_loss": 0.0001890528534125986,
    "pseudo_label_count": 0,
    "pseudo_label_accept_rate": 0.0,
    "mean_pseudo_confidence": 0.0,
    "consistency_loss": 0.0,
    "encoder_stage": "contrastive_finetune_only",
    "stn_status": "trainable",
    "stn_regularization_loss": 3.365568450423397e-07,
    "val_loss": 0.2673974127250858,
    "val_seq_acc": 0.9598,
    "val_char_acc": 0.9918266666666666,
    "val_edit_distance": 0.04086666666666667,
    "val_clean_accuracy": 0.9598,
    "val_robustness_drop": null,
    "val_restoration_gain": null,
    "val_position_1_acc": 0.9928,
    "val_position_2_acc": 0.9909333333333333,
    "val_position_3_acc": 0.9914666666666667,
    "val_position_4_acc": 0.991,
    "val_position_5_acc": 0.9929333333333333,
    "test_loss": 0.2624680940837026,
    "test_seq_acc": 0.9622666666666667,
    "test_char_acc": 0.99224,
    "test_edit_distance": 0.03866666666666667,
    "test_clean_accuracy": 0.9622666666666667,
    "test_robustness_drop": null,
    "test_restoration_gain": null,
    "test_position_1_acc": 0.9930666666666667,
    "test_position_2_acc": 0.9909333333333333,
    "test_position_3_acc": 0.9924666666666667,
    "test_position_4_acc": 0.9915333333333334,
    "test_position_5_acc": 0.9932
}