{
    "epoch": 163,
    "train_loss": 9.270400230511638e-05,
    "pretrain_loss": 0.0,
    "finetune_loss": 9.270400230511638e-05,
    "pseudo_label_count": 0,
    "pseudo_label_accept_rate": 0.0,
    "mean_pseudo_confidence": 0.0,
    "consistency_loss": 0.0,
    "encoder_stage": "contrastive_finetune_only",
    "stn_status": "trainable",
    "stn_regularization_loss": 3.383140838111089e-07,
    "val_loss": 0.26633838512238883,
    "val_seq_acc": 0.9604666666666667,
    "val_char_acc": 0.9919866666666667,
    "val_edit_distance": 0.04006666666666667,
    "val_clean_accuracy": 0.9604666666666667,
    "val_robustness_drop": null,
    "val_restoration_gain": null,
    "val_position_1_acc": 0.9928666666666667,
    "val_position_2_acc": 0.9909333333333333,
    "val_position_3_acc": 0.9913333333333333,
    "val_position_4_acc": 0.9915333333333334,
    "val_position_5_acc": 0.9932666666666666,
    "test_loss": 0.26015298544258797,
    "test_seq_acc": 0.9632666666666667,
    "test_char_acc": 0.9924533333333333,
    "test_edit_distance": 0.0376,
    "test_clean_accuracy": 0.9632666666666667,
    "test_robustness_drop": null,
    "test_restoration_gain": null,
    "test_position_1_acc": 0.993,
    "test_position_2_acc": 0.9908666666666667,
    "test_position_3_acc": 0.9924666666666667,
    "test_position_4_acc": 0.9923333333333333,
    "test_position_5_acc": 0.9936
}