{
    "epoch": 64,
    "train_loss": 0.0006040402999223458,
    "pretrain_loss": 0.0,
    "finetune_loss": 0.0006040402999223458,
    "pseudo_label_count": 0,
    "pseudo_label_accept_rate": 0.0,
    "mean_pseudo_confidence": 0.0,
    "consistency_loss": 0.0,
    "encoder_stage": "contrastive_finetune_only",
    "stn_status": "trainable",
    "stn_regularization_loss": 3.477536964651656e-07,
    "val_loss": 0.22697392935564709,
    "val_seq_acc": 0.9592666666666667,
    "val_char_acc": 0.9917333333333334,
    "val_edit_distance": 0.04133333333333333,
    "val_clean_accuracy": 0.9592666666666667,
    "val_robustness_drop": null,
    "val_restoration_gain": null,
    "val_position_1_acc": 0.9928,
    "val_position_2_acc": 0.9899333333333333,
    "val_position_3_acc": 0.9917333333333334,
    "val_position_4_acc": 0.9911333333333333,
    "val_position_5_acc": 0.9930666666666667,
    "test_loss": 0.23145277187291344,
    "test_seq_acc": 0.9602666666666667,
    "test_char_acc": 0.9917866666666667,
    "test_edit_distance": 0.040933333333333335,
    "test_clean_accuracy": 0.9602666666666667,
    "test_robustness_drop": null,
    "test_restoration_gain": null,
    "test_position_1_acc": 0.9930666666666667,
    "test_position_2_acc": 0.9902666666666666,
    "test_position_3_acc": 0.991,
    "test_position_4_acc": 0.9912666666666666,
    "test_position_5_acc": 0.9933333333333333
}