{
    "epoch": 149,
    "train_loss": 0.00020171685860635605,
    "pretrain_loss": 0.0,
    "finetune_loss": 0.00020171685860635605,
    "pseudo_label_count": 0,
    "pseudo_label_accept_rate": 0.0,
    "mean_pseudo_confidence": 0.0,
    "consistency_loss": 0.0,
    "encoder_stage": "contrastive_finetune_only",
    "stn_status": "trainable",
    "stn_regularization_loss": 3.37631021751627e-07,
    "val_loss": 0.2684121358121743,
    "val_seq_acc": 0.9595333333333333,
    "val_char_acc": 0.9917866666666667,
    "val_edit_distance": 0.04106666666666667,
    "val_clean_accuracy": 0.9595333333333333,
    "val_robustness_drop": null,
    "val_restoration_gain": null,
    "val_position_1_acc": 0.9926666666666667,
    "val_position_2_acc": 0.9908,
    "val_position_3_acc": 0.9912,
    "val_position_4_acc": 0.991,
    "val_position_5_acc": 0.9932666666666666,
    "test_loss": 0.2615436691912624,
    "test_seq_acc": 0.9628,
    "test_char_acc": 0.9923466666666667,
    "test_edit_distance": 0.03813333333333333,
    "test_clean_accuracy": 0.9628,
    "test_robustness_drop": null,
    "test_restoration_gain": null,
    "test_position_1_acc": 0.9932666666666666,
    "test_position_2_acc": 0.9907333333333334,
    "test_position_3_acc": 0.9924,
    "test_position_4_acc": 0.9919333333333333,
    "test_position_5_acc": 0.9934
}