{
    "epoch": 125,
    "train_loss": 8.056012766412794e-05,
    "pretrain_loss": 0.0,
    "finetune_loss": 8.056012766412794e-05,
    "pseudo_label_count": 0,
    "pseudo_label_accept_rate": 0.0,
    "mean_pseudo_confidence": 0.0,
    "consistency_loss": 0.0,
    "encoder_stage": "contrastive_finetune_only",
    "stn_status": "trainable",
    "stn_regularization_loss": 3.1723564656887864e-07,
    "val_loss": 0.26630899167355243,
    "val_seq_acc": 0.9596,
    "val_char_acc": 0.99176,
    "val_edit_distance": 0.0412,
    "val_clean_accuracy": 0.9596,
    "val_robustness_drop": null,
    "val_restoration_gain": null,
    "val_position_1_acc": 0.9930666666666667,
    "val_position_2_acc": 0.9908,
    "val_position_3_acc": 0.9911333333333333,
    "val_position_4_acc": 0.991,
    "val_position_5_acc": 0.9928,
    "test_loss": 0.26095598502483186,
    "test_seq_acc": 0.9616666666666667,
    "test_char_acc": 0.99212,
    "test_edit_distance": 0.039266666666666665,
    "test_clean_accuracy": 0.9616666666666667,
    "test_robustness_drop": null,
    "test_restoration_gain": null,
    "test_position_1_acc": 0.993,
    "test_position_2_acc": 0.9908666666666667,
    "test_position_3_acc": 0.9919333333333333,
    "test_position_4_acc": 0.9918666666666667,
    "test_position_5_acc": 0.9929333333333333
}