{
    "epoch": 32,
    "train_loss": 0.04432119705347106,
    "pretrain_loss": 0.0,
    "finetune_loss": 0.04432119705347106,
    "pseudo_label_count": 0,
    "pseudo_label_accept_rate": 0.0,
    "mean_pseudo_confidence": 0.0,
    "consistency_loss": 0.0,
    "encoder_stage": "contrastive_finetune_only",
    "stn_status": "trainable",
    "stn_regularization_loss": 4.214942867837684e-08,
    "val_loss": 0.29380948823024283,
    "val_seq_acc": 0.9425333333333333,
    "val_char_acc": 0.98816,
    "val_edit_distance": 0.0592,
    "val_clean_accuracy": 0.9425333333333333,
    "val_robustness_drop": null,
    "val_restoration_gain": null,
    "val_position_1_acc": 0.9902,
    "val_position_2_acc": 0.9864,
    "val_position_3_acc": 0.9862666666666666,
    "val_position_4_acc": 0.986,
    "val_position_5_acc": 0.9919333333333333,
    "test_loss": 0.29434056987322993,
    "test_seq_acc": 0.9443333333333334,
    "test_char_acc": 0.9884266666666667,
    "test_edit_distance": 0.05773333333333333,
    "test_clean_accuracy": 0.9443333333333334,
    "test_robustness_drop": null,
    "test_restoration_gain": null,
    "test_position_1_acc": 0.9898,
    "test_position_2_acc": 0.9861333333333333,
    "test_position_3_acc": 0.9876,
    "test_position_4_acc": 0.9876666666666667,
    "test_position_5_acc": 0.9909333333333333
}