{
    "epoch": 72,
    "train_loss": 0.0006985787561416502,
    "pretrain_loss": 0.0,
    "finetune_loss": 0.0006985787561416502,
    "pseudo_label_count": 0,
    "pseudo_label_accept_rate": 0.0,
    "mean_pseudo_confidence": 0.0,
    "consistency_loss": 0.0,
    "encoder_stage": "contrastive_finetune_only",
    "stn_status": "trainable",
    "stn_regularization_loss": 3.942201064781771e-07,
    "val_loss": 0.2386390140607669,
    "val_seq_acc": 0.9594666666666667,
    "val_char_acc": 0.9917333333333334,
    "val_edit_distance": 0.04133333333333333,
    "val_clean_accuracy": 0.9594666666666667,
    "val_robustness_drop": null,
    "val_restoration_gain": null,
    "val_position_1_acc": 0.9924,
    "val_position_2_acc": 0.9897333333333334,
    "val_position_3_acc": 0.992,
    "val_position_4_acc": 0.9919333333333333,
    "val_position_5_acc": 0.9926,
    "test_loss": 0.24364868597269562,
    "test_seq_acc": 0.9597333333333333,
    "test_char_acc": 0.9917066666666666,
    "test_edit_distance": 0.0414,
    "test_clean_accuracy": 0.9597333333333333,
    "test_robustness_drop": null,
    "test_restoration_gain": null,
    "test_position_1_acc": 0.9926,
    "test_position_2_acc": 0.9904666666666667,
    "test_position_3_acc": 0.991,
    "test_position_4_acc": 0.9917333333333334,
    "test_position_5_acc": 0.9927333333333334
}