{
    "epoch": 20,
    "train_loss": 3.95038986287062,
    "pretrain_loss": 3.8398441740973994,
    "finetune_loss": 0.1105456887732209,
    "pseudo_label_count": 0,
    "pseudo_label_accept_rate": 0.0,
    "mean_pseudo_confidence": 0.0,
    "consistency_loss": 0.0,
    "encoder_stage": "contrastive_pretrain_and_finetune",
    "stn_status": "frozen",
    "stn_regularization_loss": 0.0,
    "val_loss": 0.22084244999687297,
    "val_seq_acc": 0.9431333333333334,
    "val_char_acc": 0.9881733333333333,
    "val_edit_distance": 0.059133333333333336,
    "val_clean_accuracy": 0.9431333333333334,
    "val_robustness_drop": null,
    "val_restoration_gain": null,
    "val_position_1_acc": 0.9895333333333334,
    "val_position_2_acc": 0.9878666666666667,
    "val_position_3_acc": 0.9872,
    "val_position_4_acc": 0.9844,
    "val_position_5_acc": 0.9918666666666667,
    "test_loss": 0.21451993018262466,
    "test_seq_acc": 0.9422666666666667,
    "test_char_acc": 0.98808,
    "test_edit_distance": 0.059533333333333334,
    "test_clean_accuracy": 0.9422666666666667,
    "test_robustness_drop": null,
    "test_restoration_gain": null,
    "test_position_1_acc": 0.9903333333333333,
    "test_position_2_acc": 0.9859333333333333,
    "test_position_3_acc": 0.9872666666666666,
    "test_position_4_acc": 0.9853333333333333,
    "test_position_5_acc": 0.9915333333333334
}