{
    "epoch": 21,
    "train_loss": 0.07728691138181222,
    "pretrain_loss": 0.0,
    "finetune_loss": 0.07728691138181222,
    "pseudo_label_count": 0,
    "pseudo_label_accept_rate": 0.0,
    "mean_pseudo_confidence": 0.0,
    "consistency_loss": 0.0,
    "encoder_stage": "contrastive_finetune_only",
    "stn_status": "trainable",
    "stn_regularization_loss": 5.0048482476507496e-09,
    "val_loss": 0.21241038188464562,
    "val_seq_acc": 0.9461333333333334,
    "val_char_acc": 0.9889733333333334,
    "val_edit_distance": 0.05513333333333333,
    "val_clean_accuracy": 0.9461333333333334,
    "val_robustness_drop": null,
    "val_restoration_gain": null,
    "val_position_1_acc": 0.9903333333333333,
    "val_position_2_acc": 0.9888666666666667,
    "val_position_3_acc": 0.9872,
    "val_position_4_acc": 0.987,
    "val_position_5_acc": 0.9914666666666667,
    "test_loss": 0.20397121410311783,
    "test_seq_acc": 0.9468666666666666,
    "test_char_acc": 0.9889866666666667,
    "test_edit_distance": 0.054933333333333334,
    "test_clean_accuracy": 0.9468666666666666,
    "test_robustness_drop": null,
    "test_restoration_gain": null,
    "test_position_1_acc": 0.9913333333333333,
    "test_position_2_acc": 0.9866,
    "test_position_3_acc": 0.9878666666666667,
    "test_position_4_acc": 0.9876666666666667,
    "test_position_5_acc": 0.9914666666666667
}