{
    "epoch": 179,
    "train_loss": 8.854294054141758e-05,
    "pretrain_loss": 0.0,
    "finetune_loss": 8.854294054141758e-05,
    "pseudo_label_count": 0,
    "pseudo_label_accept_rate": 0.0,
    "mean_pseudo_confidence": 0.0,
    "consistency_loss": 0.0,
    "encoder_stage": "contrastive_finetune_only",
    "stn_status": "trainable",
    "stn_regularization_loss": 3.4392491956882257e-07,
    "val_loss": 0.267560864588703,
    "val_seq_acc": 0.9597333333333333,
    "val_char_acc": 0.9918266666666666,
    "val_edit_distance": 0.04086666666666667,
    "val_clean_accuracy": 0.9597333333333333,
    "val_robustness_drop": null,
    "val_restoration_gain": null,
    "val_position_1_acc": 0.9928666666666667,
    "val_position_2_acc": 0.9906666666666667,
    "val_position_3_acc": 0.9913333333333333,
    "val_position_4_acc": 0.9911333333333333,
    "val_position_5_acc": 0.9931333333333333,
    "test_loss": 0.2634046720859105,
    "test_seq_acc": 0.9622666666666667,
    "test_char_acc": 0.9922533333333333,
    "test_edit_distance": 0.0386,
    "test_clean_accuracy": 0.9622666666666667,
    "test_robustness_drop": null,
    "test_restoration_gain": null,
    "test_position_1_acc": 0.993,
    "test_position_2_acc": 0.9908666666666667,
    "test_position_3_acc": 0.9922666666666666,
    "test_position_4_acc": 0.9918,
    "test_position_5_acc": 0.9933333333333333
}