{
    "epoch": 9,
    "train_loss": 4.073933535823951,
    "pretrain_loss": 3.8466994387576086,
    "finetune_loss": 0.22723409706634268,
    "pseudo_label_count": 0,
    "pseudo_label_accept_rate": 0.0,
    "mean_pseudo_confidence": 0.0,
    "consistency_loss": 0.0,
    "encoder_stage": "contrastive_pretrain_and_finetune",
    "stn_status": "frozen",
    "stn_regularization_loss": 0.0,
    "val_loss": 0.2617483742661395,
    "val_seq_acc": 0.9214666666666667,
    "val_char_acc": 0.98352,
    "val_edit_distance": 0.0824,
    "val_clean_accuracy": 0.9214666666666667,
    "val_robustness_drop": null,
    "val_restoration_gain": null,
    "val_position_1_acc": 0.9862,
    "val_position_2_acc": 0.9790666666666666,
    "val_position_3_acc": 0.9825333333333334,
    "val_position_4_acc": 0.9822666666666666,
    "val_position_5_acc": 0.9875333333333334,
    "test_loss": 0.25573408622610366,
    "test_seq_acc": 0.9220666666666667,
    "test_char_acc": 0.9838,
    "test_edit_distance": 0.081,
    "test_clean_accuracy": 0.9220666666666667,
    "test_robustness_drop": null,
    "test_restoration_gain": null,
    "test_position_1_acc": 0.9865333333333334,
    "test_position_2_acc": 0.9798,
    "test_position_3_acc": 0.9828666666666667,
    "test_position_4_acc": 0.9834666666666667,
    "test_position_5_acc": 0.9863333333333333
}