{
    "epoch": 78,
    "train_loss": 0.0007488805626404812,
    "pretrain_loss": 0.0,
    "finetune_loss": 0.0007488805626404812,
    "pseudo_label_count": 0,
    "pseudo_label_accept_rate": 0.0,
    "mean_pseudo_confidence": 0.0,
    "consistency_loss": 0.0,
    "encoder_stage": "contrastive_finetune_only",
    "stn_status": "trainable",
    "stn_regularization_loss": 2.907928124973806e-07,
    "val_loss": 0.25242181047718276,
    "val_seq_acc": 0.9588666666666666,
    "val_char_acc": 0.9915866666666666,
    "val_edit_distance": 0.04206666666666667,
    "val_clean_accuracy": 0.9588666666666666,
    "val_robustness_drop": null,
    "val_restoration_gain": null,
    "val_position_1_acc": 0.9925333333333334,
    "val_position_2_acc": 0.9903333333333333,
    "val_position_3_acc": 0.9908,
    "val_position_4_acc": 0.991,
    "val_position_5_acc": 0.9932666666666666,
    "test_loss": 0.2531019766026737,
    "test_seq_acc": 0.9600666666666666,
    "test_char_acc": 0.9918133333333333,
    "test_edit_distance": 0.0408,
    "test_clean_accuracy": 0.9600666666666666,
    "test_robustness_drop": null,
    "test_restoration_gain": null,
    "test_position_1_acc": 0.9923333333333333,
    "test_position_2_acc": 0.9904666666666667,
    "test_position_3_acc": 0.9915333333333334,
    "test_position_4_acc": 0.9914666666666667,
    "test_position_5_acc": 0.9932666666666666
}