{
    "epoch": 164,
    "train_loss": 9.917948589505571e-05,
    "pretrain_loss": 0.0,
    "finetune_loss": 9.917948589505571e-05,
    "pseudo_label_count": 0,
    "pseudo_label_accept_rate": 0.0,
    "mean_pseudo_confidence": 0.0,
    "consistency_loss": 0.0,
    "encoder_stage": "contrastive_finetune_only",
    "stn_status": "trainable",
    "stn_regularization_loss": 3.3394041376762673e-07,
    "val_loss": 0.2666529017601359,
    "val_seq_acc": 0.9601333333333333,
    "val_char_acc": 0.99192,
    "val_edit_distance": 0.0404,
    "val_clean_accuracy": 0.9601333333333333,
    "val_robustness_drop": null,
    "val_restoration_gain": null,
    "val_position_1_acc": 0.9928,
    "val_position_2_acc": 0.9908666666666667,
    "val_position_3_acc": 0.9913333333333333,
    "val_position_4_acc": 0.9915333333333334,
    "val_position_5_acc": 0.9930666666666667,
    "test_loss": 0.25955047739343406,
    "test_seq_acc": 0.9630666666666666,
    "test_char_acc": 0.9924133333333334,
    "test_edit_distance": 0.0378,
    "test_clean_accuracy": 0.9630666666666666,
    "test_robustness_drop": null,
    "test_restoration_gain": null,
    "test_position_1_acc": 0.9932,
    "test_position_2_acc": 0.9906,
    "test_position_3_acc": 0.9924666666666667,
    "test_position_4_acc": 0.9922666666666666,
    "test_position_5_acc": 0.9935333333333334
}