{
    "epoch": 105,
    "train_loss": 0.00015141409176660766,
    "pretrain_loss": 0.0,
    "finetune_loss": 0.00015141409176660766,
    "pseudo_label_count": 0,
    "pseudo_label_accept_rate": 0.0,
    "mean_pseudo_confidence": 0.0,
    "consistency_loss": 0.0,
    "encoder_stage": "contrastive_finetune_only",
    "stn_status": "trainable",
    "stn_regularization_loss": 3.0854560895219685e-07,
    "val_loss": 0.2699775648211086,
    "val_seq_acc": 0.9588666666666666,
    "val_char_acc": 0.9916133333333333,
    "val_edit_distance": 0.041933333333333336,
    "val_clean_accuracy": 0.9588666666666666,
    "val_robustness_drop": null,
    "val_restoration_gain": null,
    "val_position_1_acc": 0.993,
    "val_position_2_acc": 0.9905333333333334,
    "val_position_3_acc": 0.9908666666666667,
    "val_position_4_acc": 0.9912666666666666,
    "val_position_5_acc": 0.9924,
    "test_loss": 0.2597809091118614,
    "test_seq_acc": 0.9602666666666667,
    "test_char_acc": 0.99184,
    "test_edit_distance": 0.04066666666666666,
    "test_clean_accuracy": 0.9602666666666667,
    "test_robustness_drop": null,
    "test_restoration_gain": null,
    "test_position_1_acc": 0.9926666666666667,
    "test_position_2_acc": 0.9906666666666667,
    "test_position_3_acc": 0.9916,
    "test_position_4_acc": 0.9915333333333334,
    "test_position_5_acc": 0.9927333333333334
}