{
    "epoch": 42,
    "train_loss": 0.02533644288060968,
    "pretrain_loss": 0.0,
    "finetune_loss": 0.02533644288060968,
    "pseudo_label_count": 0,
    "pseudo_label_accept_rate": 0.0,
    "mean_pseudo_confidence": 0.0,
    "consistency_loss": 0.0,
    "encoder_stage": "contrastive_finetune_only",
    "stn_status": "trainable",
    "stn_regularization_loss": 1.718874129470854e-07,
    "val_loss": 0.30041535924804413,
    "val_seq_acc": 0.9452666666666667,
    "val_char_acc": 0.9887466666666667,
    "val_edit_distance": 0.056266666666666666,
    "val_clean_accuracy": 0.9452666666666667,
    "val_robustness_drop": null,
    "val_restoration_gain": null,
    "val_position_1_acc": 0.9894,
    "val_position_2_acc": 0.9856,
    "val_position_3_acc": 0.9890666666666666,
    "val_position_4_acc": 0.9873333333333333,
    "val_position_5_acc": 0.9923333333333333,
    "test_loss": 0.28085885781368586,
    "test_seq_acc": 0.9476,
    "test_char_acc": 0.9891866666666667,
    "test_edit_distance": 0.054,
    "test_clean_accuracy": 0.9476,
    "test_robustness_drop": null,
    "test_restoration_gain": null,
    "test_position_1_acc": 0.9905333333333334,
    "test_position_2_acc": 0.9851333333333333,
    "test_position_3_acc": 0.9886666666666667,
    "test_position_4_acc": 0.9894,
    "test_position_5_acc": 0.9922
}