{
    "epoch": 108,
    "train_loss": 0.00016923064577365726,
    "pretrain_loss": 0.0,
    "finetune_loss": 0.00016923064577365726,
    "pseudo_label_count": 0,
    "pseudo_label_accept_rate": 0.0,
    "mean_pseudo_confidence": 0.0,
    "consistency_loss": 0.0,
    "encoder_stage": "contrastive_finetune_only",
    "stn_status": "trainable",
    "stn_regularization_loss": 3.062323257637519e-07,
    "val_loss": 0.2680834679493396,
    "val_seq_acc": 0.9597333333333333,
    "val_char_acc": 0.9918,
    "val_edit_distance": 0.041,
    "val_clean_accuracy": 0.9597333333333333,
    "val_robustness_drop": null,
    "val_restoration_gain": null,
    "val_position_1_acc": 0.9930666666666667,
    "val_position_2_acc": 0.9906666666666667,
    "val_position_3_acc": 0.9910666666666667,
    "val_position_4_acc": 0.9912666666666666,
    "val_position_5_acc": 0.9929333333333333,
    "test_loss": 0.256837057250762,
    "test_seq_acc": 0.9614,
    "test_char_acc": 0.9920666666666667,
    "test_edit_distance": 0.03953333333333333,
    "test_clean_accuracy": 0.9614,
    "test_robustness_drop": null,
    "test_restoration_gain": null,
    "test_position_1_acc": 0.9929333333333333,
    "test_position_2_acc": 0.9905333333333334,
    "test_position_3_acc": 0.9919333333333333,
    "test_position_4_acc": 0.9919333333333333,
    "test_position_5_acc": 0.993
}