{
    "epoch": 167,
    "train_loss": 9.742132059651747e-05,
    "pretrain_loss": 0.0,
    "finetune_loss": 9.742132059651747e-05,
    "pseudo_label_count": 0,
    "pseudo_label_accept_rate": 0.0,
    "mean_pseudo_confidence": 0.0,
    "consistency_loss": 0.0,
    "encoder_stage": "contrastive_finetune_only",
    "stn_status": "trainable",
    "stn_regularization_loss": 3.3480453693925196e-07,
    "val_loss": 0.2650827768079619,
    "val_seq_acc": 0.9602666666666667,
    "val_char_acc": 0.9919466666666666,
    "val_edit_distance": 0.040266666666666666,
    "val_clean_accuracy": 0.9602666666666667,
    "val_robustness_drop": null,
    "val_restoration_gain": null,
    "val_position_1_acc": 0.9928666666666667,
    "val_position_2_acc": 0.9911333333333333,
    "val_position_3_acc": 0.9912,
    "val_position_4_acc": 0.9912,
    "val_position_5_acc": 0.9933333333333333,
    "test_loss": 0.25832620266592515,
    "test_seq_acc": 0.9625333333333334,
    "test_char_acc": 0.9922933333333334,
    "test_edit_distance": 0.0384,
    "test_clean_accuracy": 0.9625333333333334,
    "test_robustness_drop": null,
    "test_restoration_gain": null,
    "test_position_1_acc": 0.9930666666666667,
    "test_position_2_acc": 0.991,
    "test_position_3_acc": 0.9922666666666666,
    "test_position_4_acc": 0.9919333333333333,
    "test_position_5_acc": 0.9932
}