{
    "epoch": 196,
    "train_loss": 0.00013294283408504746,
    "pretrain_loss": 0.0,
    "finetune_loss": 0.00013294283408504746,
    "pseudo_label_count": 0,
    "pseudo_label_accept_rate": 0.0,
    "mean_pseudo_confidence": 0.0,
    "consistency_loss": 0.0,
    "encoder_stage": "contrastive_finetune_only",
    "stn_status": "trainable",
    "stn_regularization_loss": 3.451219354071728e-07,
    "val_loss": 0.2670932499403244,
    "val_seq_acc": 0.9600666666666666,
    "val_char_acc": 0.9919066666666667,
    "val_edit_distance": 0.040466666666666665,
    "val_clean_accuracy": 0.9600666666666666,
    "val_robustness_drop": null,
    "val_restoration_gain": null,
    "val_position_1_acc": 0.9929333333333333,
    "val_position_2_acc": 0.9908666666666667,
    "val_position_3_acc": 0.9916,
    "val_position_4_acc": 0.9910666666666667,
    "val_position_5_acc": 0.9930666666666667,
    "test_loss": 0.26334212827296144,
    "test_seq_acc": 0.9624,
    "test_char_acc": 0.9922533333333333,
    "test_edit_distance": 0.0386,
    "test_clean_accuracy": 0.9624,
    "test_robustness_drop": null,
    "test_restoration_gain": null,
    "test_position_1_acc": 0.9929333333333333,
    "test_position_2_acc": 0.9908,
    "test_position_3_acc": 0.9925333333333334,
    "test_position_4_acc": 0.9917333333333334,
    "test_position_5_acc": 0.9932666666666666
}