{
    "epoch": 114,
    "train_loss": 8.89572348395995e-05,
    "pretrain_loss": 0.0,
    "finetune_loss": 8.89572348395995e-05,
    "pseudo_label_count": 0,
    "pseudo_label_accept_rate": 0.0,
    "mean_pseudo_confidence": 0.0,
    "consistency_loss": 0.0,
    "encoder_stage": "contrastive_finetune_only",
    "stn_status": "trainable",
    "stn_regularization_loss": 3.166177961922737e-07,
    "val_loss": 0.26917703795075115,
    "val_seq_acc": 0.9598666666666666,
    "val_char_acc": 0.9918133333333333,
    "val_edit_distance": 0.040933333333333335,
    "val_clean_accuracy": 0.9598666666666666,
    "val_robustness_drop": null,
    "val_restoration_gain": null,
    "val_position_1_acc": 0.9931333333333333,
    "val_position_2_acc": 0.9909333333333333,
    "val_position_3_acc": 0.991,
    "val_position_4_acc": 0.9912,
    "val_position_5_acc": 0.9928,
    "test_loss": 0.26051148299327104,
    "test_seq_acc": 0.9614666666666667,
    "test_char_acc": 0.99208,
    "test_edit_distance": 0.039466666666666664,
    "test_clean_accuracy": 0.9614666666666667,
    "test_robustness_drop": null,
    "test_restoration_gain": null,
    "test_position_1_acc": 0.993,
    "test_position_2_acc": 0.9908666666666667,
    "test_position_3_acc": 0.9919333333333333,
    "test_position_4_acc": 0.9916666666666667,
    "test_position_5_acc": 0.9929333333333333
}