{
    "epoch": 76,
    "train_loss": 0.0004902345386207469,
    "pretrain_loss": 0.0,
    "finetune_loss": 0.0004902345386207469,
    "pseudo_label_count": 0,
    "pseudo_label_accept_rate": 0.0,
    "mean_pseudo_confidence": 0.0,
    "consistency_loss": 0.0,
    "encoder_stage": "contrastive_finetune_only",
    "stn_status": "trainable",
    "stn_regularization_loss": 3.37877281189186e-07,
    "val_loss": 0.243556686304115,
    "val_seq_acc": 0.9601333333333333,
    "val_char_acc": 0.9919066666666667,
    "val_edit_distance": 0.040466666666666665,
    "val_clean_accuracy": 0.9601333333333333,
    "val_robustness_drop": null,
    "val_restoration_gain": null,
    "val_position_1_acc": 0.9925333333333334,
    "val_position_2_acc": 0.9903333333333333,
    "val_position_3_acc": 0.9915333333333334,
    "val_position_4_acc": 0.9918666666666667,
    "val_position_5_acc": 0.9932666666666666,
    "test_loss": 0.24528216958633955,
    "test_seq_acc": 0.9589333333333333,
    "test_char_acc": 0.99156,
    "test_edit_distance": 0.04206666666666667,
    "test_clean_accuracy": 0.9589333333333333,
    "test_robustness_drop": null,
    "test_restoration_gain": null,
    "test_position_1_acc": 0.9927333333333334,
    "test_position_2_acc": 0.9898,
    "test_position_3_acc": 0.9910666666666667,
    "test_position_4_acc": 0.9919333333333333,
    "test_position_5_acc": 0.9922666666666666
}