{
    "epoch": 4,
    "train_loss": 4.384490063820477,
    "pretrain_loss": 3.9054472555408095,
    "finetune_loss": 0.47904280827966744,
    "pseudo_label_count": 0,
    "pseudo_label_accept_rate": 0.0,
    "mean_pseudo_confidence": 0.0,
    "consistency_loss": 0.0,
    "encoder_stage": "contrastive_pretrain_and_finetune",
    "stn_status": "frozen",
    "stn_regularization_loss": 0.0,
    "val_loss": 0.4964342680522951,
    "val_seq_acc": 0.857,
    "val_char_acc": 0.9688266666666666,
    "val_edit_distance": 0.1558,
    "val_clean_accuracy": 0.857,
    "val_robustness_drop": null,
    "val_restoration_gain": null,
    "val_position_1_acc": 0.9758,
    "val_position_2_acc": 0.9609333333333333,
    "val_position_3_acc": 0.9648,
    "val_position_4_acc": 0.9672,
    "val_position_5_acc": 0.9754,
    "test_loss": 0.4966191252914526,
    "test_seq_acc": 0.8526666666666667,
    "test_char_acc": 0.96812,
    "test_edit_distance": 0.1594,
    "test_clean_accuracy": 0.8526666666666667,
    "test_robustness_drop": null,
    "test_restoration_gain": null,
    "test_position_1_acc": 0.9765333333333334,
    "test_position_2_acc": 0.9596,
    "test_position_3_acc": 0.9606666666666667,
    "test_position_4_acc": 0.9687333333333333,
    "test_position_5_acc": 0.9750666666666666
}