{
    "epoch": 83,
    "train_loss": 0.0007263103315317043,
    "pretrain_loss": 0.0,
    "finetune_loss": 0.0007263103315317043,
    "pseudo_label_count": 0,
    "pseudo_label_accept_rate": 0.0,
    "mean_pseudo_confidence": 0.0,
    "consistency_loss": 0.0,
    "encoder_stage": "contrastive_finetune_only",
    "stn_status": "trainable",
    "stn_regularization_loss": 3.735624722164553e-07,
    "val_loss": 0.2848546794789322,
    "val_seq_acc": 0.9582666666666667,
    "val_char_acc": 0.99148,
    "val_edit_distance": 0.0426,
    "val_clean_accuracy": 0.9582666666666667,
    "val_robustness_drop": null,
    "val_restoration_gain": null,
    "val_position_1_acc": 0.9920666666666667,
    "val_position_2_acc": 0.9898,
    "val_position_3_acc": 0.9914666666666667,
    "val_position_4_acc": 0.9908,
    "val_position_5_acc": 0.9932666666666666,
    "test_loss": 0.27386395051631185,
    "test_seq_acc": 0.9602,
    "test_char_acc": 0.9918133333333333,
    "test_edit_distance": 0.0408,
    "test_clean_accuracy": 0.9602,
    "test_robustness_drop": null,
    "test_restoration_gain": null,
    "test_position_1_acc": 0.9927333333333334,
    "test_position_2_acc": 0.9899333333333333,
    "test_position_3_acc": 0.9912666666666666,
    "test_position_4_acc": 0.9921333333333333,
    "test_position_5_acc": 0.993
}