{
    "epoch": 87,
    "train_loss": 0.0005583656194952514,
    "pretrain_loss": null,
    "finetune_loss": 0.0005583656194952514,
    "pseudo_label_count": 0,
    "pseudo_label_accept_rate": 0.0,
    "mean_pseudo_confidence": 0.0,
    "consistency_loss": 0.0,
    "encoder_stage": "supervised",
    "stn_status": "trainable",
    "stn_regularization_loss": 6.24323365271589e-07,
    "val_loss": 0.26459528716385633,
    "val_seq_acc": 0.9578666666666666,
    "val_char_acc": 0.9914266666666667,
    "val_edit_distance": 0.042866666666666664,
    "val_clean_accuracy": 0.9578666666666666,
    "val_robustness_drop": null,
    "val_restoration_gain": null,
    "val_position_1_acc": 0.9918,
    "val_position_2_acc": 0.9900666666666667,
    "val_position_3_acc": 0.9908666666666667,
    "val_position_4_acc": 0.9913333333333333,
    "val_position_5_acc": 0.9930666666666667,
    "test_loss": 0.24674998154918962,
    "test_seq_acc": 0.9577333333333333,
    "test_char_acc": 0.9913866666666666,
    "test_edit_distance": 0.04293333333333333,
    "test_clean_accuracy": 0.9577333333333333,
    "test_robustness_drop": null,
    "test_restoration_gain": null,
    "test_position_1_acc": 0.9925333333333334,
    "test_position_2_acc": 0.9894,
    "test_position_3_acc": 0.9904,
    "test_position_4_acc": 0.9919333333333333,
    "test_position_5_acc": 0.9926666666666667
}