{
    "epoch": 133,
    "train_loss": 6.0293578586690664e-05,
    "pretrain_loss": null,
    "finetune_loss": 6.0293578586690664e-05,
    "pseudo_label_count": 0,
    "pseudo_label_accept_rate": 0.0,
    "mean_pseudo_confidence": 0.0,
    "consistency_loss": 0.0,
    "encoder_stage": "supervised",
    "stn_status": "trainable",
    "stn_regularization_loss": 5.984899807724198e-07,
    "val_loss": 0.2635565403448339,
    "val_seq_acc": 0.9598,
    "val_char_acc": 0.9918666666666667,
    "val_edit_distance": 0.04066666666666666,
    "val_clean_accuracy": 0.9598,
    "val_robustness_drop": null,
    "val_restoration_gain": null,
    "val_position_1_acc": 0.9923333333333333,
    "val_position_2_acc": 0.9904666666666667,
    "val_position_3_acc": 0.9914,
    "val_position_4_acc": 0.9918666666666667,
    "val_position_5_acc": 0.9932666666666666,
    "test_loss": 0.25134849221982314,
    "test_seq_acc": 0.9601333333333333,
    "test_char_acc": 0.9918533333333334,
    "test_edit_distance": 0.0406,
    "test_clean_accuracy": 0.9601333333333333,
    "test_robustness_drop": null,
    "test_restoration_gain": null,
    "test_position_1_acc": 0.9927333333333334,
    "test_position_2_acc": 0.9907333333333334,
    "test_position_3_acc": 0.9911333333333333,
    "test_position_4_acc": 0.9918,
    "test_position_5_acc": 0.9928666666666667
}