{
    "epoch": 153,
    "train_loss": 4.9412209983356116e-05,
    "pretrain_loss": null,
    "finetune_loss": 4.9412209983356116e-05,
    "pseudo_label_count": 0,
    "pseudo_label_accept_rate": 0.0,
    "mean_pseudo_confidence": 0.0,
    "consistency_loss": 0.0,
    "encoder_stage": "supervised",
    "stn_status": "trainable",
    "stn_regularization_loss": 5.835962733388385e-07,
    "val_loss": 0.2653167533749415,
    "val_seq_acc": 0.9607333333333333,
    "val_char_acc": 0.99204,
    "val_edit_distance": 0.0398,
    "val_clean_accuracy": 0.9607333333333333,
    "val_robustness_drop": null,
    "val_restoration_gain": null,
    "val_position_1_acc": 0.9922666666666666,
    "val_position_2_acc": 0.9906666666666667,
    "val_position_3_acc": 0.9913333333333333,
    "val_position_4_acc": 0.9924666666666667,
    "val_position_5_acc": 0.9934666666666667,
    "test_loss": 0.2506587113770735,
    "test_seq_acc": 0.9604666666666667,
    "test_char_acc": 0.9918933333333333,
    "test_edit_distance": 0.0404,
    "test_clean_accuracy": 0.9604666666666667,
    "test_robustness_drop": null,
    "test_restoration_gain": null,
    "test_position_1_acc": 0.9928666666666667,
    "test_position_2_acc": 0.9899333333333333,
    "test_position_3_acc": 0.9914,
    "test_position_4_acc": 0.9920666666666667,
    "test_position_5_acc": 0.9932
}