{
    "epoch": 110,
    "train_loss": 0.00012386572391593248,
    "pretrain_loss": null,
    "finetune_loss": 0.00012386572391593248,
    "pseudo_label_count": 0,
    "pseudo_label_accept_rate": 0.0,
    "mean_pseudo_confidence": 0.0,
    "consistency_loss": 0.0,
    "encoder_stage": "supervised",
    "stn_status": "trainable",
    "stn_regularization_loss": 5.735988105960598e-07,
    "val_loss": 0.2666304042114939,
    "val_seq_acc": 0.9588,
    "val_char_acc": 0.9916133333333333,
    "val_edit_distance": 0.041933333333333336,
    "val_clean_accuracy": 0.9588,
    "val_robustness_drop": null,
    "val_restoration_gain": null,
    "val_position_1_acc": 0.9915333333333334,
    "val_position_2_acc": 0.9904,
    "val_position_3_acc": 0.991,
    "val_position_4_acc": 0.992,
    "val_position_5_acc": 0.9931333333333333,
    "test_loss": 0.25163919783702465,
    "test_seq_acc": 0.9601333333333333,
    "test_char_acc": 0.99184,
    "test_edit_distance": 0.04066666666666666,
    "test_clean_accuracy": 0.9601333333333333,
    "test_robustness_drop": null,
    "test_restoration_gain": null,
    "test_position_1_acc": 0.9928666666666667,
    "test_position_2_acc": 0.9903333333333333,
    "test_position_3_acc": 0.9914,
    "test_position_4_acc": 0.9917333333333334,
    "test_position_5_acc": 0.9928666666666667
}