{
    "epoch": 54,
    "train_loss": 0.003532829830090469,
    "pretrain_loss": null,
    "finetune_loss": 0.003532829830090469,
    "pseudo_label_count": 0,
    "pseudo_label_accept_rate": 0.0,
    "mean_pseudo_confidence": 0.0,
    "consistency_loss": 0.0,
    "encoder_stage": "supervised",
    "stn_status": "trainable",
    "stn_regularization_loss": 4.59745711588301e-07,
    "val_loss": 0.21531475536817274,
    "val_seq_acc": 0.9554,
    "val_char_acc": 0.99096,
    "val_edit_distance": 0.0452,
    "val_clean_accuracy": 0.9554,
    "val_robustness_drop": null,
    "val_restoration_gain": null,
    "val_position_1_acc": 0.9914666666666667,
    "val_position_2_acc": 0.9899333333333333,
    "val_position_3_acc": 0.9901333333333333,
    "val_position_4_acc": 0.9906,
    "val_position_5_acc": 0.9926666666666667,
    "test_loss": 0.20717196343308789,
    "test_seq_acc": 0.9573333333333334,
    "test_char_acc": 0.99124,
    "test_edit_distance": 0.043666666666666666,
    "test_clean_accuracy": 0.9573333333333334,
    "test_robustness_drop": null,
    "test_restoration_gain": null,
    "test_position_1_acc": 0.9922,
    "test_position_2_acc": 0.9886666666666667,
    "test_position_3_acc": 0.9906666666666667,
    "test_position_4_acc": 0.992,
    "test_position_5_acc": 0.9926666666666667
}