{
    "epoch": 4,
    "train_loss": 0.42105524094079866,
    "pretrain_loss": null,
    "finetune_loss": 0.42105524094079866,
    "pseudo_label_count": 0,
    "pseudo_label_accept_rate": 0.0,
    "mean_pseudo_confidence": 0.0,
    "consistency_loss": 0.0,
    "encoder_stage": "supervised",
    "stn_status": "frozen",
    "stn_regularization_loss": 0.0,
    "val_loss": 0.32933115731861634,
    "val_seq_acc": 0.8981333333333333,
    "val_char_acc": 0.9783866666666666,
    "val_edit_distance": 0.10806666666666667,
    "val_clean_accuracy": 0.8981333333333333,
    "val_robustness_drop": null,
    "val_restoration_gain": null,
    "val_position_1_acc": 0.9831333333333333,
    "val_position_2_acc": 0.9743333333333334,
    "val_position_3_acc": 0.9730666666666666,
    "val_position_4_acc": 0.976,
    "val_position_5_acc": 0.9854,
    "test_loss": 0.3420022172948061,
    "test_seq_acc": 0.8954666666666666,
    "test_char_acc": 0.9777066666666666,
    "test_edit_distance": 0.1114,
    "test_clean_accuracy": 0.8954666666666666,
    "test_robustness_drop": null,
    "test_restoration_gain": null,
    "test_position_1_acc": 0.9837333333333333,
    "test_position_2_acc": 0.9719333333333333,
    "test_position_3_acc": 0.9724,
    "test_position_4_acc": 0.9751333333333333,
    "test_position_5_acc": 0.9853333333333333
}