{
    "epoch": 67,
    "train_loss": 0.0007693252124469217,
    "pretrain_loss": null,
    "finetune_loss": 0.0007693252124469217,
    "pseudo_label_count": 0,
    "pseudo_label_accept_rate": 0.0,
    "mean_pseudo_confidence": 0.0,
    "consistency_loss": 0.0,
    "encoder_stage": "supervised",
    "stn_status": "trainable",
    "stn_regularization_loss": 4.783827078316417e-07,
    "val_loss": 0.22835413105509608,
    "val_seq_acc": 0.9580666666666666,
    "val_char_acc": 0.99144,
    "val_edit_distance": 0.0428,
    "val_clean_accuracy": 0.9580666666666666,
    "val_robustness_drop": null,
    "val_restoration_gain": null,
    "val_position_1_acc": 0.9922,
    "val_position_2_acc": 0.9901333333333333,
    "val_position_3_acc": 0.9909333333333333,
    "val_position_4_acc": 0.9910666666666667,
    "val_position_5_acc": 0.9928666666666667,
    "test_loss": 0.22609468816258646,
    "test_seq_acc": 0.9563333333333334,
    "test_char_acc": 0.99108,
    "test_edit_distance": 0.04446666666666667,
    "test_clean_accuracy": 0.9563333333333334,
    "test_robustness_drop": null,
    "test_restoration_gain": null,
    "test_position_1_acc": 0.9923333333333333,
    "test_position_2_acc": 0.9884666666666667,
    "test_position_3_acc": 0.9905333333333334,
    "test_position_4_acc": 0.9918,
    "test_position_5_acc": 0.9922666666666666
}