{
    "epoch": 25,
    "train_loss": 0.08701044917787491,
    "pretrain_loss": null,
    "finetune_loss": 0.08701044917787491,
    "pseudo_label_count": 0,
    "pseudo_label_accept_rate": 0.0,
    "mean_pseudo_confidence": 0.0,
    "consistency_loss": 0.0,
    "encoder_stage": "supervised",
    "stn_status": "trainable",
    "stn_regularization_loss": 1.9766703058467955e-07,
    "val_loss": 1.0201693775795273,
    "val_seq_acc": 0.8704,
    "val_char_acc": 0.96524,
    "val_edit_distance": 0.16906666666666667,
    "val_clean_accuracy": 0.8704,
    "val_robustness_drop": null,
    "val_restoration_gain": null,
    "val_position_1_acc": 0.9816,
    "val_position_2_acc": 0.9697333333333333,
    "val_position_3_acc": 0.9661333333333333,
    "val_position_4_acc": 0.9525333333333333,
    "val_position_5_acc": 0.9562,
    "test_loss": 0.9603322980515028,
    "test_seq_acc": 0.8737333333333334,
    "test_char_acc": 0.9662133333333334,
    "test_edit_distance": 0.1632,
    "test_clean_accuracy": 0.8737333333333334,
    "test_robustness_drop": null,
    "test_restoration_gain": null,
    "test_position_1_acc": 0.9811333333333333,
    "test_position_2_acc": 0.9690666666666666,
    "test_position_3_acc": 0.9686,
    "test_position_4_acc": 0.9566,
    "test_position_5_acc": 0.9556666666666667
}