{
    "epoch": 107,
    "train_loss": 0.00023898833489758127,
    "pretrain_loss": null,
    "finetune_loss": 0.00023898833489758127,
    "pseudo_label_count": 0,
    "pseudo_label_accept_rate": 0.0,
    "mean_pseudo_confidence": 0.0,
    "consistency_loss": 0.0,
    "encoder_stage": "supervised",
    "stn_status": "trainable",
    "stn_regularization_loss": 5.706725612609611e-07,
    "val_loss": 0.269436521968169,
    "val_seq_acc": 0.9583333333333334,
    "val_char_acc": 0.99152,
    "val_edit_distance": 0.0424,
    "val_clean_accuracy": 0.9583333333333334,
    "val_robustness_drop": null,
    "val_restoration_gain": null,
    "val_position_1_acc": 0.9917333333333334,
    "val_position_2_acc": 0.9900666666666667,
    "val_position_3_acc": 0.991,
    "val_position_4_acc": 0.9918666666666667,
    "val_position_5_acc": 0.9929333333333333,
    "test_loss": 0.2544881789550438,
    "test_seq_acc": 0.9597333333333333,
    "test_char_acc": 0.99176,
    "test_edit_distance": 0.04106666666666667,
    "test_clean_accuracy": 0.9597333333333333,
    "test_robustness_drop": null,
    "test_restoration_gain": null,
    "test_position_1_acc": 0.9926,
    "test_position_2_acc": 0.9902666666666666,
    "test_position_3_acc": 0.9914666666666667,
    "test_position_4_acc": 0.9915333333333334,
    "test_position_5_acc": 0.9929333333333333
}