{
    "epoch": 31,
    "train_loss": 0.06927253156973355,
    "pretrain_loss": null,
    "finetune_loss": 0.06927253156973355,
    "pseudo_label_count": 0,
    "pseudo_label_accept_rate": 0.0,
    "mean_pseudo_confidence": 0.0,
    "consistency_loss": 0.0,
    "encoder_stage": "supervised",
    "stn_status": "trainable",
    "stn_regularization_loss": 3.9420228743921444e-07,
    "val_loss": 0.3175404397612911,
    "val_seq_acc": 0.9286,
    "val_char_acc": 0.9846133333333333,
    "val_edit_distance": 0.07693333333333334,
    "val_clean_accuracy": 0.9286,
    "val_robustness_drop": null,
    "val_restoration_gain": null,
    "val_position_1_acc": 0.9870666666666666,
    "val_position_2_acc": 0.9828,
    "val_position_3_acc": 0.9813333333333333,
    "val_position_4_acc": 0.9828666666666667,
    "val_position_5_acc": 0.989,
    "test_loss": 0.32083705301254484,
    "test_seq_acc": 0.9287333333333333,
    "test_char_acc": 0.9847733333333333,
    "test_edit_distance": 0.07606666666666667,
    "test_clean_accuracy": 0.9287333333333333,
    "test_robustness_drop": null,
    "test_restoration_gain": null,
    "test_position_1_acc": 0.9871333333333333,
    "test_position_2_acc": 0.9804666666666667,
    "test_position_3_acc": 0.9824666666666667,
    "test_position_4_acc": 0.9852,
    "test_position_5_acc": 0.9886
}