{
    "epoch": 140,
    "train_loss": 4.9165457132009195e-05,
    "pretrain_loss": null,
    "finetune_loss": 4.9165457132009195e-05,
    "pseudo_label_count": 0,
    "pseudo_label_accept_rate": 0.0,
    "mean_pseudo_confidence": 0.0,
    "consistency_loss": 0.0,
    "encoder_stage": "supervised",
    "stn_status": "trainable",
    "stn_regularization_loss": 5.923761353564112e-07,
    "val_loss": 0.2646233971912406,
    "val_seq_acc": 0.9599333333333333,
    "val_char_acc": 0.9918933333333333,
    "val_edit_distance": 0.04053333333333333,
    "val_clean_accuracy": 0.9599333333333333,
    "val_robustness_drop": null,
    "val_restoration_gain": null,
    "val_position_1_acc": 0.9922,
    "val_position_2_acc": 0.9906666666666667,
    "val_position_3_acc": 0.9913333333333333,
    "val_position_4_acc": 0.9920666666666667,
    "val_position_5_acc": 0.9932,
    "test_loss": 0.2511609781344058,
    "test_seq_acc": 0.9600666666666666,
    "test_char_acc": 0.9918266666666666,
    "test_edit_distance": 0.04073333333333334,
    "test_clean_accuracy": 0.9600666666666666,
    "test_robustness_drop": null,
    "test_restoration_gain": null,
    "test_position_1_acc": 0.9926666666666667,
    "test_position_2_acc": 0.9901333333333333,
    "test_position_3_acc": 0.9912,
    "test_position_4_acc": 0.9923333333333333,
    "test_position_5_acc": 0.9928
}