{
    "epoch": 20,
    "train_loss": 0.12243219046773238,
    "pretrain_loss": null,
    "finetune_loss": 0.12243219046773238,
    "pseudo_label_count": 0,
    "pseudo_label_accept_rate": 0.0,
    "mean_pseudo_confidence": 0.0,
    "consistency_loss": 0.0,
    "encoder_stage": "supervised",
    "stn_status": "trainable",
    "stn_regularization_loss": 1.8721158574926806e-08,
    "val_loss": 0.5448373900884289,
    "val_seq_acc": 0.8886666666666667,
    "val_char_acc": 0.9740666666666666,
    "val_edit_distance": 0.12933333333333333,
    "val_clean_accuracy": 0.8886666666666667,
    "val_robustness_drop": null,
    "val_restoration_gain": null,
    "val_position_1_acc": 0.9774,
    "val_position_2_acc": 0.9701333333333333,
    "val_position_3_acc": 0.9715333333333334,
    "val_position_4_acc": 0.9728666666666667,
    "val_position_5_acc": 0.9784,
    "test_loss": 0.5205657089886776,
    "test_seq_acc": 0.8936666666666667,
    "test_char_acc": 0.9756666666666667,
    "test_edit_distance": 0.12146666666666667,
    "test_clean_accuracy": 0.8936666666666667,
    "test_robustness_drop": null,
    "test_restoration_gain": null,
    "test_position_1_acc": 0.9802,
    "test_position_2_acc": 0.9698666666666667,
    "test_position_3_acc": 0.9728666666666667,
    "test_position_4_acc": 0.9756666666666667,
    "test_position_5_acc": 0.9797333333333333
}