{
    "epoch": 72,
    "train_loss": 0.0007769435502962007,
    "pretrain_loss": null,
    "finetune_loss": 0.0007769435502962007,
    "pseudo_label_count": 0,
    "pseudo_label_accept_rate": 0.0,
    "mean_pseudo_confidence": 0.0,
    "consistency_loss": 0.0,
    "encoder_stage": "supervised",
    "stn_status": "trainable",
    "stn_regularization_loss": 5.68811838547251e-07,
    "val_loss": 0.24203994422356828,
    "val_seq_acc": 0.9588,
    "val_char_acc": 0.99164,
    "val_edit_distance": 0.0418,
    "val_clean_accuracy": 0.9588,
    "val_robustness_drop": null,
    "val_restoration_gain": null,
    "val_position_1_acc": 0.9921333333333333,
    "val_position_2_acc": 0.99,
    "val_position_3_acc": 0.9905333333333334,
    "val_position_4_acc": 0.9922666666666666,
    "val_position_5_acc": 0.9932666666666666,
    "test_loss": 0.23769197647728152,
    "test_seq_acc": 0.9587333333333333,
    "test_char_acc": 0.9915733333333333,
    "test_edit_distance": 0.04206666666666667,
    "test_clean_accuracy": 0.9587333333333333,
    "test_robustness_drop": null,
    "test_restoration_gain": null,
    "test_position_1_acc": 0.9930666666666667,
    "test_position_2_acc": 0.989,
    "test_position_3_acc": 0.9909333333333333,
    "test_position_4_acc": 0.9922,
    "test_position_5_acc": 0.9926666666666667
}