{
    "epoch": 132,
    "train_loss": 6.49396029704718e-05,
    "pretrain_loss": null,
    "finetune_loss": 6.49396029704718e-05,
    "pseudo_label_count": 0,
    "pseudo_label_accept_rate": 0.0,
    "mean_pseudo_confidence": 0.0,
    "consistency_loss": 0.0,
    "encoder_stage": "supervised",
    "stn_status": "trainable",
    "stn_regularization_loss": 5.993897289798935e-07,
    "val_loss": 0.2645756649509491,
    "val_seq_acc": 0.9594666666666667,
    "val_char_acc": 0.9918,
    "val_edit_distance": 0.041,
    "val_clean_accuracy": 0.9594666666666667,
    "val_robustness_drop": null,
    "val_restoration_gain": null,
    "val_position_1_acc": 0.9922666666666666,
    "val_position_2_acc": 0.9904,
    "val_position_3_acc": 0.9914666666666667,
    "val_position_4_acc": 0.9916666666666667,
    "val_position_5_acc": 0.9932,
    "test_loss": 0.2512465260559851,
    "test_seq_acc": 0.9596,
    "test_char_acc": 0.9917333333333334,
    "test_edit_distance": 0.0412,
    "test_clean_accuracy": 0.9596,
    "test_robustness_drop": null,
    "test_restoration_gain": null,
    "test_position_1_acc": 0.9925333333333334,
    "test_position_2_acc": 0.9901333333333333,
    "test_position_3_acc": 0.9910666666666667,
    "test_position_4_acc": 0.9916666666666667,
    "test_position_5_acc": 0.9932666666666666
}