{
    "epoch": 47,
    "train_loss": 0.04015324746809326,
    "pretrain_loss": null,
    "finetune_loss": 0.04015324746809326,
    "pseudo_label_count": 0,
    "pseudo_label_accept_rate": 0.0,
    "mean_pseudo_confidence": 0.0,
    "consistency_loss": 0.0,
    "encoder_stage": "supervised",
    "stn_status": "trainable",
    "stn_regularization_loss": 5.066538747395885e-07,
    "val_loss": 0.3036434553816157,
    "val_seq_acc": 0.9436666666666667,
    "val_char_acc": 0.9882533333333333,
    "val_edit_distance": 0.058666666666666666,
    "val_clean_accuracy": 0.9436666666666667,
    "val_robustness_drop": null,
    "val_restoration_gain": null,
    "val_position_1_acc": 0.9890666666666666,
    "val_position_2_acc": 0.9867333333333334,
    "val_position_3_acc": 0.9864666666666667,
    "val_position_4_acc": 0.9879333333333333,
    "val_position_5_acc": 0.9910666666666667,
    "test_loss": 0.2960819938867274,
    "test_seq_acc": 0.9458,
    "test_char_acc": 0.9887333333333334,
    "test_edit_distance": 0.056133333333333334,
    "test_clean_accuracy": 0.9458,
    "test_robustness_drop": null,
    "test_restoration_gain": null,
    "test_position_1_acc": 0.9914,
    "test_position_2_acc": 0.9842,
    "test_position_3_acc": 0.9890666666666666,
    "test_position_4_acc": 0.9878,
    "test_position_5_acc": 0.9912
}