{
    "epoch": 52,
    "train_loss": 0.005753208159614359,
    "pretrain_loss": null,
    "finetune_loss": 0.005753208159614359,
    "pseudo_label_count": 0,
    "pseudo_label_accept_rate": 0.0,
    "mean_pseudo_confidence": 0.0,
    "consistency_loss": 0.0,
    "encoder_stage": "supervised",
    "stn_status": "trainable",
    "stn_regularization_loss": 4.471616968204494e-07,
    "val_loss": 0.21656218218080447,
    "val_seq_acc": 0.9554666666666667,
    "val_char_acc": 0.99092,
    "val_edit_distance": 0.0454,
    "val_clean_accuracy": 0.9554666666666667,
    "val_robustness_drop": null,
    "val_restoration_gain": null,
    "val_position_1_acc": 0.9916666666666667,
    "val_position_2_acc": 0.9899333333333333,
    "val_position_3_acc": 0.9900666666666667,
    "val_position_4_acc": 0.9905333333333334,
    "val_position_5_acc": 0.9924,
    "test_loss": 0.21034363453607943,
    "test_seq_acc": 0.9564,
    "test_char_acc": 0.9910266666666666,
    "test_edit_distance": 0.04473333333333333,
    "test_clean_accuracy": 0.9564,
    "test_robustness_drop": null,
    "test_restoration_gain": null,
    "test_position_1_acc": 0.9925333333333334,
    "test_position_2_acc": 0.9882666666666666,
    "test_position_3_acc": 0.9898,
    "test_position_4_acc": 0.992,
    "test_position_5_acc": 0.9925333333333334
}