{
    "epoch": 8,
    "train_loss": 0.23670084208405673,
    "pretrain_loss": null,
    "finetune_loss": 0.23670084208405673,
    "pseudo_label_count": 0,
    "pseudo_label_accept_rate": 0.0,
    "mean_pseudo_confidence": 0.0,
    "consistency_loss": 0.0,
    "encoder_stage": "supervised",
    "stn_status": "frozen",
    "stn_regularization_loss": 0.0,
    "val_loss": 0.8487796768293543,
    "val_seq_acc": 0.8218,
    "val_char_acc": 0.9548133333333333,
    "val_edit_distance": 0.225,
    "val_clean_accuracy": 0.8218,
    "val_robustness_drop": null,
    "val_restoration_gain": null,
    "val_position_1_acc": 0.9640666666666666,
    "val_position_2_acc": 0.9542666666666667,
    "val_position_3_acc": 0.9502666666666667,
    "val_position_4_acc": 0.9478,
    "val_position_5_acc": 0.9576666666666667,
    "test_loss": 0.8325676791748758,
    "test_seq_acc": 0.8171333333333334,
    "test_char_acc": 0.95432,
    "test_edit_distance": 0.22813333333333333,
    "test_clean_accuracy": 0.8171333333333334,
    "test_robustness_drop": null,
    "test_restoration_gain": null,
    "test_position_1_acc": 0.9622,
    "test_position_2_acc": 0.9518666666666666,
    "test_position_3_acc": 0.95,
    "test_position_4_acc": 0.9511333333333334,
    "test_position_5_acc": 0.9564
}