{
    "epoch": 130,
    "train_loss": 7.232330903463648e-05,
    "pretrain_loss": null,
    "finetune_loss": 7.232330903463648e-05,
    "pseudo_label_count": 0,
    "pseudo_label_accept_rate": 0.0,
    "mean_pseudo_confidence": 0.0,
    "consistency_loss": 0.0,
    "encoder_stage": "supervised",
    "stn_status": "trainable",
    "stn_regularization_loss": 5.807982622372329e-07,
    "val_loss": 0.26550274200626983,
    "val_seq_acc": 0.9597333333333333,
    "val_char_acc": 0.9918666666666667,
    "val_edit_distance": 0.04066666666666666,
    "val_clean_accuracy": 0.9597333333333333,
    "val_robustness_drop": null,
    "val_restoration_gain": null,
    "val_position_1_acc": 0.9923333333333333,
    "val_position_2_acc": 0.9904666666666667,
    "val_position_3_acc": 0.9913333333333333,
    "val_position_4_acc": 0.9918,
    "val_position_5_acc": 0.9934,
    "test_loss": 0.25071085895257766,
    "test_seq_acc": 0.9597333333333333,
    "test_char_acc": 0.99176,
    "test_edit_distance": 0.04106666666666667,
    "test_clean_accuracy": 0.9597333333333333,
    "test_robustness_drop": null,
    "test_restoration_gain": null,
    "test_position_1_acc": 0.9925333333333334,
    "test_position_2_acc": 0.9902,
    "test_position_3_acc": 0.9911333333333333,
    "test_position_4_acc": 0.9919333333333333,
    "test_position_5_acc": 0.993
}