{
    "epoch": 134,
    "train_loss": 5.718717308830945e-05,
    "pretrain_loss": null,
    "finetune_loss": 5.718717308830945e-05,
    "pseudo_label_count": 0,
    "pseudo_label_accept_rate": 0.0,
    "mean_pseudo_confidence": 0.0,
    "consistency_loss": 0.0,
    "encoder_stage": "supervised",
    "stn_status": "trainable",
    "stn_regularization_loss": 5.954971317286894e-07,
    "val_loss": 0.2655168687475853,
    "val_seq_acc": 0.9595333333333333,
    "val_char_acc": 0.9918133333333333,
    "val_edit_distance": 0.040933333333333335,
    "val_clean_accuracy": 0.9595333333333333,
    "val_robustness_drop": null,
    "val_restoration_gain": null,
    "val_position_1_acc": 0.9922666666666666,
    "val_position_2_acc": 0.9904,
    "val_position_3_acc": 0.9912666666666666,
    "val_position_4_acc": 0.9918666666666667,
    "val_position_5_acc": 0.9932666666666666,
    "test_loss": 0.25244909196192306,
    "test_seq_acc": 0.9604,
    "test_char_acc": 0.9918933333333333,
    "test_edit_distance": 0.0404,
    "test_clean_accuracy": 0.9604,
    "test_robustness_drop": null,
    "test_restoration_gain": null,
    "test_position_1_acc": 0.9928,
    "test_position_2_acc": 0.9902666666666666,
    "test_position_3_acc": 0.9912666666666666,
    "test_position_4_acc": 0.992,
    "test_position_5_acc": 0.9931333333333333
}