{
    "epoch": 66,
    "train_loss": 0.0007075837572584264,
    "pretrain_loss": null,
    "finetune_loss": 0.0007075837572584264,
    "pseudo_label_count": 0,
    "pseudo_label_accept_rate": 0.0,
    "mean_pseudo_confidence": 0.0,
    "consistency_loss": 0.0,
    "encoder_stage": "supervised",
    "stn_status": "trainable",
    "stn_regularization_loss": 4.883190107661322e-07,
    "val_loss": 0.23849854744049342,
    "val_seq_acc": 0.9564,
    "val_char_acc": 0.9910933333333334,
    "val_edit_distance": 0.044533333333333334,
    "val_clean_accuracy": 0.9564,
    "val_robustness_drop": null,
    "val_restoration_gain": null,
    "val_position_1_acc": 0.992,
    "val_position_2_acc": 0.9896666666666667,
    "val_position_3_acc": 0.9902,
    "val_position_4_acc": 0.9909333333333333,
    "val_position_5_acc": 0.9926666666666667,
    "test_loss": 0.2339062808491921,
    "test_seq_acc": 0.9570666666666666,
    "test_char_acc": 0.9912266666666667,
    "test_edit_distance": 0.0438,
    "test_clean_accuracy": 0.9570666666666666,
    "test_robustness_drop": null,
    "test_restoration_gain": null,
    "test_position_1_acc": 0.9922666666666666,
    "test_position_2_acc": 0.9892666666666666,
    "test_position_3_acc": 0.9902,
    "test_position_4_acc": 0.9916,
    "test_position_5_acc": 0.9928
}