{
    "epoch": 115,
    "train_loss": 0.0001196961695062089,
    "pretrain_loss": null,
    "finetune_loss": 0.0001196961695062089,
    "pseudo_label_count": 0,
    "pseudo_label_accept_rate": 0.0,
    "mean_pseudo_confidence": 0.0,
    "consistency_loss": 0.0,
    "encoder_stage": "supervised",
    "stn_status": "trainable",
    "stn_regularization_loss": 5.691470542063692e-07,
    "val_loss": 0.2655493031429537,
    "val_seq_acc": 0.9587333333333333,
    "val_char_acc": 0.9916666666666667,
    "val_edit_distance": 0.041666666666666664,
    "val_clean_accuracy": 0.9587333333333333,
    "val_robustness_drop": null,
    "val_restoration_gain": null,
    "val_position_1_acc": 0.9917333333333334,
    "val_position_2_acc": 0.9905333333333334,
    "val_position_3_acc": 0.9912,
    "val_position_4_acc": 0.9917333333333334,
    "val_position_5_acc": 0.9931333333333333,
    "test_loss": 0.24952696553841866,
    "test_seq_acc": 0.9599333333333333,
    "test_char_acc": 0.9918,
    "test_edit_distance": 0.04086666666666667,
    "test_clean_accuracy": 0.9599333333333333,
    "test_robustness_drop": null,
    "test_restoration_gain": null,
    "test_position_1_acc": 0.9930666666666667,
    "test_position_2_acc": 0.9903333333333333,
    "test_position_3_acc": 0.9912666666666666,
    "test_position_4_acc": 0.9914666666666667,
    "test_position_5_acc": 0.9928666666666667
}