{
    "epoch": 162,
    "train_loss": 4.195191086087617e-05,
    "pretrain_loss": null,
    "finetune_loss": 4.195191086087617e-05,
    "pseudo_label_count": 0,
    "pseudo_label_accept_rate": 0.0,
    "mean_pseudo_confidence": 0.0,
    "consistency_loss": 0.0,
    "encoder_stage": "supervised",
    "stn_status": "trainable",
    "stn_regularization_loss": 5.824290671985692e-07,
    "val_loss": 0.26410265729448884,
    "val_seq_acc": 0.9599333333333333,
    "val_char_acc": 0.99188,
    "val_edit_distance": 0.0406,
    "val_clean_accuracy": 0.9599333333333333,
    "val_robustness_drop": null,
    "val_restoration_gain": null,
    "val_position_1_acc": 0.9924,
    "val_position_2_acc": 0.9902666666666666,
    "val_position_3_acc": 0.9913333333333333,
    "val_position_4_acc": 0.9918666666666667,
    "val_position_5_acc": 0.9935333333333334,
    "test_loss": 0.2486581038150905,
    "test_seq_acc": 0.961,
    "test_char_acc": 0.992,
    "test_edit_distance": 0.03986666666666667,
    "test_clean_accuracy": 0.961,
    "test_robustness_drop": null,
    "test_restoration_gain": null,
    "test_position_1_acc": 0.993,
    "test_position_2_acc": 0.9900666666666667,
    "test_position_3_acc": 0.9912666666666666,
    "test_position_4_acc": 0.9923333333333333,
    "test_position_5_acc": 0.9933333333333333
}