{
    "epoch": 23,
    "train_loss": 0.09013228043281611,
    "pretrain_loss": null,
    "finetune_loss": 0.09013228043281611,
    "pseudo_label_count": 0,
    "pseudo_label_accept_rate": 0.0,
    "mean_pseudo_confidence": 0.0,
    "consistency_loss": 0.0,
    "encoder_stage": "supervised",
    "stn_status": "trainable",
    "stn_regularization_loss": 9.472190506975656e-08,
    "val_loss": 4.257187071493116,
    "val_seq_acc": 0.6222666666666666,
    "val_char_acc": 0.8756666666666667,
    "val_edit_distance": 0.5934666666666667,
    "val_clean_accuracy": 0.6222666666666666,
    "val_robustness_drop": null,
    "val_restoration_gain": null,
    "val_position_1_acc": 0.9047333333333333,
    "val_position_2_acc": 0.8781333333333333,
    "val_position_3_acc": 0.8895333333333333,
    "val_position_4_acc": 0.8426666666666667,
    "val_position_5_acc": 0.8632666666666666,
    "test_loss": 4.1745678388466265,
    "test_seq_acc": 0.6245333333333334,
    "test_char_acc": 0.8755733333333333,
    "test_edit_distance": 0.5916,
    "test_clean_accuracy": 0.6245333333333334,
    "test_robustness_drop": null,
    "test_restoration_gain": null,
    "test_position_1_acc": 0.9092,
    "test_position_2_acc": 0.8780666666666667,
    "test_position_3_acc": 0.8889333333333334,
    "test_position_4_acc": 0.8432666666666667,
    "test_position_5_acc": 0.8584
}