{
    "epoch": 173,
    "train_loss": 3.4290708376698966e-05,
    "pretrain_loss": null,
    "finetune_loss": 3.4290708376698966e-05,
    "pseudo_label_count": 0,
    "pseudo_label_accept_rate": 0.0,
    "mean_pseudo_confidence": 0.0,
    "consistency_loss": 0.0,
    "encoder_stage": "supervised",
    "stn_status": "trainable",
    "stn_regularization_loss": 5.81250610736477e-07,
    "val_loss": 0.26611061978017736,
    "val_seq_acc": 0.9604666666666667,
    "val_char_acc": 0.9919866666666667,
    "val_edit_distance": 0.04006666666666667,
    "val_clean_accuracy": 0.9604666666666667,
    "val_robustness_drop": null,
    "val_restoration_gain": null,
    "val_position_1_acc": 0.9923333333333333,
    "val_position_2_acc": 0.9905333333333334,
    "val_position_3_acc": 0.9914666666666667,
    "val_position_4_acc": 0.9922,
    "val_position_5_acc": 0.9934,
    "test_loss": 0.25100989893110376,
    "test_seq_acc": 0.9604666666666667,
    "test_char_acc": 0.9918933333333333,
    "test_edit_distance": 0.0404,
    "test_clean_accuracy": 0.9604666666666667,
    "test_robustness_drop": null,
    "test_restoration_gain": null,
    "test_position_1_acc": 0.9927333333333334,
    "test_position_2_acc": 0.9899333333333333,
    "test_position_3_acc": 0.9914,
    "test_position_4_acc": 0.9921333333333333,
    "test_position_5_acc": 0.9932666666666666
}