{
    "epoch": 122,
    "train_loss": 0.00012552232106475983,
    "pretrain_loss": null,
    "finetune_loss": 0.00012552232106475983,
    "pseudo_label_count": 0,
    "pseudo_label_accept_rate": 0.0,
    "mean_pseudo_confidence": 0.0,
    "consistency_loss": 0.0,
    "encoder_stage": "supervised",
    "stn_status": "trainable",
    "stn_regularization_loss": 5.796599942948997e-07,
    "val_loss": 0.26483311105057816,
    "val_seq_acc": 0.9592,
    "val_char_acc": 0.9917733333333333,
    "val_edit_distance": 0.041133333333333334,
    "val_clean_accuracy": 0.9592,
    "val_robustness_drop": null,
    "val_restoration_gain": null,
    "val_position_1_acc": 0.9920666666666667,
    "val_position_2_acc": 0.9906,
    "val_position_3_acc": 0.9912666666666666,
    "val_position_4_acc": 0.9916666666666667,
    "val_position_5_acc": 0.9932666666666666,
    "test_loss": 0.250623081021516,
    "test_seq_acc": 0.9603333333333334,
    "test_char_acc": 0.9918933333333333,
    "test_edit_distance": 0.0404,
    "test_clean_accuracy": 0.9603333333333334,
    "test_robustness_drop": null,
    "test_restoration_gain": null,
    "test_position_1_acc": 0.9927333333333334,
    "test_position_2_acc": 0.9902666666666666,
    "test_position_3_acc": 0.9914,
    "test_position_4_acc": 0.9917333333333334,
    "test_position_5_acc": 0.9933333333333333
}