{
    "epoch": 5,
    "train_loss": 0.3198469752742478,
    "pretrain_loss": null,
    "finetune_loss": 0.3198469752742478,
    "pseudo_label_count": 0,
    "pseudo_label_accept_rate": 0.0,
    "mean_pseudo_confidence": 0.0,
    "consistency_loss": 0.0,
    "encoder_stage": "supervised",
    "stn_status": "frozen",
    "stn_regularization_loss": 0.0,
    "val_loss": 0.39207181044049183,
    "val_seq_acc": 0.8870666666666667,
    "val_char_acc": 0.9751866666666666,
    "val_edit_distance": 0.12406666666666667,
    "val_clean_accuracy": 0.8870666666666667,
    "val_robustness_drop": null,
    "val_restoration_gain": null,
    "val_position_1_acc": 0.978,
    "val_position_2_acc": 0.9702666666666667,
    "val_position_3_acc": 0.9703333333333334,
    "val_position_4_acc": 0.9747333333333333,
    "val_position_5_acc": 0.9826,
    "test_loss": 0.39422438419976474,
    "test_seq_acc": 0.8832,
    "test_char_acc": 0.97432,
    "test_edit_distance": 0.12826666666666667,
    "test_clean_accuracy": 0.8832,
    "test_robustness_drop": null,
    "test_restoration_gain": null,
    "test_position_1_acc": 0.9789333333333333,
    "test_position_2_acc": 0.9667333333333333,
    "test_position_3_acc": 0.9698,
    "test_position_4_acc": 0.9762,
    "test_position_5_acc": 0.9799333333333333
}