{
    "epoch": 48,
    "train_loss": 0.03679416752383891,
    "pretrain_loss": null,
    "finetune_loss": 0.03679416752383891,
    "pseudo_label_count": 0,
    "pseudo_label_accept_rate": 0.0,
    "mean_pseudo_confidence": 0.0,
    "consistency_loss": 0.0,
    "encoder_stage": "supervised",
    "stn_status": "trainable",
    "stn_regularization_loss": 5.601263993850556e-07,
    "val_loss": 0.325790482178583,
    "val_seq_acc": 0.9363333333333334,
    "val_char_acc": 0.9867066666666666,
    "val_edit_distance": 0.06633333333333333,
    "val_clean_accuracy": 0.9363333333333334,
    "val_robustness_drop": null,
    "val_restoration_gain": null,
    "val_position_1_acc": 0.989,
    "val_position_2_acc": 0.9822,
    "val_position_3_acc": 0.9855333333333334,
    "val_position_4_acc": 0.9858,
    "val_position_5_acc": 0.991,
    "test_loss": 0.31852660868001187,
    "test_seq_acc": 0.9368666666666666,
    "test_char_acc": 0.98676,
    "test_edit_distance": 0.06613333333333334,
    "test_clean_accuracy": 0.9368666666666666,
    "test_robustness_drop": null,
    "test_restoration_gain": null,
    "test_position_1_acc": 0.99,
    "test_position_2_acc": 0.9817333333333333,
    "test_position_3_acc": 0.9862,
    "test_position_4_acc": 0.9874,
    "test_position_5_acc": 0.9884666666666667
}