{
    "epoch": 40,
    "train_loss": 0.054905890177098876,
    "pretrain_loss": null,
    "finetune_loss": 0.054905890177098876,
    "pseudo_label_count": 0,
    "pseudo_label_accept_rate": 0.0,
    "mean_pseudo_confidence": 0.0,
    "consistency_loss": 0.0,
    "encoder_stage": "supervised",
    "stn_status": "trainable",
    "stn_regularization_loss": 4.7469596271415195e-07,
    "val_loss": 0.33733686987878914,
    "val_seq_acc": 0.9307333333333333,
    "val_char_acc": 0.9854666666666667,
    "val_edit_distance": 0.07266666666666667,
    "val_clean_accuracy": 0.9307333333333333,
    "val_robustness_drop": null,
    "val_restoration_gain": null,
    "val_position_1_acc": 0.9866666666666667,
    "val_position_2_acc": 0.9826,
    "val_position_3_acc": 0.9848666666666667,
    "val_position_4_acc": 0.9838666666666667,
    "val_position_5_acc": 0.9893333333333333,
    "test_loss": 0.31064753366981523,
    "test_seq_acc": 0.9288,
    "test_char_acc": 0.9852133333333334,
    "test_edit_distance": 0.0738,
    "test_clean_accuracy": 0.9288,
    "test_robustness_drop": null,
    "test_restoration_gain": null,
    "test_position_1_acc": 0.9869333333333333,
    "test_position_2_acc": 0.982,
    "test_position_3_acc": 0.9836666666666667,
    "test_position_4_acc": 0.9842,
    "test_position_5_acc": 0.9892666666666666
}