{
    "epoch": 175,
    "train_loss": 3.474038674791484e-05,
    "pretrain_loss": null,
    "finetune_loss": 3.474038674791484e-05,
    "pseudo_label_count": 0,
    "pseudo_label_accept_rate": 0.0,
    "mean_pseudo_confidence": 0.0,
    "consistency_loss": 0.0,
    "encoder_stage": "supervised",
    "stn_status": "trainable",
    "stn_regularization_loss": 5.876141579376989e-07,
    "val_loss": 0.2645502922843384,
    "val_seq_acc": 0.9604,
    "val_char_acc": 0.9919733333333334,
    "val_edit_distance": 0.04013333333333333,
    "val_clean_accuracy": 0.9604,
    "val_robustness_drop": null,
    "val_restoration_gain": null,
    "val_position_1_acc": 0.9922,
    "val_position_2_acc": 0.9906,
    "val_position_3_acc": 0.9913333333333333,
    "val_position_4_acc": 0.9922,
    "val_position_5_acc": 0.9935333333333334,
    "test_loss": 0.2504247704686565,
    "test_seq_acc": 0.9603333333333334,
    "test_char_acc": 0.9918666666666667,
    "test_edit_distance": 0.04053333333333333,
    "test_clean_accuracy": 0.9603333333333334,
    "test_robustness_drop": null,
    "test_restoration_gain": null,
    "test_position_1_acc": 0.9926666666666667,
    "test_position_2_acc": 0.9898,
    "test_position_3_acc": 0.9914,
    "test_position_4_acc": 0.9922666666666666,
    "test_position_5_acc": 0.9932
}