{
    "epoch": 111,
    "train_loss": 0.0001759080294044427,
    "pretrain_loss": null,
    "finetune_loss": 0.0001759080294044427,
    "pseudo_label_count": 0,
    "pseudo_label_accept_rate": 0.0,
    "mean_pseudo_confidence": 0.0,
    "consistency_loss": 0.0,
    "encoder_stage": "supervised",
    "stn_status": "trainable",
    "stn_regularization_loss": 5.713636682225822e-07,
    "val_loss": 0.26670410497295594,
    "val_seq_acc": 0.9589333333333333,
    "val_char_acc": 0.99164,
    "val_edit_distance": 0.0418,
    "val_clean_accuracy": 0.9589333333333333,
    "val_robustness_drop": null,
    "val_restoration_gain": null,
    "val_position_1_acc": 0.9918,
    "val_position_2_acc": 0.9902,
    "val_position_3_acc": 0.9911333333333333,
    "val_position_4_acc": 0.992,
    "val_position_5_acc": 0.9930666666666667,
    "test_loss": 0.252080968300954,
    "test_seq_acc": 0.9596,
    "test_char_acc": 0.9917333333333334,
    "test_edit_distance": 0.0412,
    "test_clean_accuracy": 0.9596,
    "test_robustness_drop": null,
    "test_restoration_gain": null,
    "test_position_1_acc": 0.9926666666666667,
    "test_position_2_acc": 0.9902666666666666,
    "test_position_3_acc": 0.9914,
    "test_position_4_acc": 0.9915333333333334,
    "test_position_5_acc": 0.9928
}