{
    "epoch": 174,
    "train_loss": 3.475901838447681e-05,
    "pretrain_loss": null,
    "finetune_loss": 3.475901838447681e-05,
    "pseudo_label_count": 0,
    "pseudo_label_accept_rate": 0.0,
    "mean_pseudo_confidence": 0.0,
    "consistency_loss": 0.0,
    "encoder_stage": "supervised",
    "stn_status": "trainable",
    "stn_regularization_loss": 5.826765217393265e-07,
    "val_loss": 0.2652830479220661,
    "val_seq_acc": 0.9606,
    "val_char_acc": 0.992,
    "val_edit_distance": 0.04,
    "val_clean_accuracy": 0.9606,
    "val_robustness_drop": null,
    "val_restoration_gain": null,
    "val_position_1_acc": 0.9924666666666667,
    "val_position_2_acc": 0.9906,
    "val_position_3_acc": 0.9912666666666666,
    "val_position_4_acc": 0.9920666666666667,
    "val_position_5_acc": 0.9936,
    "test_loss": 0.24990715366251515,
    "test_seq_acc": 0.9606666666666667,
    "test_char_acc": 0.9919333333333333,
    "test_edit_distance": 0.0402,
    "test_clean_accuracy": 0.9606666666666667,
    "test_robustness_drop": null,
    "test_restoration_gain": null,
    "test_position_1_acc": 0.9926666666666667,
    "test_position_2_acc": 0.9898666666666667,
    "test_position_3_acc": 0.9914,
    "test_position_4_acc": 0.9923333333333333,
    "test_position_5_acc": 0.9934
}