{
    "epoch": 42,
    "train_loss": 0.049700990973974214,
    "pretrain_loss": null,
    "finetune_loss": 0.049700990973974214,
    "pseudo_label_count": 0,
    "pseudo_label_accept_rate": 0.0,
    "mean_pseudo_confidence": 0.0,
    "consistency_loss": 0.0,
    "encoder_stage": "supervised",
    "stn_status": "trainable",
    "stn_regularization_loss": 5.415472662543336e-07,
    "val_loss": 0.8384221441159814,
    "val_seq_acc": 0.8811333333333333,
    "val_char_acc": 0.9698933333333334,
    "val_edit_distance": 0.14766666666666667,
    "val_clean_accuracy": 0.8811333333333333,
    "val_robustness_drop": null,
    "val_restoration_gain": null,
    "val_position_1_acc": 0.9804666666666667,
    "val_position_2_acc": 0.9694,
    "val_position_3_acc": 0.9661333333333333,
    "val_position_4_acc": 0.9636,
    "val_position_5_acc": 0.9698666666666667,
    "test_loss": 0.8592318748518571,
    "test_seq_acc": 0.8836666666666667,
    "test_char_acc": 0.9699466666666666,
    "test_edit_distance": 0.1472,
    "test_clean_accuracy": 0.8836666666666667,
    "test_robustness_drop": null,
    "test_restoration_gain": null,
    "test_position_1_acc": 0.9790666666666666,
    "test_position_2_acc": 0.9700666666666666,
    "test_position_3_acc": 0.9666,
    "test_position_4_acc": 0.9645333333333334,
    "test_position_5_acc": 0.9694666666666667
}