{
    "epoch": 156,
    "train_loss": 4.885696186265372e-05,
    "pretrain_loss": null,
    "finetune_loss": 4.885696186265372e-05,
    "pseudo_label_count": 0,
    "pseudo_label_accept_rate": 0.0,
    "mean_pseudo_confidence": 0.0,
    "consistency_loss": 0.0,
    "encoder_stage": "supervised",
    "stn_status": "trainable",
    "stn_regularization_loss": 5.84311641012263e-07,
    "val_loss": 0.2677363295737512,
    "val_seq_acc": 0.9600666666666666,
    "val_char_acc": 0.99188,
    "val_edit_distance": 0.0406,
    "val_clean_accuracy": 0.9600666666666666,
    "val_robustness_drop": null,
    "val_restoration_gain": null,
    "val_position_1_acc": 0.9922,
    "val_position_2_acc": 0.9904666666666667,
    "val_position_3_acc": 0.9911333333333333,
    "val_position_4_acc": 0.9922666666666666,
    "val_position_5_acc": 0.9933333333333333,
    "test_loss": 0.25464822056355996,
    "test_seq_acc": 0.9598666666666666,
    "test_char_acc": 0.9917866666666667,
    "test_edit_distance": 0.040933333333333335,
    "test_clean_accuracy": 0.9598666666666666,
    "test_robustness_drop": null,
    "test_restoration_gain": null,
    "test_position_1_acc": 0.9926666666666667,
    "test_position_2_acc": 0.9899333333333333,
    "test_position_3_acc": 0.9913333333333333,
    "test_position_4_acc": 0.9920666666666667,
    "test_position_5_acc": 0.9929333333333333
}