{
    "epoch": 61,
    "train_loss": 0.0017678141857235383,
    "pretrain_loss": null,
    "finetune_loss": 0.0017678141857235383,
    "pseudo_label_count": 0,
    "pseudo_label_accept_rate": 0.0,
    "mean_pseudo_confidence": 0.0,
    "consistency_loss": 0.0,
    "encoder_stage": "supervised",
    "stn_status": "trainable",
    "stn_regularization_loss": 5.150546172746174e-07,
    "val_loss": 0.2194348154619131,
    "val_seq_acc": 0.9576666666666667,
    "val_char_acc": 0.9913866666666666,
    "val_edit_distance": 0.04306666666666667,
    "val_clean_accuracy": 0.9576666666666667,
    "val_robustness_drop": null,
    "val_restoration_gain": null,
    "val_position_1_acc": 0.992,
    "val_position_2_acc": 0.9904666666666667,
    "val_position_3_acc": 0.9905333333333334,
    "val_position_4_acc": 0.9910666666666667,
    "val_position_5_acc": 0.9928666666666667,
    "test_loss": 0.21308723322542036,
    "test_seq_acc": 0.9574666666666667,
    "test_char_acc": 0.9913066666666667,
    "test_edit_distance": 0.043333333333333335,
    "test_clean_accuracy": 0.9574666666666667,
    "test_robustness_drop": null,
    "test_restoration_gain": null,
    "test_position_1_acc": 0.9928666666666667,
    "test_position_2_acc": 0.9884666666666667,
    "test_position_3_acc": 0.9906,
    "test_position_4_acc": 0.992,
    "test_position_5_acc": 0.9926
}