{
    "epoch": 19,
    "train_loss": 0.11770421618658942,
    "pretrain_loss": null,
    "finetune_loss": 0.11770421618658942,
    "pseudo_label_count": 0,
    "pseudo_label_accept_rate": 0.0,
    "mean_pseudo_confidence": 0.0,
    "consistency_loss": 0.0,
    "encoder_stage": "supervised",
    "stn_status": "trainable",
    "stn_regularization_loss": 2.6965199519174956e-08,
    "val_loss": 0.24528342889527144,
    "val_seq_acc": 0.9371333333333334,
    "val_char_acc": 0.9867866666666667,
    "val_edit_distance": 0.06606666666666666,
    "val_clean_accuracy": 0.9371333333333334,
    "val_robustness_drop": null,
    "val_restoration_gain": null,
    "val_position_1_acc": 0.9894666666666667,
    "val_position_2_acc": 0.9848,
    "val_position_3_acc": 0.9862666666666666,
    "val_position_4_acc": 0.9832666666666666,
    "val_position_5_acc": 0.9901333333333333,
    "test_loss": 0.23048378085180865,
    "test_seq_acc": 0.9359333333333333,
    "test_char_acc": 0.9864933333333333,
    "test_edit_distance": 0.0674,
    "test_clean_accuracy": 0.9359333333333333,
    "test_robustness_drop": null,
    "test_restoration_gain": null,
    "test_position_1_acc": 0.9903333333333333,
    "test_position_2_acc": 0.9827333333333333,
    "test_position_3_acc": 0.9861333333333333,
    "test_position_4_acc": 0.9848666666666667,
    "test_position_5_acc": 0.9884
}