{
    "epoch": 92,
    "train_loss": 0.0002091649340179338,
    "pretrain_loss": null,
    "finetune_loss": 0.0002091649340179338,
    "pseudo_label_count": 0,
    "pseudo_label_accept_rate": 0.0,
    "mean_pseudo_confidence": 0.0,
    "consistency_loss": 0.0,
    "encoder_stage": "supervised",
    "stn_status": "trainable",
    "stn_regularization_loss": 5.108063190647346e-07,
    "val_loss": 0.26586336915389147,
    "val_seq_acc": 0.9578666666666666,
    "val_char_acc": 0.9913466666666667,
    "val_edit_distance": 0.04326666666666667,
    "val_clean_accuracy": 0.9578666666666666,
    "val_robustness_drop": null,
    "val_restoration_gain": null,
    "val_position_1_acc": 0.9919333333333333,
    "val_position_2_acc": 0.9898,
    "val_position_3_acc": 0.9904,
    "val_position_4_acc": 0.9915333333333334,
    "val_position_5_acc": 0.9930666666666667,
    "test_loss": 0.2545583460330016,
    "test_seq_acc": 0.9595333333333333,
    "test_char_acc": 0.9916933333333333,
    "test_edit_distance": 0.0414,
    "test_clean_accuracy": 0.9595333333333333,
    "test_robustness_drop": null,
    "test_restoration_gain": null,
    "test_position_1_acc": 0.9925333333333334,
    "test_position_2_acc": 0.9896666666666667,
    "test_position_3_acc": 0.9912,
    "test_position_4_acc": 0.9920666666666667,
    "test_position_5_acc": 0.993
}