{
    "epoch": 68,
    "train_loss": 0.0011649890202866605,
    "pretrain_loss": null,
    "finetune_loss": 0.0011649890202866605,
    "pseudo_label_count": 0,
    "pseudo_label_accept_rate": 0.0,
    "mean_pseudo_confidence": 0.0,
    "consistency_loss": 0.0,
    "encoder_stage": "supervised",
    "stn_status": "trainable",
    "stn_regularization_loss": 4.918387971153723e-07,
    "val_loss": 0.22932020929430896,
    "val_seq_acc": 0.9588666666666666,
    "val_char_acc": 0.99164,
    "val_edit_distance": 0.0418,
    "val_clean_accuracy": 0.9588666666666666,
    "val_robustness_drop": null,
    "val_restoration_gain": null,
    "val_position_1_acc": 0.9922666666666666,
    "val_position_2_acc": 0.9902666666666666,
    "val_position_3_acc": 0.9908,
    "val_position_4_acc": 0.9912666666666666,
    "val_position_5_acc": 0.9936,
    "test_loss": 0.22747636111295325,
    "test_seq_acc": 0.9585333333333333,
    "test_char_acc": 0.9915866666666666,
    "test_edit_distance": 0.042,
    "test_clean_accuracy": 0.9585333333333333,
    "test_robustness_drop": null,
    "test_restoration_gain": null,
    "test_position_1_acc": 0.9927333333333334,
    "test_position_2_acc": 0.9896,
    "test_position_3_acc": 0.9906666666666667,
    "test_position_4_acc": 0.9923333333333333,
    "test_position_5_acc": 0.9926
}