{
    "epoch": 117,
    "train_loss": 9.655607599343626e-05,
    "pretrain_loss": null,
    "finetune_loss": 9.655607599343626e-05,
    "pseudo_label_count": 0,
    "pseudo_label_accept_rate": 0.0,
    "mean_pseudo_confidence": 0.0,
    "consistency_loss": 0.0,
    "encoder_stage": "supervised",
    "stn_status": "trainable",
    "stn_regularization_loss": 5.729780138974174e-07,
    "val_loss": 0.2651486139274913,
    "val_seq_acc": 0.9583333333333334,
    "val_char_acc": 0.99156,
    "val_edit_distance": 0.0422,
    "val_clean_accuracy": 0.9583333333333334,
    "val_robustness_drop": null,
    "val_restoration_gain": null,
    "val_position_1_acc": 0.9920666666666667,
    "val_position_2_acc": 0.9900666666666667,
    "val_position_3_acc": 0.991,
    "val_position_4_acc": 0.9916666666666667,
    "val_position_5_acc": 0.993,
    "test_loss": 0.25136474773319345,
    "test_seq_acc": 0.9593333333333334,
    "test_char_acc": 0.9916933333333333,
    "test_edit_distance": 0.0414,
    "test_clean_accuracy": 0.9593333333333334,
    "test_robustness_drop": null,
    "test_restoration_gain": null,
    "test_position_1_acc": 0.9928,
    "test_position_2_acc": 0.9899333333333333,
    "test_position_3_acc": 0.9913333333333333,
    "test_position_4_acc": 0.9914666666666667,
    "test_position_5_acc": 0.9929333333333333
}