{
    "epoch": 120,
    "train_loss": 0.00010178830439441637,
    "pretrain_loss": null,
    "finetune_loss": 0.00010178830439441637,
    "pseudo_label_count": 0,
    "pseudo_label_accept_rate": 0.0,
    "mean_pseudo_confidence": 0.0,
    "consistency_loss": 0.0,
    "encoder_stage": "supervised",
    "stn_status": "trainable",
    "stn_regularization_loss": 5.771043182643642e-07,
    "val_loss": 0.2661742219194312,
    "val_seq_acc": 0.9592666666666667,
    "val_char_acc": 0.9917466666666667,
    "val_edit_distance": 0.04126666666666667,
    "val_clean_accuracy": 0.9592666666666667,
    "val_robustness_drop": null,
    "val_restoration_gain": null,
    "val_position_1_acc": 0.9919333333333333,
    "val_position_2_acc": 0.9903333333333333,
    "val_position_3_acc": 0.9913333333333333,
    "val_position_4_acc": 0.992,
    "val_position_5_acc": 0.9931333333333333,
    "test_loss": 0.2529960499890938,
    "test_seq_acc": 0.9596,
    "test_char_acc": 0.9917466666666667,
    "test_edit_distance": 0.041133333333333334,
    "test_clean_accuracy": 0.9596,
    "test_robustness_drop": null,
    "test_restoration_gain": null,
    "test_position_1_acc": 0.9926666666666667,
    "test_position_2_acc": 0.9904,
    "test_position_3_acc": 0.9912,
    "test_position_4_acc": 0.9916,
    "test_position_5_acc": 0.9928666666666667
}