{
    "epoch": 9,
    "train_loss": 0.23479497137019903,
    "pretrain_loss": null,
    "finetune_loss": 0.23479497137019903,
    "pseudo_label_count": 0,
    "pseudo_label_accept_rate": 0.0,
    "mean_pseudo_confidence": 0.0,
    "consistency_loss": 0.0,
    "encoder_stage": "supervised",
    "stn_status": "frozen",
    "stn_regularization_loss": 0.0,
    "val_loss": 3.5079219300868147,
    "val_seq_acc": 0.5986,
    "val_char_acc": 0.8697466666666667,
    "val_edit_distance": 0.6243333333333333,
    "val_clean_accuracy": 0.5986,
    "val_robustness_drop": null,
    "val_restoration_gain": null,
    "val_position_1_acc": 0.888,
    "val_position_2_acc": 0.8656666666666667,
    "val_position_3_acc": 0.8640666666666666,
    "val_position_4_acc": 0.837,
    "val_position_5_acc": 0.894,
    "test_loss": 3.449656470347259,
    "test_seq_acc": 0.6006666666666667,
    "test_char_acc": 0.8693866666666666,
    "test_edit_distance": 0.6262666666666666,
    "test_clean_accuracy": 0.6006666666666667,
    "test_robustness_drop": null,
    "test_restoration_gain": null,
    "test_position_1_acc": 0.8864666666666666,
    "test_position_2_acc": 0.8697333333333334,
    "test_position_3_acc": 0.8590666666666666,
    "test_position_4_acc": 0.8388,
    "test_position_5_acc": 0.8928666666666667
}