{
    "epoch": 30,
    "train_loss": 0.07224079222946037,
    "pretrain_loss": null,
    "finetune_loss": 0.07224079222946037,
    "pseudo_label_count": 0,
    "pseudo_label_accept_rate": 0.0,
    "mean_pseudo_confidence": 0.0,
    "consistency_loss": 0.0,
    "encoder_stage": "supervised",
    "stn_status": "trainable",
    "stn_regularization_loss": 3.746538924250893e-07,
    "val_loss": 0.26383981124450595,
    "val_seq_acc": 0.9416,
    "val_char_acc": 0.9876,
    "val_edit_distance": 0.062,
    "val_clean_accuracy": 0.9416,
    "val_robustness_drop": null,
    "val_restoration_gain": null,
    "val_position_1_acc": 0.9901333333333333,
    "val_position_2_acc": 0.9848666666666667,
    "val_position_3_acc": 0.9871333333333333,
    "val_position_4_acc": 0.9858666666666667,
    "val_position_5_acc": 0.99,
    "test_loss": 0.24707263619717906,
    "test_seq_acc": 0.9418,
    "test_char_acc": 0.98764,
    "test_edit_distance": 0.061733333333333335,
    "test_clean_accuracy": 0.9418,
    "test_robustness_drop": null,
    "test_restoration_gain": null,
    "test_position_1_acc": 0.9909333333333333,
    "test_position_2_acc": 0.9836,
    "test_position_3_acc": 0.9863333333333333,
    "test_position_4_acc": 0.9882666666666666,
    "test_position_5_acc": 0.9890666666666666
}