{
    "epoch": 181,
    "train_loss": 3.3687281450679966e-05,
    "pretrain_loss": null,
    "finetune_loss": 3.3687281450679966e-05,
    "pseudo_label_count": 0,
    "pseudo_label_accept_rate": 0.0,
    "mean_pseudo_confidence": 0.0,
    "consistency_loss": 0.0,
    "encoder_stage": "supervised",
    "stn_status": "trainable",
    "stn_regularization_loss": 5.891825244848631e-07,
    "val_loss": 0.2663645270330855,
    "val_seq_acc": 0.9604666666666667,
    "val_char_acc": 0.992,
    "val_edit_distance": 0.04,
    "val_clean_accuracy": 0.9604666666666667,
    "val_robustness_drop": null,
    "val_restoration_gain": null,
    "val_position_1_acc": 0.9924,
    "val_position_2_acc": 0.9905333333333334,
    "val_position_3_acc": 0.9914666666666667,
    "val_position_4_acc": 0.9921333333333333,
    "val_position_5_acc": 0.9934666666666667,
    "test_loss": 0.2519079744796095,
    "test_seq_acc": 0.9604666666666667,
    "test_char_acc": 0.9919066666666667,
    "test_edit_distance": 0.04033333333333333,
    "test_clean_accuracy": 0.9604666666666667,
    "test_robustness_drop": null,
    "test_restoration_gain": null,
    "test_position_1_acc": 0.9926666666666667,
    "test_position_2_acc": 0.9901333333333333,
    "test_position_3_acc": 0.9912666666666666,
    "test_position_4_acc": 0.9921333333333333,
    "test_position_5_acc": 0.9933333333333333
}