{
    "epoch": 64,
    "train_loss": 0.0014718105814499627,
    "pretrain_loss": null,
    "finetune_loss": 0.0014718105814499627,
    "pseudo_label_count": 0,
    "pseudo_label_accept_rate": 0.0,
    "mean_pseudo_confidence": 0.0,
    "consistency_loss": 0.0,
    "encoder_stage": "supervised",
    "stn_status": "trainable",
    "stn_regularization_loss": 4.829379146427556e-07,
    "val_loss": 0.23287425331585898,
    "val_seq_acc": 0.958,
    "val_char_acc": 0.9914133333333334,
    "val_edit_distance": 0.04293333333333333,
    "val_clean_accuracy": 0.958,
    "val_robustness_drop": null,
    "val_restoration_gain": null,
    "val_position_1_acc": 0.9927333333333334,
    "val_position_2_acc": 0.9902666666666666,
    "val_position_3_acc": 0.9904666666666667,
    "val_position_4_acc": 0.9905333333333334,
    "val_position_5_acc": 0.9930666666666667,
    "test_loss": 0.22726170975967483,
    "test_seq_acc": 0.9582666666666667,
    "test_char_acc": 0.9914133333333334,
    "test_edit_distance": 0.0428,
    "test_clean_accuracy": 0.9582666666666667,
    "test_robustness_drop": null,
    "test_restoration_gain": null,
    "test_position_1_acc": 0.993,
    "test_position_2_acc": 0.9886666666666667,
    "test_position_3_acc": 0.991,
    "test_position_4_acc": 0.9920666666666667,
    "test_position_5_acc": 0.9923333333333333
}