{
    "epoch": 36,
    "train_loss": 0.05855464524718357,
    "pretrain_loss": null,
    "finetune_loss": 0.05855464524718357,
    "pseudo_label_count": 0,
    "pseudo_label_accept_rate": 0.0,
    "mean_pseudo_confidence": 0.0,
    "consistency_loss": 0.0,
    "encoder_stage": "supervised",
    "stn_status": "trainable",
    "stn_regularization_loss": 3.3149994853128886e-07,
    "val_loss": 0.4503454360163818,
    "val_seq_acc": 0.9238666666666666,
    "val_char_acc": 0.9829866666666667,
    "val_edit_distance": 0.08446666666666666,
    "val_clean_accuracy": 0.9238666666666666,
    "val_robustness_drop": null,
    "val_restoration_gain": null,
    "val_position_1_acc": 0.9852,
    "val_position_2_acc": 0.9803333333333333,
    "val_position_3_acc": 0.9822666666666666,
    "val_position_4_acc": 0.9815333333333334,
    "val_position_5_acc": 0.9856,
    "test_loss": 0.44047401327702956,
    "test_seq_acc": 0.9213333333333333,
    "test_char_acc": 0.9827866666666667,
    "test_edit_distance": 0.08566666666666667,
    "test_clean_accuracy": 0.9213333333333333,
    "test_robustness_drop": null,
    "test_restoration_gain": null,
    "test_position_1_acc": 0.9865333333333334,
    "test_position_2_acc": 0.98,
    "test_position_3_acc": 0.9810666666666666,
    "test_position_4_acc": 0.9817333333333333,
    "test_position_5_acc": 0.9846
}