{
    "epoch": 94,
    "train_loss": 0.0010248207097655231,
    "pretrain_loss": null,
    "finetune_loss": 0.0010248207097655231,
    "pseudo_label_count": 0,
    "pseudo_label_accept_rate": 0.0,
    "mean_pseudo_confidence": 0.0,
    "consistency_loss": 0.0,
    "encoder_stage": "supervised",
    "stn_status": "trainable",
    "stn_regularization_loss": 5.183473574288418e-07,
    "val_loss": 0.27609698056495924,
    "val_seq_acc": 0.9563333333333334,
    "val_char_acc": 0.9911333333333333,
    "val_edit_distance": 0.044333333333333336,
    "val_clean_accuracy": 0.9563333333333334,
    "val_robustness_drop": null,
    "val_restoration_gain": null,
    "val_position_1_acc": 0.9914,
    "val_position_2_acc": 0.9892,
    "val_position_3_acc": 0.9908,
    "val_position_4_acc": 0.9914,
    "val_position_5_acc": 0.9928666666666667,
    "test_loss": 0.2589082718369062,
    "test_seq_acc": 0.9578,
    "test_char_acc": 0.99136,
    "test_edit_distance": 0.04306666666666667,
    "test_clean_accuracy": 0.9578,
    "test_robustness_drop": null,
    "test_restoration_gain": null,
    "test_position_1_acc": 0.9929333333333333,
    "test_position_2_acc": 0.9889333333333333,
    "test_position_3_acc": 0.9908,
    "test_position_4_acc": 0.9917333333333334,
    "test_position_5_acc": 0.9924
}