{
    "epoch": 171,
    "train_loss": 3.496376027331223e-05,
    "pretrain_loss": null,
    "finetune_loss": 3.496376027331223e-05,
    "pseudo_label_count": 0,
    "pseudo_label_accept_rate": 0.0,
    "mean_pseudo_confidence": 0.0,
    "consistency_loss": 0.0,
    "encoder_stage": "supervised",
    "stn_status": "trainable",
    "stn_regularization_loss": 5.868185476898674e-07,
    "val_loss": 0.26456865514786443,
    "val_seq_acc": 0.9609333333333333,
    "val_char_acc": 0.9920933333333334,
    "val_edit_distance": 0.03953333333333333,
    "val_clean_accuracy": 0.9609333333333333,
    "val_robustness_drop": null,
    "val_restoration_gain": null,
    "val_position_1_acc": 0.9924666666666667,
    "val_position_2_acc": 0.9906666666666667,
    "val_position_3_acc": 0.9915333333333334,
    "val_position_4_acc": 0.9921333333333333,
    "val_position_5_acc": 0.9936666666666667,
    "test_loss": 0.24911012591091694,
    "test_seq_acc": 0.9604666666666667,
    "test_char_acc": 0.9918933333333333,
    "test_edit_distance": 0.0404,
    "test_clean_accuracy": 0.9604666666666667,
    "test_robustness_drop": null,
    "test_restoration_gain": null,
    "test_position_1_acc": 0.9928,
    "test_position_2_acc": 0.9902,
    "test_position_3_acc": 0.9910666666666667,
    "test_position_4_acc": 0.992,
    "test_position_5_acc": 0.9934
}