{
    "epoch": 127,
    "train_loss": 7.487313626562799e-05,
    "pretrain_loss": null,
    "finetune_loss": 7.487313626562799e-05,
    "pseudo_label_count": 0,
    "pseudo_label_accept_rate": 0.0,
    "mean_pseudo_confidence": 0.0,
    "consistency_loss": 0.0,
    "encoder_stage": "supervised",
    "stn_status": "trainable",
    "stn_regularization_loss": 5.784705601516123e-07,
    "val_loss": 0.26440492690288286,
    "val_seq_acc": 0.959,
    "val_char_acc": 0.9917333333333334,
    "val_edit_distance": 0.04133333333333333,
    "val_clean_accuracy": 0.959,
    "val_robustness_drop": null,
    "val_restoration_gain": null,
    "val_position_1_acc": 0.9922666666666666,
    "val_position_2_acc": 0.9902,
    "val_position_3_acc": 0.9911333333333333,
    "val_position_4_acc": 0.9916666666666667,
    "val_position_5_acc": 0.9934,
    "test_loss": 0.25072616779529566,
    "test_seq_acc": 0.96,
    "test_char_acc": 0.9918266666666666,
    "test_edit_distance": 0.04073333333333334,
    "test_clean_accuracy": 0.96,
    "test_robustness_drop": null,
    "test_restoration_gain": null,
    "test_position_1_acc": 0.9928666666666667,
    "test_position_2_acc": 0.9904,
    "test_position_3_acc": 0.9910666666666667,
    "test_position_4_acc": 0.9917333333333334,
    "test_position_5_acc": 0.9930666666666667
}