{
    "epoch": 84,
    "train_loss": 0.00035252712215081116,
    "pretrain_loss": null,
    "finetune_loss": 0.00035252712215081116,
    "pseudo_label_count": 0,
    "pseudo_label_accept_rate": 0.0,
    "mean_pseudo_confidence": 0.0,
    "consistency_loss": 0.0,
    "encoder_stage": "supervised",
    "stn_status": "trainable",
    "stn_regularization_loss": 6.073203973676329e-07,
    "val_loss": 0.24887977884658138,
    "val_seq_acc": 0.9591333333333333,
    "val_char_acc": 0.9916933333333333,
    "val_edit_distance": 0.04153333333333333,
    "val_clean_accuracy": 0.9591333333333333,
    "val_robustness_drop": null,
    "val_restoration_gain": null,
    "val_position_1_acc": 0.992,
    "val_position_2_acc": 0.9902666666666666,
    "val_position_3_acc": 0.9904,
    "val_position_4_acc": 0.9919333333333333,
    "val_position_5_acc": 0.9938666666666667,
    "test_loss": 0.24069368782042824,
    "test_seq_acc": 0.9586666666666667,
    "test_char_acc": 0.9915733333333333,
    "test_edit_distance": 0.04206666666666667,
    "test_clean_accuracy": 0.9586666666666667,
    "test_robustness_drop": null,
    "test_restoration_gain": null,
    "test_position_1_acc": 0.9930666666666667,
    "test_position_2_acc": 0.9892666666666666,
    "test_position_3_acc": 0.9908666666666667,
    "test_position_4_acc": 0.992,
    "test_position_5_acc": 0.9926666666666667
}