{
    "epoch": 159,
    "train_loss": 4.639596215571388e-05,
    "pretrain_loss": null,
    "finetune_loss": 4.639596215571388e-05,
    "pseudo_label_count": 0,
    "pseudo_label_accept_rate": 0.0,
    "mean_pseudo_confidence": 0.0,
    "consistency_loss": 0.0,
    "encoder_stage": "supervised",
    "stn_status": "trainable",
    "stn_regularization_loss": 5.819488712123167e-07,
    "val_loss": 0.26486206101130305,
    "val_seq_acc": 0.9606666666666667,
    "val_char_acc": 0.9920266666666666,
    "val_edit_distance": 0.03986666666666667,
    "val_clean_accuracy": 0.9606666666666667,
    "val_robustness_drop": null,
    "val_restoration_gain": null,
    "val_position_1_acc": 0.9924,
    "val_position_2_acc": 0.9908,
    "val_position_3_acc": 0.9914,
    "val_position_4_acc": 0.992,
    "val_position_5_acc": 0.9935333333333334,
    "test_loss": 0.24978693606829175,
    "test_seq_acc": 0.9608,
    "test_char_acc": 0.99196,
    "test_edit_distance": 0.04006666666666667,
    "test_clean_accuracy": 0.9608,
    "test_robustness_drop": null,
    "test_restoration_gain": null,
    "test_position_1_acc": 0.9928,
    "test_position_2_acc": 0.9903333333333333,
    "test_position_3_acc": 0.9912,
    "test_position_4_acc": 0.9922,
    "test_position_5_acc": 0.9932666666666666
}