{
    "epoch": 126,
    "train_loss": 7.237941943876221e-05,
    "pretrain_loss": null,
    "finetune_loss": 7.237941943876221e-05,
    "pseudo_label_count": 0,
    "pseudo_label_accept_rate": 0.0,
    "mean_pseudo_confidence": 0.0,
    "consistency_loss": 0.0,
    "encoder_stage": "supervised",
    "stn_status": "trainable",
    "stn_regularization_loss": 5.741968254022867e-07,
    "val_loss": 0.2654122383239032,
    "val_seq_acc": 0.9596666666666667,
    "val_char_acc": 0.99184,
    "val_edit_distance": 0.0408,
    "val_clean_accuracy": 0.9596666666666667,
    "val_robustness_drop": null,
    "val_restoration_gain": null,
    "val_position_1_acc": 0.9920666666666667,
    "val_position_2_acc": 0.9904666666666667,
    "val_position_3_acc": 0.9915333333333334,
    "val_position_4_acc": 0.9916666666666667,
    "val_position_5_acc": 0.9934666666666667,
    "test_loss": 0.250197212985259,
    "test_seq_acc": 0.9603333333333334,
    "test_char_acc": 0.99188,
    "test_edit_distance": 0.040466666666666665,
    "test_clean_accuracy": 0.9603333333333334,
    "test_robustness_drop": null,
    "test_restoration_gain": null,
    "test_position_1_acc": 0.9926,
    "test_position_2_acc": 0.9902666666666666,
    "test_position_3_acc": 0.9910666666666667,
    "test_position_4_acc": 0.9922,
    "test_position_5_acc": 0.9932666666666666
}