{
    "epoch": 161,
    "train_loss": 4.338733706200512e-05,
    "pretrain_loss": null,
    "finetune_loss": 4.338733706200512e-05,
    "pseudo_label_count": 0,
    "pseudo_label_accept_rate": 0.0,
    "mean_pseudo_confidence": 0.0,
    "consistency_loss": 0.0,
    "encoder_stage": "supervised",
    "stn_status": "trainable",
    "stn_regularization_loss": 5.843682271515766e-07,
    "val_loss": 0.26632829809608727,
    "val_seq_acc": 0.9602666666666667,
    "val_char_acc": 0.9919466666666666,
    "val_edit_distance": 0.040266666666666666,
    "val_clean_accuracy": 0.9602666666666667,
    "val_robustness_drop": null,
    "val_restoration_gain": null,
    "val_position_1_acc": 0.9923333333333333,
    "val_position_2_acc": 0.9904666666666667,
    "val_position_3_acc": 0.9914,
    "val_position_4_acc": 0.9921333333333333,
    "val_position_5_acc": 0.9934,
    "test_loss": 0.2518982385024744,
    "test_seq_acc": 0.9604666666666667,
    "test_char_acc": 0.9918933333333333,
    "test_edit_distance": 0.0404,
    "test_clean_accuracy": 0.9604666666666667,
    "test_robustness_drop": null,
    "test_restoration_gain": null,
    "test_position_1_acc": 0.9929333333333333,
    "test_position_2_acc": 0.9898666666666667,
    "test_position_3_acc": 0.9914666666666667,
    "test_position_4_acc": 0.9921333333333333,
    "test_position_5_acc": 0.9930666666666667
}