{
    "epoch": 155,
    "train_loss": 4.976796413619526e-05,
    "pretrain_loss": null,
    "finetune_loss": 4.976796413619526e-05,
    "pseudo_label_count": 0,
    "pseudo_label_accept_rate": 0.0,
    "mean_pseudo_confidence": 0.0,
    "consistency_loss": 0.0,
    "encoder_stage": "supervised",
    "stn_status": "trainable",
    "stn_regularization_loss": 5.850322418422123e-07,
    "val_loss": 0.26696282309989083,
    "val_seq_acc": 0.9599333333333333,
    "val_char_acc": 0.9918533333333334,
    "val_edit_distance": 0.04073333333333334,
    "val_clean_accuracy": 0.9599333333333333,
    "val_robustness_drop": null,
    "val_restoration_gain": null,
    "val_position_1_acc": 0.9921333333333333,
    "val_position_2_acc": 0.9905333333333334,
    "val_position_3_acc": 0.9913333333333333,
    "val_position_4_acc": 0.9920666666666667,
    "val_position_5_acc": 0.9932,
    "test_loss": 0.25371188072929696,
    "test_seq_acc": 0.9600666666666666,
    "test_char_acc": 0.9918266666666666,
    "test_edit_distance": 0.04073333333333334,
    "test_clean_accuracy": 0.9600666666666666,
    "test_robustness_drop": null,
    "test_restoration_gain": null,
    "test_position_1_acc": 0.9928666666666667,
    "test_position_2_acc": 0.9898666666666667,
    "test_position_3_acc": 0.9913333333333333,
    "test_position_4_acc": 0.9920666666666667,
    "test_position_5_acc": 0.993
}