{
    "epoch": 43,
    "train_loss": 0.0483464545876702,
    "pretrain_loss": null,
    "finetune_loss": 0.0483464545876702,
    "pseudo_label_count": 0,
    "pseudo_label_accept_rate": 0.0,
    "mean_pseudo_confidence": 0.0,
    "consistency_loss": 0.0,
    "encoder_stage": "supervised",
    "stn_status": "trainable",
    "stn_regularization_loss": 5.30762439789321e-07,
    "val_loss": 0.28551646214673077,
    "val_seq_acc": 0.9408,
    "val_char_acc": 0.9876266666666667,
    "val_edit_distance": 0.06186666666666667,
    "val_clean_accuracy": 0.9408,
    "val_robustness_drop": null,
    "val_restoration_gain": null,
    "val_position_1_acc": 0.9904666666666667,
    "val_position_2_acc": 0.9852,
    "val_position_3_acc": 0.9866,
    "val_position_4_acc": 0.9857333333333334,
    "val_position_5_acc": 0.9901333333333333,
    "test_loss": 0.26716998034014794,
    "test_seq_acc": 0.9424,
    "test_char_acc": 0.9880666666666666,
    "test_edit_distance": 0.059666666666666666,
    "test_clean_accuracy": 0.9424,
    "test_robustness_drop": null,
    "test_restoration_gain": null,
    "test_position_1_acc": 0.9912,
    "test_position_2_acc": 0.985,
    "test_position_3_acc": 0.9873333333333333,
    "test_position_4_acc": 0.9868,
    "test_position_5_acc": 0.99
}