{
    "epoch": 50,
    "train_loss": 0.0384409914234551,
    "pretrain_loss": null,
    "finetune_loss": 0.0384409914234551,
    "pseudo_label_count": 0,
    "pseudo_label_accept_rate": 0.0,
    "mean_pseudo_confidence": 0.0,
    "consistency_loss": 0.0,
    "encoder_stage": "supervised",
    "stn_status": "trainable",
    "stn_regularization_loss": 4.1481122243757344e-07,
    "val_loss": 0.32423286436725474,
    "val_seq_acc": 0.9371333333333334,
    "val_char_acc": 0.98696,
    "val_edit_distance": 0.06506666666666666,
    "val_clean_accuracy": 0.9371333333333334,
    "val_robustness_drop": null,
    "val_restoration_gain": null,
    "val_position_1_acc": 0.9874666666666667,
    "val_position_2_acc": 0.9862666666666666,
    "val_position_3_acc": 0.9848,
    "val_position_4_acc": 0.9865333333333334,
    "val_position_5_acc": 0.9897333333333334,
    "test_loss": 0.3321903810473317,
    "test_seq_acc": 0.9372,
    "test_char_acc": 0.9869333333333333,
    "test_edit_distance": 0.0652,
    "test_clean_accuracy": 0.9372,
    "test_robustness_drop": null,
    "test_restoration_gain": null,
    "test_position_1_acc": 0.9881333333333333,
    "test_position_2_acc": 0.9838666666666667,
    "test_position_3_acc": 0.9848,
    "test_position_4_acc": 0.9884,
    "test_position_5_acc": 0.9894666666666667
}