{
    "epoch": 176,
    "train_loss": 3.2593969688975734e-05,
    "pretrain_loss": null,
    "finetune_loss": 3.2593969688975734e-05,
    "pseudo_label_count": 0,
    "pseudo_label_accept_rate": 0.0,
    "mean_pseudo_confidence": 0.0,
    "consistency_loss": 0.0,
    "encoder_stage": "supervised",
    "stn_status": "trainable",
    "stn_regularization_loss": 5.829443176158943e-07,
    "val_loss": 0.2652877500301456,
    "val_seq_acc": 0.9606666666666667,
    "val_char_acc": 0.9920666666666667,
    "val_edit_distance": 0.03966666666666667,
    "val_clean_accuracy": 0.9606666666666667,
    "val_robustness_drop": null,
    "val_restoration_gain": null,
    "val_position_1_acc": 0.9924,
    "val_position_2_acc": 0.9907333333333334,
    "val_position_3_acc": 0.9916,
    "val_position_4_acc": 0.9918666666666667,
    "val_position_5_acc": 0.9937333333333334,
    "test_loss": 0.24929423066609838,
    "test_seq_acc": 0.9608666666666666,
    "test_char_acc": 0.9919733333333334,
    "test_edit_distance": 0.04,
    "test_clean_accuracy": 0.9608666666666666,
    "test_robustness_drop": null,
    "test_restoration_gain": null,
    "test_position_1_acc": 0.9930666666666667,
    "test_position_2_acc": 0.99,
    "test_position_3_acc": 0.9911333333333333,
    "test_position_4_acc": 0.9923333333333333,
    "test_position_5_acc": 0.9933333333333333
}