{
    "epoch": 17,
    "train_loss": 0.14020335382487692,
    "pretrain_loss": null,
    "finetune_loss": 0.14020335382487692,
    "pseudo_label_count": 0,
    "pseudo_label_accept_rate": 0.0,
    "mean_pseudo_confidence": 0.0,
    "consistency_loss": 0.0,
    "encoder_stage": "supervised",
    "stn_status": "trainable",
    "stn_regularization_loss": 1.094863825073269e-09,
    "val_loss": 0.33022435167330805,
    "val_seq_acc": 0.9192666666666667,
    "val_char_acc": 0.98188,
    "val_edit_distance": 0.09053333333333333,
    "val_clean_accuracy": 0.9192666666666667,
    "val_robustness_drop": null,
    "val_restoration_gain": null,
    "val_position_1_acc": 0.9847333333333333,
    "val_position_2_acc": 0.9806666666666667,
    "val_position_3_acc": 0.9796666666666667,
    "val_position_4_acc": 0.9788,
    "val_position_5_acc": 0.9855333333333334,
    "test_loss": 0.33087726246755,
    "test_seq_acc": 0.9164666666666667,
    "test_char_acc": 0.9817066666666666,
    "test_edit_distance": 0.0914,
    "test_clean_accuracy": 0.9164666666666667,
    "test_robustness_drop": null,
    "test_restoration_gain": null,
    "test_position_1_acc": 0.9866,
    "test_position_2_acc": 0.9763333333333334,
    "test_position_3_acc": 0.9781333333333333,
    "test_position_4_acc": 0.9824,
    "test_position_5_acc": 0.9850666666666666
}