{
    "epoch": 1,
    "train_loss": 9.505920882013386,
    "pretrain_loss": null,
    "finetune_loss": 9.505920882013386,
    "pseudo_label_count": 0,
    "pseudo_label_accept_rate": 0.0,
    "mean_pseudo_confidence": 0.0,
    "consistency_loss": 0.0,
    "encoder_stage": "supervised",
    "stn_status": "frozen",
    "stn_regularization_loss": 0.0,
    "val_loss": 13.097899946115785,
    "val_seq_acc": 0.0204,
    "val_char_acc": 0.40073333333333333,
    "val_edit_distance": 2.9666,
    "val_clean_accuracy": 0.0204,
    "val_robustness_drop": null,
    "val_restoration_gain": null,
    "val_position_1_acc": 0.46486666666666665,
    "val_position_2_acc": 0.35573333333333335,
    "val_position_3_acc": 0.34826666666666667,
    "val_position_4_acc": 0.3368,
    "val_position_5_acc": 0.498,
    "test_loss": 13.122545137243756,
    "test_seq_acc": 0.0182,
    "test_char_acc": 0.39936,
    "test_edit_distance": 2.973333333333333,
    "test_clean_accuracy": 0.0182,
    "test_robustness_drop": null,
    "test_restoration_gain": null,
    "test_position_1_acc": 0.4556,
    "test_position_2_acc": 0.36006666666666665,
    "test_position_3_acc": 0.3485333333333333,
    "test_position_4_acc": 0.33686666666666665,
    "test_position_5_acc": 0.49573333333333336
}