{
    "epoch": 55,
    "train_loss": 0.003227787520868677,
    "pretrain_loss": null,
    "finetune_loss": 0.003227787520868677,
    "pseudo_label_count": 0,
    "pseudo_label_accept_rate": 0.0,
    "mean_pseudo_confidence": 0.0,
    "consistency_loss": 0.0,
    "encoder_stage": "supervised",
    "stn_status": "trainable",
    "stn_regularization_loss": 4.843348172467889e-07,
    "val_loss": 0.21362191218571042,
    "val_seq_acc": 0.9558666666666666,
    "val_char_acc": 0.9910533333333333,
    "val_edit_distance": 0.04473333333333333,
    "val_clean_accuracy": 0.9558666666666666,
    "val_robustness_drop": null,
    "val_restoration_gain": null,
    "val_position_1_acc": 0.9914666666666667,
    "val_position_2_acc": 0.9896666666666667,
    "val_position_3_acc": 0.9904,
    "val_position_4_acc": 0.9908,
    "val_position_5_acc": 0.9929333333333333,
    "test_loss": 0.2127497351523173,
    "test_seq_acc": 0.9564,
    "test_char_acc": 0.9910533333333333,
    "test_edit_distance": 0.0446,
    "test_clean_accuracy": 0.9564,
    "test_robustness_drop": null,
    "test_restoration_gain": null,
    "test_position_1_acc": 0.9918,
    "test_position_2_acc": 0.989,
    "test_position_3_acc": 0.9901333333333333,
    "test_position_4_acc": 0.9918,
    "test_position_5_acc": 0.9925333333333334
}