{
    "epoch": 160,
    "train_loss": 3.946064303253106e-05,
    "pretrain_loss": null,
    "finetune_loss": 3.946064303253106e-05,
    "pseudo_label_count": 0,
    "pseudo_label_accept_rate": 0.0,
    "mean_pseudo_confidence": 0.0,
    "consistency_loss": 0.0,
    "encoder_stage": "supervised",
    "stn_status": "trainable",
    "stn_regularization_loss": 5.856350087137311e-07,
    "val_loss": 0.26507563766223274,
    "val_seq_acc": 0.9607333333333333,
    "val_char_acc": 0.99204,
    "val_edit_distance": 0.0398,
    "val_clean_accuracy": 0.9607333333333333,
    "val_robustness_drop": null,
    "val_restoration_gain": null,
    "val_position_1_acc": 0.9925333333333334,
    "val_position_2_acc": 0.9906,
    "val_position_3_acc": 0.9914,
    "val_position_4_acc": 0.9921333333333333,
    "val_position_5_acc": 0.9935333333333334,
    "test_loss": 0.25047566999002535,
    "test_seq_acc": 0.961,
    "test_char_acc": 0.992,
    "test_edit_distance": 0.03986666666666667,
    "test_clean_accuracy": 0.961,
    "test_robustness_drop": null,
    "test_restoration_gain": null,
    "test_position_1_acc": 0.993,
    "test_position_2_acc": 0.9900666666666667,
    "test_position_3_acc": 0.9915333333333334,
    "test_position_4_acc": 0.9921333333333333,
    "test_position_5_acc": 0.9932666666666666
}