{
    "epoch": 85,
    "train_loss": 0.0005880433293969818,
    "pretrain_loss": null,
    "finetune_loss": 0.0005880433293969818,
    "pseudo_label_count": 0,
    "pseudo_label_accept_rate": 0.0,
    "mean_pseudo_confidence": 0.0,
    "consistency_loss": 0.0,
    "encoder_stage": "supervised",
    "stn_status": "trainable",
    "stn_regularization_loss": 5.637354542421701e-07,
    "val_loss": 0.2777342769096337,
    "val_seq_acc": 0.9555333333333333,
    "val_char_acc": 0.9908933333333333,
    "val_edit_distance": 0.045533333333333335,
    "val_clean_accuracy": 0.9555333333333333,
    "val_robustness_drop": null,
    "val_restoration_gain": null,
    "val_position_1_acc": 0.9918,
    "val_position_2_acc": 0.9894,
    "val_position_3_acc": 0.99,
    "val_position_4_acc": 0.9904666666666667,
    "val_position_5_acc": 0.9928,
    "test_loss": 0.26989901811673733,
    "test_seq_acc": 0.9564,
    "test_char_acc": 0.9910533333333333,
    "test_edit_distance": 0.0446,
    "test_clean_accuracy": 0.9564,
    "test_robustness_drop": null,
    "test_restoration_gain": null,
    "test_position_1_acc": 0.9926,
    "test_position_2_acc": 0.9892666666666666,
    "test_position_3_acc": 0.9906666666666667,
    "test_position_4_acc": 0.9910666666666667,
    "test_position_5_acc": 0.9916666666666667
}