{
    "epoch": 125,
    "train_loss": 0.00011684990519585238,
    "pretrain_loss": null,
    "finetune_loss": 0.00011684990519585238,
    "pseudo_label_count": 0,
    "pseudo_label_accept_rate": 0.0,
    "mean_pseudo_confidence": 0.0,
    "consistency_loss": 0.0,
    "encoder_stage": "supervised",
    "stn_status": "trainable",
    "stn_regularization_loss": 5.773925523183372e-07,
    "val_loss": 0.26514555794932737,
    "val_seq_acc": 0.9590666666666666,
    "val_char_acc": 0.99172,
    "val_edit_distance": 0.0414,
    "val_clean_accuracy": 0.9590666666666666,
    "val_robustness_drop": null,
    "val_restoration_gain": null,
    "val_position_1_acc": 0.992,
    "val_position_2_acc": 0.9903333333333333,
    "val_position_3_acc": 0.9910666666666667,
    "val_position_4_acc": 0.9917333333333334,
    "val_position_5_acc": 0.9934666666666667,
    "test_loss": 0.2522563276895306,
    "test_seq_acc": 0.9590666666666666,
    "test_char_acc": 0.9916133333333333,
    "test_edit_distance": 0.0418,
    "test_clean_accuracy": 0.9590666666666666,
    "test_robustness_drop": null,
    "test_restoration_gain": null,
    "test_position_1_acc": 0.9922,
    "test_position_2_acc": 0.9900666666666667,
    "test_position_3_acc": 0.9911333333333333,
    "test_position_4_acc": 0.9918666666666667,
    "test_position_5_acc": 0.9928
}