{
    "epoch": 152,
    "train_loss": 5.4427240508438e-05,
    "pretrain_loss": null,
    "finetune_loss": 5.4427240508438e-05,
    "pseudo_label_count": 0,
    "pseudo_label_accept_rate": 0.0,
    "mean_pseudo_confidence": 0.0,
    "consistency_loss": 0.0,
    "encoder_stage": "supervised",
    "stn_status": "trainable",
    "stn_regularization_loss": 5.845499678802222e-07,
    "val_loss": 0.265352375193211,
    "val_seq_acc": 0.9601333333333333,
    "val_char_acc": 0.99192,
    "val_edit_distance": 0.0404,
    "val_clean_accuracy": 0.9601333333333333,
    "val_robustness_drop": null,
    "val_restoration_gain": null,
    "val_position_1_acc": 0.9924,
    "val_position_2_acc": 0.9906,
    "val_position_3_acc": 0.9914,
    "val_position_4_acc": 0.9918,
    "val_position_5_acc": 0.9934,
    "test_loss": 0.2501980430541276,
    "test_seq_acc": 0.9606,
    "test_char_acc": 0.99192,
    "test_edit_distance": 0.040266666666666666,
    "test_clean_accuracy": 0.9606,
    "test_robustness_drop": null,
    "test_restoration_gain": null,
    "test_position_1_acc": 0.993,
    "test_position_2_acc": 0.9900666666666667,
    "test_position_3_acc": 0.9914,
    "test_position_4_acc": 0.9920666666666667,
    "test_position_5_acc": 0.9930666666666667
}