{
    "epoch": 187,
    "train_loss": 2.839829577637247e-05,
    "pretrain_loss": null,
    "finetune_loss": 2.839829577637247e-05,
    "pseudo_label_count": 0,
    "pseudo_label_accept_rate": 0.0,
    "mean_pseudo_confidence": 0.0,
    "consistency_loss": 0.0,
    "encoder_stage": "supervised",
    "stn_status": "trainable",
    "stn_regularization_loss": 5.922875874835767e-07,
    "val_loss": 0.26754061073869845,
    "val_seq_acc": 0.9601333333333333,
    "val_char_acc": 0.99192,
    "val_edit_distance": 0.0404,
    "val_clean_accuracy": 0.9601333333333333,
    "val_robustness_drop": null,
    "val_restoration_gain": null,
    "val_position_1_acc": 0.9922666666666666,
    "val_position_2_acc": 0.9907333333333334,
    "val_position_3_acc": 0.9912666666666666,
    "val_position_4_acc": 0.9918666666666667,
    "val_position_5_acc": 0.9934666666666667,
    "test_loss": 0.25310494532706057,
    "test_seq_acc": 0.9602,
    "test_char_acc": 0.9918533333333334,
    "test_edit_distance": 0.0406,
    "test_clean_accuracy": 0.9602,
    "test_robustness_drop": null,
    "test_restoration_gain": null,
    "test_position_1_acc": 0.9928666666666667,
    "test_position_2_acc": 0.9898666666666667,
    "test_position_3_acc": 0.9914,
    "test_position_4_acc": 0.9918666666666667,
    "test_position_5_acc": 0.9932666666666666
}