{
    "epoch": 15,
    "train_loss": 0.1609910469959361,
    "pretrain_loss": null,
    "finetune_loss": 0.1609910469959361,
    "pseudo_label_count": 0,
    "pseudo_label_accept_rate": 0.0,
    "mean_pseudo_confidence": 0.0,
    "consistency_loss": 0.0,
    "encoder_stage": "supervised",
    "stn_status": "frozen",
    "stn_regularization_loss": 0.0,
    "val_loss": 0.9797295084444143,
    "val_seq_acc": 0.8326,
    "val_char_acc": 0.9561066666666667,
    "val_edit_distance": 0.2144,
    "val_clean_accuracy": 0.8326,
    "val_robustness_drop": null,
    "val_restoration_gain": null,
    "val_position_1_acc": 0.9510666666666666,
    "val_position_2_acc": 0.9415333333333333,
    "val_position_3_acc": 0.9600666666666666,
    "val_position_4_acc": 0.9606666666666667,
    "val_position_5_acc": 0.9672,
    "test_loss": 0.9430615220029476,
    "test_seq_acc": 0.8357333333333333,
    "test_char_acc": 0.9569733333333333,
    "test_edit_distance": 0.2092,
    "test_clean_accuracy": 0.8357333333333333,
    "test_robustness_drop": null,
    "test_restoration_gain": null,
    "test_position_1_acc": 0.9531333333333334,
    "test_position_2_acc": 0.9433333333333334,
    "test_position_3_acc": 0.9601333333333333,
    "test_position_4_acc": 0.9635333333333334,
    "test_position_5_acc": 0.9647333333333333
}