{
    "epoch": 97,
    "train_loss": 0.00024994355775722894,
    "pretrain_loss": null,
    "finetune_loss": 0.00024994355775722894,
    "pseudo_label_count": 0,
    "pseudo_label_accept_rate": 0.0,
    "mean_pseudo_confidence": 0.0,
    "consistency_loss": 0.0,
    "encoder_stage": "supervised",
    "stn_status": "trainable",
    "stn_regularization_loss": 4.991313453644268e-07,
    "val_loss": 0.28271944357735357,
    "val_seq_acc": 0.9572666666666667,
    "val_char_acc": 0.9912666666666666,
    "val_edit_distance": 0.043666666666666666,
    "val_clean_accuracy": 0.9572666666666667,
    "val_robustness_drop": null,
    "val_restoration_gain": null,
    "val_position_1_acc": 0.9914666666666667,
    "val_position_2_acc": 0.9896,
    "val_position_3_acc": 0.9908,
    "val_position_4_acc": 0.9916,
    "val_position_5_acc": 0.9928666666666667,
    "test_loss": 0.2704799261251938,
    "test_seq_acc": 0.9591333333333333,
    "test_char_acc": 0.9916533333333334,
    "test_edit_distance": 0.0416,
    "test_clean_accuracy": 0.9591333333333333,
    "test_robustness_drop": null,
    "test_restoration_gain": null,
    "test_position_1_acc": 0.9922666666666666,
    "test_position_2_acc": 0.9901333333333333,
    "test_position_3_acc": 0.9914666666666667,
    "test_position_4_acc": 0.9922,
    "test_position_5_acc": 0.9922
}