{
    "epoch": 45,
    "train_loss": 0.050799187038132715,
    "pretrain_loss": null,
    "finetune_loss": 0.050799187038132715,
    "pseudo_label_count": 0,
    "pseudo_label_accept_rate": 0.0,
    "mean_pseudo_confidence": 0.0,
    "consistency_loss": 0.0,
    "encoder_stage": "supervised",
    "stn_status": "trainable",
    "stn_regularization_loss": 4.0786251079029715e-07,
    "val_loss": 0.31108458799909866,
    "val_seq_acc": 0.9364666666666667,
    "val_char_acc": 0.9867066666666666,
    "val_edit_distance": 0.0664,
    "val_clean_accuracy": 0.9364666666666667,
    "val_robustness_drop": null,
    "val_restoration_gain": null,
    "val_position_1_acc": 0.9884666666666667,
    "val_position_2_acc": 0.9858,
    "val_position_3_acc": 0.9848,
    "val_position_4_acc": 0.9854666666666667,
    "val_position_5_acc": 0.989,
    "test_loss": 0.30616582036255147,
    "test_seq_acc": 0.9392666666666667,
    "test_char_acc": 0.98744,
    "test_edit_distance": 0.06273333333333334,
    "test_clean_accuracy": 0.9392666666666667,
    "test_robustness_drop": null,
    "test_restoration_gain": null,
    "test_position_1_acc": 0.9892,
    "test_position_2_acc": 0.9850666666666666,
    "test_position_3_acc": 0.9866666666666667,
    "test_position_4_acc": 0.9879333333333333,
    "test_position_5_acc": 0.9883333333333333
}