{
    "epoch": 73,
    "train_loss": 0.0006798044821815401,
    "pretrain_loss": null,
    "finetune_loss": 0.0006798044821815401,
    "pseudo_label_count": 0,
    "pseudo_label_accept_rate": 0.0,
    "mean_pseudo_confidence": 0.0,
    "consistency_loss": 0.0,
    "encoder_stage": "supervised",
    "stn_status": "trainable",
    "stn_regularization_loss": 5.521896284184735e-07,
    "val_loss": 0.23650998785653768,
    "val_seq_acc": 0.9597333333333333,
    "val_char_acc": 0.9918266666666666,
    "val_edit_distance": 0.04086666666666667,
    "val_clean_accuracy": 0.9597333333333333,
    "val_robustness_drop": null,
    "val_restoration_gain": null,
    "val_position_1_acc": 0.9924666666666667,
    "val_position_2_acc": 0.9906,
    "val_position_3_acc": 0.9914,
    "val_position_4_acc": 0.991,
    "val_position_5_acc": 0.9936666666666667,
    "test_loss": 0.23483991173048646,
    "test_seq_acc": 0.9594666666666667,
    "test_char_acc": 0.9917333333333334,
    "test_edit_distance": 0.0412,
    "test_clean_accuracy": 0.9594666666666667,
    "test_robustness_drop": null,
    "test_restoration_gain": null,
    "test_position_1_acc": 0.9929333333333333,
    "test_position_2_acc": 0.9896,
    "test_position_3_acc": 0.9905333333333334,
    "test_position_4_acc": 0.9927333333333334,
    "test_position_5_acc": 0.9928666666666667
}