{
    "epoch": 56,
    "train_loss": 0.0027034479045134657,
    "pretrain_loss": null,
    "finetune_loss": 0.0027034479045134657,
    "pseudo_label_count": 0,
    "pseudo_label_accept_rate": 0.0,
    "mean_pseudo_confidence": 0.0,
    "consistency_loss": 0.0,
    "encoder_stage": "supervised",
    "stn_status": "trainable",
    "stn_regularization_loss": 4.940910832710371e-07,
    "val_loss": 0.21581901487562868,
    "val_seq_acc": 0.9562,
    "val_char_acc": 0.9910933333333334,
    "val_edit_distance": 0.044533333333333334,
    "val_clean_accuracy": 0.9562,
    "val_robustness_drop": null,
    "val_restoration_gain": null,
    "val_position_1_acc": 0.9916,
    "val_position_2_acc": 0.9901333333333333,
    "val_position_3_acc": 0.9899333333333333,
    "val_position_4_acc": 0.9906666666666667,
    "val_position_5_acc": 0.9931333333333333,
    "test_loss": 0.21292439409358016,
    "test_seq_acc": 0.9578666666666666,
    "test_char_acc": 0.9913333333333333,
    "test_edit_distance": 0.0432,
    "test_clean_accuracy": 0.9578666666666666,
    "test_robustness_drop": null,
    "test_restoration_gain": null,
    "test_position_1_acc": 0.9922,
    "test_position_2_acc": 0.9894,
    "test_position_3_acc": 0.9907333333333334,
    "test_position_4_acc": 0.9918666666666667,
    "test_position_5_acc": 0.9924666666666667
}