{
    "epoch": 164,
    "train_loss": 3.995272401771122e-05,
    "pretrain_loss": null,
    "finetune_loss": 3.995272401771122e-05,
    "pseudo_label_count": 0,
    "pseudo_label_accept_rate": 0.0,
    "mean_pseudo_confidence": 0.0,
    "consistency_loss": 0.0,
    "encoder_stage": "supervised",
    "stn_status": "trainable",
    "stn_regularization_loss": 5.86535754278319e-07,
    "val_loss": 0.264734656544564,
    "val_seq_acc": 0.9606666666666667,
    "val_char_acc": 0.9920266666666666,
    "val_edit_distance": 0.03986666666666667,
    "val_clean_accuracy": 0.9606666666666667,
    "val_robustness_drop": null,
    "val_restoration_gain": null,
    "val_position_1_acc": 0.9925333333333334,
    "val_position_2_acc": 0.9906666666666667,
    "val_position_3_acc": 0.9914666666666667,
    "val_position_4_acc": 0.992,
    "val_position_5_acc": 0.9934666666666667,
    "test_loss": 0.2500800349931154,
    "test_seq_acc": 0.9606,
    "test_char_acc": 0.99192,
    "test_edit_distance": 0.040266666666666666,
    "test_clean_accuracy": 0.9606,
    "test_robustness_drop": null,
    "test_restoration_gain": null,
    "test_position_1_acc": 0.993,
    "test_position_2_acc": 0.99,
    "test_position_3_acc": 0.9914666666666667,
    "test_position_4_acc": 0.9919333333333333,
    "test_position_5_acc": 0.9932
}