{
    "epoch": 123,
    "train_loss": 9.181276412498979e-05,
    "pretrain_loss": null,
    "finetune_loss": 9.181276412498979e-05,
    "pseudo_label_count": 0,
    "pseudo_label_accept_rate": 0.0,
    "mean_pseudo_confidence": 0.0,
    "consistency_loss": 0.0,
    "encoder_stage": "supervised",
    "stn_status": "trainable",
    "stn_regularization_loss": 5.728175539793637e-07,
    "val_loss": 0.26597929387590136,
    "val_seq_acc": 0.959,
    "val_char_acc": 0.99172,
    "val_edit_distance": 0.0414,
    "val_clean_accuracy": 0.959,
    "val_robustness_drop": null,
    "val_restoration_gain": null,
    "val_position_1_acc": 0.992,
    "val_position_2_acc": 0.9903333333333333,
    "val_position_3_acc": 0.9912,
    "val_position_4_acc": 0.9917333333333334,
    "val_position_5_acc": 0.9933333333333333,
    "test_loss": 0.2515520472316292,
    "test_seq_acc": 0.9592666666666667,
    "test_char_acc": 0.9916666666666667,
    "test_edit_distance": 0.04153333333333333,
    "test_clean_accuracy": 0.9592666666666667,
    "test_robustness_drop": null,
    "test_restoration_gain": null,
    "test_position_1_acc": 0.9924,
    "test_position_2_acc": 0.9902,
    "test_position_3_acc": 0.9912666666666666,
    "test_position_4_acc": 0.9916,
    "test_position_5_acc": 0.9928666666666667
}