{
    "epoch": 24,
    "train_loss": 0.09210827610365482,
    "pretrain_loss": null,
    "finetune_loss": 0.09210827610365482,
    "pseudo_label_count": 0,
    "pseudo_label_accept_rate": 0.0,
    "mean_pseudo_confidence": 0.0,
    "consistency_loss": 0.0,
    "encoder_stage": "supervised",
    "stn_status": "trainable",
    "stn_regularization_loss": 1.435638797352142e-07,
    "val_loss": 0.4475789523478282,
    "val_seq_acc": 0.9084666666666666,
    "val_char_acc": 0.9805466666666667,
    "val_edit_distance": 0.09726666666666667,
    "val_clean_accuracy": 0.9084666666666666,
    "val_robustness_drop": null,
    "val_restoration_gain": null,
    "val_position_1_acc": 0.978,
    "val_position_2_acc": 0.9786666666666667,
    "val_position_3_acc": 0.9779333333333333,
    "val_position_4_acc": 0.9807333333333333,
    "val_position_5_acc": 0.9874,
    "test_loss": 0.43108176440000534,
    "test_seq_acc": 0.9084,
    "test_char_acc": 0.9803466666666667,
    "test_edit_distance": 0.09813333333333334,
    "test_clean_accuracy": 0.9084,
    "test_robustness_drop": null,
    "test_restoration_gain": null,
    "test_position_1_acc": 0.9797333333333333,
    "test_position_2_acc": 0.9762666666666666,
    "test_position_3_acc": 0.9787333333333333,
    "test_position_4_acc": 0.9816666666666667,
    "test_position_5_acc": 0.9853333333333333
}