{
    "epoch": 113,
    "train_loss": 0.00017526215900843763,
    "pretrain_loss": null,
    "finetune_loss": 0.00017526215900843763,
    "pseudo_label_count": 0,
    "pseudo_label_accept_rate": 0.0,
    "mean_pseudo_confidence": 0.0,
    "consistency_loss": 0.0,
    "encoder_stage": "supervised",
    "stn_status": "trainable",
    "stn_regularization_loss": 5.74325730024685e-07,
    "val_loss": 0.2650521162604337,
    "val_seq_acc": 0.9588,
    "val_char_acc": 0.9916533333333334,
    "val_edit_distance": 0.04173333333333333,
    "val_clean_accuracy": 0.9588,
    "val_robustness_drop": null,
    "val_restoration_gain": null,
    "val_position_1_acc": 0.9918,
    "val_position_2_acc": 0.9904,
    "val_position_3_acc": 0.9910666666666667,
    "val_position_4_acc": 0.9919333333333333,
    "val_position_5_acc": 0.9930666666666667,
    "test_loss": 0.2508098553783276,
    "test_seq_acc": 0.9598666666666666,
    "test_char_acc": 0.9918,
    "test_edit_distance": 0.04086666666666667,
    "test_clean_accuracy": 0.9598666666666666,
    "test_robustness_drop": null,
    "test_restoration_gain": null,
    "test_position_1_acc": 0.9928666666666667,
    "test_position_2_acc": 0.9903333333333333,
    "test_position_3_acc": 0.9912,
    "test_position_4_acc": 0.9915333333333334,
    "test_position_5_acc": 0.9930666666666667
}