{
    "epoch": 77,
    "train_loss": 0.0010832588783022006,
    "pretrain_loss": null,
    "finetune_loss": 0.0010832588783022006,
    "pseudo_label_count": 0,
    "pseudo_label_accept_rate": 0.0,
    "mean_pseudo_confidence": 0.0,
    "consistency_loss": 0.0,
    "encoder_stage": "supervised",
    "stn_status": "trainable",
    "stn_regularization_loss": 5.95328022854411e-07,
    "val_loss": 0.24058028274823484,
    "val_seq_acc": 0.9590666666666666,
    "val_char_acc": 0.99168,
    "val_edit_distance": 0.0416,
    "val_clean_accuracy": 0.9590666666666666,
    "val_robustness_drop": null,
    "val_restoration_gain": null,
    "val_position_1_acc": 0.9922666666666666,
    "val_position_2_acc": 0.9905333333333334,
    "val_position_3_acc": 0.9904,
    "val_position_4_acc": 0.9919333333333333,
    "val_position_5_acc": 0.9932666666666666,
    "test_loss": 0.23919225268567107,
    "test_seq_acc": 0.9593333333333334,
    "test_char_acc": 0.9917333333333334,
    "test_edit_distance": 0.04126666666666667,
    "test_clean_accuracy": 0.9593333333333334,
    "test_robustness_drop": null,
    "test_restoration_gain": null,
    "test_position_1_acc": 0.9932,
    "test_position_2_acc": 0.9897333333333334,
    "test_position_3_acc": 0.9911333333333333,
    "test_position_4_acc": 0.9921333333333333,
    "test_position_5_acc": 0.9924666666666667
}