{
    "epoch": 29,
    "train_loss": 0.06654459451308216,
    "pretrain_loss": null,
    "finetune_loss": 0.06654459451308216,
    "pseudo_label_count": 0,
    "pseudo_label_accept_rate": 0.0,
    "mean_pseudo_confidence": 0.0,
    "consistency_loss": 0.0,
    "encoder_stage": "supervised",
    "stn_status": "trainable",
    "stn_regularization_loss": 2.2367241011593263e-07,
    "val_loss": 4.804059636794914,
    "val_seq_acc": 0.5826666666666667,
    "val_char_acc": 0.8595733333333333,
    "val_edit_distance": 0.6624666666666666,
    "val_clean_accuracy": 0.5826666666666667,
    "val_robustness_drop": null,
    "val_restoration_gain": null,
    "val_position_1_acc": 0.8769333333333333,
    "val_position_2_acc": 0.8804,
    "val_position_3_acc": 0.8796666666666667,
    "val_position_4_acc": 0.8243333333333334,
    "val_position_5_acc": 0.8365333333333334,
    "test_loss": 4.700251676268497,
    "test_seq_acc": 0.5824666666666667,
    "test_char_acc": 0.8589066666666667,
    "test_edit_distance": 0.6655333333333333,
    "test_clean_accuracy": 0.5824666666666667,
    "test_robustness_drop": null,
    "test_restoration_gain": null,
    "test_position_1_acc": 0.8798666666666667,
    "test_position_2_acc": 0.8787333333333334,
    "test_position_3_acc": 0.8735333333333334,
    "test_position_4_acc": 0.8288,
    "test_position_5_acc": 0.8336
}