{
    "epoch": 49,
    "train_loss": 0.0442209902326467,
    "pretrain_loss": null,
    "finetune_loss": 0.0442209902326467,
    "pseudo_label_count": 0,
    "pseudo_label_accept_rate": 0.0,
    "mean_pseudo_confidence": 0.0,
    "consistency_loss": 0.0,
    "encoder_stage": "supervised",
    "stn_status": "trainable",
    "stn_regularization_loss": 4.7442536073178686e-07,
    "val_loss": 0.27535113414465373,
    "val_seq_acc": 0.9420666666666667,
    "val_char_acc": 0.9880133333333333,
    "val_edit_distance": 0.05993333333333333,
    "val_clean_accuracy": 0.9420666666666667,
    "val_robustness_drop": null,
    "val_restoration_gain": null,
    "val_position_1_acc": 0.989,
    "val_position_2_acc": 0.9861333333333333,
    "val_position_3_acc": 0.987,
    "val_position_4_acc": 0.9879333333333333,
    "val_position_5_acc": 0.99,
    "test_loss": 0.27265627237068396,
    "test_seq_acc": 0.9421333333333334,
    "test_char_acc": 0.98804,
    "test_edit_distance": 0.0598,
    "test_clean_accuracy": 0.9421333333333334,
    "test_robustness_drop": null,
    "test_restoration_gain": null,
    "test_position_1_acc": 0.9904666666666667,
    "test_position_2_acc": 0.9858,
    "test_position_3_acc": 0.9863333333333333,
    "test_position_4_acc": 0.988,
    "test_position_5_acc": 0.9896
}