{
    "epoch": 28,
    "train_loss": 0.07167002060219607,
    "pretrain_loss": null,
    "finetune_loss": 0.07167002060219607,
    "pseudo_label_count": 0,
    "pseudo_label_accept_rate": 0.0,
    "mean_pseudo_confidence": 0.0,
    "consistency_loss": 0.0,
    "encoder_stage": "supervised",
    "stn_status": "trainable",
    "stn_regularization_loss": 2.307360383222162e-07,
    "val_loss": 0.25277684202765005,
    "val_seq_acc": 0.9377333333333333,
    "val_char_acc": 0.9870133333333333,
    "val_edit_distance": 0.06493333333333333,
    "val_clean_accuracy": 0.9377333333333333,
    "val_robustness_drop": null,
    "val_restoration_gain": null,
    "val_position_1_acc": 0.9886666666666667,
    "val_position_2_acc": 0.9850666666666666,
    "val_position_3_acc": 0.9848666666666667,
    "val_position_4_acc": 0.9855333333333334,
    "val_position_5_acc": 0.9909333333333333,
    "test_loss": 0.24710087475003834,
    "test_seq_acc": 0.9373333333333334,
    "test_char_acc": 0.9869733333333334,
    "test_edit_distance": 0.065,
    "test_clean_accuracy": 0.9373333333333334,
    "test_robustness_drop": null,
    "test_restoration_gain": null,
    "test_position_1_acc": 0.9897333333333334,
    "test_position_2_acc": 0.983,
    "test_position_3_acc": 0.986,
    "test_position_4_acc": 0.9862666666666666,
    "test_position_5_acc": 0.9898666666666667
}