{
    "epoch": 135,
    "train_loss": 6.822575548775136e-05,
    "pretrain_loss": null,
    "finetune_loss": 6.822575548775136e-05,
    "pseudo_label_count": 0,
    "pseudo_label_accept_rate": 0.0,
    "mean_pseudo_confidence": 0.0,
    "consistency_loss": 0.0,
    "encoder_stage": "supervised",
    "stn_status": "trainable",
    "stn_regularization_loss": 5.869141142407689e-07,
    "val_loss": 0.2652014875251768,
    "val_seq_acc": 0.9594666666666667,
    "val_char_acc": 0.9917866666666667,
    "val_edit_distance": 0.04106666666666667,
    "val_clean_accuracy": 0.9594666666666667,
    "val_robustness_drop": null,
    "val_restoration_gain": null,
    "val_position_1_acc": 0.9923333333333333,
    "val_position_2_acc": 0.9905333333333334,
    "val_position_3_acc": 0.9910666666666667,
    "val_position_4_acc": 0.9917333333333334,
    "val_position_5_acc": 0.9932666666666666,
    "test_loss": 0.25257850073719934,
    "test_seq_acc": 0.9596,
    "test_char_acc": 0.9917466666666667,
    "test_edit_distance": 0.041133333333333334,
    "test_clean_accuracy": 0.9596,
    "test_robustness_drop": null,
    "test_restoration_gain": null,
    "test_position_1_acc": 0.9926,
    "test_position_2_acc": 0.9901333333333333,
    "test_position_3_acc": 0.9911333333333333,
    "test_position_4_acc": 0.9918,
    "test_position_5_acc": 0.9930666666666667
}