{
    "epoch": 6,
    "train_loss": 0.29216794436189586,
    "pretrain_loss": null,
    "finetune_loss": 0.29216794436189586,
    "pseudo_label_count": 0,
    "pseudo_label_accept_rate": 0.0,
    "mean_pseudo_confidence": 0.0,
    "consistency_loss": 0.0,
    "encoder_stage": "supervised",
    "stn_status": "frozen",
    "stn_regularization_loss": 0.0,
    "val_loss": 0.42685834255258914,
    "val_seq_acc": 0.8824666666666666,
    "val_char_acc": 0.9739466666666666,
    "val_edit_distance": 0.13013333333333332,
    "val_clean_accuracy": 0.8824666666666666,
    "val_robustness_drop": null,
    "val_restoration_gain": null,
    "val_position_1_acc": 0.9804,
    "val_position_2_acc": 0.9693333333333334,
    "val_position_3_acc": 0.9694666666666667,
    "val_position_4_acc": 0.9718666666666667,
    "val_position_5_acc": 0.9786666666666667,
    "test_loss": 0.42800733598612123,
    "test_seq_acc": 0.8753333333333333,
    "test_char_acc": 0.97268,
    "test_edit_distance": 0.1366,
    "test_clean_accuracy": 0.8753333333333333,
    "test_robustness_drop": null,
    "test_restoration_gain": null,
    "test_position_1_acc": 0.9801333333333333,
    "test_position_2_acc": 0.9674666666666667,
    "test_position_3_acc": 0.9656666666666667,
    "test_position_4_acc": 0.9744,
    "test_position_5_acc": 0.9757333333333333
}