{
    "epoch": 59,
    "train_loss": 0.001933932221516196,
    "pretrain_loss": null,
    "finetune_loss": 0.001933932221516196,
    "pseudo_label_count": 0,
    "pseudo_label_accept_rate": 0.0,
    "mean_pseudo_confidence": 0.0,
    "consistency_loss": 0.0,
    "encoder_stage": "supervised",
    "stn_status": "trainable",
    "stn_regularization_loss": 4.915764303047626e-07,
    "val_loss": 0.22171086948897722,
    "val_seq_acc": 0.9563333333333334,
    "val_char_acc": 0.9911066666666667,
    "val_edit_distance": 0.04446666666666667,
    "val_clean_accuracy": 0.9563333333333334,
    "val_robustness_drop": null,
    "val_restoration_gain": null,
    "val_position_1_acc": 0.9918666666666667,
    "val_position_2_acc": 0.9895333333333334,
    "val_position_3_acc": 0.9900666666666667,
    "val_position_4_acc": 0.9909333333333333,
    "val_position_5_acc": 0.9931333333333333,
    "test_loss": 0.21302326576058137,
    "test_seq_acc": 0.9577333333333333,
    "test_char_acc": 0.9913333333333333,
    "test_edit_distance": 0.0432,
    "test_clean_accuracy": 0.9577333333333333,
    "test_robustness_drop": null,
    "test_restoration_gain": null,
    "test_position_1_acc": 0.9926,
    "test_position_2_acc": 0.9892666666666666,
    "test_position_3_acc": 0.9903333333333333,
    "test_position_4_acc": 0.9918666666666667,
    "test_position_5_acc": 0.9926
}