{
    "epoch": 147,
    "train_loss": 3.288715095303323e-05,
    "pretrain_loss": null,
    "finetune_loss": 3.288715095303323e-05,
    "pseudo_label_count": 0,
    "pseudo_label_accept_rate": 0.0,
    "mean_pseudo_confidence": 0.0,
    "consistency_loss": 0.0,
    "encoder_stage": "supervised",
    "stn_status": "trainable",
    "stn_regularization_loss": 5.834435162234974e-07,
    "val_loss": 0.26343996190491636,
    "val_seq_acc": 0.9606666666666667,
    "val_char_acc": 0.99204,
    "val_edit_distance": 0.0398,
    "val_clean_accuracy": 0.9606666666666667,
    "val_robustness_drop": null,
    "val_restoration_gain": null,
    "val_position_1_acc": 0.9923333333333333,
    "val_position_2_acc": 0.9907333333333334,
    "val_position_3_acc": 0.9913333333333333,
    "val_position_4_acc": 0.9921333333333333,
    "val_position_5_acc": 0.9936666666666667,
    "test_loss": 0.24887502794272376,
    "test_seq_acc": 0.9607333333333333,
    "test_char_acc": 0.99196,
    "test_edit_distance": 0.04006666666666667,
    "test_clean_accuracy": 0.9607333333333333,
    "test_robustness_drop": null,
    "test_restoration_gain": null,
    "test_position_1_acc": 0.9926666666666667,
    "test_position_2_acc": 0.9903333333333333,
    "test_position_3_acc": 0.9913333333333333,
    "test_position_4_acc": 0.9922,
    "test_position_5_acc": 0.9932666666666666
}