{
    "epoch": 196,
    "train_loss": 2.3739846918451376e-05,
    "pretrain_loss": null,
    "finetune_loss": 2.3739846918451376e-05,
    "pseudo_label_count": 0,
    "pseudo_label_accept_rate": 0.0,
    "mean_pseudo_confidence": 0.0,
    "consistency_loss": 0.0,
    "encoder_stage": "supervised",
    "stn_status": "trainable",
    "stn_regularization_loss": 5.90397533194694e-07,
    "val_loss": 0.26508614782518236,
    "val_seq_acc": 0.9613333333333334,
    "val_char_acc": 0.99216,
    "val_edit_distance": 0.0392,
    "val_clean_accuracy": 0.9613333333333334,
    "val_robustness_drop": null,
    "val_restoration_gain": null,
    "val_position_1_acc": 0.9925333333333334,
    "val_position_2_acc": 0.9909333333333333,
    "val_position_3_acc": 0.9914,
    "val_position_4_acc": 0.9922666666666666,
    "val_position_5_acc": 0.9936666666666667,
    "test_loss": 0.24980805936798264,
    "test_seq_acc": 0.9611333333333333,
    "test_char_acc": 0.9920266666666666,
    "test_edit_distance": 0.039733333333333336,
    "test_clean_accuracy": 0.9611333333333333,
    "test_robustness_drop": null,
    "test_restoration_gain": null,
    "test_position_1_acc": 0.9931333333333333,
    "test_position_2_acc": 0.99,
    "test_position_3_acc": 0.9913333333333333,
    "test_position_4_acc": 0.9922666666666666,
    "test_position_5_acc": 0.9934
}