{
    "epoch": 34,
    "train_loss": 0.06334910849619939,
    "pretrain_loss": null,
    "finetune_loss": 0.06334910849619939,
    "pseudo_label_count": 0,
    "pseudo_label_accept_rate": 0.0,
    "mean_pseudo_confidence": 0.0,
    "consistency_loss": 0.0,
    "encoder_stage": "supervised",
    "stn_status": "trainable",
    "stn_regularization_loss": 4.4635965065090653e-07,
    "val_loss": 1.6072245406902443,
    "val_seq_acc": 0.7907333333333333,
    "val_char_acc": 0.9405733333333334,
    "val_edit_distance": 0.2853333333333333,
    "val_clean_accuracy": 0.7907333333333333,
    "val_robustness_drop": null,
    "val_restoration_gain": null,
    "val_position_1_acc": 0.9126666666666666,
    "val_position_2_acc": 0.9069333333333334,
    "val_position_3_acc": 0.9554,
    "val_position_4_acc": 0.9581333333333333,
    "val_position_5_acc": 0.9697333333333333,
    "test_loss": 1.481759282491975,
    "test_seq_acc": 0.7999333333333334,
    "test_char_acc": 0.94408,
    "test_edit_distance": 0.2694,
    "test_clean_accuracy": 0.7999333333333334,
    "test_robustness_drop": null,
    "test_restoration_gain": null,
    "test_position_1_acc": 0.9193333333333333,
    "test_position_2_acc": 0.9118666666666667,
    "test_position_3_acc": 0.957,
    "test_position_4_acc": 0.9628666666666666,
    "test_position_5_acc": 0.9693333333333334
}