{
    "epoch": 62,
    "train_loss": 0.0014686151780765602,
    "pretrain_loss": null,
    "finetune_loss": 0.0014686151780765602,
    "pseudo_label_count": 0,
    "pseudo_label_accept_rate": 0.0,
    "mean_pseudo_confidence": 0.0,
    "consistency_loss": 0.0,
    "encoder_stage": "supervised",
    "stn_status": "trainable",
    "stn_regularization_loss": 4.900340576742202e-07,
    "val_loss": 0.22041559032627214,
    "val_seq_acc": 0.957,
    "val_char_acc": 0.9911866666666667,
    "val_edit_distance": 0.044066666666666664,
    "val_clean_accuracy": 0.957,
    "val_robustness_drop": null,
    "val_restoration_gain": null,
    "val_position_1_acc": 0.9922,
    "val_position_2_acc": 0.9901333333333333,
    "val_position_3_acc": 0.9902666666666666,
    "val_position_4_acc": 0.9906,
    "val_position_5_acc": 0.9927333333333334,
    "test_loss": 0.21072138901168513,
    "test_seq_acc": 0.958,
    "test_char_acc": 0.9914266666666667,
    "test_edit_distance": 0.04273333333333333,
    "test_clean_accuracy": 0.958,
    "test_robustness_drop": null,
    "test_restoration_gain": null,
    "test_position_1_acc": 0.9927333333333334,
    "test_position_2_acc": 0.9891333333333333,
    "test_position_3_acc": 0.9909333333333333,
    "test_position_4_acc": 0.9918666666666667,
    "test_position_5_acc": 0.9924666666666667
}