{
    "epoch": 146,
    "train_loss": 3.708724378218799e-05,
    "pretrain_loss": null,
    "finetune_loss": 3.708724378218799e-05,
    "pseudo_label_count": 0,
    "pseudo_label_accept_rate": 0.0,
    "mean_pseudo_confidence": 0.0,
    "consistency_loss": 0.0,
    "encoder_stage": "supervised",
    "stn_status": "trainable",
    "stn_regularization_loss": 5.836361252505714e-07,
    "val_loss": 0.26386804660630286,
    "val_seq_acc": 0.9605333333333334,
    "val_char_acc": 0.9920133333333333,
    "val_edit_distance": 0.039933333333333335,
    "val_clean_accuracy": 0.9605333333333334,
    "val_robustness_drop": null,
    "val_restoration_gain": null,
    "val_position_1_acc": 0.9923333333333333,
    "val_position_2_acc": 0.9909333333333333,
    "val_position_3_acc": 0.9912,
    "val_position_4_acc": 0.992,
    "val_position_5_acc": 0.9936,
    "test_loss": 0.24957845006651103,
    "test_seq_acc": 0.9602666666666667,
    "test_char_acc": 0.9918666666666667,
    "test_edit_distance": 0.04053333333333333,
    "test_clean_accuracy": 0.9602666666666667,
    "test_robustness_drop": null,
    "test_restoration_gain": null,
    "test_position_1_acc": 0.9928,
    "test_position_2_acc": 0.9899333333333333,
    "test_position_3_acc": 0.9913333333333333,
    "test_position_4_acc": 0.9918,
    "test_position_5_acc": 0.9934666666666667
}