{
    "epoch": 65,
    "train_loss": 0.0012878750924853238,
    "pretrain_loss": null,
    "finetune_loss": 0.0012878750924853238,
    "pseudo_label_count": 0,
    "pseudo_label_accept_rate": 0.0,
    "mean_pseudo_confidence": 0.0,
    "consistency_loss": 0.0,
    "encoder_stage": "supervised",
    "stn_status": "trainable",
    "stn_regularization_loss": 5.058037490557854e-07,
    "val_loss": 0.2218162682863402,
    "val_seq_acc": 0.9588,
    "val_char_acc": 0.9915866666666666,
    "val_edit_distance": 0.04206666666666667,
    "val_clean_accuracy": 0.9588,
    "val_robustness_drop": null,
    "val_restoration_gain": null,
    "val_position_1_acc": 0.992,
    "val_position_2_acc": 0.9906666666666667,
    "val_position_3_acc": 0.9907333333333334,
    "val_position_4_acc": 0.9916666666666667,
    "val_position_5_acc": 0.9928666666666667,
    "test_loss": 0.21766599690762617,
    "test_seq_acc": 0.9586666666666667,
    "test_char_acc": 0.9915866666666666,
    "test_edit_distance": 0.042,
    "test_clean_accuracy": 0.9586666666666667,
    "test_robustness_drop": null,
    "test_restoration_gain": null,
    "test_position_1_acc": 0.9927333333333334,
    "test_position_2_acc": 0.9892666666666666,
    "test_position_3_acc": 0.9911333333333333,
    "test_position_4_acc": 0.9918666666666667,
    "test_position_5_acc": 0.9929333333333333
}