{
    "epoch": 163,
    "train_loss": 4.310713145674745e-05,
    "pretrain_loss": null,
    "finetune_loss": 4.310713145674745e-05,
    "pseudo_label_count": 0,
    "pseudo_label_accept_rate": 0.0,
    "mean_pseudo_confidence": 0.0,
    "consistency_loss": 0.0,
    "encoder_stage": "supervised",
    "stn_status": "trainable",
    "stn_regularization_loss": 5.86296382708466e-07,
    "val_loss": 0.2643952309888969,
    "val_seq_acc": 0.961,
    "val_char_acc": 0.9921066666666667,
    "val_edit_distance": 0.039466666666666664,
    "val_clean_accuracy": 0.961,
    "val_robustness_drop": null,
    "val_restoration_gain": null,
    "val_position_1_acc": 0.9925333333333334,
    "val_position_2_acc": 0.9908666666666667,
    "val_position_3_acc": 0.9914666666666667,
    "val_position_4_acc": 0.992,
    "val_position_5_acc": 0.9936666666666667,
    "test_loss": 0.24940387495809188,
    "test_seq_acc": 0.9608,
    "test_char_acc": 0.99196,
    "test_edit_distance": 0.04006666666666667,
    "test_clean_accuracy": 0.9608,
    "test_robustness_drop": null,
    "test_restoration_gain": null,
    "test_position_1_acc": 0.9931333333333333,
    "test_position_2_acc": 0.99,
    "test_position_3_acc": 0.9912666666666666,
    "test_position_4_acc": 0.9922,
    "test_position_5_acc": 0.9932
}