{
    "epoch": 149,
    "train_loss": 3.05588052550568e-05,
    "pretrain_loss": null,
    "finetune_loss": 3.05588052550568e-05,
    "pseudo_label_count": 0,
    "pseudo_label_accept_rate": 0.0,
    "mean_pseudo_confidence": 0.0,
    "consistency_loss": 0.0,
    "encoder_stage": "supervised",
    "stn_status": "trainable",
    "stn_regularization_loss": 5.91200713115873e-07,
    "val_loss": 0.26571223443083986,
    "val_seq_acc": 0.9602,
    "val_char_acc": 0.9919333333333333,
    "val_edit_distance": 0.04033333333333333,
    "val_clean_accuracy": 0.9602,
    "val_robustness_drop": null,
    "val_restoration_gain": null,
    "val_position_1_acc": 0.9923333333333333,
    "val_position_2_acc": 0.9905333333333334,
    "val_position_3_acc": 0.9912666666666666,
    "val_position_4_acc": 0.9921333333333333,
    "val_position_5_acc": 0.9934,
    "test_loss": 0.25211714653266687,
    "test_seq_acc": 0.9602666666666667,
    "test_char_acc": 0.9918533333333334,
    "test_edit_distance": 0.0406,
    "test_clean_accuracy": 0.9602666666666667,
    "test_robustness_drop": null,
    "test_restoration_gain": null,
    "test_position_1_acc": 0.9926666666666667,
    "test_position_2_acc": 0.9899333333333333,
    "test_position_3_acc": 0.9914666666666667,
    "test_position_4_acc": 0.9920666666666667,
    "test_position_5_acc": 0.9931333333333333
}