{
    "epoch": 170,
    "train_loss": 3.475216222040865e-05,
    "pretrain_loss": null,
    "finetune_loss": 3.475216222040865e-05,
    "pseudo_label_count": 0,
    "pseudo_label_accept_rate": 0.0,
    "mean_pseudo_confidence": 0.0,
    "consistency_loss": 0.0,
    "encoder_stage": "supervised",
    "stn_status": "trainable",
    "stn_regularization_loss": 5.870780493250173e-07,
    "val_loss": 0.26649008661763096,
    "val_seq_acc": 0.9598666666666666,
    "val_char_acc": 0.9918666666666667,
    "val_edit_distance": 0.04066666666666666,
    "val_clean_accuracy": 0.9598666666666666,
    "val_robustness_drop": null,
    "val_restoration_gain": null,
    "val_position_1_acc": 0.9922,
    "val_position_2_acc": 0.9903333333333333,
    "val_position_3_acc": 0.9913333333333333,
    "val_position_4_acc": 0.9920666666666667,
    "val_position_5_acc": 0.9934,
    "test_loss": 0.2525768145737317,
    "test_seq_acc": 0.9602,
    "test_char_acc": 0.9918533333333334,
    "test_edit_distance": 0.0406,
    "test_clean_accuracy": 0.9602,
    "test_robustness_drop": null,
    "test_restoration_gain": null,
    "test_position_1_acc": 0.9928,
    "test_position_2_acc": 0.9899333333333333,
    "test_position_3_acc": 0.9914666666666667,
    "test_position_4_acc": 0.9918666666666667,
    "test_position_5_acc": 0.9932
}