{
    "epoch": 124,
    "train_loss": 9.577788962722637e-05,
    "pretrain_loss": null,
    "finetune_loss": 9.577788962722637e-05,
    "pseudo_label_count": 0,
    "pseudo_label_accept_rate": 0.0,
    "mean_pseudo_confidence": 0.0,
    "consistency_loss": 0.0,
    "encoder_stage": "supervised",
    "stn_status": "trainable",
    "stn_regularization_loss": 5.746778148959516e-07,
    "val_loss": 0.2642403812126959,
    "val_seq_acc": 0.959,
    "val_char_acc": 0.99172,
    "val_edit_distance": 0.0414,
    "val_clean_accuracy": 0.959,
    "val_robustness_drop": null,
    "val_restoration_gain": null,
    "val_position_1_acc": 0.9920666666666667,
    "val_position_2_acc": 0.9905333333333334,
    "val_position_3_acc": 0.9911333333333333,
    "val_position_4_acc": 0.9915333333333334,
    "val_position_5_acc": 0.9933333333333333,
    "test_loss": 0.2498849406108355,
    "test_seq_acc": 0.9600666666666666,
    "test_char_acc": 0.99184,
    "test_edit_distance": 0.04066666666666666,
    "test_clean_accuracy": 0.9600666666666666,
    "test_robustness_drop": null,
    "test_restoration_gain": null,
    "test_position_1_acc": 0.9926,
    "test_position_2_acc": 0.9904,
    "test_position_3_acc": 0.9912,
    "test_position_4_acc": 0.9918666666666667,
    "test_position_5_acc": 0.9931333333333333
}