{
    "epoch": 100,
    "train_loss": 0.0006494133928561961,
    "pretrain_loss": null,
    "finetune_loss": 0.0006494133928561961,
    "pseudo_label_count": 0,
    "pseudo_label_accept_rate": 0.0,
    "mean_pseudo_confidence": 0.0,
    "consistency_loss": 0.0,
    "encoder_stage": "supervised",
    "stn_status": "trainable",
    "stn_regularization_loss": 5.905385236481227e-07,
    "val_loss": 0.27352523026638664,
    "val_seq_acc": 0.9579333333333333,
    "val_char_acc": 0.9914133333333334,
    "val_edit_distance": 0.04293333333333333,
    "val_clean_accuracy": 0.9579333333333333,
    "val_robustness_drop": null,
    "val_restoration_gain": null,
    "val_position_1_acc": 0.9918,
    "val_position_2_acc": 0.9898666666666667,
    "val_position_3_acc": 0.9910666666666667,
    "val_position_4_acc": 0.9916666666666667,
    "val_position_5_acc": 0.9926666666666667,
    "test_loss": 0.2573469317462927,
    "test_seq_acc": 0.9586,
    "test_char_acc": 0.9915333333333334,
    "test_edit_distance": 0.0422,
    "test_clean_accuracy": 0.9586,
    "test_robustness_drop": null,
    "test_restoration_gain": null,
    "test_position_1_acc": 0.9930666666666667,
    "test_position_2_acc": 0.9899333333333333,
    "test_position_3_acc": 0.9909333333333333,
    "test_position_4_acc": 0.9913333333333333,
    "test_position_5_acc": 0.9924
}