{
    "epoch": 198,
    "train_loss": 2.1867702041255895e-05,
    "pretrain_loss": null,
    "finetune_loss": 2.1867702041255895e-05,
    "pseudo_label_count": 0,
    "pseudo_label_accept_rate": 0.0,
    "mean_pseudo_confidence": 0.0,
    "consistency_loss": 0.0,
    "encoder_stage": "supervised",
    "stn_status": "trainable",
    "stn_regularization_loss": 5.903825626714684e-07,
    "val_loss": 0.2655100442922449,
    "val_seq_acc": 0.9606666666666667,
    "val_char_acc": 0.99204,
    "val_edit_distance": 0.0398,
    "val_clean_accuracy": 0.9606666666666667,
    "val_robustness_drop": null,
    "val_restoration_gain": null,
    "val_position_1_acc": 0.9926,
    "val_position_2_acc": 0.9908666666666667,
    "val_position_3_acc": 0.9912,
    "val_position_4_acc": 0.992,
    "val_position_5_acc": 0.9935333333333334,
    "test_loss": 0.2507584504230674,
    "test_seq_acc": 0.9608666666666666,
    "test_char_acc": 0.9919866666666667,
    "test_edit_distance": 0.039933333333333335,
    "test_clean_accuracy": 0.9608666666666666,
    "test_robustness_drop": null,
    "test_restoration_gain": null,
    "test_position_1_acc": 0.993,
    "test_position_2_acc": 0.9902666666666666,
    "test_position_3_acc": 0.9911333333333333,
    "test_position_4_acc": 0.9922,
    "test_position_5_acc": 0.9933333333333333
}