{
    "epoch": 119,
    "train_loss": 9.934468545418113e-05,
    "pretrain_loss": null,
    "finetune_loss": 9.934468545418113e-05,
    "pseudo_label_count": 0,
    "pseudo_label_accept_rate": 0.0,
    "mean_pseudo_confidence": 0.0,
    "consistency_loss": 0.0,
    "encoder_stage": "supervised",
    "stn_status": "trainable",
    "stn_regularization_loss": 5.751726335177696e-07,
    "val_loss": 0.26581743750543635,
    "val_seq_acc": 0.9588666666666666,
    "val_char_acc": 0.9916933333333333,
    "val_edit_distance": 0.04153333333333333,
    "val_clean_accuracy": 0.9588666666666666,
    "val_robustness_drop": null,
    "val_restoration_gain": null,
    "val_position_1_acc": 0.9917333333333334,
    "val_position_2_acc": 0.9906,
    "val_position_3_acc": 0.9912666666666666,
    "val_position_4_acc": 0.9916,
    "val_position_5_acc": 0.9932666666666666,
    "test_loss": 0.2506427861892192,
    "test_seq_acc": 0.9606,
    "test_char_acc": 0.9919333333333333,
    "test_edit_distance": 0.0402,
    "test_clean_accuracy": 0.9606,
    "test_robustness_drop": null,
    "test_restoration_gain": null,
    "test_position_1_acc": 0.9928666666666667,
    "test_position_2_acc": 0.9906,
    "test_position_3_acc": 0.9914,
    "test_position_4_acc": 0.9916666666666667,
    "test_position_5_acc": 0.9931333333333333
}