{
    "epoch": 108,
    "train_loss": 0.00020482195332577525,
    "pretrain_loss": null,
    "finetune_loss": 0.00020482195332577525,
    "pseudo_label_count": 0,
    "pseudo_label_accept_rate": 0.0,
    "mean_pseudo_confidence": 0.0,
    "consistency_loss": 0.0,
    "encoder_stage": "supervised",
    "stn_status": "trainable",
    "stn_regularization_loss": 5.688669559594809e-07,
    "val_loss": 0.2669298136772063,
    "val_seq_acc": 0.9587333333333333,
    "val_char_acc": 0.9915866666666666,
    "val_edit_distance": 0.04206666666666667,
    "val_clean_accuracy": 0.9587333333333333,
    "val_robustness_drop": null,
    "val_restoration_gain": null,
    "val_position_1_acc": 0.9915333333333334,
    "val_position_2_acc": 0.9902666666666666,
    "val_position_3_acc": 0.9910666666666667,
    "val_position_4_acc": 0.9920666666666667,
    "val_position_5_acc": 0.993,
    "test_loss": 0.25086266028900017,
    "test_seq_acc": 0.9598,
    "test_char_acc": 0.99176,
    "test_edit_distance": 0.04106666666666667,
    "test_clean_accuracy": 0.9598,
    "test_robustness_drop": null,
    "test_restoration_gain": null,
    "test_position_1_acc": 0.9928,
    "test_position_2_acc": 0.9904,
    "test_position_3_acc": 0.9912666666666666,
    "test_position_4_acc": 0.9915333333333334,
    "test_position_5_acc": 0.9928
}