{
    "epoch": 63,
    "train_loss": 0.0015161149514952732,
    "pretrain_loss": null,
    "finetune_loss": 0.0015161149514952732,
    "pseudo_label_count": 0,
    "pseudo_label_accept_rate": 0.0,
    "mean_pseudo_confidence": 0.0,
    "consistency_loss": 0.0,
    "encoder_stage": "supervised",
    "stn_status": "trainable",
    "stn_regularization_loss": 4.826616183004083e-07,
    "val_loss": 0.2216670321038198,
    "val_seq_acc": 0.9573333333333334,
    "val_char_acc": 0.9913066666666667,
    "val_edit_distance": 0.04346666666666667,
    "val_clean_accuracy": 0.9573333333333334,
    "val_robustness_drop": null,
    "val_restoration_gain": null,
    "val_position_1_acc": 0.9918666666666667,
    "val_position_2_acc": 0.9902,
    "val_position_3_acc": 0.991,
    "val_position_4_acc": 0.9902666666666666,
    "val_position_5_acc": 0.9932,
    "test_loss": 0.21093950811299986,
    "test_seq_acc": 0.9582666666666667,
    "test_char_acc": 0.9915066666666666,
    "test_edit_distance": 0.0424,
    "test_clean_accuracy": 0.9582666666666667,
    "test_robustness_drop": null,
    "test_restoration_gain": null,
    "test_position_1_acc": 0.9926666666666667,
    "test_position_2_acc": 0.9891333333333333,
    "test_position_3_acc": 0.9908,
    "test_position_4_acc": 0.9922,
    "test_position_5_acc": 0.9927333333333334
}