{
    "epoch": 136,
    "train_loss": 5.1051875361403713e-05,
    "pretrain_loss": null,
    "finetune_loss": 5.1051875361403713e-05,
    "pseudo_label_count": 0,
    "pseudo_label_accept_rate": 0.0,
    "mean_pseudo_confidence": 0.0,
    "consistency_loss": 0.0,
    "encoder_stage": "supervised",
    "stn_status": "trainable",
    "stn_regularization_loss": 5.888256300370127e-07,
    "val_loss": 0.26666642663412393,
    "val_seq_acc": 0.9596,
    "val_char_acc": 0.9918266666666666,
    "val_edit_distance": 0.04086666666666667,
    "val_clean_accuracy": 0.9596,
    "val_robustness_drop": null,
    "val_restoration_gain": null,
    "val_position_1_acc": 0.9923333333333333,
    "val_position_2_acc": 0.9905333333333334,
    "val_position_3_acc": 0.9912,
    "val_position_4_acc": 0.9918,
    "val_position_5_acc": 0.9932666666666666,
    "test_loss": 0.25410360101042156,
    "test_seq_acc": 0.9589333333333333,
    "test_char_acc": 0.9916,
    "test_edit_distance": 0.04186666666666667,
    "test_clean_accuracy": 0.9589333333333333,
    "test_robustness_drop": null,
    "test_restoration_gain": null,
    "test_position_1_acc": 0.9926666666666667,
    "test_position_2_acc": 0.9898666666666667,
    "test_position_3_acc": 0.9909333333333333,
    "test_position_4_acc": 0.9914666666666667,
    "test_position_5_acc": 0.9930666666666667
}