{
    "epoch": 13,
    "train_loss": 0.17052290575000076,
    "pretrain_loss": null,
    "finetune_loss": 0.17052290575000076,
    "pseudo_label_count": 0,
    "pseudo_label_accept_rate": 0.0,
    "mean_pseudo_confidence": 0.0,
    "consistency_loss": 0.0,
    "encoder_stage": "supervised",
    "stn_status": "frozen",
    "stn_regularization_loss": 0.0,
    "val_loss": 0.3875166014847109,
    "val_seq_acc": 0.9036,
    "val_char_acc": 0.9785466666666667,
    "val_edit_distance": 0.1072,
    "val_clean_accuracy": 0.9036,
    "val_robustness_drop": null,
    "val_restoration_gain": null,
    "val_position_1_acc": 0.9824666666666667,
    "val_position_2_acc": 0.9753333333333334,
    "val_position_3_acc": 0.9763333333333334,
    "val_position_4_acc": 0.9770666666666666,
    "val_position_5_acc": 0.9815333333333334,
    "test_loss": 0.3844553688067501,
    "test_seq_acc": 0.9008666666666667,
    "test_char_acc": 0.97832,
    "test_edit_distance": 0.1084,
    "test_clean_accuracy": 0.9008666666666667,
    "test_robustness_drop": null,
    "test_restoration_gain": null,
    "test_position_1_acc": 0.9817333333333333,
    "test_position_2_acc": 0.9739333333333333,
    "test_position_3_acc": 0.9755333333333334,
    "test_position_4_acc": 0.9797333333333333,
    "test_position_5_acc": 0.9806666666666667
}