{
    "epoch": 38,
    "train_loss": 0.058182414070345634,
    "pretrain_loss": null,
    "finetune_loss": 0.058182414070345634,
    "pseudo_label_count": 0,
    "pseudo_label_accept_rate": 0.0,
    "mean_pseudo_confidence": 0.0,
    "consistency_loss": 0.0,
    "encoder_stage": "supervised",
    "stn_status": "trainable",
    "stn_regularization_loss": 6.062713292164562e-07,
    "val_loss": 0.34813864819579204,
    "val_seq_acc": 0.9340666666666667,
    "val_char_acc": 0.9858933333333333,
    "val_edit_distance": 0.07053333333333334,
    "val_clean_accuracy": 0.9340666666666667,
    "val_robustness_drop": null,
    "val_restoration_gain": null,
    "val_position_1_acc": 0.9866,
    "val_position_2_acc": 0.9828,
    "val_position_3_acc": 0.9834666666666667,
    "val_position_4_acc": 0.986,
    "val_position_5_acc": 0.9906,
    "test_loss": 0.3229278939128932,
    "test_seq_acc": 0.9332,
    "test_char_acc": 0.98592,
    "test_edit_distance": 0.07033333333333333,
    "test_clean_accuracy": 0.9332,
    "test_robustness_drop": null,
    "test_restoration_gain": null,
    "test_position_1_acc": 0.987,
    "test_position_2_acc": 0.9809333333333333,
    "test_position_3_acc": 0.9851333333333333,
    "test_position_4_acc": 0.9867333333333334,
    "test_position_5_acc": 0.9898
}