{
    "epoch": 3,
    "train_loss": 0.5506715099898705,
    "pretrain_loss": null,
    "finetune_loss": 0.5506715099898705,
    "pseudo_label_count": 0,
    "pseudo_label_accept_rate": 0.0,
    "mean_pseudo_confidence": 0.0,
    "consistency_loss": 0.0,
    "encoder_stage": "supervised",
    "stn_status": "frozen",
    "stn_regularization_loss": 0.0,
    "val_loss": 5.022157858994047,
    "val_seq_acc": 0.3828666666666667,
    "val_char_acc": 0.7743466666666666,
    "val_edit_distance": 1.0726,
    "val_clean_accuracy": 0.3828666666666667,
    "val_robustness_drop": null,
    "val_restoration_gain": null,
    "val_position_1_acc": 0.6877333333333333,
    "val_position_2_acc": 0.7162666666666667,
    "val_position_3_acc": 0.8142666666666667,
    "val_position_4_acc": 0.8046666666666666,
    "val_position_5_acc": 0.8488,
    "test_loss": 4.963186827756591,
    "test_seq_acc": 0.38693333333333335,
    "test_char_acc": 0.7760933333333333,
    "test_edit_distance": 1.0628666666666666,
    "test_clean_accuracy": 0.38693333333333335,
    "test_robustness_drop": null,
    "test_restoration_gain": null,
    "test_position_1_acc": 0.6994666666666667,
    "test_position_2_acc": 0.7226,
    "test_position_3_acc": 0.8090666666666667,
    "test_position_4_acc": 0.8031333333333334,
    "test_position_5_acc": 0.8462
}