{
    "epoch": 144,
    "train_loss": 4.60745215329669e-05,
    "pretrain_loss": null,
    "finetune_loss": 4.60745215329669e-05,
    "pseudo_label_count": 0,
    "pseudo_label_accept_rate": 0.0,
    "mean_pseudo_confidence": 0.0,
    "consistency_loss": 0.0,
    "encoder_stage": "supervised",
    "stn_status": "trainable",
    "stn_regularization_loss": 5.827388025354546e-07,
    "val_loss": 0.2634294159464751,
    "val_seq_acc": 0.9605333333333334,
    "val_char_acc": 0.9919866666666667,
    "val_edit_distance": 0.04006666666666667,
    "val_clean_accuracy": 0.9605333333333334,
    "val_robustness_drop": null,
    "val_restoration_gain": null,
    "val_position_1_acc": 0.9922666666666666,
    "val_position_2_acc": 0.9908666666666667,
    "val_position_3_acc": 0.9913333333333333,
    "val_position_4_acc": 0.9920666666666667,
    "val_position_5_acc": 0.9934,
    "test_loss": 0.2501589346329792,
    "test_seq_acc": 0.9606,
    "test_char_acc": 0.9919333333333333,
    "test_edit_distance": 0.0402,
    "test_clean_accuracy": 0.9606,
    "test_robustness_drop": null,
    "test_restoration_gain": null,
    "test_position_1_acc": 0.9928,
    "test_position_2_acc": 0.9903333333333333,
    "test_position_3_acc": 0.9913333333333333,
    "test_position_4_acc": 0.9922,
    "test_position_5_acc": 0.993
}