{
    "epoch": 112,
    "train_loss": 0.00021874707121664644,
    "pretrain_loss": null,
    "finetune_loss": 0.00021874707121664644,
    "pseudo_label_count": 0,
    "pseudo_label_accept_rate": 0.0,
    "mean_pseudo_confidence": 0.0,
    "consistency_loss": 0.0,
    "encoder_stage": "supervised",
    "stn_status": "trainable",
    "stn_regularization_loss": 5.68851857575667e-07,
    "val_loss": 0.2653558021125194,
    "val_seq_acc": 0.9588666666666666,
    "val_char_acc": 0.9916533333333334,
    "val_edit_distance": 0.04173333333333333,
    "val_clean_accuracy": 0.9588666666666666,
    "val_robustness_drop": null,
    "val_restoration_gain": null,
    "val_position_1_acc": 0.9918,
    "val_position_2_acc": 0.9903333333333333,
    "val_position_3_acc": 0.9911333333333333,
    "val_position_4_acc": 0.9919333333333333,
    "val_position_5_acc": 0.9930666666666667,
    "test_loss": 0.2508846809594276,
    "test_seq_acc": 0.9596666666666667,
    "test_char_acc": 0.9917466666666667,
    "test_edit_distance": 0.041133333333333334,
    "test_clean_accuracy": 0.9596666666666667,
    "test_robustness_drop": null,
    "test_restoration_gain": null,
    "test_position_1_acc": 0.993,
    "test_position_2_acc": 0.9901333333333333,
    "test_position_3_acc": 0.9911333333333333,
    "test_position_4_acc": 0.9916666666666667,
    "test_position_5_acc": 0.9928
}