{
    "epoch": 21,
    "train_loss": 0.10398014686398656,
    "pretrain_loss": null,
    "finetune_loss": 0.10398014686398656,
    "pseudo_label_count": 0,
    "pseudo_label_accept_rate": 0.0,
    "mean_pseudo_confidence": 0.0,
    "consistency_loss": 0.0,
    "encoder_stage": "supervised",
    "stn_status": "trainable",
    "stn_regularization_loss": 3.870221213830646e-08,
    "val_loss": 3.686977127851066,
    "val_seq_acc": 0.604,
    "val_char_acc": 0.8737333333333334,
    "val_edit_distance": 0.6152,
    "val_clean_accuracy": 0.604,
    "val_robustness_drop": null,
    "val_restoration_gain": null,
    "val_position_1_acc": 0.8675333333333334,
    "val_position_2_acc": 0.8654666666666667,
    "val_position_3_acc": 0.8854666666666666,
    "val_position_4_acc": 0.8716666666666667,
    "val_position_5_acc": 0.8785333333333334,
    "test_loss": 3.6231209342762574,
    "test_seq_acc": 0.6039333333333333,
    "test_char_acc": 0.8757066666666666,
    "test_edit_distance": 0.6034,
    "test_clean_accuracy": 0.6039333333333333,
    "test_robustness_drop": null,
    "test_restoration_gain": null,
    "test_position_1_acc": 0.8695333333333334,
    "test_position_2_acc": 0.8674,
    "test_position_3_acc": 0.8837333333333334,
    "test_position_4_acc": 0.8761333333333333,
    "test_position_5_acc": 0.8817333333333334
}