{
    "epoch": 14,
    "train_loss": 0.15629873868301705,
    "pretrain_loss": null,
    "finetune_loss": 0.15629873868301705,
    "pseudo_label_count": 0,
    "pseudo_label_accept_rate": 0.0,
    "mean_pseudo_confidence": 0.0,
    "consistency_loss": 0.0,
    "encoder_stage": "supervised",
    "stn_status": "frozen",
    "stn_regularization_loss": 0.0,
    "val_loss": 0.4866204140549999,
    "val_seq_acc": 0.8908,
    "val_char_acc": 0.9750533333333333,
    "val_edit_distance": 0.12446666666666667,
    "val_clean_accuracy": 0.8908,
    "val_robustness_drop": null,
    "val_restoration_gain": null,
    "val_position_1_acc": 0.978,
    "val_position_2_acc": 0.9734,
    "val_position_3_acc": 0.972,
    "val_position_4_acc": 0.9728666666666667,
    "val_position_5_acc": 0.979,
    "test_loss": 0.49504679012096536,
    "test_seq_acc": 0.8894,
    "test_char_acc": 0.97476,
    "test_edit_distance": 0.12606666666666666,
    "test_clean_accuracy": 0.8894,
    "test_robustness_drop": null,
    "test_restoration_gain": null,
    "test_position_1_acc": 0.9791333333333333,
    "test_position_2_acc": 0.9711333333333333,
    "test_position_3_acc": 0.9702666666666667,
    "test_position_4_acc": 0.9753333333333334,
    "test_position_5_acc": 0.9779333333333333
}