{
    "epoch": 74,
    "train_loss": 0.0007003547419475813,
    "pretrain_loss": null,
    "finetune_loss": 0.0007003547419475813,
    "pseudo_label_count": 0,
    "pseudo_label_accept_rate": 0.0,
    "mean_pseudo_confidence": 0.0,
    "consistency_loss": 0.0,
    "encoder_stage": "supervised",
    "stn_status": "trainable",
    "stn_regularization_loss": 5.505072305595011e-07,
    "val_loss": 0.24339596805423183,
    "val_seq_acc": 0.9594,
    "val_char_acc": 0.9917466666666667,
    "val_edit_distance": 0.04126666666666667,
    "val_clean_accuracy": 0.9594,
    "val_robustness_drop": null,
    "val_restoration_gain": null,
    "val_position_1_acc": 0.9928666666666667,
    "val_position_2_acc": 0.9904,
    "val_position_3_acc": 0.9908,
    "val_position_4_acc": 0.9918666666666667,
    "val_position_5_acc": 0.9928,
    "test_loss": 0.24036085014862907,
    "test_seq_acc": 0.9596,
    "test_char_acc": 0.9917733333333333,
    "test_edit_distance": 0.04106666666666667,
    "test_clean_accuracy": 0.9596,
    "test_robustness_drop": null,
    "test_restoration_gain": null,
    "test_position_1_acc": 0.9932666666666666,
    "test_position_2_acc": 0.9896,
    "test_position_3_acc": 0.9909333333333333,
    "test_position_4_acc": 0.9922,
    "test_position_5_acc": 0.9928666666666667
}