{
    "epoch": 128,
    "train_loss": 7.376189912324294e-05,
    "pretrain_loss": null,
    "finetune_loss": 7.376189912324294e-05,
    "pseudo_label_count": 0,
    "pseudo_label_accept_rate": 0.0,
    "mean_pseudo_confidence": 0.0,
    "consistency_loss": 0.0,
    "encoder_stage": "supervised",
    "stn_status": "trainable",
    "stn_regularization_loss": 5.81348166510206e-07,
    "val_loss": 0.26537392560345263,
    "val_seq_acc": 0.9594666666666667,
    "val_char_acc": 0.9918266666666666,
    "val_edit_distance": 0.04086666666666667,
    "val_clean_accuracy": 0.9594666666666667,
    "val_robustness_drop": null,
    "val_restoration_gain": null,
    "val_position_1_acc": 0.9924,
    "val_position_2_acc": 0.9902666666666666,
    "val_position_3_acc": 0.9912,
    "val_position_4_acc": 0.9918,
    "val_position_5_acc": 0.9934666666666667,
    "test_loss": 0.25104884903037417,
    "test_seq_acc": 0.9600666666666666,
    "test_char_acc": 0.9918266666666666,
    "test_edit_distance": 0.04073333333333334,
    "test_clean_accuracy": 0.9600666666666666,
    "test_robustness_drop": null,
    "test_restoration_gain": null,
    "test_position_1_acc": 0.9927333333333334,
    "test_position_2_acc": 0.9902,
    "test_position_3_acc": 0.9910666666666667,
    "test_position_4_acc": 0.9919333333333333,
    "test_position_5_acc": 0.9932
}