{
    "epoch": 18,
    "train_loss": 0.1124352346376246,
    "pretrain_loss": null,
    "finetune_loss": 0.1124352346376246,
    "pseudo_label_count": 0,
    "pseudo_label_accept_rate": 0.0,
    "mean_pseudo_confidence": 0.0,
    "consistency_loss": 0.0,
    "encoder_stage": "supervised",
    "stn_status": "trainable",
    "stn_regularization_loss": 6.875659111396192e-09,
    "val_loss": 0.34026320164991636,
    "val_seq_acc": 0.9180666666666667,
    "val_char_acc": 0.98252,
    "val_edit_distance": 0.0874,
    "val_clean_accuracy": 0.9180666666666667,
    "val_robustness_drop": null,
    "val_restoration_gain": null,
    "val_position_1_acc": 0.9864,
    "val_position_2_acc": 0.98,
    "val_position_3_acc": 0.9801333333333333,
    "val_position_4_acc": 0.9792,
    "val_position_5_acc": 0.9868666666666667,
    "test_loss": 0.3168307989835739,
    "test_seq_acc": 0.9204,
    "test_char_acc": 0.98308,
    "test_edit_distance": 0.0846,
    "test_clean_accuracy": 0.9204,
    "test_robustness_drop": null,
    "test_restoration_gain": null,
    "test_position_1_acc": 0.9865333333333334,
    "test_position_2_acc": 0.9788666666666667,
    "test_position_3_acc": 0.9810666666666666,
    "test_position_4_acc": 0.9826666666666667,
    "test_position_5_acc": 0.9862666666666666
}