{
    "epoch": 103,
    "train_loss": 0.00039874632110702656,
    "pretrain_loss": null,
    "finetune_loss": 0.00039874632110702656,
    "pseudo_label_count": 0,
    "pseudo_label_accept_rate": 0.0,
    "mean_pseudo_confidence": 0.0,
    "consistency_loss": 0.0,
    "encoder_stage": "supervised",
    "stn_status": "trainable",
    "stn_regularization_loss": 5.623405291360816e-07,
    "val_loss": 0.2689919437886555,
    "val_seq_acc": 0.9587333333333333,
    "val_char_acc": 0.9915733333333333,
    "val_edit_distance": 0.042133333333333335,
    "val_clean_accuracy": 0.9587333333333333,
    "val_robustness_drop": null,
    "val_restoration_gain": null,
    "val_position_1_acc": 0.9918,
    "val_position_2_acc": 0.99,
    "val_position_3_acc": 0.9911333333333333,
    "val_position_4_acc": 0.9919333333333333,
    "val_position_5_acc": 0.993,
    "test_loss": 0.25407567699005734,
    "test_seq_acc": 0.9598,
    "test_char_acc": 0.9917733333333333,
    "test_edit_distance": 0.041,
    "test_clean_accuracy": 0.9598,
    "test_robustness_drop": null,
    "test_restoration_gain": null,
    "test_position_1_acc": 0.9928,
    "test_position_2_acc": 0.9904666666666667,
    "test_position_3_acc": 0.9911333333333333,
    "test_position_4_acc": 0.9916,
    "test_position_5_acc": 0.9928666666666667
}