{
    "epoch": 179,
    "train_loss": 3.127404734044232e-05,
    "pretrain_loss": null,
    "finetune_loss": 3.127404734044232e-05,
    "pseudo_label_count": 0,
    "pseudo_label_accept_rate": 0.0,
    "mean_pseudo_confidence": 0.0,
    "consistency_loss": 0.0,
    "encoder_stage": "supervised",
    "stn_status": "trainable",
    "stn_regularization_loss": 5.876667215517347e-07,
    "val_loss": 0.26485138779808964,
    "val_seq_acc": 0.9606666666666667,
    "val_char_acc": 0.9920666666666667,
    "val_edit_distance": 0.03966666666666667,
    "val_clean_accuracy": 0.9606666666666667,
    "val_robustness_drop": null,
    "val_restoration_gain": null,
    "val_position_1_acc": 0.9922666666666666,
    "val_position_2_acc": 0.9908,
    "val_position_3_acc": 0.9914,
    "val_position_4_acc": 0.9920666666666667,
    "val_position_5_acc": 0.9938,
    "test_loss": 0.24885276816213125,
    "test_seq_acc": 0.9608,
    "test_char_acc": 0.99196,
    "test_edit_distance": 0.04006666666666667,
    "test_clean_accuracy": 0.9608,
    "test_robustness_drop": null,
    "test_restoration_gain": null,
    "test_position_1_acc": 0.993,
    "test_position_2_acc": 0.9902666666666666,
    "test_position_3_acc": 0.9910666666666667,
    "test_position_4_acc": 0.9922,
    "test_position_5_acc": 0.9932666666666666
}