{
    "epoch": 114,
    "train_loss": 0.00020661263179302085,
    "pretrain_loss": null,
    "finetune_loss": 0.00020661263179302085,
    "pseudo_label_count": 0,
    "pseudo_label_accept_rate": 0.0,
    "mean_pseudo_confidence": 0.0,
    "consistency_loss": 0.0,
    "encoder_stage": "supervised",
    "stn_status": "trainable",
    "stn_regularization_loss": 5.72500608284841e-07,
    "val_loss": 0.26553503911837667,
    "val_seq_acc": 0.9589333333333333,
    "val_char_acc": 0.9917066666666666,
    "val_edit_distance": 0.041466666666666666,
    "val_clean_accuracy": 0.9589333333333333,
    "val_robustness_drop": null,
    "val_restoration_gain": null,
    "val_position_1_acc": 0.9916,
    "val_position_2_acc": 0.9907333333333334,
    "val_position_3_acc": 0.9914,
    "val_position_4_acc": 0.9916666666666667,
    "val_position_5_acc": 0.9931333333333333,
    "test_loss": 0.25033211328633825,
    "test_seq_acc": 0.9599333333333333,
    "test_char_acc": 0.9918,
    "test_edit_distance": 0.04086666666666667,
    "test_clean_accuracy": 0.9599333333333333,
    "test_robustness_drop": null,
    "test_restoration_gain": null,
    "test_position_1_acc": 0.9932,
    "test_position_2_acc": 0.9900666666666667,
    "test_position_3_acc": 0.9915333333333334,
    "test_position_4_acc": 0.9914,
    "test_position_5_acc": 0.9928
}