{
    "epoch": 121,
    "train_loss": 9.791132756036234e-05,
    "pretrain_loss": null,
    "finetune_loss": 9.791132756036234e-05,
    "pseudo_label_count": 0,
    "pseudo_label_accept_rate": 0.0,
    "mean_pseudo_confidence": 0.0,
    "consistency_loss": 0.0,
    "encoder_stage": "supervised",
    "stn_status": "trainable",
    "stn_regularization_loss": 5.767528207503565e-07,
    "val_loss": 0.2643685009817877,
    "val_seq_acc": 0.9596666666666667,
    "val_char_acc": 0.9918666666666667,
    "val_edit_distance": 0.04066666666666666,
    "val_clean_accuracy": 0.9596666666666667,
    "val_robustness_drop": null,
    "val_restoration_gain": null,
    "val_position_1_acc": 0.992,
    "val_position_2_acc": 0.9906666666666667,
    "val_position_3_acc": 0.9913333333333333,
    "val_position_4_acc": 0.9918666666666667,
    "val_position_5_acc": 0.9934666666666667,
    "test_loss": 0.24880521178987444,
    "test_seq_acc": 0.9604,
    "test_char_acc": 0.9918933333333333,
    "test_edit_distance": 0.0404,
    "test_clean_accuracy": 0.9604,
    "test_robustness_drop": null,
    "test_restoration_gain": null,
    "test_position_1_acc": 0.9928,
    "test_position_2_acc": 0.9905333333333334,
    "test_position_3_acc": 0.9914,
    "test_position_4_acc": 0.9915333333333334,
    "test_position_5_acc": 0.9932
}