{
    "epoch": 93,
    "train_loss": 0.0007378462281179697,
    "pretrain_loss": null,
    "finetune_loss": 0.0007378462281179697,
    "pseudo_label_count": 0,
    "pseudo_label_accept_rate": 0.0,
    "mean_pseudo_confidence": 0.0,
    "consistency_loss": 0.0,
    "encoder_stage": "supervised",
    "stn_status": "trainable",
    "stn_regularization_loss": 5.178604040513078e-07,
    "val_loss": 0.27660967341734694,
    "val_seq_acc": 0.9561333333333333,
    "val_char_acc": 0.9909866666666667,
    "val_edit_distance": 0.045066666666666665,
    "val_clean_accuracy": 0.9561333333333333,
    "val_robustness_drop": null,
    "val_restoration_gain": null,
    "val_position_1_acc": 0.9916,
    "val_position_2_acc": 0.9892,
    "val_position_3_acc": 0.9905333333333334,
    "val_position_4_acc": 0.9906666666666667,
    "val_position_5_acc": 0.9929333333333333,
    "test_loss": 0.2665298337657478,
    "test_seq_acc": 0.9566,
    "test_char_acc": 0.9911333333333333,
    "test_edit_distance": 0.0442,
    "test_clean_accuracy": 0.9566,
    "test_robustness_drop": null,
    "test_restoration_gain": null,
    "test_position_1_acc": 0.9926,
    "test_position_2_acc": 0.9892666666666666,
    "test_position_3_acc": 0.9909333333333333,
    "test_position_4_acc": 0.991,
    "test_position_5_acc": 0.9918666666666667
}