{
    "epoch": 79,
    "train_loss": 0.0007546791403428846,
    "pretrain_loss": null,
    "finetune_loss": 0.0007546791403428846,
    "pseudo_label_count": 0,
    "pseudo_label_accept_rate": 0.0,
    "mean_pseudo_confidence": 0.0,
    "consistency_loss": 0.0,
    "encoder_stage": "supervised",
    "stn_status": "trainable",
    "stn_regularization_loss": 5.81670380535902e-07,
    "val_loss": 0.2502345599893133,
    "val_seq_acc": 0.96,
    "val_char_acc": 0.9918666666666667,
    "val_edit_distance": 0.04066666666666666,
    "val_clean_accuracy": 0.96,
    "val_robustness_drop": null,
    "val_restoration_gain": null,
    "val_position_1_acc": 0.9922666666666666,
    "val_position_2_acc": 0.9908,
    "val_position_3_acc": 0.9908666666666667,
    "val_position_4_acc": 0.9918,
    "val_position_5_acc": 0.9936,
    "test_loss": 0.23510549564340735,
    "test_seq_acc": 0.9588666666666666,
    "test_char_acc": 0.9916133333333333,
    "test_edit_distance": 0.04186666666666667,
    "test_clean_accuracy": 0.9588666666666666,
    "test_robustness_drop": null,
    "test_restoration_gain": null,
    "test_position_1_acc": 0.9929333333333333,
    "test_position_2_acc": 0.9895333333333334,
    "test_position_3_acc": 0.9911333333333333,
    "test_position_4_acc": 0.9917333333333334,
    "test_position_5_acc": 0.9927333333333334
}