{
    "epoch": 169,
    "train_loss": 3.7192388935379046e-05,
    "pretrain_loss": null,
    "finetune_loss": 3.7192388935379046e-05,
    "pseudo_label_count": 0,
    "pseudo_label_accept_rate": 0.0,
    "mean_pseudo_confidence": 0.0,
    "consistency_loss": 0.0,
    "encoder_stage": "supervised",
    "stn_status": "trainable",
    "stn_regularization_loss": 5.864171613934595e-07,
    "val_loss": 0.2657326420500748,
    "val_seq_acc": 0.9603333333333334,
    "val_char_acc": 0.99196,
    "val_edit_distance": 0.0402,
    "val_clean_accuracy": 0.9603333333333334,
    "val_robustness_drop": null,
    "val_restoration_gain": null,
    "val_position_1_acc": 0.9924,
    "val_position_2_acc": 0.9906,
    "val_position_3_acc": 0.9914,
    "val_position_4_acc": 0.9918666666666667,
    "val_position_5_acc": 0.9935333333333334,
    "test_loss": 0.25069169601488667,
    "test_seq_acc": 0.9612,
    "test_char_acc": 0.99204,
    "test_edit_distance": 0.03966666666666667,
    "test_clean_accuracy": 0.9612,
    "test_robustness_drop": null,
    "test_restoration_gain": null,
    "test_position_1_acc": 0.9929333333333333,
    "test_position_2_acc": 0.9900666666666667,
    "test_position_3_acc": 0.9914666666666667,
    "test_position_4_acc": 0.9923333333333333,
    "test_position_5_acc": 0.9934
}