{
    "epoch": 96,
    "train_loss": 0.0005516776426780927,
    "pretrain_loss": null,
    "finetune_loss": 0.0005516776426780927,
    "pseudo_label_count": 0,
    "pseudo_label_accept_rate": 0.0,
    "mean_pseudo_confidence": 0.0,
    "consistency_loss": 0.0,
    "encoder_stage": "supervised",
    "stn_status": "trainable",
    "stn_regularization_loss": 4.98179585131863e-07,
    "val_loss": 0.2734266683021245,
    "val_seq_acc": 0.9575333333333333,
    "val_char_acc": 0.9913466666666667,
    "val_edit_distance": 0.04326666666666667,
    "val_clean_accuracy": 0.9575333333333333,
    "val_robustness_drop": null,
    "val_restoration_gain": null,
    "val_position_1_acc": 0.9916666666666667,
    "val_position_2_acc": 0.9900666666666667,
    "val_position_3_acc": 0.9904,
    "val_position_4_acc": 0.9913333333333333,
    "val_position_5_acc": 0.9932666666666666,
    "test_loss": 0.2565802247598925,
    "test_seq_acc": 0.9582,
    "test_char_acc": 0.99144,
    "test_edit_distance": 0.042666666666666665,
    "test_clean_accuracy": 0.9582,
    "test_robustness_drop": null,
    "test_restoration_gain": null,
    "test_position_1_acc": 0.9924,
    "test_position_2_acc": 0.9897333333333334,
    "test_position_3_acc": 0.9908666666666667,
    "test_position_4_acc": 0.9912,
    "test_position_5_acc": 0.993
}