{
    "epoch": 116,
    "train_loss": 0.00011815274162137807,
    "pretrain_loss": null,
    "finetune_loss": 0.00011815274162137807,
    "pseudo_label_count": 0,
    "pseudo_label_accept_rate": 0.0,
    "mean_pseudo_confidence": 0.0,
    "consistency_loss": 0.0,
    "encoder_stage": "supervised",
    "stn_status": "trainable",
    "stn_regularization_loss": 5.678387091222258e-07,
    "val_loss": 0.26603194657650037,
    "val_seq_acc": 0.958,
    "val_char_acc": 0.9915066666666666,
    "val_edit_distance": 0.042466666666666666,
    "val_clean_accuracy": 0.958,
    "val_robustness_drop": null,
    "val_restoration_gain": null,
    "val_position_1_acc": 0.992,
    "val_position_2_acc": 0.9901333333333333,
    "val_position_3_acc": 0.9909333333333333,
    "val_position_4_acc": 0.9914666666666667,
    "val_position_5_acc": 0.993,
    "test_loss": 0.2525844134279858,
    "test_seq_acc": 0.9597333333333333,
    "test_char_acc": 0.9917733333333333,
    "test_edit_distance": 0.041,
    "test_clean_accuracy": 0.9597333333333333,
    "test_robustness_drop": null,
    "test_restoration_gain": null,
    "test_position_1_acc": 0.9929333333333333,
    "test_position_2_acc": 0.9901333333333333,
    "test_position_3_acc": 0.9910666666666667,
    "test_position_4_acc": 0.9916,
    "test_position_5_acc": 0.9931333333333333
}