{
    "epoch": 88,
    "train_loss": 0.0007067468484881725,
    "pretrain_loss": null,
    "finetune_loss": 0.0007067468484881725,
    "pseudo_label_count": 0,
    "pseudo_label_accept_rate": 0.0,
    "mean_pseudo_confidence": 0.0,
    "consistency_loss": 0.0,
    "encoder_stage": "supervised",
    "stn_status": "trainable",
    "stn_regularization_loss": 6.387990185974478e-07,
    "val_loss": 0.2722034770285048,
    "val_seq_acc": 0.9560666666666666,
    "val_char_acc": 0.99104,
    "val_edit_distance": 0.0448,
    "val_clean_accuracy": 0.9560666666666666,
    "val_robustness_drop": null,
    "val_restoration_gain": null,
    "val_position_1_acc": 0.9924,
    "val_position_2_acc": 0.9890666666666666,
    "val_position_3_acc": 0.9901333333333333,
    "val_position_4_acc": 0.9906666666666667,
    "val_position_5_acc": 0.9929333333333333,
    "test_loss": 0.2513214621171987,
    "test_seq_acc": 0.9578,
    "test_char_acc": 0.9914,
    "test_edit_distance": 0.042866666666666664,
    "test_clean_accuracy": 0.9578,
    "test_robustness_drop": null,
    "test_restoration_gain": null,
    "test_position_1_acc": 0.993,
    "test_position_2_acc": 0.9890666666666666,
    "test_position_3_acc": 0.9908666666666667,
    "test_position_4_acc": 0.9915333333333334,
    "test_position_5_acc": 0.9925333333333334
}