{
    "epoch": 183,
    "train_loss": 3.1313615366939625e-05,
    "pretrain_loss": null,
    "finetune_loss": 3.1313615366939625e-05,
    "pseudo_label_count": 0,
    "pseudo_label_accept_rate": 0.0,
    "mean_pseudo_confidence": 0.0,
    "consistency_loss": 0.0,
    "encoder_stage": "supervised",
    "stn_status": "trainable",
    "stn_regularization_loss": 5.905830266278981e-07,
    "val_loss": 0.26402347589526287,
    "val_seq_acc": 0.9606,
    "val_char_acc": 0.9920133333333333,
    "val_edit_distance": 0.039933333333333335,
    "val_clean_accuracy": 0.9606,
    "val_robustness_drop": null,
    "val_restoration_gain": null,
    "val_position_1_acc": 0.9925333333333334,
    "val_position_2_acc": 0.9907333333333334,
    "val_position_3_acc": 0.9913333333333333,
    "val_position_4_acc": 0.992,
    "val_position_5_acc": 0.9934666666666667,
    "test_loss": 0.24949285553539394,
    "test_seq_acc": 0.961,
    "test_char_acc": 0.9920133333333333,
    "test_edit_distance": 0.0398,
    "test_clean_accuracy": 0.961,
    "test_robustness_drop": null,
    "test_restoration_gain": null,
    "test_position_1_acc": 0.9930666666666667,
    "test_position_2_acc": 0.9901333333333333,
    "test_position_3_acc": 0.9913333333333333,
    "test_position_4_acc": 0.9922,
    "test_position_5_acc": 0.9933333333333333
}