{
    "epoch": 44,
    "train_loss": 0.039377719368761305,
    "pretrain_loss": null,
    "finetune_loss": 0.039377719368761305,
    "pseudo_label_count": 0,
    "pseudo_label_accept_rate": 0.0,
    "mean_pseudo_confidence": 0.0,
    "consistency_loss": 0.0,
    "encoder_stage": "supervised",
    "stn_status": "trainable",
    "stn_regularization_loss": 4.7293123117019804e-07,
    "val_loss": 0.30863271754677013,
    "val_seq_acc": 0.9403333333333334,
    "val_char_acc": 0.98752,
    "val_edit_distance": 0.0624,
    "val_clean_accuracy": 0.9403333333333334,
    "val_robustness_drop": null,
    "val_restoration_gain": null,
    "val_position_1_acc": 0.989,
    "val_position_2_acc": 0.9862,
    "val_position_3_acc": 0.9854,
    "val_position_4_acc": 0.9870666666666666,
    "val_position_5_acc": 0.9899333333333333,
    "test_loss": 0.2992939693040325,
    "test_seq_acc": 0.9410666666666667,
    "test_char_acc": 0.9877333333333334,
    "test_edit_distance": 0.061266666666666664,
    "test_clean_accuracy": 0.9410666666666667,
    "test_robustness_drop": null,
    "test_restoration_gain": null,
    "test_position_1_acc": 0.9898,
    "test_position_2_acc": 0.986,
    "test_position_3_acc": 0.9861333333333333,
    "test_position_4_acc": 0.9872,
    "test_position_5_acc": 0.9895333333333334
}