{
    "epoch": 154,
    "train_loss": 5.067152710758657e-05,
    "pretrain_loss": null,
    "finetune_loss": 5.067152710758657e-05,
    "pseudo_label_count": 0,
    "pseudo_label_accept_rate": 0.0,
    "mean_pseudo_confidence": 0.0,
    "consistency_loss": 0.0,
    "encoder_stage": "supervised",
    "stn_status": "trainable",
    "stn_regularization_loss": 5.869623462527129e-07,
    "val_loss": 0.2653643411433253,
    "val_seq_acc": 0.9602666666666667,
    "val_char_acc": 0.9919466666666666,
    "val_edit_distance": 0.040266666666666666,
    "val_clean_accuracy": 0.9602666666666667,
    "val_robustness_drop": null,
    "val_restoration_gain": null,
    "val_position_1_acc": 0.9922,
    "val_position_2_acc": 0.9905333333333334,
    "val_position_3_acc": 0.9915333333333334,
    "val_position_4_acc": 0.9921333333333333,
    "val_position_5_acc": 0.9933333333333333,
    "test_loss": 0.25032257342758446,
    "test_seq_acc": 0.9603333333333334,
    "test_char_acc": 0.9918666666666667,
    "test_edit_distance": 0.04053333333333333,
    "test_clean_accuracy": 0.9603333333333334,
    "test_robustness_drop": null,
    "test_restoration_gain": null,
    "test_position_1_acc": 0.9927333333333334,
    "test_position_2_acc": 0.99,
    "test_position_3_acc": 0.9914666666666667,
    "test_position_4_acc": 0.992,
    "test_position_5_acc": 0.9931333333333333
}