{
    "epoch": 190,
    "train_loss": 2.7772255256014355e-05,
    "pretrain_loss": null,
    "finetune_loss": 2.7772255256014355e-05,
    "pseudo_label_count": 0,
    "pseudo_label_accept_rate": 0.0,
    "mean_pseudo_confidence": 0.0,
    "consistency_loss": 0.0,
    "encoder_stage": "supervised",
    "stn_status": "trainable",
    "stn_regularization_loss": 5.913891468973612e-07,
    "val_loss": 0.2660628853590717,
    "val_seq_acc": 0.9602,
    "val_char_acc": 0.9919333333333333,
    "val_edit_distance": 0.04033333333333333,
    "val_clean_accuracy": 0.9602,
    "val_robustness_drop": null,
    "val_restoration_gain": null,
    "val_position_1_acc": 0.9923333333333333,
    "val_position_2_acc": 0.9906666666666667,
    "val_position_3_acc": 0.9912,
    "val_position_4_acc": 0.9921333333333333,
    "val_position_5_acc": 0.9933333333333333,
    "test_loss": 0.2517565427450621,
    "test_seq_acc": 0.9608,
    "test_char_acc": 0.9919733333333334,
    "test_edit_distance": 0.04,
    "test_clean_accuracy": 0.9608,
    "test_robustness_drop": null,
    "test_restoration_gain": null,
    "test_position_1_acc": 0.993,
    "test_position_2_acc": 0.99,
    "test_position_3_acc": 0.9914,
    "test_position_4_acc": 0.9921333333333333,
    "test_position_5_acc": 0.9933333333333333
}