{
    "epoch": 70,
    "train_loss": 0.001115572732390274,
    "pretrain_loss": null,
    "finetune_loss": 0.001115572732390274,
    "pseudo_label_count": 0,
    "pseudo_label_accept_rate": 0.0,
    "mean_pseudo_confidence": 0.0,
    "consistency_loss": 0.0,
    "encoder_stage": "supervised",
    "stn_status": "trainable",
    "stn_regularization_loss": 5.276262985789466e-07,
    "val_loss": 0.23296839427138813,
    "val_seq_acc": 0.9581333333333333,
    "val_char_acc": 0.99148,
    "val_edit_distance": 0.0426,
    "val_clean_accuracy": 0.9581333333333333,
    "val_robustness_drop": null,
    "val_restoration_gain": null,
    "val_position_1_acc": 0.9920666666666667,
    "val_position_2_acc": 0.9907333333333334,
    "val_position_3_acc": 0.9907333333333334,
    "val_position_4_acc": 0.9907333333333334,
    "val_position_5_acc": 0.9931333333333333,
    "test_loss": 0.22977006708477007,
    "test_seq_acc": 0.9568,
    "test_char_acc": 0.9912,
    "test_edit_distance": 0.04393333333333333,
    "test_clean_accuracy": 0.9568,
    "test_robustness_drop": null,
    "test_restoration_gain": null,
    "test_position_1_acc": 0.9922666666666666,
    "test_position_2_acc": 0.9893333333333333,
    "test_position_3_acc": 0.9906666666666667,
    "test_position_4_acc": 0.9913333333333333,
    "test_position_5_acc": 0.9924
}