{
    "epoch": 131,
    "train_loss": 9.952228116191082e-05,
    "pretrain_loss": null,
    "finetune_loss": 9.952228116191082e-05,
    "pseudo_label_count": 0,
    "pseudo_label_accept_rate": 0.0,
    "mean_pseudo_confidence": 0.0,
    "consistency_loss": 0.0,
    "encoder_stage": "supervised",
    "stn_status": "trainable",
    "stn_regularization_loss": 5.903201031079826e-07,
    "val_loss": 0.2653209348653159,
    "val_seq_acc": 0.96,
    "val_char_acc": 0.9919066666666667,
    "val_edit_distance": 0.040466666666666665,
    "val_clean_accuracy": 0.96,
    "val_robustness_drop": null,
    "val_restoration_gain": null,
    "val_position_1_acc": 0.9923333333333333,
    "val_position_2_acc": 0.9904,
    "val_position_3_acc": 0.9914,
    "val_position_4_acc": 0.9920666666666667,
    "val_position_5_acc": 0.9933333333333333,
    "test_loss": 0.251580208472876,
    "test_seq_acc": 0.9593333333333334,
    "test_char_acc": 0.99168,
    "test_edit_distance": 0.041466666666666666,
    "test_clean_accuracy": 0.9593333333333334,
    "test_robustness_drop": null,
    "test_restoration_gain": null,
    "test_position_1_acc": 0.9925333333333334,
    "test_position_2_acc": 0.9902,
    "test_position_3_acc": 0.991,
    "test_position_4_acc": 0.9918,
    "test_position_5_acc": 0.9928666666666667
}