{
    "epoch": 106,
    "train_loss": 0.00015801396483464857,
    "pretrain_loss": null,
    "finetune_loss": 0.00015801396483464857,
    "pseudo_label_count": 0,
    "pseudo_label_accept_rate": 0.0,
    "mean_pseudo_confidence": 0.0,
    "consistency_loss": 0.0,
    "encoder_stage": "supervised",
    "stn_status": "trainable",
    "stn_regularization_loss": 5.673163759852275e-07,
    "val_loss": 0.27069078091634596,
    "val_seq_acc": 0.9587333333333333,
    "val_char_acc": 0.9915733333333333,
    "val_edit_distance": 0.042133333333333335,
    "val_clean_accuracy": 0.9587333333333333,
    "val_robustness_drop": null,
    "val_restoration_gain": null,
    "val_position_1_acc": 0.9917333333333334,
    "val_position_2_acc": 0.9902,
    "val_position_3_acc": 0.9909333333333333,
    "val_position_4_acc": 0.9919333333333333,
    "val_position_5_acc": 0.9930666666666667,
    "test_loss": 0.2570888870829811,
    "test_seq_acc": 0.9589333333333333,
    "test_char_acc": 0.9916,
    "test_edit_distance": 0.04186666666666667,
    "test_clean_accuracy": 0.9589333333333333,
    "test_robustness_drop": null,
    "test_restoration_gain": null,
    "test_position_1_acc": 0.9925333333333334,
    "test_position_2_acc": 0.99,
    "test_position_3_acc": 0.9913333333333333,
    "test_position_4_acc": 0.9916666666666667,
    "test_position_5_acc": 0.9924666666666667
}