{
    "epoch": 172,
    "train_loss": 3.5666659771138846e-05,
    "pretrain_loss": null,
    "finetune_loss": 3.5666659771138846e-05,
    "pseudo_label_count": 0,
    "pseudo_label_accept_rate": 0.0,
    "mean_pseudo_confidence": 0.0,
    "consistency_loss": 0.0,
    "encoder_stage": "supervised",
    "stn_status": "trainable",
    "stn_regularization_loss": 5.90037143173416e-07,
    "val_loss": 0.2657047353080135,
    "val_seq_acc": 0.9604,
    "val_char_acc": 0.9919866666666667,
    "val_edit_distance": 0.04006666666666667,
    "val_clean_accuracy": 0.9604,
    "val_robustness_drop": null,
    "val_restoration_gain": null,
    "val_position_1_acc": 0.9921333333333333,
    "val_position_2_acc": 0.9906666666666667,
    "val_position_3_acc": 0.9912666666666666,
    "val_position_4_acc": 0.9923333333333333,
    "val_position_5_acc": 0.9935333333333334,
    "test_loss": 0.25106579168320836,
    "test_seq_acc": 0.9606,
    "test_char_acc": 0.99192,
    "test_edit_distance": 0.040266666666666666,
    "test_clean_accuracy": 0.9606,
    "test_robustness_drop": null,
    "test_restoration_gain": null,
    "test_position_1_acc": 0.9928666666666667,
    "test_position_2_acc": 0.9898666666666667,
    "test_position_3_acc": 0.9914,
    "test_position_4_acc": 0.9922666666666666,
    "test_position_5_acc": 0.9932
}