{
    "epoch": 137,
    "train_loss": 5.9226927059273544e-05,
    "pretrain_loss": null,
    "finetune_loss": 5.9226927059273544e-05,
    "pseudo_label_count": 0,
    "pseudo_label_accept_rate": 0.0,
    "mean_pseudo_confidence": 0.0,
    "consistency_loss": 0.0,
    "encoder_stage": "supervised",
    "stn_status": "trainable",
    "stn_regularization_loss": 5.906308411449667e-07,
    "val_loss": 0.2665579927694526,
    "val_seq_acc": 0.96,
    "val_char_acc": 0.9918933333333333,
    "val_edit_distance": 0.04053333333333333,
    "val_clean_accuracy": 0.96,
    "val_robustness_drop": null,
    "val_restoration_gain": null,
    "val_position_1_acc": 0.9921333333333333,
    "val_position_2_acc": 0.9907333333333334,
    "val_position_3_acc": 0.9911333333333333,
    "val_position_4_acc": 0.9921333333333333,
    "val_position_5_acc": 0.9933333333333333,
    "test_loss": 0.25384715824561604,
    "test_seq_acc": 0.9596666666666667,
    "test_char_acc": 0.99176,
    "test_edit_distance": 0.04106666666666667,
    "test_clean_accuracy": 0.9596666666666667,
    "test_robustness_drop": null,
    "test_restoration_gain": null,
    "test_position_1_acc": 0.9927333333333334,
    "test_position_2_acc": 0.9902,
    "test_position_3_acc": 0.9912666666666666,
    "test_position_4_acc": 0.9917333333333334,
    "test_position_5_acc": 0.9928666666666667
}