{
    "epoch": 151,
    "train_loss": 7.555281731595692e-05,
    "pretrain_loss": null,
    "finetune_loss": 7.555281731595692e-05,
    "pseudo_label_count": 0,
    "pseudo_label_accept_rate": 0.0,
    "mean_pseudo_confidence": 0.0,
    "consistency_loss": 0.0,
    "encoder_stage": "supervised",
    "stn_status": "trainable",
    "stn_regularization_loss": 5.831073576760241e-07,
    "val_loss": 0.2648920490745834,
    "val_seq_acc": 0.9608666666666666,
    "val_char_acc": 0.9920666666666667,
    "val_edit_distance": 0.03966666666666667,
    "val_clean_accuracy": 0.9608666666666666,
    "val_robustness_drop": null,
    "val_restoration_gain": null,
    "val_position_1_acc": 0.9926,
    "val_position_2_acc": 0.9906,
    "val_position_3_acc": 0.9914666666666667,
    "val_position_4_acc": 0.992,
    "val_position_5_acc": 0.9936666666666667,
    "test_loss": 0.25005523009438824,
    "test_seq_acc": 0.9606666666666667,
    "test_char_acc": 0.9919333333333333,
    "test_edit_distance": 0.0402,
    "test_clean_accuracy": 0.9606666666666667,
    "test_robustness_drop": null,
    "test_restoration_gain": null,
    "test_position_1_acc": 0.9929333333333333,
    "test_position_2_acc": 0.9900666666666667,
    "test_position_3_acc": 0.9912666666666666,
    "test_position_4_acc": 0.9922,
    "test_position_5_acc": 0.9932
}