{
    "epoch": 118,
    "train_loss": 0.00010320497828945849,
    "pretrain_loss": null,
    "finetune_loss": 0.00010320497828945849,
    "pseudo_label_count": 0,
    "pseudo_label_accept_rate": 0.0,
    "mean_pseudo_confidence": 0.0,
    "consistency_loss": 0.0,
    "encoder_stage": "supervised",
    "stn_status": "trainable",
    "stn_regularization_loss": 5.70122658917399e-07,
    "val_loss": 0.2651395145108158,
    "val_seq_acc": 0.9588666666666666,
    "val_char_acc": 0.9916666666666667,
    "val_edit_distance": 0.041666666666666664,
    "val_clean_accuracy": 0.9588666666666666,
    "val_robustness_drop": null,
    "val_restoration_gain": null,
    "val_position_1_acc": 0.9919333333333333,
    "val_position_2_acc": 0.9902666666666666,
    "val_position_3_acc": 0.9912,
    "val_position_4_acc": 0.9918666666666667,
    "val_position_5_acc": 0.9930666666666667,
    "test_loss": 0.2508574930627404,
    "test_seq_acc": 0.9602,
    "test_char_acc": 0.9918666666666667,
    "test_edit_distance": 0.04053333333333333,
    "test_clean_accuracy": 0.9602,
    "test_robustness_drop": null,
    "test_restoration_gain": null,
    "test_position_1_acc": 0.9927333333333334,
    "test_position_2_acc": 0.9902,
    "test_position_3_acc": 0.9914,
    "test_position_4_acc": 0.9918,
    "test_position_5_acc": 0.9932
}