{
    "epoch": 99,
    "train_loss": 0.0008636520875327736,
    "pretrain_loss": null,
    "finetune_loss": 0.0008636520875327736,
    "pseudo_label_count": 0,
    "pseudo_label_accept_rate": 0.0,
    "mean_pseudo_confidence": 0.0,
    "consistency_loss": 0.0,
    "encoder_stage": "supervised",
    "stn_status": "trainable",
    "stn_regularization_loss": 6.179525847824212e-07,
    "val_loss": 0.3018940128701723,
    "val_seq_acc": 0.9532666666666667,
    "val_char_acc": 0.9904933333333333,
    "val_edit_distance": 0.04753333333333333,
    "val_clean_accuracy": 0.9532666666666667,
    "val_robustness_drop": null,
    "val_restoration_gain": null,
    "val_position_1_acc": 0.9917333333333334,
    "val_position_2_acc": 0.9886666666666667,
    "val_position_3_acc": 0.9900666666666667,
    "val_position_4_acc": 0.99,
    "val_position_5_acc": 0.992,
    "test_loss": 0.29518004380545376,
    "test_seq_acc": 0.9558666666666666,
    "test_char_acc": 0.99096,
    "test_edit_distance": 0.045066666666666665,
    "test_clean_accuracy": 0.9558666666666666,
    "test_robustness_drop": null,
    "test_restoration_gain": null,
    "test_position_1_acc": 0.9924666666666667,
    "test_position_2_acc": 0.9892666666666666,
    "test_position_3_acc": 0.9904,
    "test_position_4_acc": 0.9911333333333333,
    "test_position_5_acc": 0.9915333333333334
}