{
    "epoch": 145,
    "train_loss": 3.8180499596907434e-05,
    "pretrain_loss": null,
    "finetune_loss": 3.8180499596907434e-05,
    "pseudo_label_count": 0,
    "pseudo_label_accept_rate": 0.0,
    "mean_pseudo_confidence": 0.0,
    "consistency_loss": 0.0,
    "encoder_stage": "supervised",
    "stn_status": "trainable",
    "stn_regularization_loss": 5.789530528049279e-07,
    "val_loss": 0.2623970896662686,
    "val_seq_acc": 0.9606666666666667,
    "val_char_acc": 0.9920266666666666,
    "val_edit_distance": 0.03986666666666667,
    "val_clean_accuracy": 0.9606666666666667,
    "val_robustness_drop": null,
    "val_restoration_gain": null,
    "val_position_1_acc": 0.9923333333333333,
    "val_position_2_acc": 0.9908,
    "val_position_3_acc": 0.9912666666666666,
    "val_position_4_acc": 0.9922,
    "val_position_5_acc": 0.9935333333333334,
    "test_loss": 0.24889096776733838,
    "test_seq_acc": 0.961,
    "test_char_acc": 0.9920133333333333,
    "test_edit_distance": 0.0398,
    "test_clean_accuracy": 0.961,
    "test_robustness_drop": null,
    "test_restoration_gain": null,
    "test_position_1_acc": 0.9927333333333334,
    "test_position_2_acc": 0.9901333333333333,
    "test_position_3_acc": 0.9914666666666667,
    "test_position_4_acc": 0.9924666666666667,
    "test_position_5_acc": 0.9932666666666666
}