{
    "epoch": 26,
    "train_loss": 0.08288328992032662,
    "pretrain_loss": null,
    "finetune_loss": 0.08288328992032662,
    "pseudo_label_count": 0,
    "pseudo_label_accept_rate": 0.0,
    "mean_pseudo_confidence": 0.0,
    "consistency_loss": 0.0,
    "encoder_stage": "supervised",
    "stn_status": "trainable",
    "stn_regularization_loss": 2.482011016649642e-07,
    "val_loss": 0.31719726377750856,
    "val_seq_acc": 0.9271333333333334,
    "val_char_acc": 0.9846533333333334,
    "val_edit_distance": 0.07673333333333333,
    "val_clean_accuracy": 0.9271333333333334,
    "val_robustness_drop": null,
    "val_restoration_gain": null,
    "val_position_1_acc": 0.9858666666666667,
    "val_position_2_acc": 0.9819333333333333,
    "val_position_3_acc": 0.9828666666666667,
    "val_position_4_acc": 0.983,
    "val_position_5_acc": 0.9896,
    "test_loss": 0.30788856744766235,
    "test_seq_acc": 0.9292666666666667,
    "test_char_acc": 0.9852,
    "test_edit_distance": 0.0738,
    "test_clean_accuracy": 0.9292666666666667,
    "test_robustness_drop": null,
    "test_restoration_gain": null,
    "test_position_1_acc": 0.9868,
    "test_position_2_acc": 0.9811333333333333,
    "test_position_3_acc": 0.9840666666666666,
    "test_position_4_acc": 0.9856,
    "test_position_5_acc": 0.9884
}