{
    "epoch": 22,
    "train_loss": 0.1002868180851362,
    "pretrain_loss": null,
    "finetune_loss": 0.1002868180851362,
    "pseudo_label_count": 0,
    "pseudo_label_accept_rate": 0.0,
    "mean_pseudo_confidence": 0.0,
    "consistency_loss": 0.0,
    "encoder_stage": "supervised",
    "stn_status": "trainable",
    "stn_regularization_loss": 5.662080626694309e-08,
    "val_loss": 0.41097056467906906,
    "val_seq_acc": 0.9162666666666667,
    "val_char_acc": 0.9814666666666667,
    "val_edit_distance": 0.09233333333333334,
    "val_clean_accuracy": 0.9162666666666667,
    "val_robustness_drop": null,
    "val_restoration_gain": null,
    "val_position_1_acc": 0.9871333333333333,
    "val_position_2_acc": 0.9776,
    "val_position_3_acc": 0.9781333333333333,
    "val_position_4_acc": 0.9799333333333333,
    "val_position_5_acc": 0.9845333333333334,
    "test_loss": 0.4024621648556095,
    "test_seq_acc": 0.9143333333333333,
    "test_char_acc": 0.98112,
    "test_edit_distance": 0.09386666666666667,
    "test_clean_accuracy": 0.9143333333333333,
    "test_robustness_drop": null,
    "test_restoration_gain": null,
    "test_position_1_acc": 0.9866,
    "test_position_2_acc": 0.9779333333333333,
    "test_position_3_acc": 0.9796,
    "test_position_4_acc": 0.9798,
    "test_position_5_acc": 0.9816666666666667
}