{
    "epoch": 10,
    "train_loss": 0.20080462012527506,
    "pretrain_loss": null,
    "finetune_loss": 0.20080462012527506,
    "pseudo_label_count": 0,
    "pseudo_label_accept_rate": 0.0,
    "mean_pseudo_confidence": 0.0,
    "consistency_loss": 0.0,
    "encoder_stage": "supervised",
    "stn_status": "frozen",
    "stn_regularization_loss": 0.0,
    "val_loss": 0.45816825677530243,
    "val_seq_acc": 0.8857333333333334,
    "val_char_acc": 0.97416,
    "val_edit_distance": 0.1292,
    "val_clean_accuracy": 0.8857333333333334,
    "val_robustness_drop": null,
    "val_restoration_gain": null,
    "val_position_1_acc": 0.9792,
    "val_position_2_acc": 0.9692,
    "val_position_3_acc": 0.9708,
    "val_position_4_acc": 0.9724666666666667,
    "val_position_5_acc": 0.9791333333333333,
    "test_loss": 0.4922995006634017,
    "test_seq_acc": 0.8788666666666667,
    "test_char_acc": 0.9727466666666666,
    "test_edit_distance": 0.13606666666666667,
    "test_clean_accuracy": 0.8788666666666667,
    "test_robustness_drop": null,
    "test_restoration_gain": null,
    "test_position_1_acc": 0.9784,
    "test_position_2_acc": 0.9665333333333334,
    "test_position_3_acc": 0.9680666666666666,
    "test_position_4_acc": 0.9738,
    "test_position_5_acc": 0.9769333333333333
}