{
    "epoch": 32,
    "train_loss": 0.06364188063038664,
    "pretrain_loss": null,
    "finetune_loss": 0.06364188063038664,
    "pseudo_label_count": 0,
    "pseudo_label_accept_rate": 0.0,
    "mean_pseudo_confidence": 0.0,
    "consistency_loss": 0.0,
    "encoder_stage": "supervised",
    "stn_status": "trainable",
    "stn_regularization_loss": 3.8122887644040825e-07,
    "val_loss": 0.40195444395165825,
    "val_seq_acc": 0.921,
    "val_char_acc": 0.98328,
    "val_edit_distance": 0.08346666666666666,
    "val_clean_accuracy": 0.921,
    "val_robustness_drop": null,
    "val_restoration_gain": null,
    "val_position_1_acc": 0.9837333333333333,
    "val_position_2_acc": 0.9817333333333333,
    "val_position_3_acc": 0.9818666666666667,
    "val_position_4_acc": 0.9820666666666666,
    "val_position_5_acc": 0.987,
    "test_loss": 0.4176684043417543,
    "test_seq_acc": 0.9183333333333333,
    "test_char_acc": 0.9827066666666666,
    "test_edit_distance": 0.08626666666666667,
    "test_clean_accuracy": 0.9183333333333333,
    "test_robustness_drop": null,
    "test_restoration_gain": null,
    "test_position_1_acc": 0.982,
    "test_position_2_acc": 0.98,
    "test_position_3_acc": 0.9822666666666666,
    "test_position_4_acc": 0.9846,
    "test_position_5_acc": 0.9846666666666667
}