{
    "epoch": 98,
    "train_loss": 0.000301935605100443,
    "pretrain_loss": null,
    "finetune_loss": 0.000301935605100443,
    "pseudo_label_count": 0,
    "pseudo_label_accept_rate": 0.0,
    "mean_pseudo_confidence": 0.0,
    "consistency_loss": 0.0,
    "encoder_stage": "supervised",
    "stn_status": "trainable",
    "stn_regularization_loss": 5.319021578325001e-07,
    "val_loss": 0.2700638755114149,
    "val_seq_acc": 0.9584666666666667,
    "val_char_acc": 0.9915066666666666,
    "val_edit_distance": 0.042466666666666666,
    "val_clean_accuracy": 0.9584666666666667,
    "val_robustness_drop": null,
    "val_restoration_gain": null,
    "val_position_1_acc": 0.9918666666666667,
    "val_position_2_acc": 0.9897333333333334,
    "val_position_3_acc": 0.9906666666666667,
    "val_position_4_acc": 0.9919333333333333,
    "val_position_5_acc": 0.9933333333333333,
    "test_loss": 0.26241126348327654,
    "test_seq_acc": 0.9599333333333333,
    "test_char_acc": 0.9918266666666666,
    "test_edit_distance": 0.0408,
    "test_clean_accuracy": 0.9599333333333333,
    "test_robustness_drop": null,
    "test_restoration_gain": null,
    "test_position_1_acc": 0.9924,
    "test_position_2_acc": 0.9898666666666667,
    "test_position_3_acc": 0.9914,
    "test_position_4_acc": 0.9925333333333334,
    "test_position_5_acc": 0.9929333333333333
}