{
    "epoch": 178,
    "train_loss": 3.4407355434451387e-05,
    "pretrain_loss": null,
    "finetune_loss": 3.4407355434451387e-05,
    "pseudo_label_count": 0,
    "pseudo_label_accept_rate": 0.0,
    "mean_pseudo_confidence": 0.0,
    "consistency_loss": 0.0,
    "encoder_stage": "supervised",
    "stn_status": "trainable",
    "stn_regularization_loss": 5.881646330937285e-07,
    "val_loss": 0.2652938007949299,
    "val_seq_acc": 0.9614666666666667,
    "val_char_acc": 0.9922,
    "val_edit_distance": 0.039,
    "val_clean_accuracy": 0.9614666666666667,
    "val_robustness_drop": null,
    "val_restoration_gain": null,
    "val_position_1_acc": 0.9925333333333334,
    "val_position_2_acc": 0.991,
    "val_position_3_acc": 0.9915333333333334,
    "val_position_4_acc": 0.9921333333333333,
    "val_position_5_acc": 0.9938,
    "test_loss": 0.2498544192936082,
    "test_seq_acc": 0.9608666666666666,
    "test_char_acc": 0.9919733333333334,
    "test_edit_distance": 0.04,
    "test_clean_accuracy": 0.9608666666666666,
    "test_robustness_drop": null,
    "test_restoration_gain": null,
    "test_position_1_acc": 0.993,
    "test_position_2_acc": 0.9901333333333333,
    "test_position_3_acc": 0.9912666666666666,
    "test_position_4_acc": 0.9921333333333333,
    "test_position_5_acc": 0.9933333333333333
}