{
    "epoch": 35,
    "train_loss": 0.06016595681336546,
    "pretrain_loss": null,
    "finetune_loss": 0.06016595681336546,
    "pseudo_label_count": 0,
    "pseudo_label_accept_rate": 0.0,
    "mean_pseudo_confidence": 0.0,
    "consistency_loss": 0.0,
    "encoder_stage": "supervised",
    "stn_status": "trainable",
    "stn_regularization_loss": 5.101241536248459e-07,
    "val_loss": 2.721725359811621,
    "val_seq_acc": 0.7110666666666666,
    "val_char_acc": 0.9130933333333333,
    "val_edit_distance": 0.42,
    "val_clean_accuracy": 0.7110666666666666,
    "val_robustness_drop": null,
    "val_restoration_gain": null,
    "val_position_1_acc": 0.9326,
    "val_position_2_acc": 0.9164,
    "val_position_3_acc": 0.9198,
    "val_position_4_acc": 0.8966,
    "val_position_5_acc": 0.9000666666666667,
    "test_loss": 2.6730627942893466,
    "test_seq_acc": 0.7153333333333334,
    "test_char_acc": 0.91348,
    "test_edit_distance": 0.4185333333333333,
    "test_clean_accuracy": 0.7153333333333334,
    "test_robustness_drop": null,
    "test_restoration_gain": null,
    "test_position_1_acc": 0.9351333333333334,
    "test_position_2_acc": 0.9180666666666667,
    "test_position_3_acc": 0.9180666666666667,
    "test_position_4_acc": 0.8978,
    "test_position_5_acc": 0.8983333333333333
}