{
    "epoch": 46,
    "train_loss": 0.040555302298070944,
    "pretrain_loss": null,
    "finetune_loss": 0.040555302298070944,
    "pseudo_label_count": 0,
    "pseudo_label_accept_rate": 0.0,
    "mean_pseudo_confidence": 0.0,
    "consistency_loss": 0.0,
    "encoder_stage": "supervised",
    "stn_status": "trainable",
    "stn_regularization_loss": 5.267735439983334e-07,
    "val_loss": 0.2926334839914057,
    "val_seq_acc": 0.9460666666666666,
    "val_char_acc": 0.9886933333333333,
    "val_edit_distance": 0.05653333333333333,
    "val_clean_accuracy": 0.9460666666666666,
    "val_robustness_drop": null,
    "val_restoration_gain": null,
    "val_position_1_acc": 0.9895333333333334,
    "val_position_2_acc": 0.9874666666666667,
    "val_position_3_acc": 0.9866666666666667,
    "val_position_4_acc": 0.9886,
    "val_position_5_acc": 0.9912,
    "test_loss": 0.28209130056360265,
    "test_seq_acc": 0.9438,
    "test_char_acc": 0.98832,
    "test_edit_distance": 0.058333333333333334,
    "test_clean_accuracy": 0.9438,
    "test_robustness_drop": null,
    "test_restoration_gain": null,
    "test_position_1_acc": 0.9897333333333334,
    "test_position_2_acc": 0.9854,
    "test_position_3_acc": 0.9873333333333333,
    "test_position_4_acc": 0.9885333333333334,
    "test_position_5_acc": 0.9906
}