{
    "epoch": 180,
    "train_loss": 3.088105151794672e-05,
    "pretrain_loss": null,
    "finetune_loss": 3.088105151794672e-05,
    "pseudo_label_count": 0,
    "pseudo_label_accept_rate": 0.0,
    "mean_pseudo_confidence": 0.0,
    "consistency_loss": 0.0,
    "encoder_stage": "supervised",
    "stn_status": "trainable",
    "stn_regularization_loss": 5.846564655838284e-07,
    "val_loss": 0.2651441982284808,
    "val_seq_acc": 0.961,
    "val_char_acc": 0.9921066666666667,
    "val_edit_distance": 0.039466666666666664,
    "val_clean_accuracy": 0.961,
    "val_robustness_drop": null,
    "val_restoration_gain": null,
    "val_position_1_acc": 0.9925333333333334,
    "val_position_2_acc": 0.9908,
    "val_position_3_acc": 0.9915333333333334,
    "val_position_4_acc": 0.9919333333333333,
    "val_position_5_acc": 0.9937333333333334,
    "test_loss": 0.24945652649651076,
    "test_seq_acc": 0.9606,
    "test_char_acc": 0.99192,
    "test_edit_distance": 0.040266666666666666,
    "test_clean_accuracy": 0.9606,
    "test_robustness_drop": null,
    "test_restoration_gain": null,
    "test_position_1_acc": 0.9928666666666667,
    "test_position_2_acc": 0.9900666666666667,
    "test_position_3_acc": 0.9912,
    "test_position_4_acc": 0.9922,
    "test_position_5_acc": 0.9932666666666666
}