{
    "epoch": 53,
    "train_loss": 0.004119971828163156,
    "pretrain_loss": null,
    "finetune_loss": 0.004119971828163156,
    "pseudo_label_count": 0,
    "pseudo_label_accept_rate": 0.0,
    "mean_pseudo_confidence": 0.0,
    "consistency_loss": 0.0,
    "encoder_stage": "supervised",
    "stn_status": "trainable",
    "stn_regularization_loss": 4.501508124537321e-07,
    "val_loss": 0.2147396719556744,
    "val_seq_acc": 0.957,
    "val_char_acc": 0.9912133333333333,
    "val_edit_distance": 0.04393333333333333,
    "val_clean_accuracy": 0.957,
    "val_robustness_drop": null,
    "val_restoration_gain": null,
    "val_position_1_acc": 0.9918666666666667,
    "val_position_2_acc": 0.9901333333333333,
    "val_position_3_acc": 0.9902666666666666,
    "val_position_4_acc": 0.9911333333333333,
    "val_position_5_acc": 0.9926666666666667,
    "test_loss": 0.20613068979928048,
    "test_seq_acc": 0.957,
    "test_char_acc": 0.9911733333333334,
    "test_edit_distance": 0.044,
    "test_clean_accuracy": 0.957,
    "test_robustness_drop": null,
    "test_restoration_gain": null,
    "test_position_1_acc": 0.9926666666666667,
    "test_position_2_acc": 0.9888,
    "test_position_3_acc": 0.9900666666666667,
    "test_position_4_acc": 0.9915333333333334,
    "test_position_5_acc": 0.9928
}