{
    "epoch": 81,
    "train_loss": 0.000748450926324327,
    "pretrain_loss": null,
    "finetune_loss": 0.000748450926324327,
    "pseudo_label_count": 0,
    "pseudo_label_accept_rate": 0.0,
    "mean_pseudo_confidence": 0.0,
    "consistency_loss": 0.0,
    "encoder_stage": "supervised",
    "stn_status": "trainable",
    "stn_regularization_loss": 6.044534535283546e-07,
    "val_loss": 0.25148550827713223,
    "val_seq_acc": 0.9586,
    "val_char_acc": 0.9916266666666667,
    "val_edit_distance": 0.04186666666666667,
    "val_clean_accuracy": 0.9586,
    "val_robustness_drop": null,
    "val_restoration_gain": null,
    "val_position_1_acc": 0.9922,
    "val_position_2_acc": 0.9904666666666667,
    "val_position_3_acc": 0.9899333333333333,
    "val_position_4_acc": 0.9918,
    "val_position_5_acc": 0.9937333333333334,
    "test_loss": 0.24396336194664492,
    "test_seq_acc": 0.9584,
    "test_char_acc": 0.9915066666666666,
    "test_edit_distance": 0.042333333333333334,
    "test_clean_accuracy": 0.9584,
    "test_robustness_drop": null,
    "test_restoration_gain": null,
    "test_position_1_acc": 0.9924666666666667,
    "test_position_2_acc": 0.9894,
    "test_position_3_acc": 0.9911333333333333,
    "test_position_4_acc": 0.9916666666666667,
    "test_position_5_acc": 0.9928666666666667
}