{
    "epoch": 129,
    "train_loss": 6.885990804188119e-05,
    "pretrain_loss": null,
    "finetune_loss": 6.885990804188119e-05,
    "pseudo_label_count": 0,
    "pseudo_label_accept_rate": 0.0,
    "mean_pseudo_confidence": 0.0,
    "consistency_loss": 0.0,
    "encoder_stage": "supervised",
    "stn_status": "trainable",
    "stn_regularization_loss": 5.834441298504302e-07,
    "val_loss": 0.2650978937661236,
    "val_seq_acc": 0.9596666666666667,
    "val_char_acc": 0.9918533333333334,
    "val_edit_distance": 0.04073333333333334,
    "val_clean_accuracy": 0.9596666666666667,
    "val_robustness_drop": null,
    "val_restoration_gain": null,
    "val_position_1_acc": 0.9922666666666666,
    "val_position_2_acc": 0.9902,
    "val_position_3_acc": 0.9914666666666667,
    "val_position_4_acc": 0.992,
    "val_position_5_acc": 0.9933333333333333,
    "test_loss": 0.25063029786086466,
    "test_seq_acc": 0.9596666666666667,
    "test_char_acc": 0.9917466666666667,
    "test_edit_distance": 0.041133333333333334,
    "test_clean_accuracy": 0.9596666666666667,
    "test_robustness_drop": null,
    "test_restoration_gain": null,
    "test_position_1_acc": 0.9926666666666667,
    "test_position_2_acc": 0.9904666666666667,
    "test_position_3_acc": 0.9908,
    "test_position_4_acc": 0.9918,
    "test_position_5_acc": 0.993
}