{
    "epoch": 101,
    "train_loss": 0.0006176858050750226,
    "pretrain_loss": null,
    "finetune_loss": 0.0006176858050750226,
    "pseudo_label_count": 0,
    "pseudo_label_accept_rate": 0.0,
    "mean_pseudo_confidence": 0.0,
    "consistency_loss": 0.0,
    "encoder_stage": "supervised",
    "stn_status": "trainable",
    "stn_regularization_loss": 5.688833985491554e-07,
    "val_loss": 0.27085947957811324,
    "val_seq_acc": 0.9584,
    "val_char_acc": 0.9915066666666666,
    "val_edit_distance": 0.042466666666666666,
    "val_clean_accuracy": 0.9584,
    "val_robustness_drop": null,
    "val_restoration_gain": null,
    "val_position_1_acc": 0.9916,
    "val_position_2_acc": 0.9900666666666667,
    "val_position_3_acc": 0.9913333333333333,
    "val_position_4_acc": 0.9917333333333334,
    "val_position_5_acc": 0.9928,
    "test_loss": 0.25448499589179785,
    "test_seq_acc": 0.9595333333333333,
    "test_char_acc": 0.9917333333333334,
    "test_edit_distance": 0.0412,
    "test_clean_accuracy": 0.9595333333333333,
    "test_robustness_drop": null,
    "test_restoration_gain": null,
    "test_position_1_acc": 0.9930666666666667,
    "test_position_2_acc": 0.9901333333333333,
    "test_position_3_acc": 0.9911333333333333,
    "test_position_4_acc": 0.9914666666666667,
    "test_position_5_acc": 0.9928666666666667
}