{
    "epoch": 186,
    "train_loss": 2.7884426685590034e-05,
    "pretrain_loss": null,
    "finetune_loss": 2.7884426685590034e-05,
    "pseudo_label_count": 0,
    "pseudo_label_accept_rate": 0.0,
    "mean_pseudo_confidence": 0.0,
    "consistency_loss": 0.0,
    "encoder_stage": "supervised",
    "stn_status": "trainable",
    "stn_regularization_loss": 5.908149780537626e-07,
    "val_loss": 0.2664068771232219,
    "val_seq_acc": 0.9604666666666667,
    "val_char_acc": 0.992,
    "val_edit_distance": 0.04,
    "val_clean_accuracy": 0.9604666666666667,
    "val_robustness_drop": null,
    "val_restoration_gain": null,
    "val_position_1_acc": 0.9926,
    "val_position_2_acc": 0.9905333333333334,
    "val_position_3_acc": 0.9914,
    "val_position_4_acc": 0.992,
    "val_position_5_acc": 0.9934666666666667,
    "test_loss": 0.2515112541367347,
    "test_seq_acc": 0.9603333333333334,
    "test_char_acc": 0.9918666666666667,
    "test_edit_distance": 0.04053333333333333,
    "test_clean_accuracy": 0.9603333333333334,
    "test_robustness_drop": null,
    "test_restoration_gain": null,
    "test_position_1_acc": 0.9926,
    "test_position_2_acc": 0.99,
    "test_position_3_acc": 0.9913333333333333,
    "test_position_4_acc": 0.9920666666666667,
    "test_position_5_acc": 0.9933333333333333
}