{
    "epoch": 139,
    "train_loss": 4.748743789220519e-05,
    "pretrain_loss": null,
    "finetune_loss": 4.748743789220519e-05,
    "pseudo_label_count": 0,
    "pseudo_label_accept_rate": 0.0,
    "mean_pseudo_confidence": 0.0,
    "consistency_loss": 0.0,
    "encoder_stage": "supervised",
    "stn_status": "trainable",
    "stn_regularization_loss": 5.889080620477513e-07,
    "val_loss": 0.26448745758596304,
    "val_seq_acc": 0.9601333333333333,
    "val_char_acc": 0.9919333333333333,
    "val_edit_distance": 0.04033333333333333,
    "val_clean_accuracy": 0.9601333333333333,
    "val_robustness_drop": null,
    "val_restoration_gain": null,
    "val_position_1_acc": 0.9923333333333333,
    "val_position_2_acc": 0.9905333333333334,
    "val_position_3_acc": 0.9912,
    "val_position_4_acc": 0.9921333333333333,
    "val_position_5_acc": 0.9934666666666667,
    "test_loss": 0.25208005893154667,
    "test_seq_acc": 0.9602666666666667,
    "test_char_acc": 0.9918666666666667,
    "test_edit_distance": 0.04053333333333333,
    "test_clean_accuracy": 0.9602666666666667,
    "test_robustness_drop": null,
    "test_restoration_gain": null,
    "test_position_1_acc": 0.9926666666666667,
    "test_position_2_acc": 0.9901333333333333,
    "test_position_3_acc": 0.9912666666666666,
    "test_position_4_acc": 0.9922666666666666,
    "test_position_5_acc": 0.993
}