{
    "epoch": 86,
    "train_loss": 0.0009801845036822587,
    "pretrain_loss": null,
    "finetune_loss": 0.0009801845036822587,
    "pseudo_label_count": 0,
    "pseudo_label_accept_rate": 0.0,
    "mean_pseudo_confidence": 0.0,
    "consistency_loss": 0.0,
    "encoder_stage": "supervised",
    "stn_status": "trainable",
    "stn_regularization_loss": 6.053556640354122e-07,
    "val_loss": 0.264577889040515,
    "val_seq_acc": 0.9580666666666666,
    "val_char_acc": 0.9914666666666667,
    "val_edit_distance": 0.042666666666666665,
    "val_clean_accuracy": 0.9580666666666666,
    "val_robustness_drop": null,
    "val_restoration_gain": null,
    "val_position_1_acc": 0.992,
    "val_position_2_acc": 0.9902,
    "val_position_3_acc": 0.9908666666666667,
    "val_position_4_acc": 0.9912666666666666,
    "val_position_5_acc": 0.993,
    "test_loss": 0.24669147100915217,
    "test_seq_acc": 0.9576666666666667,
    "test_char_acc": 0.99136,
    "test_edit_distance": 0.04306666666666667,
    "test_clean_accuracy": 0.9576666666666667,
    "test_robustness_drop": null,
    "test_restoration_gain": null,
    "test_position_1_acc": 0.9926666666666667,
    "test_position_2_acc": 0.9894666666666667,
    "test_position_3_acc": 0.9904666666666667,
    "test_position_4_acc": 0.9916666666666667,
    "test_position_5_acc": 0.9925333333333334
}