{
    "epoch": 195,
    "train_loss": 2.484136992483894e-05,
    "pretrain_loss": null,
    "finetune_loss": 2.484136992483894e-05,
    "pseudo_label_count": 0,
    "pseudo_label_accept_rate": 0.0,
    "mean_pseudo_confidence": 0.0,
    "consistency_loss": 0.0,
    "encoder_stage": "supervised",
    "stn_status": "trainable",
    "stn_regularization_loss": 5.865140426895985e-07,
    "val_loss": 0.2646131471551213,
    "val_seq_acc": 0.9609333333333333,
    "val_char_acc": 0.9920666666666667,
    "val_edit_distance": 0.03966666666666667,
    "val_clean_accuracy": 0.9609333333333333,
    "val_robustness_drop": null,
    "val_restoration_gain": null,
    "val_position_1_acc": 0.9924,
    "val_position_2_acc": 0.9908666666666667,
    "val_position_3_acc": 0.9914,
    "val_position_4_acc": 0.9922,
    "val_position_5_acc": 0.9934666666666667,
    "test_loss": 0.25042333279073364,
    "test_seq_acc": 0.9608,
    "test_char_acc": 0.9919733333333334,
    "test_edit_distance": 0.04,
    "test_clean_accuracy": 0.9608,
    "test_robustness_drop": null,
    "test_restoration_gain": null,
    "test_position_1_acc": 0.9927333333333334,
    "test_position_2_acc": 0.9900666666666667,
    "test_position_3_acc": 0.9912666666666666,
    "test_position_4_acc": 0.9925333333333334,
    "test_position_5_acc": 0.9932666666666666
}