{
    "epoch": 76,
    "train_loss": 0.0007453299111827379,
    "pretrain_loss": null,
    "finetune_loss": 0.0007453299111827379,
    "pseudo_label_count": 0,
    "pseudo_label_accept_rate": 0.0,
    "mean_pseudo_confidence": 0.0,
    "consistency_loss": 0.0,
    "encoder_stage": "supervised",
    "stn_status": "trainable",
    "stn_regularization_loss": 5.660742275854235e-07,
    "val_loss": 0.24287532514624172,
    "val_seq_acc": 0.9604,
    "val_char_acc": 0.992,
    "val_edit_distance": 0.04,
    "val_clean_accuracy": 0.9604,
    "val_robustness_drop": null,
    "val_restoration_gain": null,
    "val_position_1_acc": 0.9925333333333334,
    "val_position_2_acc": 0.9909333333333333,
    "val_position_3_acc": 0.9910666666666667,
    "val_position_4_acc": 0.9916,
    "val_position_5_acc": 0.9938666666666667,
    "test_loss": 0.23448601969659832,
    "test_seq_acc": 0.9584,
    "test_char_acc": 0.9915066666666666,
    "test_edit_distance": 0.0424,
    "test_clean_accuracy": 0.9584,
    "test_robustness_drop": null,
    "test_restoration_gain": null,
    "test_position_1_acc": 0.993,
    "test_position_2_acc": 0.9897333333333334,
    "test_position_3_acc": 0.9907333333333334,
    "test_position_4_acc": 0.9916666666666667,
    "test_position_5_acc": 0.9924
}