{
    "epoch": 7,
    "train_loss": 0.26438050333887103,
    "pretrain_loss": null,
    "finetune_loss": 0.26438050333887103,
    "pseudo_label_count": 0,
    "pseudo_label_accept_rate": 0.0,
    "mean_pseudo_confidence": 0.0,
    "consistency_loss": 0.0,
    "encoder_stage": "supervised",
    "stn_status": "frozen",
    "stn_regularization_loss": 0.0,
    "val_loss": 0.35746501929174035,
    "val_seq_acc": 0.8994666666666666,
    "val_char_acc": 0.9780133333333333,
    "val_edit_distance": 0.10986666666666667,
    "val_clean_accuracy": 0.8994666666666666,
    "val_robustness_drop": null,
    "val_restoration_gain": null,
    "val_position_1_acc": 0.9791333333333333,
    "val_position_2_acc": 0.9772,
    "val_position_3_acc": 0.9756,
    "val_position_4_acc": 0.9771333333333333,
    "val_position_5_acc": 0.981,
    "test_loss": 0.36670265245740696,
    "test_seq_acc": 0.8986666666666666,
    "test_char_acc": 0.9779866666666667,
    "test_edit_distance": 0.10993333333333333,
    "test_clean_accuracy": 0.8986666666666666,
    "test_robustness_drop": null,
    "test_restoration_gain": null,
    "test_position_1_acc": 0.9802,
    "test_position_2_acc": 0.9740666666666666,
    "test_position_3_acc": 0.9756,
    "test_position_4_acc": 0.9815333333333334,
    "test_position_5_acc": 0.9785333333333334
}