{
    "epoch": 192,
    "train_loss": 2.6226952838487347e-05,
    "pretrain_loss": null,
    "finetune_loss": 2.6226952838487347e-05,
    "pseudo_label_count": 0,
    "pseudo_label_accept_rate": 0.0,
    "mean_pseudo_confidence": 0.0,
    "consistency_loss": 0.0,
    "encoder_stage": "supervised",
    "stn_status": "trainable",
    "stn_regularization_loss": 5.880785748290655e-07,
    "val_loss": 0.2657242282648902,
    "val_seq_acc": 0.9601333333333333,
    "val_char_acc": 0.99192,
    "val_edit_distance": 0.0404,
    "val_clean_accuracy": 0.9601333333333333,
    "val_robustness_drop": null,
    "val_restoration_gain": null,
    "val_position_1_acc": 0.9922666666666666,
    "val_position_2_acc": 0.9906,
    "val_position_3_acc": 0.9912666666666666,
    "val_position_4_acc": 0.9921333333333333,
    "val_position_5_acc": 0.9933333333333333,
    "test_loss": 0.2521222324576229,
    "test_seq_acc": 0.9606666666666667,
    "test_char_acc": 0.9919466666666666,
    "test_edit_distance": 0.04013333333333333,
    "test_clean_accuracy": 0.9606666666666667,
    "test_robustness_drop": null,
    "test_restoration_gain": null,
    "test_position_1_acc": 0.993,
    "test_position_2_acc": 0.9901333333333333,
    "test_position_3_acc": 0.9913333333333333,
    "test_position_4_acc": 0.9921333333333333,
    "test_position_5_acc": 0.9931333333333333
}