{
    "epoch": 142,
    "train_loss": 4.434250266476311e-05,
    "pretrain_loss": null,
    "finetune_loss": 4.434250266476311e-05,
    "pseudo_label_count": 0,
    "pseudo_label_accept_rate": 0.0,
    "mean_pseudo_confidence": 0.0,
    "consistency_loss": 0.0,
    "encoder_stage": "supervised",
    "stn_status": "trainable",
    "stn_regularization_loss": 5.864948956592491e-07,
    "val_loss": 0.2654995195517293,
    "val_seq_acc": 0.9603333333333334,
    "val_char_acc": 0.9919733333333334,
    "val_edit_distance": 0.04013333333333333,
    "val_clean_accuracy": 0.9603333333333334,
    "val_robustness_drop": null,
    "val_restoration_gain": null,
    "val_position_1_acc": 0.9922666666666666,
    "val_position_2_acc": 0.9907333333333334,
    "val_position_3_acc": 0.9912,
    "val_position_4_acc": 0.9922,
    "val_position_5_acc": 0.9934666666666667,
    "test_loss": 0.252639171247118,
    "test_seq_acc": 0.9600666666666666,
    "test_char_acc": 0.9918266666666666,
    "test_edit_distance": 0.04073333333333334,
    "test_clean_accuracy": 0.9600666666666666,
    "test_robustness_drop": null,
    "test_restoration_gain": null,
    "test_position_1_acc": 0.9929333333333333,
    "test_position_2_acc": 0.9900666666666667,
    "test_position_3_acc": 0.9915333333333334,
    "test_position_4_acc": 0.9918,
    "test_position_5_acc": 0.9928
}