{
    "epoch": 200,
    "train_loss": 2.0455373385383118e-05,
    "pretrain_loss": null,
    "finetune_loss": 2.0455373385383118e-05,
    "pseudo_label_count": 0,
    "pseudo_label_accept_rate": 0.0,
    "mean_pseudo_confidence": 0.0,
    "consistency_loss": 0.0,
    "encoder_stage": "supervised",
    "stn_status": "trainable",
    "stn_regularization_loss": 5.880119209485073e-07,
    "val_loss": 0.2664974785145467,
    "val_seq_acc": 0.9603333333333334,
    "val_char_acc": 0.9919733333333334,
    "val_edit_distance": 0.04013333333333333,
    "val_clean_accuracy": 0.9603333333333334,
    "val_robustness_drop": null,
    "val_restoration_gain": null,
    "val_position_1_acc": 0.9924,
    "val_position_2_acc": 0.9906666666666667,
    "val_position_3_acc": 0.9912666666666666,
    "val_position_4_acc": 0.9921333333333333,
    "val_position_5_acc": 0.9934,
    "test_loss": 0.25111869737205994,
    "test_seq_acc": 0.9611333333333333,
    "test_char_acc": 0.9920266666666666,
    "test_edit_distance": 0.039733333333333336,
    "test_clean_accuracy": 0.9611333333333333,
    "test_robustness_drop": null,
    "test_restoration_gain": null,
    "test_position_1_acc": 0.9928666666666667,
    "test_position_2_acc": 0.9900666666666667,
    "test_position_3_acc": 0.9914666666666667,
    "test_position_4_acc": 0.9924,
    "test_position_5_acc": 0.9933333333333333
}