{
    "epoch": 193,
    "train_loss": 2.7083104043422686e-05,
    "pretrain_loss": null,
    "finetune_loss": 2.7083104043422686e-05,
    "pseudo_label_count": 0,
    "pseudo_label_accept_rate": 0.0,
    "mean_pseudo_confidence": 0.0,
    "consistency_loss": 0.0,
    "encoder_stage": "supervised",
    "stn_status": "trainable",
    "stn_regularization_loss": 5.868058465251174e-07,
    "val_loss": 0.2661548458953325,
    "val_seq_acc": 0.9607333333333333,
    "val_char_acc": 0.99204,
    "val_edit_distance": 0.0398,
    "val_clean_accuracy": 0.9607333333333333,
    "val_robustness_drop": null,
    "val_restoration_gain": null,
    "val_position_1_acc": 0.9924666666666667,
    "val_position_2_acc": 0.9907333333333334,
    "val_position_3_acc": 0.9914,
    "val_position_4_acc": 0.9921333333333333,
    "val_position_5_acc": 0.9934666666666667,
    "test_loss": 0.25111839972767913,
    "test_seq_acc": 0.9608,
    "test_char_acc": 0.9919733333333334,
    "test_edit_distance": 0.04,
    "test_clean_accuracy": 0.9608,
    "test_robustness_drop": null,
    "test_restoration_gain": null,
    "test_position_1_acc": 0.9928666666666667,
    "test_position_2_acc": 0.9901333333333333,
    "test_position_3_acc": 0.9912,
    "test_position_4_acc": 0.9924,
    "test_position_5_acc": 0.9932666666666666
}