{
    "epoch": 60,
    "train_loss": 0.0018912226671955424,
    "pretrain_loss": null,
    "finetune_loss": 0.0018912226671955424,
    "pseudo_label_count": 0,
    "pseudo_label_accept_rate": 0.0,
    "mean_pseudo_confidence": 0.0,
    "consistency_loss": 0.0,
    "encoder_stage": "supervised",
    "stn_status": "trainable",
    "stn_regularization_loss": 5.268330464425005e-07,
    "val_loss": 0.21498163582725546,
    "val_seq_acc": 0.9566666666666667,
    "val_char_acc": 0.9911733333333334,
    "val_edit_distance": 0.04413333333333333,
    "val_clean_accuracy": 0.9566666666666667,
    "val_robustness_drop": null,
    "val_restoration_gain": null,
    "val_position_1_acc": 0.9919333333333333,
    "val_position_2_acc": 0.9895333333333334,
    "val_position_3_acc": 0.9908,
    "val_position_4_acc": 0.9907333333333334,
    "val_position_5_acc": 0.9928666666666667,
    "test_loss": 0.2067604410162164,
    "test_seq_acc": 0.9583333333333334,
    "test_char_acc": 0.9914666666666667,
    "test_edit_distance": 0.04253333333333333,
    "test_clean_accuracy": 0.9583333333333334,
    "test_robustness_drop": null,
    "test_restoration_gain": null,
    "test_position_1_acc": 0.9923333333333333,
    "test_position_2_acc": 0.9888,
    "test_position_3_acc": 0.9908,
    "test_position_4_acc": 0.9922,
    "test_position_5_acc": 0.9932
}