{
    "epoch": 83,
    "train_loss": 0.00041675190889076255,
    "pretrain_loss": null,
    "finetune_loss": 0.00041675190889076255,
    "pseudo_label_count": 0,
    "pseudo_label_accept_rate": 0.0,
    "mean_pseudo_confidence": 0.0,
    "consistency_loss": 0.0,
    "encoder_stage": "supervised",
    "stn_status": "trainable",
    "stn_regularization_loss": 6.070206456199857e-07,
    "val_loss": 0.25415718483973404,
    "val_seq_acc": 0.9582,
    "val_char_acc": 0.9914933333333333,
    "val_edit_distance": 0.04253333333333333,
    "val_clean_accuracy": 0.9582,
    "val_robustness_drop": null,
    "val_restoration_gain": null,
    "val_position_1_acc": 0.992,
    "val_position_2_acc": 0.9897333333333334,
    "val_position_3_acc": 0.9902,
    "val_position_4_acc": 0.9917333333333334,
    "val_position_5_acc": 0.9938,
    "test_loss": 0.2453945535471884,
    "test_seq_acc": 0.9580666666666666,
    "test_char_acc": 0.9914133333333334,
    "test_edit_distance": 0.0428,
    "test_clean_accuracy": 0.9580666666666666,
    "test_robustness_drop": null,
    "test_restoration_gain": null,
    "test_position_1_acc": 0.9927333333333334,
    "test_position_2_acc": 0.9890666666666666,
    "test_position_3_acc": 0.9908666666666667,
    "test_position_4_acc": 0.9916,
    "test_position_5_acc": 0.9928
}