{
    "epoch": 95,
    "train_loss": 0.0009673245631703726,
    "pretrain_loss": null,
    "finetune_loss": 0.0009673245631703726,
    "pseudo_label_count": 0,
    "pseudo_label_accept_rate": 0.0,
    "mean_pseudo_confidence": 0.0,
    "consistency_loss": 0.0,
    "encoder_stage": "supervised",
    "stn_status": "trainable",
    "stn_regularization_loss": 4.928294252600162e-07,
    "val_loss": 0.2725104246331947,
    "val_seq_acc": 0.9559333333333333,
    "val_char_acc": 0.991,
    "val_edit_distance": 0.045,
    "val_clean_accuracy": 0.9559333333333333,
    "val_robustness_drop": null,
    "val_restoration_gain": null,
    "val_position_1_acc": 0.9912666666666666,
    "val_position_2_acc": 0.9893333333333333,
    "val_position_3_acc": 0.9906666666666667,
    "val_position_4_acc": 0.9907333333333334,
    "val_position_5_acc": 0.993,
    "test_loss": 0.2540441861147282,
    "test_seq_acc": 0.9584666666666667,
    "test_char_acc": 0.99152,
    "test_edit_distance": 0.04226666666666667,
    "test_clean_accuracy": 0.9584666666666667,
    "test_robustness_drop": null,
    "test_restoration_gain": null,
    "test_position_1_acc": 0.9922666666666666,
    "test_position_2_acc": 0.9895333333333334,
    "test_position_3_acc": 0.9907333333333334,
    "test_position_4_acc": 0.9920666666666667,
    "test_position_5_acc": 0.993
}