{
    "epoch": 39,
    "train_loss": 0.039408669694552964,
    "pretrain_loss": null,
    "finetune_loss": 0.039408669694552964,
    "pseudo_label_count": 0,
    "pseudo_label_accept_rate": 0.0,
    "mean_pseudo_confidence": 0.0,
    "consistency_loss": 0.0,
    "encoder_stage": "supervised",
    "stn_status": "trainable",
    "stn_regularization_loss": 5.185796342573064e-07,
    "val_loss": 0.2967771231117895,
    "val_seq_acc": 0.9392666666666667,
    "val_char_acc": 0.9873733333333333,
    "val_edit_distance": 0.06313333333333333,
    "val_clean_accuracy": 0.9392666666666667,
    "val_robustness_drop": null,
    "val_restoration_gain": null,
    "val_position_1_acc": 0.9878,
    "val_position_2_acc": 0.9850666666666666,
    "val_position_3_acc": 0.9854666666666667,
    "val_position_4_acc": 0.9879333333333333,
    "val_position_5_acc": 0.9906,
    "test_loss": 0.3004261945863649,
    "test_seq_acc": 0.9388666666666666,
    "test_char_acc": 0.9873066666666667,
    "test_edit_distance": 0.06333333333333334,
    "test_clean_accuracy": 0.9388666666666666,
    "test_robustness_drop": null,
    "test_restoration_gain": null,
    "test_position_1_acc": 0.9888666666666667,
    "test_position_2_acc": 0.9833333333333333,
    "test_position_3_acc": 0.9853333333333333,
    "test_position_4_acc": 0.9884666666666667,
    "test_position_5_acc": 0.9905333333333334
}