{
    "epoch": 182,
    "train_loss": 3.019164197680184e-05,
    "pretrain_loss": null,
    "finetune_loss": 3.019164197680184e-05,
    "pseudo_label_count": 0,
    "pseudo_label_accept_rate": 0.0,
    "mean_pseudo_confidence": 0.0,
    "consistency_loss": 0.0,
    "encoder_stage": "supervised",
    "stn_status": "trainable",
    "stn_regularization_loss": 5.922728697874114e-07,
    "val_loss": 0.2649572910415403,
    "val_seq_acc": 0.9606,
    "val_char_acc": 0.99204,
    "val_edit_distance": 0.0398,
    "val_clean_accuracy": 0.9606,
    "val_robustness_drop": null,
    "val_restoration_gain": null,
    "val_position_1_acc": 0.9924,
    "val_position_2_acc": 0.9907333333333334,
    "val_position_3_acc": 0.9915333333333334,
    "val_position_4_acc": 0.9918666666666667,
    "val_position_5_acc": 0.9936666666666667,
    "test_loss": 0.24932771726014188,
    "test_seq_acc": 0.9606,
    "test_char_acc": 0.99192,
    "test_edit_distance": 0.040266666666666666,
    "test_clean_accuracy": 0.9606,
    "test_robustness_drop": null,
    "test_restoration_gain": null,
    "test_position_1_acc": 0.9931333333333333,
    "test_position_2_acc": 0.99,
    "test_position_3_acc": 0.9910666666666667,
    "test_position_4_acc": 0.9922,
    "test_position_5_acc": 0.9932
}