{
    "epoch": 80,
    "train_loss": 0.0008637430566081422,
    "pretrain_loss": null,
    "finetune_loss": 0.0008637430566081422,
    "pseudo_label_count": 0,
    "pseudo_label_accept_rate": 0.0,
    "mean_pseudo_confidence": 0.0,
    "consistency_loss": 0.0,
    "encoder_stage": "supervised",
    "stn_status": "trainable",
    "stn_regularization_loss": 5.871173074975932e-07,
    "val_loss": 0.2514908234381622,
    "val_seq_acc": 0.958,
    "val_char_acc": 0.99148,
    "val_edit_distance": 0.0426,
    "val_clean_accuracy": 0.958,
    "val_robustness_drop": null,
    "val_restoration_gain": null,
    "val_position_1_acc": 0.9927333333333334,
    "val_position_2_acc": 0.9898666666666667,
    "val_position_3_acc": 0.9898666666666667,
    "val_position_4_acc": 0.9916666666666667,
    "val_position_5_acc": 0.9932666666666666,
    "test_loss": 0.24403572647627128,
    "test_seq_acc": 0.9576,
    "test_char_acc": 0.9913733333333333,
    "test_edit_distance": 0.04306666666666667,
    "test_clean_accuracy": 0.9576,
    "test_robustness_drop": null,
    "test_restoration_gain": null,
    "test_position_1_acc": 0.9932666666666666,
    "test_position_2_acc": 0.9891333333333333,
    "test_position_3_acc": 0.9903333333333333,
    "test_position_4_acc": 0.9917333333333334,
    "test_position_5_acc": 0.9924
}