{
    "epoch": 189,
    "train_loss": 2.6289691805038462e-05,
    "pretrain_loss": null,
    "finetune_loss": 2.6289691805038462e-05,
    "pseudo_label_count": 0,
    "pseudo_label_accept_rate": 0.0,
    "mean_pseudo_confidence": 0.0,
    "consistency_loss": 0.0,
    "encoder_stage": "supervised",
    "stn_status": "trainable",
    "stn_regularization_loss": 5.861193295582571e-07,
    "val_loss": 0.26505409316574147,
    "val_seq_acc": 0.9606666666666667,
    "val_char_acc": 0.9920266666666666,
    "val_edit_distance": 0.03986666666666667,
    "val_clean_accuracy": 0.9606666666666667,
    "val_robustness_drop": null,
    "val_restoration_gain": null,
    "val_position_1_acc": 0.9926666666666667,
    "val_position_2_acc": 0.9907333333333334,
    "val_position_3_acc": 0.9913333333333333,
    "val_position_4_acc": 0.992,
    "val_position_5_acc": 0.9934,
    "test_loss": 0.25033528700676133,
    "test_seq_acc": 0.9606666666666667,
    "test_char_acc": 0.9919466666666666,
    "test_edit_distance": 0.04013333333333333,
    "test_clean_accuracy": 0.9606666666666667,
    "test_robustness_drop": null,
    "test_restoration_gain": null,
    "test_position_1_acc": 0.9926666666666667,
    "test_position_2_acc": 0.99,
    "test_position_3_acc": 0.9912666666666666,
    "test_position_4_acc": 0.9923333333333333,
    "test_position_5_acc": 0.9934666666666667
}