{
    "epoch": 148,
    "train_loss": 3.2642403392649474e-05,
    "pretrain_loss": null,
    "finetune_loss": 3.2642403392649474e-05,
    "pseudo_label_count": 0,
    "pseudo_label_accept_rate": 0.0,
    "mean_pseudo_confidence": 0.0,
    "consistency_loss": 0.0,
    "encoder_stage": "supervised",
    "stn_status": "trainable",
    "stn_regularization_loss": 5.861636217127674e-07,
    "val_loss": 0.2651711618377318,
    "val_seq_acc": 0.9604,
    "val_char_acc": 0.9919866666666667,
    "val_edit_distance": 0.04006666666666667,
    "val_clean_accuracy": 0.9604,
    "val_robustness_drop": null,
    "val_restoration_gain": null,
    "val_position_1_acc": 0.9924,
    "val_position_2_acc": 0.9908,
    "val_position_3_acc": 0.9912,
    "val_position_4_acc": 0.9920666666666667,
    "val_position_5_acc": 0.9934666666666667,
    "test_loss": 0.25093312925161887,
    "test_seq_acc": 0.9607333333333333,
    "test_char_acc": 0.9919466666666666,
    "test_edit_distance": 0.04013333333333333,
    "test_clean_accuracy": 0.9607333333333333,
    "test_robustness_drop": null,
    "test_restoration_gain": null,
    "test_position_1_acc": 0.9928666666666667,
    "test_position_2_acc": 0.99,
    "test_position_3_acc": 0.9913333333333333,
    "test_position_4_acc": 0.9922666666666666,
    "test_position_5_acc": 0.9932666666666666
}