{
    "epoch": 165,
    "train_loss": 3.9266603559670273e-05,
    "pretrain_loss": null,
    "finetune_loss": 3.9266603559670273e-05,
    "pseudo_label_count": 0,
    "pseudo_label_accept_rate": 0.0,
    "mean_pseudo_confidence": 0.0,
    "consistency_loss": 0.0,
    "encoder_stage": "supervised",
    "stn_status": "trainable",
    "stn_regularization_loss": 5.831986554049019e-07,
    "val_loss": 0.26454168828737024,
    "val_seq_acc": 0.9606,
    "val_char_acc": 0.9920133333333333,
    "val_edit_distance": 0.039933333333333335,
    "val_clean_accuracy": 0.9606,
    "val_robustness_drop": null,
    "val_restoration_gain": null,
    "val_position_1_acc": 0.9924666666666667,
    "val_position_2_acc": 0.9906,
    "val_position_3_acc": 0.9914666666666667,
    "val_position_4_acc": 0.992,
    "val_position_5_acc": 0.9935333333333334,
    "test_loss": 0.24917329735738242,
    "test_seq_acc": 0.9605333333333334,
    "test_char_acc": 0.9919066666666667,
    "test_edit_distance": 0.04033333333333333,
    "test_clean_accuracy": 0.9605333333333334,
    "test_robustness_drop": null,
    "test_restoration_gain": null,
    "test_position_1_acc": 0.9928,
    "test_position_2_acc": 0.9900666666666667,
    "test_position_3_acc": 0.9912666666666666,
    "test_position_4_acc": 0.9921333333333333,
    "test_position_5_acc": 0.9932666666666666
}