{
    "epoch": 69,
    "train_loss": 0.0011194968263952391,
    "pretrain_loss": null,
    "finetune_loss": 0.0011194968263952391,
    "pseudo_label_count": 0,
    "pseudo_label_accept_rate": 0.0,
    "mean_pseudo_confidence": 0.0,
    "consistency_loss": 0.0,
    "encoder_stage": "supervised",
    "stn_status": "trainable",
    "stn_regularization_loss": 5.212817498434206e-07,
    "val_loss": 0.23524382495680446,
    "val_seq_acc": 0.9566,
    "val_char_acc": 0.9912133333333333,
    "val_edit_distance": 0.04393333333333333,
    "val_clean_accuracy": 0.9566,
    "val_robustness_drop": null,
    "val_restoration_gain": null,
    "val_position_1_acc": 0.9918,
    "val_position_2_acc": 0.9898666666666667,
    "val_position_3_acc": 0.9897333333333334,
    "val_position_4_acc": 0.9914666666666667,
    "val_position_5_acc": 0.9932,
    "test_loss": 0.23320330016441265,
    "test_seq_acc": 0.9584666666666667,
    "test_char_acc": 0.9915466666666667,
    "test_edit_distance": 0.042133333333333335,
    "test_clean_accuracy": 0.9584666666666667,
    "test_robustness_drop": null,
    "test_restoration_gain": null,
    "test_position_1_acc": 0.9927333333333334,
    "test_position_2_acc": 0.9898,
    "test_position_3_acc": 0.9904666666666667,
    "test_position_4_acc": 0.9919333333333333,
    "test_position_5_acc": 0.9928
}