{
    "epoch": 33,
    "train_loss": 0.05618494091064283,
    "pretrain_loss": null,
    "finetune_loss": 0.05618494091064283,
    "pseudo_label_count": 0,
    "pseudo_label_accept_rate": 0.0,
    "mean_pseudo_confidence": 0.0,
    "consistency_loss": 0.0,
    "encoder_stage": "supervised",
    "stn_status": "trainable",
    "stn_regularization_loss": 4.2474720798394054e-07,
    "val_loss": 0.3443542482741809,
    "val_seq_acc": 0.9268,
    "val_char_acc": 0.9846666666666667,
    "val_edit_distance": 0.0766,
    "val_clean_accuracy": 0.9268,
    "val_robustness_drop": null,
    "val_restoration_gain": null,
    "val_position_1_acc": 0.9877333333333334,
    "val_position_2_acc": 0.9816,
    "val_position_3_acc": 0.9846666666666667,
    "val_position_4_acc": 0.9826,
    "val_position_5_acc": 0.9867333333333334,
    "test_loss": 0.33122128715454524,
    "test_seq_acc": 0.9274,
    "test_char_acc": 0.98492,
    "test_edit_distance": 0.07526666666666666,
    "test_clean_accuracy": 0.9274,
    "test_robustness_drop": null,
    "test_restoration_gain": null,
    "test_position_1_acc": 0.9873333333333333,
    "test_position_2_acc": 0.9826666666666667,
    "test_position_3_acc": 0.9842666666666666,
    "test_position_4_acc": 0.9852666666666666,
    "test_position_5_acc": 0.9850666666666666
}