{
    "epoch": 37,
    "train_loss": 0.06186346107408132,
    "pretrain_loss": null,
    "finetune_loss": 0.06186346107408132,
    "pseudo_label_count": 0,
    "pseudo_label_accept_rate": 0.0,
    "mean_pseudo_confidence": 0.0,
    "consistency_loss": 0.0,
    "encoder_stage": "supervised",
    "stn_status": "trainable",
    "stn_regularization_loss": 4.903336051269168e-07,
    "val_loss": 1.0344884526931633,
    "val_seq_acc": 0.8589333333333333,
    "val_char_acc": 0.9628,
    "val_edit_distance": 0.18233333333333332,
    "val_clean_accuracy": 0.8589333333333333,
    "val_robustness_drop": null,
    "val_restoration_gain": null,
    "val_position_1_acc": 0.9574666666666667,
    "val_position_2_acc": 0.9562,
    "val_position_3_acc": 0.9632666666666667,
    "val_position_4_acc": 0.9635333333333334,
    "val_position_5_acc": 0.9735333333333334,
    "test_loss": 1.0010268791752346,
    "test_seq_acc": 0.8610666666666666,
    "test_char_acc": 0.96312,
    "test_edit_distance": 0.18126666666666666,
    "test_clean_accuracy": 0.8610666666666666,
    "test_robustness_drop": null,
    "test_restoration_gain": null,
    "test_position_1_acc": 0.9567333333333333,
    "test_position_2_acc": 0.9552666666666667,
    "test_position_3_acc": 0.9633333333333334,
    "test_position_4_acc": 0.9668,
    "test_position_5_acc": 0.9734666666666667
}