{
    "epoch": 102,
    "train_loss": 0.00032054746929984255,
    "pretrain_loss": null,
    "finetune_loss": 0.00032054746929984255,
    "pseudo_label_count": 0,
    "pseudo_label_accept_rate": 0.0,
    "mean_pseudo_confidence": 0.0,
    "consistency_loss": 0.0,
    "encoder_stage": "supervised",
    "stn_status": "trainable",
    "stn_regularization_loss": 5.640151505778879e-07,
    "val_loss": 0.26943285325966315,
    "val_seq_acc": 0.9587333333333333,
    "val_char_acc": 0.9915733333333333,
    "val_edit_distance": 0.042133333333333335,
    "val_clean_accuracy": 0.9587333333333333,
    "val_robustness_drop": null,
    "val_restoration_gain": null,
    "val_position_1_acc": 0.9916666666666667,
    "val_position_2_acc": 0.9902,
    "val_position_3_acc": 0.9913333333333333,
    "val_position_4_acc": 0.992,
    "val_position_5_acc": 0.9926666666666667,
    "test_loss": 0.2531643643604307,
    "test_seq_acc": 0.9588,
    "test_char_acc": 0.9915733333333333,
    "test_edit_distance": 0.042,
    "test_clean_accuracy": 0.9588,
    "test_robustness_drop": null,
    "test_restoration_gain": null,
    "test_position_1_acc": 0.9929333333333333,
    "test_position_2_acc": 0.9899333333333333,
    "test_position_3_acc": 0.9911333333333333,
    "test_position_4_acc": 0.9911333333333333,
    "test_position_5_acc": 0.9927333333333334
}