{
    "epoch": 11,
    "train_loss": 0.1889483195294288,
    "pretrain_loss": null,
    "finetune_loss": 0.1889483195294288,
    "pseudo_label_count": 0,
    "pseudo_label_accept_rate": 0.0,
    "mean_pseudo_confidence": 0.0,
    "consistency_loss": 0.0,
    "encoder_stage": "supervised",
    "stn_status": "frozen",
    "stn_regularization_loss": 0.0,
    "val_loss": 0.31314135961613415,
    "val_seq_acc": 0.9164666666666667,
    "val_char_acc": 0.98216,
    "val_edit_distance": 0.0892,
    "val_clean_accuracy": 0.9164666666666667,
    "val_robustness_drop": null,
    "val_restoration_gain": null,
    "val_position_1_acc": 0.9849333333333333,
    "val_position_2_acc": 0.9797333333333333,
    "val_position_3_acc": 0.9786,
    "val_position_4_acc": 0.9800666666666666,
    "val_position_5_acc": 0.9874666666666667,
    "test_loss": 0.3152990714346958,
    "test_seq_acc": 0.9138,
    "test_char_acc": 0.9816533333333334,
    "test_edit_distance": 0.09166666666666666,
    "test_clean_accuracy": 0.9138,
    "test_robustness_drop": null,
    "test_restoration_gain": null,
    "test_position_1_acc": 0.9856,
    "test_position_2_acc": 0.9784666666666667,
    "test_position_3_acc": 0.9787333333333333,
    "test_position_4_acc": 0.9801333333333333,
    "test_position_5_acc": 0.9853333333333333
}