{
    "epoch": 197,
    "train_loss": 2.2589493684135388e-05,
    "pretrain_loss": null,
    "finetune_loss": 2.2589493684135388e-05,
    "pseudo_label_count": 0,
    "pseudo_label_accept_rate": 0.0,
    "mean_pseudo_confidence": 0.0,
    "consistency_loss": 0.0,
    "encoder_stage": "supervised",
    "stn_status": "trainable",
    "stn_regularization_loss": 5.881554555530747e-07,
    "val_loss": 0.26502334799615557,
    "val_seq_acc": 0.9610666666666666,
    "val_char_acc": 0.99212,
    "val_edit_distance": 0.0394,
    "val_clean_accuracy": 0.9610666666666666,
    "val_robustness_drop": null,
    "val_restoration_gain": null,
    "val_position_1_acc": 0.9926666666666667,
    "val_position_2_acc": 0.9907333333333334,
    "val_position_3_acc": 0.9913333333333333,
    "val_position_4_acc": 0.9922666666666666,
    "val_position_5_acc": 0.9936,
    "test_loss": 0.24996955821416894,
    "test_seq_acc": 0.9607333333333333,
    "test_char_acc": 0.99196,
    "test_edit_distance": 0.04006666666666667,
    "test_clean_accuracy": 0.9607333333333333,
    "test_robustness_drop": null,
    "test_restoration_gain": null,
    "test_position_1_acc": 0.9928666666666667,
    "test_position_2_acc": 0.9900666666666667,
    "test_position_3_acc": 0.9914,
    "test_position_4_acc": 0.9922666666666666,
    "test_position_5_acc": 0.9932
}