{
    "epoch": 71,
    "train_loss": 0.0007627490544128602,
    "pretrain_loss": null,
    "finetune_loss": 0.0007627490544128602,
    "pseudo_label_count": 0,
    "pseudo_label_accept_rate": 0.0,
    "mean_pseudo_confidence": 0.0,
    "consistency_loss": 0.0,
    "encoder_stage": "supervised",
    "stn_status": "trainable",
    "stn_regularization_loss": 5.612838021876068e-07,
    "val_loss": 0.23116318776737899,
    "val_seq_acc": 0.9576,
    "val_char_acc": 0.99136,
    "val_edit_distance": 0.0432,
    "val_clean_accuracy": 0.9576,
    "val_robustness_drop": null,
    "val_restoration_gain": null,
    "val_position_1_acc": 0.992,
    "val_position_2_acc": 0.9902666666666666,
    "val_position_3_acc": 0.9906,
    "val_position_4_acc": 0.9907333333333334,
    "val_position_5_acc": 0.9932,
    "test_loss": 0.22512615909721007,
    "test_seq_acc": 0.9579333333333333,
    "test_char_acc": 0.9914533333333333,
    "test_edit_distance": 0.0426,
    "test_clean_accuracy": 0.9579333333333333,
    "test_robustness_drop": null,
    "test_restoration_gain": null,
    "test_position_1_acc": 0.9924666666666667,
    "test_position_2_acc": 0.9895333333333334,
    "test_position_3_acc": 0.9905333333333334,
    "test_position_4_acc": 0.9923333333333333,
    "test_position_5_acc": 0.9924
}