{
    "epoch": 57,
    "train_loss": 0.0022482700376846164,
    "pretrain_loss": null,
    "finetune_loss": 0.0022482700376846164,
    "pseudo_label_count": 0,
    "pseudo_label_accept_rate": 0.0,
    "mean_pseudo_confidence": 0.0,
    "consistency_loss": 0.0,
    "encoder_stage": "supervised",
    "stn_status": "trainable",
    "stn_regularization_loss": 4.873665703419531e-07,
    "val_loss": 0.21445635967232854,
    "val_seq_acc": 0.957,
    "val_char_acc": 0.99124,
    "val_edit_distance": 0.0438,
    "val_clean_accuracy": 0.957,
    "val_robustness_drop": null,
    "val_restoration_gain": null,
    "val_position_1_acc": 0.9917333333333334,
    "val_position_2_acc": 0.9903333333333333,
    "val_position_3_acc": 0.9903333333333333,
    "val_position_4_acc": 0.9908666666666667,
    "val_position_5_acc": 0.9929333333333333,
    "test_loss": 0.20749226632385942,
    "test_seq_acc": 0.9570666666666666,
    "test_char_acc": 0.9912133333333333,
    "test_edit_distance": 0.0438,
    "test_clean_accuracy": 0.9570666666666666,
    "test_robustness_drop": null,
    "test_restoration_gain": null,
    "test_position_1_acc": 0.9918666666666667,
    "test_position_2_acc": 0.9891333333333333,
    "test_position_3_acc": 0.9902,
    "test_position_4_acc": 0.9921333333333333,
    "test_position_5_acc": 0.9927333333333334
}