{
    "epoch": 158,
    "train_loss": 4.2991187504889974e-05,
    "pretrain_loss": null,
    "finetune_loss": 4.2991187504889974e-05,
    "pseudo_label_count": 0,
    "pseudo_label_accept_rate": 0.0,
    "mean_pseudo_confidence": 0.0,
    "consistency_loss": 0.0,
    "encoder_stage": "supervised",
    "stn_status": "trainable",
    "stn_regularization_loss": 5.813429539835381e-07,
    "val_loss": 0.26534502539029975,
    "val_seq_acc": 0.9605333333333334,
    "val_char_acc": 0.992,
    "val_edit_distance": 0.04,
    "val_clean_accuracy": 0.9605333333333334,
    "val_robustness_drop": null,
    "val_restoration_gain": null,
    "val_position_1_acc": 0.9926,
    "val_position_2_acc": 0.9905333333333334,
    "val_position_3_acc": 0.9914666666666667,
    "val_position_4_acc": 0.9917333333333334,
    "val_position_5_acc": 0.9936666666666667,
    "test_loss": 0.2498425364541679,
    "test_seq_acc": 0.9608666666666666,
    "test_char_acc": 0.9919733333333334,
    "test_edit_distance": 0.04,
    "test_clean_accuracy": 0.9608666666666666,
    "test_robustness_drop": null,
    "test_restoration_gain": null,
    "test_position_1_acc": 0.993,
    "test_position_2_acc": 0.9902,
    "test_position_3_acc": 0.9912,
    "test_position_4_acc": 0.9921333333333333,
    "test_position_5_acc": 0.9933333333333333
}