{
    "epoch": 191,
    "train_loss": 2.7724646783426863e-05,
    "pretrain_loss": null,
    "finetune_loss": 2.7724646783426863e-05,
    "pseudo_label_count": 0,
    "pseudo_label_accept_rate": 0.0,
    "mean_pseudo_confidence": 0.0,
    "consistency_loss": 0.0,
    "encoder_stage": "supervised",
    "stn_status": "trainable",
    "stn_regularization_loss": 5.836629830239019e-07,
    "val_loss": 0.26593862084146014,
    "val_seq_acc": 0.9607333333333333,
    "val_char_acc": 0.9920533333333333,
    "val_edit_distance": 0.039733333333333336,
    "val_clean_accuracy": 0.9607333333333333,
    "val_robustness_drop": null,
    "val_restoration_gain": null,
    "val_position_1_acc": 0.9925333333333334,
    "val_position_2_acc": 0.9908666666666667,
    "val_position_3_acc": 0.9914,
    "val_position_4_acc": 0.992,
    "val_position_5_acc": 0.9934666666666667,
    "test_loss": 0.2509232879265101,
    "test_seq_acc": 0.9612,
    "test_char_acc": 0.99204,
    "test_edit_distance": 0.03966666666666667,
    "test_clean_accuracy": 0.9612,
    "test_robustness_drop": null,
    "test_restoration_gain": null,
    "test_position_1_acc": 0.9928666666666667,
    "test_position_2_acc": 0.9903333333333333,
    "test_position_3_acc": 0.9914,
    "test_position_4_acc": 0.9924,
    "test_position_5_acc": 0.9932
}