{
    "epoch": 2,
    "train_loss": 1.0969583062216757,
    "pretrain_loss": null,
    "finetune_loss": 1.0969583062216757,
    "pseudo_label_count": 0,
    "pseudo_label_accept_rate": 0.0,
    "mean_pseudo_confidence": 0.0,
    "consistency_loss": 0.0,
    "encoder_stage": "supervised",
    "stn_status": "frozen",
    "stn_regularization_loss": 0.0,
    "val_loss": 2.5925200702780384,
    "val_seq_acc": 0.5324666666666666,
    "val_char_acc": 0.8464666666666667,
    "val_edit_distance": 0.7672,
    "val_clean_accuracy": 0.5324666666666666,
    "val_robustness_drop": null,
    "val_restoration_gain": null,
    "val_position_1_acc": 0.8779333333333333,
    "val_position_2_acc": 0.8233333333333334,
    "val_position_3_acc": 0.8218,
    "val_position_4_acc": 0.8408,
    "val_position_5_acc": 0.8684666666666667,
    "test_loss": 2.596640652519161,
    "test_seq_acc": 0.5306666666666666,
    "test_char_acc": 0.8458666666666667,
    "test_edit_distance": 0.7700666666666667,
    "test_clean_accuracy": 0.5306666666666666,
    "test_robustness_drop": null,
    "test_restoration_gain": null,
    "test_position_1_acc": 0.8764,
    "test_position_2_acc": 0.8195333333333333,
    "test_position_3_acc": 0.8234,
    "test_position_4_acc": 0.8458666666666667,
    "test_position_5_acc": 0.8641333333333333
}