{
    "epoch": 16,
    "train_loss": 0.13585663926799832,
    "pretrain_loss": null,
    "finetune_loss": 0.13585663926799832,
    "pseudo_label_count": 0,
    "pseudo_label_accept_rate": 0.0,
    "mean_pseudo_confidence": 0.0,
    "consistency_loss": 0.0,
    "encoder_stage": "supervised",
    "stn_status": "trainable",
    "stn_regularization_loss": 1.0975686793279731e-09,
    "val_loss": 0.3338772946873964,
    "val_seq_acc": 0.9156666666666666,
    "val_char_acc": 0.9822666666666666,
    "val_edit_distance": 0.0886,
    "val_clean_accuracy": 0.9156666666666666,
    "val_robustness_drop": null,
    "val_restoration_gain": null,
    "val_position_1_acc": 0.9814,
    "val_position_2_acc": 0.9806666666666667,
    "val_position_3_acc": 0.9816,
    "val_position_4_acc": 0.9810666666666666,
    "val_position_5_acc": 0.9866,
    "test_loss": 0.33135444816138787,
    "test_seq_acc": 0.9144,
    "test_char_acc": 0.98192,
    "test_edit_distance": 0.09033333333333333,
    "test_clean_accuracy": 0.9144,
    "test_robustness_drop": null,
    "test_restoration_gain": null,
    "test_position_1_acc": 0.9814666666666667,
    "test_position_2_acc": 0.9794,
    "test_position_3_acc": 0.9821333333333333,
    "test_position_4_acc": 0.9817333333333333,
    "test_position_5_acc": 0.9848666666666667
}