{
    "epoch": 82,
    "train_loss": 0.0007588350250139952,
    "pretrain_loss": null,
    "finetune_loss": 0.0007588350250139952,
    "pseudo_label_count": 0,
    "pseudo_label_accept_rate": 0.0,
    "mean_pseudo_confidence": 0.0,
    "consistency_loss": 0.0,
    "encoder_stage": "supervised",
    "stn_status": "trainable",
    "stn_regularization_loss": 5.96196701606782e-07,
    "val_loss": 0.2534345401339016,
    "val_seq_acc": 0.9574666666666667,
    "val_char_acc": 0.9913466666666667,
    "val_edit_distance": 0.04326666666666667,
    "val_clean_accuracy": 0.9574666666666667,
    "val_robustness_drop": null,
    "val_restoration_gain": null,
    "val_position_1_acc": 0.9916,
    "val_position_2_acc": 0.9898666666666667,
    "val_position_3_acc": 0.9904666666666667,
    "val_position_4_acc": 0.9913333333333333,
    "val_position_5_acc": 0.9934666666666667,
    "test_loss": 0.24367568878677942,
    "test_seq_acc": 0.9585333333333333,
    "test_char_acc": 0.9914533333333333,
    "test_edit_distance": 0.0426,
    "test_clean_accuracy": 0.9585333333333333,
    "test_robustness_drop": null,
    "test_restoration_gain": null,
    "test_position_1_acc": 0.9920666666666667,
    "test_position_2_acc": 0.9894666666666667,
    "test_position_3_acc": 0.991,
    "test_position_4_acc": 0.9918666666666667,
    "test_position_5_acc": 0.9928666666666667
}