{
    "epoch": 12,
    "train_loss": 0.17871374846983204,
    "pretrain_loss": null,
    "finetune_loss": 0.17871374846983204,
    "pseudo_label_count": 0,
    "pseudo_label_accept_rate": 0.0,
    "mean_pseudo_confidence": 0.0,
    "consistency_loss": 0.0,
    "encoder_stage": "supervised",
    "stn_status": "frozen",
    "stn_regularization_loss": 0.0,
    "val_loss": 0.46068749488410304,
    "val_seq_acc": 0.8874,
    "val_char_acc": 0.9738933333333334,
    "val_edit_distance": 0.12946666666666667,
    "val_clean_accuracy": 0.8874,
    "val_robustness_drop": null,
    "val_restoration_gain": null,
    "val_position_1_acc": 0.9804,
    "val_position_2_acc": 0.9750666666666666,
    "val_position_3_acc": 0.9675333333333334,
    "val_position_4_acc": 0.9723333333333334,
    "val_position_5_acc": 0.9741333333333333,
    "test_loss": 0.46099555063045633,
    "test_seq_acc": 0.8889333333333334,
    "test_char_acc": 0.9741333333333333,
    "test_edit_distance": 0.12773333333333334,
    "test_clean_accuracy": 0.8889333333333334,
    "test_robustness_drop": null,
    "test_restoration_gain": null,
    "test_position_1_acc": 0.9821333333333333,
    "test_position_2_acc": 0.9730666666666666,
    "test_position_3_acc": 0.9716666666666667,
    "test_position_4_acc": 0.9706666666666667,
    "test_position_5_acc": 0.9731333333333333
}