{
    "epoch": 27,
    "train_loss": 0.07828488461089664,
    "pretrain_loss": null,
    "finetune_loss": 0.07828488461089664,
    "pseudo_label_count": 0,
    "pseudo_label_accept_rate": 0.0,
    "mean_pseudo_confidence": 0.0,
    "consistency_loss": 0.0,
    "encoder_stage": "supervised",
    "stn_status": "trainable",
    "stn_regularization_loss": 2.2920829487610558e-07,
    "val_loss": 0.4637003317475319,
    "val_seq_acc": 0.9170666666666667,
    "val_char_acc": 0.9816,
    "val_edit_distance": 0.0914,
    "val_clean_accuracy": 0.9170666666666667,
    "val_robustness_drop": null,
    "val_restoration_gain": null,
    "val_position_1_acc": 0.9868666666666667,
    "val_position_2_acc": 0.9821333333333333,
    "val_position_3_acc": 0.9798666666666667,
    "val_position_4_acc": 0.9772666666666666,
    "val_position_5_acc": 0.9818666666666667,
    "test_loss": 0.44612442866220314,
    "test_seq_acc": 0.9150666666666667,
    "test_char_acc": 0.9812266666666667,
    "test_edit_distance": 0.09326666666666666,
    "test_clean_accuracy": 0.9150666666666667,
    "test_robustness_drop": null,
    "test_restoration_gain": null,
    "test_position_1_acc": 0.9872666666666666,
    "test_position_2_acc": 0.9809333333333333,
    "test_position_3_acc": 0.9772666666666666,
    "test_position_4_acc": 0.9793333333333333,
    "test_position_5_acc": 0.9813333333333333
}