{
    "epoch": 41,
    "train_loss": 0.04228252601474232,
    "pretrain_loss": null,
    "finetune_loss": 0.04228252601474232,
    "pseudo_label_count": 0,
    "pseudo_label_accept_rate": 0.0,
    "mean_pseudo_confidence": 0.0,
    "consistency_loss": 0.0,
    "encoder_stage": "supervised",
    "stn_status": "trainable",
    "stn_regularization_loss": 4.5594093081471433e-07,
    "val_loss": 0.2854265377090226,
    "val_seq_acc": 0.9416,
    "val_char_acc": 0.9879333333333333,
    "val_edit_distance": 0.060333333333333336,
    "val_clean_accuracy": 0.9416,
    "val_robustness_drop": null,
    "val_restoration_gain": null,
    "val_position_1_acc": 0.9894666666666667,
    "val_position_2_acc": 0.9856,
    "val_position_3_acc": 0.9887333333333334,
    "val_position_4_acc": 0.9856666666666667,
    "val_position_5_acc": 0.9902,
    "test_loss": 0.2710625955014158,
    "test_seq_acc": 0.942,
    "test_char_acc": 0.9879333333333333,
    "test_edit_distance": 0.06026666666666667,
    "test_clean_accuracy": 0.942,
    "test_robustness_drop": null,
    "test_restoration_gain": null,
    "test_position_1_acc": 0.9899333333333333,
    "test_position_2_acc": 0.9846,
    "test_position_3_acc": 0.9878666666666667,
    "test_position_4_acc": 0.9869333333333333,
    "test_position_5_acc": 0.9903333333333333
}