{
    "epoch": 58,
    "train_loss": 0.001753416890939564,
    "pretrain_loss": null,
    "finetune_loss": 0.001753416890939564,
    "pseudo_label_count": 0,
    "pseudo_label_accept_rate": 0.0,
    "mean_pseudo_confidence": 0.0,
    "consistency_loss": 0.0,
    "encoder_stage": "supervised",
    "stn_status": "trainable",
    "stn_regularization_loss": 4.931655347559231e-07,
    "val_loss": 0.21698794072351846,
    "val_seq_acc": 0.9562,
    "val_char_acc": 0.9911066666666667,
    "val_edit_distance": 0.04446666666666667,
    "val_clean_accuracy": 0.9562,
    "val_robustness_drop": null,
    "val_restoration_gain": null,
    "val_position_1_acc": 0.9916666666666667,
    "val_position_2_acc": 0.9896666666666667,
    "val_position_3_acc": 0.9901333333333333,
    "val_position_4_acc": 0.9910666666666667,
    "val_position_5_acc": 0.993,
    "test_loss": 0.20686924661178205,
    "test_seq_acc": 0.9574,
    "test_char_acc": 0.9912533333333333,
    "test_edit_distance": 0.0436,
    "test_clean_accuracy": 0.9574,
    "test_robustness_drop": null,
    "test_restoration_gain": null,
    "test_position_1_acc": 0.9918666666666667,
    "test_position_2_acc": 0.9885333333333334,
    "test_position_3_acc": 0.9906666666666667,
    "test_position_4_acc": 0.9922,
    "test_position_5_acc": 0.993
}