{
    "epoch": 150,
    "train_loss": 2.9004239863146908e-05,
    "pretrain_loss": null,
    "finetune_loss": 2.9004239863146908e-05,
    "pseudo_label_count": 0,
    "pseudo_label_accept_rate": 0.0,
    "mean_pseudo_confidence": 0.0,
    "consistency_loss": 0.0,
    "encoder_stage": "supervised",
    "stn_status": "trainable",
    "stn_regularization_loss": 5.859312723829709e-07,
    "val_loss": 0.26674702259863853,
    "val_seq_acc": 0.9600666666666666,
    "val_char_acc": 0.9918933333333333,
    "val_edit_distance": 0.04053333333333333,
    "val_clean_accuracy": 0.9600666666666666,
    "val_robustness_drop": null,
    "val_restoration_gain": null,
    "val_position_1_acc": 0.9921333333333333,
    "val_position_2_acc": 0.9905333333333334,
    "val_position_3_acc": 0.9912666666666666,
    "val_position_4_acc": 0.9921333333333333,
    "val_position_5_acc": 0.9934,
    "test_loss": 0.2515613760964913,
    "test_seq_acc": 0.9603333333333334,
    "test_char_acc": 0.9918666666666667,
    "test_edit_distance": 0.04053333333333333,
    "test_clean_accuracy": 0.9603333333333334,
    "test_robustness_drop": null,
    "test_restoration_gain": null,
    "test_position_1_acc": 0.9928666666666667,
    "test_position_2_acc": 0.9898666666666667,
    "test_position_3_acc": 0.9913333333333333,
    "test_position_4_acc": 0.9922,
    "test_position_5_acc": 0.9930666666666667
}