{
    "epoch": 75,
    "train_loss": 0.0006767715593859524,
    "pretrain_loss": null,
    "finetune_loss": 0.0006767715593859524,
    "pseudo_label_count": 0,
    "pseudo_label_accept_rate": 0.0,
    "mean_pseudo_confidence": 0.0,
    "consistency_loss": 0.0,
    "encoder_stage": "supervised",
    "stn_status": "trainable",
    "stn_regularization_loss": 5.695633334785188e-07,
    "val_loss": 0.24067677508139887,
    "val_seq_acc": 0.9599333333333333,
    "val_char_acc": 0.9919066666666667,
    "val_edit_distance": 0.040466666666666665,
    "val_clean_accuracy": 0.9599333333333333,
    "val_robustness_drop": null,
    "val_restoration_gain": null,
    "val_position_1_acc": 0.9926,
    "val_position_2_acc": 0.9904666666666667,
    "val_position_3_acc": 0.9912666666666666,
    "val_position_4_acc": 0.9920666666666667,
    "val_position_5_acc": 0.9931333333333333,
    "test_loss": 0.2368424336575919,
    "test_seq_acc": 0.9596,
    "test_char_acc": 0.9917733333333333,
    "test_edit_distance": 0.04106666666666667,
    "test_clean_accuracy": 0.9596,
    "test_robustness_drop": null,
    "test_restoration_gain": null,
    "test_position_1_acc": 0.9930666666666667,
    "test_position_2_acc": 0.9893333333333333,
    "test_position_3_acc": 0.9914,
    "test_position_4_acc": 0.9922666666666666,
    "test_position_5_acc": 0.9928
}