{
    "epoch": 91,
    "train_loss": 0.00031700623973227753,
    "pretrain_loss": null,
    "finetune_loss": 0.00031700623973227753,
    "pseudo_label_count": 0,
    "pseudo_label_accept_rate": 0.0,
    "mean_pseudo_confidence": 0.0,
    "consistency_loss": 0.0,
    "encoder_stage": "supervised",
    "stn_status": "trainable",
    "stn_regularization_loss": 4.982170430154812e-07,
    "val_loss": 0.2712355235046944,
    "val_seq_acc": 0.9574666666666667,
    "val_char_acc": 0.99132,
    "val_edit_distance": 0.0434,
    "val_clean_accuracy": 0.9574666666666667,
    "val_robustness_drop": null,
    "val_restoration_gain": null,
    "val_position_1_acc": 0.9918666666666667,
    "val_position_2_acc": 0.9894666666666667,
    "val_position_3_acc": 0.9902666666666666,
    "val_position_4_acc": 0.9918666666666667,
    "val_position_5_acc": 0.9931333333333333,
    "test_loss": 0.25145408940517294,
    "test_seq_acc": 0.9592666666666667,
    "test_char_acc": 0.99168,
    "test_edit_distance": 0.041466666666666666,
    "test_clean_accuracy": 0.9592666666666667,
    "test_robustness_drop": null,
    "test_restoration_gain": null,
    "test_position_1_acc": 0.9928,
    "test_position_2_acc": 0.9892666666666666,
    "test_position_3_acc": 0.9914666666666667,
    "test_position_4_acc": 0.9919333333333333,
    "test_position_5_acc": 0.9929333333333333
}