{
    "epoch": 157,
    "train_loss": 5.032820698333109e-05,
    "pretrain_loss": null,
    "finetune_loss": 5.032820698333109e-05,
    "pseudo_label_count": 0,
    "pseudo_label_accept_rate": 0.0,
    "mean_pseudo_confidence": 0.0,
    "consistency_loss": 0.0,
    "encoder_stage": "supervised",
    "stn_status": "trainable",
    "stn_regularization_loss": 5.84629774333516e-07,
    "val_loss": 0.2658853720729555,
    "val_seq_acc": 0.9608,
    "val_char_acc": 0.9920533333333333,
    "val_edit_distance": 0.039733333333333336,
    "val_clean_accuracy": 0.9608,
    "val_robustness_drop": null,
    "val_restoration_gain": null,
    "val_position_1_acc": 0.9925333333333334,
    "val_position_2_acc": 0.9907333333333334,
    "val_position_3_acc": 0.9914,
    "val_position_4_acc": 0.992,
    "val_position_5_acc": 0.9936,
    "test_loss": 0.25063733992529874,
    "test_seq_acc": 0.9608,
    "test_char_acc": 0.99196,
    "test_edit_distance": 0.04006666666666667,
    "test_clean_accuracy": 0.9608,
    "test_robustness_drop": null,
    "test_restoration_gain": null,
    "test_position_1_acc": 0.9928666666666667,
    "test_position_2_acc": 0.9901333333333333,
    "test_position_3_acc": 0.9913333333333333,
    "test_position_4_acc": 0.9922,
    "test_position_5_acc": 0.9932666666666666
}