{
    "epoch": 51,
    "train_loss": 0.013962401731265587,
    "pretrain_loss": null,
    "finetune_loss": 0.013962401731265587,
    "pseudo_label_count": 0,
    "pseudo_label_accept_rate": 0.0,
    "mean_pseudo_confidence": 0.0,
    "consistency_loss": 0.0,
    "encoder_stage": "supervised",
    "stn_status": "trainable",
    "stn_regularization_loss": 4.1960025517162804e-07,
    "val_loss": 0.22537207928628233,
    "val_seq_acc": 0.9539333333333333,
    "val_char_acc": 0.9906,
    "val_edit_distance": 0.047,
    "val_clean_accuracy": 0.9539333333333333,
    "val_robustness_drop": null,
    "val_restoration_gain": null,
    "val_position_1_acc": 0.9916,
    "val_position_2_acc": 0.9892,
    "val_position_3_acc": 0.9892,
    "val_position_4_acc": 0.9904666666666667,
    "val_position_5_acc": 0.9925333333333334,
    "test_loss": 0.21816993283770852,
    "test_seq_acc": 0.9554,
    "test_char_acc": 0.9908266666666666,
    "test_edit_distance": 0.045733333333333334,
    "test_clean_accuracy": 0.9554,
    "test_robustness_drop": null,
    "test_restoration_gain": null,
    "test_position_1_acc": 0.9920666666666667,
    "test_position_2_acc": 0.988,
    "test_position_3_acc": 0.99,
    "test_position_4_acc": 0.9916,
    "test_position_5_acc": 0.9924666666666667
}