{
    "epoch": 168,
    "train_loss": 3.845455321852545e-05,
    "pretrain_loss": null,
    "finetune_loss": 3.845455321852545e-05,
    "pseudo_label_count": 0,
    "pseudo_label_accept_rate": 0.0,
    "mean_pseudo_confidence": 0.0,
    "consistency_loss": 0.0,
    "encoder_stage": "supervised",
    "stn_status": "trainable",
    "stn_regularization_loss": 5.830821989717774e-07,
    "val_loss": 0.2655759914250358,
    "val_seq_acc": 0.9604,
    "val_char_acc": 0.9919733333333334,
    "val_edit_distance": 0.04013333333333333,
    "val_clean_accuracy": 0.9604,
    "val_robustness_drop": null,
    "val_restoration_gain": null,
    "val_position_1_acc": 0.9922666666666666,
    "val_position_2_acc": 0.9904666666666667,
    "val_position_3_acc": 0.9914666666666667,
    "val_position_4_acc": 0.9922666666666666,
    "val_position_5_acc": 0.9934,
    "test_loss": 0.2512583352775329,
    "test_seq_acc": 0.9601333333333333,
    "test_char_acc": 0.9918266666666666,
    "test_edit_distance": 0.04073333333333334,
    "test_clean_accuracy": 0.9601333333333333,
    "test_robustness_drop": null,
    "test_restoration_gain": null,
    "test_position_1_acc": 0.9927333333333334,
    "test_position_2_acc": 0.9898666666666667,
    "test_position_3_acc": 0.9914,
    "test_position_4_acc": 0.9920666666666667,
    "test_position_5_acc": 0.9930666666666667
}