{
    "epoch": 89,
    "train_loss": 0.001223499198999592,
    "pretrain_loss": null,
    "finetune_loss": 0.001223499198999592,
    "pseudo_label_count": 0,
    "pseudo_label_accept_rate": 0.0,
    "mean_pseudo_confidence": 0.0,
    "consistency_loss": 0.0,
    "encoder_stage": "supervised",
    "stn_status": "trainable",
    "stn_regularization_loss": 5.364138697811301e-07,
    "val_loss": 0.26980320984592376,
    "val_seq_acc": 0.956,
    "val_char_acc": 0.991,
    "val_edit_distance": 0.045,
    "val_clean_accuracy": 0.956,
    "val_robustness_drop": null,
    "val_restoration_gain": null,
    "val_position_1_acc": 0.9914666666666667,
    "val_position_2_acc": 0.9894,
    "val_position_3_acc": 0.9902666666666666,
    "val_position_4_acc": 0.9908,
    "val_position_5_acc": 0.9930666666666667,
    "test_loss": 0.24806362296991302,
    "test_seq_acc": 0.9569333333333333,
    "test_char_acc": 0.99116,
    "test_edit_distance": 0.044066666666666664,
    "test_clean_accuracy": 0.9569333333333333,
    "test_robustness_drop": null,
    "test_restoration_gain": null,
    "test_position_1_acc": 0.9910666666666667,
    "test_position_2_acc": 0.9896,
    "test_position_3_acc": 0.991,
    "test_position_4_acc": 0.9914,
    "test_position_5_acc": 0.9927333333333334
}