{
    "epoch": 116,
    "train_loss": 0.0002656447636267373,
    "pretrain_loss": 0.0,
    "finetune_loss": 0.0002656447636267373,
    "pseudo_label_count": 0,
    "pseudo_label_accept_rate": 0.0,
    "mean_pseudo_confidence": 0.0,
    "consistency_loss": 0.0,
    "encoder_stage": "contrastive_finetune_only",
    "stn_status": "disabled",
    "stn_regularization_loss": 0.0,
    "val_loss": 0.2751240404086507,
    "val_seq_acc": 0.9608,
    "val_char_acc": 0.9920666666666667,
    "val_edit_distance": 0.03966666666666667,
    "val_clean_accuracy": 0.9608,
    "val_robustness_drop": null,
    "val_restoration_gain": null,
    "val_position_1_acc": 0.9925333333333334,
    "val_position_2_acc": 0.9914666666666667,
    "val_position_3_acc": 0.991,
    "val_position_4_acc": 0.9918666666666667,
    "val_position_5_acc": 0.9934666666666667,
    "test_loss": 0.28411100906012776,
    "test_seq_acc": 0.9610666666666666,
    "test_char_acc": 0.9920533333333333,
    "test_edit_distance": 0.039733333333333336,
    "test_clean_accuracy": 0.9610666666666666,
    "test_robustness_drop": null,
    "test_restoration_gain": null,
    "test_position_1_acc": 0.9925333333333334,
    "test_position_2_acc": 0.9906666666666667,
    "test_position_3_acc": 0.9920666666666667,
    "test_position_4_acc": 0.9919333333333333,
    "test_position_5_acc": 0.9930666666666667
}