{
    "epoch": 42,
    "train_loss": 0.03861240338878803,
    "pretrain_loss": 0.0,
    "finetune_loss": 0.03861240338878803,
    "pseudo_label_count": 0,
    "pseudo_label_accept_rate": 0.0,
    "mean_pseudo_confidence": 0.0,
    "consistency_loss": 0.0,
    "encoder_stage": "contrastive_finetune_only",
    "stn_status": "disabled",
    "stn_regularization_loss": 0.0,
    "val_loss": 0.24797242392335048,
    "val_seq_acc": 0.9495333333333333,
    "val_char_acc": 0.9897333333333334,
    "val_edit_distance": 0.051333333333333335,
    "val_clean_accuracy": 0.9495333333333333,
    "val_robustness_drop": null,
    "val_restoration_gain": null,
    "val_position_1_acc": 0.9902,
    "val_position_2_acc": 0.9882,
    "val_position_3_acc": 0.9881333333333333,
    "val_position_4_acc": 0.9901333333333333,
    "val_position_5_acc": 0.992,
    "test_loss": 0.26235316542492426,
    "test_seq_acc": 0.9485333333333333,
    "test_char_acc": 0.9893733333333333,
    "test_edit_distance": 0.053066666666666665,
    "test_clean_accuracy": 0.9485333333333333,
    "test_robustness_drop": null,
    "test_restoration_gain": null,
    "test_position_1_acc": 0.9902,
    "test_position_2_acc": 0.9874,
    "test_position_3_acc": 0.9884666666666667,
    "test_position_4_acc": 0.9894,
    "test_position_5_acc": 0.9914
}