{
    "epoch": 7,
    "train_loss": 3.5519014402582996,
    "pretrain_loss": 3.2511929798823607,
    "finetune_loss": 0.30070846037593896,
    "pseudo_label_count": 0,
    "pseudo_label_accept_rate": 0.0,
    "mean_pseudo_confidence": 0.0,
    "consistency_loss": 0.0,
    "encoder_stage": "contrastive_pretrain_and_finetune",
    "stn_status": "disabled",
    "stn_regularization_loss": 0.0,
    "val_loss": 0.32441540899428917,
    "val_seq_acc": 0.9029333333333334,
    "val_char_acc": 0.9794,
    "val_edit_distance": 0.103,
    "val_clean_accuracy": 0.9029333333333334,
    "val_robustness_drop": null,
    "val_restoration_gain": null,
    "val_position_1_acc": 0.9814666666666667,
    "val_position_2_acc": 0.9790666666666666,
    "val_position_3_acc": 0.978,
    "val_position_4_acc": 0.9795333333333334,
    "val_position_5_acc": 0.9789333333333333,
    "test_loss": 0.31499099555484794,
    "test_seq_acc": 0.9016666666666666,
    "test_char_acc": 0.9791866666666666,
    "test_edit_distance": 0.104,
    "test_clean_accuracy": 0.9016666666666666,
    "test_robustness_drop": null,
    "test_restoration_gain": null,
    "test_position_1_acc": 0.9832666666666666,
    "test_position_2_acc": 0.9778666666666667,
    "test_position_3_acc": 0.9764666666666667,
    "test_position_4_acc": 0.9800666666666666,
    "test_position_5_acc": 0.9782666666666666
}