{
    "epoch": 195,
    "train_loss": 3.295925350533445e-05,
    "pretrain_loss": 0.0,
    "finetune_loss": 3.295925350533445e-05,
    "pseudo_label_count": 0,
    "pseudo_label_accept_rate": 0.0,
    "mean_pseudo_confidence": 0.0,
    "consistency_loss": 0.0,
    "encoder_stage": "contrastive_finetune_only",
    "stn_status": "disabled",
    "stn_regularization_loss": 0.0,
    "val_loss": 0.28257175972490545,
    "val_seq_acc": 0.9621333333333333,
    "val_char_acc": 0.9923066666666667,
    "val_edit_distance": 0.03846666666666667,
    "val_clean_accuracy": 0.9621333333333333,
    "val_robustness_drop": null,
    "val_restoration_gain": null,
    "val_position_1_acc": 0.9927333333333334,
    "val_position_2_acc": 0.9914,
    "val_position_3_acc": 0.9914666666666667,
    "val_position_4_acc": 0.9925333333333334,
    "val_position_5_acc": 0.9934,
    "test_loss": 0.2942409761366589,
    "test_seq_acc": 0.9612666666666667,
    "test_char_acc": 0.9920933333333334,
    "test_edit_distance": 0.039466666666666664,
    "test_clean_accuracy": 0.9612666666666667,
    "test_robustness_drop": null,
    "test_restoration_gain": null,
    "test_position_1_acc": 0.9925333333333334,
    "test_position_2_acc": 0.9907333333333334,
    "test_position_3_acc": 0.9918,
    "test_position_4_acc": 0.9922666666666666,
    "test_position_5_acc": 0.9931333333333333
}