{
    "epoch": 111,
    "train_loss": 0.0001698086918216654,
    "pretrain_loss": 0.0,
    "finetune_loss": 0.0001698086918216654,
    "pseudo_label_count": 0,
    "pseudo_label_accept_rate": 0.0,
    "mean_pseudo_confidence": 0.0,
    "consistency_loss": 0.0,
    "encoder_stage": "contrastive_finetune_only",
    "stn_status": "disabled",
    "stn_regularization_loss": 0.0,
    "val_loss": 0.27566988249674707,
    "val_seq_acc": 0.9605333333333334,
    "val_char_acc": 0.9920266666666666,
    "val_edit_distance": 0.03986666666666667,
    "val_clean_accuracy": 0.9605333333333334,
    "val_robustness_drop": null,
    "val_restoration_gain": null,
    "val_position_1_acc": 0.9924,
    "val_position_2_acc": 0.9916666666666667,
    "val_position_3_acc": 0.9912,
    "val_position_4_acc": 0.9917333333333334,
    "val_position_5_acc": 0.9931333333333333,
    "test_loss": 0.28101589368560914,
    "test_seq_acc": 0.9609333333333333,
    "test_char_acc": 0.9920266666666666,
    "test_edit_distance": 0.0398,
    "test_clean_accuracy": 0.9609333333333333,
    "test_robustness_drop": null,
    "test_restoration_gain": null,
    "test_position_1_acc": 0.9925333333333334,
    "test_position_2_acc": 0.9908,
    "test_position_3_acc": 0.992,
    "test_position_4_acc": 0.9919333333333333,
    "test_position_5_acc": 0.9928666666666667
}