{
    "epoch": 73,
    "train_loss": 0.0014358687794905963,
    "pretrain_loss": 0.0,
    "finetune_loss": 0.0014358687794905963,
    "pseudo_label_count": 0,
    "pseudo_label_accept_rate": 0.0,
    "mean_pseudo_confidence": 0.0,
    "consistency_loss": 0.0,
    "encoder_stage": "contrastive_finetune_only",
    "stn_status": "disabled",
    "stn_regularization_loss": 0.0,
    "val_loss": 0.2663778115845684,
    "val_seq_acc": 0.9575333333333333,
    "val_char_acc": 0.9913466666666667,
    "val_edit_distance": 0.04326666666666667,
    "val_clean_accuracy": 0.9575333333333333,
    "val_robustness_drop": null,
    "val_restoration_gain": null,
    "val_position_1_acc": 0.9912,
    "val_position_2_acc": 0.9910666666666667,
    "val_position_3_acc": 0.9904666666666667,
    "val_position_4_acc": 0.9916666666666667,
    "val_position_5_acc": 0.9923333333333333,
    "test_loss": 0.26665605032231976,
    "test_seq_acc": 0.9586666666666667,
    "test_char_acc": 0.9915733333333333,
    "test_edit_distance": 0.04206666666666667,
    "test_clean_accuracy": 0.9586666666666667,
    "test_robustness_drop": null,
    "test_restoration_gain": null,
    "test_position_1_acc": 0.992,
    "test_position_2_acc": 0.9906,
    "test_position_3_acc": 0.9913333333333333,
    "test_position_4_acc": 0.9914666666666667,
    "test_position_5_acc": 0.9924666666666667
}