{
    "epoch": 24,
    "train_loss": 0.05423164686586893,
    "pretrain_loss": 0.0,
    "finetune_loss": 0.05423164686586893,
    "pseudo_label_count": 0,
    "pseudo_label_accept_rate": 0.0,
    "mean_pseudo_confidence": 0.0,
    "consistency_loss": 0.0,
    "encoder_stage": "contrastive_finetune_only",
    "stn_status": "disabled",
    "stn_regularization_loss": 0.0,
    "val_loss": 0.19307420725557714,
    "val_seq_acc": 0.9523333333333334,
    "val_char_acc": 0.9901733333333333,
    "val_edit_distance": 0.049133333333333334,
    "val_clean_accuracy": 0.9523333333333334,
    "val_robustness_drop": null,
    "val_restoration_gain": null,
    "val_position_1_acc": 0.9923333333333333,
    "val_position_2_acc": 0.9898666666666667,
    "val_position_3_acc": 0.9876,
    "val_position_4_acc": 0.9896,
    "val_position_5_acc": 0.9914666666666667,
    "test_loss": 0.2078711914889356,
    "test_seq_acc": 0.9504666666666667,
    "test_char_acc": 0.9898533333333334,
    "test_edit_distance": 0.050666666666666665,
    "test_clean_accuracy": 0.9504666666666667,
    "test_robustness_drop": null,
    "test_restoration_gain": null,
    "test_position_1_acc": 0.9927333333333334,
    "test_position_2_acc": 0.9885333333333334,
    "test_position_3_acc": 0.9888666666666667,
    "test_position_4_acc": 0.9888666666666667,
    "test_position_5_acc": 0.9902666666666666
}