{
    "epoch": 67,
    "train_loss": 0.001411556583996704,
    "pretrain_loss": 0.0,
    "finetune_loss": 0.001411556583996704,
    "pseudo_label_count": 0,
    "pseudo_label_accept_rate": 0.0,
    "mean_pseudo_confidence": 0.0,
    "consistency_loss": 0.0,
    "encoder_stage": "contrastive_finetune_only",
    "stn_status": "disabled",
    "stn_regularization_loss": 0.0,
    "val_loss": 0.23684737765483505,
    "val_seq_acc": 0.9594,
    "val_char_acc": 0.99172,
    "val_edit_distance": 0.0414,
    "val_clean_accuracy": 0.9594,
    "val_robustness_drop": null,
    "val_restoration_gain": null,
    "val_position_1_acc": 0.9925333333333334,
    "val_position_2_acc": 0.9904,
    "val_position_3_acc": 0.9904666666666667,
    "val_position_4_acc": 0.9918666666666667,
    "val_position_5_acc": 0.9933333333333333,
    "test_loss": 0.24919969072463882,
    "test_seq_acc": 0.9596666666666667,
    "test_char_acc": 0.9917333333333334,
    "test_edit_distance": 0.0412,
    "test_clean_accuracy": 0.9596666666666667,
    "test_robustness_drop": null,
    "test_restoration_gain": null,
    "test_position_1_acc": 0.9920666666666667,
    "test_position_2_acc": 0.9903333333333333,
    "test_position_3_acc": 0.9911333333333333,
    "test_position_4_acc": 0.9919333333333333,
    "test_position_5_acc": 0.9932
}