{
    "epoch": 77,
    "train_loss": 0.0008357954712253834,
    "pretrain_loss": 0.0,
    "finetune_loss": 0.0008357954712253834,
    "pseudo_label_count": 0,
    "pseudo_label_accept_rate": 0.0,
    "mean_pseudo_confidence": 0.0,
    "consistency_loss": 0.0,
    "encoder_stage": "contrastive_finetune_only",
    "stn_status": "disabled",
    "stn_regularization_loss": 0.0,
    "val_loss": 0.25484086015588975,
    "val_seq_acc": 0.9596,
    "val_char_acc": 0.9918,
    "val_edit_distance": 0.041,
    "val_clean_accuracy": 0.9596,
    "val_robustness_drop": null,
    "val_restoration_gain": null,
    "val_position_1_acc": 0.9922666666666666,
    "val_position_2_acc": 0.9907333333333334,
    "val_position_3_acc": 0.9912666666666666,
    "val_position_4_acc": 0.9916,
    "val_position_5_acc": 0.9931333333333333,
    "test_loss": 0.262299858193852,
    "test_seq_acc": 0.9598,
    "test_char_acc": 0.9917866666666667,
    "test_edit_distance": 0.041,
    "test_clean_accuracy": 0.9598,
    "test_robustness_drop": null,
    "test_restoration_gain": null,
    "test_position_1_acc": 0.9922,
    "test_position_2_acc": 0.9906,
    "test_position_3_acc": 0.9916666666666667,
    "test_position_4_acc": 0.9917333333333334,
    "test_position_5_acc": 0.9927333333333334
}