{
    "epoch": 6,
    "train_loss": 3.605720188429148,
    "pretrain_loss": 3.26260313146511,
    "finetune_loss": 0.34311705696403827,
    "pseudo_label_count": 0,
    "pseudo_label_accept_rate": 0.0,
    "mean_pseudo_confidence": 0.0,
    "consistency_loss": 0.0,
    "encoder_stage": "contrastive_pretrain_and_finetune",
    "stn_status": "disabled",
    "stn_regularization_loss": 0.0,
    "val_loss": 0.2435846854397591,
    "val_seq_acc": 0.9215333333333333,
    "val_char_acc": 0.9834266666666667,
    "val_edit_distance": 0.08286666666666667,
    "val_clean_accuracy": 0.9215333333333333,
    "val_robustness_drop": null,
    "val_restoration_gain": null,
    "val_position_1_acc": 0.9881333333333333,
    "val_position_2_acc": 0.9807333333333333,
    "val_position_3_acc": 0.9798,
    "val_position_4_acc": 0.9818666666666667,
    "val_position_5_acc": 0.9866,
    "test_loss": 0.24889023681270314,
    "test_seq_acc": 0.9199333333333334,
    "test_char_acc": 0.98324,
    "test_edit_distance": 0.08366666666666667,
    "test_clean_accuracy": 0.9199333333333334,
    "test_robustness_drop": null,
    "test_restoration_gain": null,
    "test_position_1_acc": 0.9884666666666667,
    "test_position_2_acc": 0.9788,
    "test_position_3_acc": 0.9786666666666667,
    "test_position_4_acc": 0.9838666666666667,
    "test_position_5_acc": 0.9864
}