{
    "epoch": 165,
    "train_loss": 4.7016074972519734e-05,
    "pretrain_loss": 0.0,
    "finetune_loss": 4.7016074972519734e-05,
    "pseudo_label_count": 0,
    "pseudo_label_accept_rate": 0.0,
    "mean_pseudo_confidence": 0.0,
    "consistency_loss": 0.0,
    "encoder_stage": "contrastive_finetune_only",
    "stn_status": "disabled",
    "stn_regularization_loss": 0.0,
    "val_loss": 0.27979154869012457,
    "val_seq_acc": 0.9618666666666666,
    "val_char_acc": 0.9922533333333333,
    "val_edit_distance": 0.038733333333333335,
    "val_clean_accuracy": 0.9618666666666666,
    "val_robustness_drop": null,
    "val_restoration_gain": null,
    "val_position_1_acc": 0.9926,
    "val_position_2_acc": 0.9915333333333334,
    "val_position_3_acc": 0.9912,
    "val_position_4_acc": 0.9926,
    "val_position_5_acc": 0.9933333333333333,
    "test_loss": 0.2920389494765178,
    "test_seq_acc": 0.9611333333333333,
    "test_char_acc": 0.9920666666666667,
    "test_edit_distance": 0.0396,
    "test_clean_accuracy": 0.9611333333333333,
    "test_robustness_drop": null,
    "test_restoration_gain": null,
    "test_position_1_acc": 0.9926666666666667,
    "test_position_2_acc": 0.9905333333333334,
    "test_position_3_acc": 0.9921333333333333,
    "test_position_4_acc": 0.992,
    "test_position_5_acc": 0.993
}