{
    "epoch": 135,
    "train_loss": 6.69687307182018e-05,
    "pretrain_loss": 0.0,
    "finetune_loss": 6.69687307182018e-05,
    "pseudo_label_count": 0,
    "pseudo_label_accept_rate": 0.0,
    "mean_pseudo_confidence": 0.0,
    "consistency_loss": 0.0,
    "encoder_stage": "contrastive_finetune_only",
    "stn_status": "disabled",
    "stn_regularization_loss": 0.0,
    "val_loss": 0.2763728019123788,
    "val_seq_acc": 0.9606666666666667,
    "val_char_acc": 0.99204,
    "val_edit_distance": 0.0398,
    "val_clean_accuracy": 0.9606666666666667,
    "val_robustness_drop": null,
    "val_restoration_gain": null,
    "val_position_1_acc": 0.9924,
    "val_position_2_acc": 0.9913333333333333,
    "val_position_3_acc": 0.9912,
    "val_position_4_acc": 0.9920666666666667,
    "val_position_5_acc": 0.9932,
    "test_loss": 0.2834860557060196,
    "test_seq_acc": 0.9614,
    "test_char_acc": 0.99212,
    "test_edit_distance": 0.03933333333333333,
    "test_clean_accuracy": 0.9614,
    "test_robustness_drop": null,
    "test_restoration_gain": null,
    "test_position_1_acc": 0.9926,
    "test_position_2_acc": 0.9908666666666667,
    "test_position_3_acc": 0.9918666666666667,
    "test_position_4_acc": 0.9921333333333333,
    "test_position_5_acc": 0.9931333333333333
}