{
    "epoch": 79,
    "train_loss": 0.0014760563755876212,
    "pretrain_loss": 0.0,
    "finetune_loss": 0.0014760563755876212,
    "pseudo_label_count": 0,
    "pseudo_label_accept_rate": 0.0,
    "mean_pseudo_confidence": 0.0,
    "consistency_loss": 0.0,
    "encoder_stage": "contrastive_finetune_only",
    "stn_status": "disabled",
    "stn_regularization_loss": 0.0,
    "val_loss": 0.25368257419446466,
    "val_seq_acc": 0.9596666666666667,
    "val_char_acc": 0.9918,
    "val_edit_distance": 0.041,
    "val_clean_accuracy": 0.9596666666666667,
    "val_robustness_drop": null,
    "val_restoration_gain": null,
    "val_position_1_acc": 0.9920666666666667,
    "val_position_2_acc": 0.9909333333333333,
    "val_position_3_acc": 0.9905333333333334,
    "val_position_4_acc": 0.9922,
    "val_position_5_acc": 0.9932666666666666,
    "test_loss": 0.2654137093397328,
    "test_seq_acc": 0.9597333333333333,
    "test_char_acc": 0.9917733333333333,
    "test_edit_distance": 0.04106666666666667,
    "test_clean_accuracy": 0.9597333333333333,
    "test_robustness_drop": null,
    "test_restoration_gain": null,
    "test_position_1_acc": 0.9927333333333334,
    "test_position_2_acc": 0.9903333333333333,
    "test_position_3_acc": 0.9914,
    "test_position_4_acc": 0.9911333333333333,
    "test_position_5_acc": 0.9932666666666666
}