{
    "epoch": 49,
    "train_loss": 0.025985762290443797,
    "pretrain_loss": 0.0,
    "finetune_loss": 0.025985762290443797,
    "pseudo_label_count": 0,
    "pseudo_label_accept_rate": 0.0,
    "mean_pseudo_confidence": 0.0,
    "consistency_loss": 0.0,
    "encoder_stage": "contrastive_finetune_only",
    "stn_status": "disabled",
    "stn_regularization_loss": 0.0,
    "val_loss": 0.28668884200519545,
    "val_seq_acc": 0.9468,
    "val_char_acc": 0.9890133333333333,
    "val_edit_distance": 0.054933333333333334,
    "val_clean_accuracy": 0.9468,
    "val_robustness_drop": null,
    "val_restoration_gain": null,
    "val_position_1_acc": 0.9906666666666667,
    "val_position_2_acc": 0.9874666666666667,
    "val_position_3_acc": 0.9876,
    "val_position_4_acc": 0.9884,
    "val_position_5_acc": 0.9909333333333333,
    "test_loss": 0.2903593534385746,
    "test_seq_acc": 0.9472666666666667,
    "test_char_acc": 0.98904,
    "test_edit_distance": 0.054733333333333335,
    "test_clean_accuracy": 0.9472666666666667,
    "test_robustness_drop": null,
    "test_restoration_gain": null,
    "test_position_1_acc": 0.9896666666666667,
    "test_position_2_acc": 0.9860666666666666,
    "test_position_3_acc": 0.9889333333333333,
    "test_position_4_acc": 0.9899333333333333,
    "test_position_5_acc": 0.9906
}