{
    "epoch": 9,
    "train_loss": 3.444236566761106,
    "pretrain_loss": 3.2063323170001152,
    "finetune_loss": 0.23790424976099098,
    "pseudo_label_count": 0,
    "pseudo_label_accept_rate": 0.0,
    "mean_pseudo_confidence": 0.0,
    "consistency_loss": 0.0,
    "encoder_stage": "contrastive_pretrain_and_finetune",
    "stn_status": "disabled",
    "stn_regularization_loss": 0.0,
    "val_loss": 0.18638921685199789,
    "val_seq_acc": 0.9437333333333333,
    "val_char_acc": 0.9883733333333333,
    "val_edit_distance": 0.05806666666666667,
    "val_clean_accuracy": 0.9437333333333333,
    "val_robustness_drop": null,
    "val_restoration_gain": null,
    "val_position_1_acc": 0.9894666666666667,
    "val_position_2_acc": 0.9868666666666667,
    "val_position_3_acc": 0.987,
    "val_position_4_acc": 0.9872666666666666,
    "val_position_5_acc": 0.9912666666666666,
    "test_loss": 0.18694545259659595,
    "test_seq_acc": 0.9426,
    "test_char_acc": 0.98812,
    "test_edit_distance": 0.0594,
    "test_clean_accuracy": 0.9426,
    "test_robustness_drop": null,
    "test_restoration_gain": null,
    "test_position_1_acc": 0.9906,
    "test_position_2_acc": 0.985,
    "test_position_3_acc": 0.9871333333333333,
    "test_position_4_acc": 0.9873333333333333,
    "test_position_5_acc": 0.9905333333333334
}