{
    "epoch": 11,
    "train_loss": 3.398356680322867,
    "pretrain_loss": 3.1905048837173573,
    "finetune_loss": 0.20785179660550998,
    "pseudo_label_count": 0,
    "pseudo_label_accept_rate": 0.0,
    "mean_pseudo_confidence": 0.0,
    "consistency_loss": 0.0,
    "encoder_stage": "contrastive_pretrain_and_finetune",
    "stn_status": "disabled",
    "stn_regularization_loss": 0.0,
    "val_loss": 0.24196133294955213,
    "val_seq_acc": 0.9280666666666667,
    "val_char_acc": 0.9849466666666666,
    "val_edit_distance": 0.07526666666666666,
    "val_clean_accuracy": 0.9280666666666667,
    "val_robustness_drop": null,
    "val_restoration_gain": null,
    "val_position_1_acc": 0.9898666666666667,
    "val_position_2_acc": 0.9840666666666666,
    "val_position_3_acc": 0.9839333333333333,
    "val_position_4_acc": 0.9823333333333333,
    "val_position_5_acc": 0.9845333333333334,
    "test_loss": 0.24682661767335648,
    "test_seq_acc": 0.9275333333333333,
    "test_char_acc": 0.9848533333333334,
    "test_edit_distance": 0.07553333333333333,
    "test_clean_accuracy": 0.9275333333333333,
    "test_robustness_drop": null,
    "test_restoration_gain": null,
    "test_position_1_acc": 0.9876,
    "test_position_2_acc": 0.9836666666666667,
    "test_position_3_acc": 0.9847333333333333,
    "test_position_4_acc": 0.9837333333333333,
    "test_position_5_acc": 0.9845333333333334
}