{
    "epoch": 196,
    "train_loss": 3.45428207520918e-05,
    "pretrain_loss": 0.0,
    "finetune_loss": 3.45428207520918e-05,
    "pseudo_label_count": 0,
    "pseudo_label_accept_rate": 0.0,
    "mean_pseudo_confidence": 0.0,
    "consistency_loss": 0.0,
    "encoder_stage": "contrastive_finetune_only",
    "stn_status": "disabled",
    "stn_regularization_loss": 0.0,
    "val_loss": 0.2805018900429593,
    "val_seq_acc": 0.9619333333333333,
    "val_char_acc": 0.9923066666666667,
    "val_edit_distance": 0.03846666666666667,
    "val_clean_accuracy": 0.9619333333333333,
    "val_robustness_drop": null,
    "val_restoration_gain": null,
    "val_position_1_acc": 0.9925333333333334,
    "val_position_2_acc": 0.9916,
    "val_position_3_acc": 0.9912666666666666,
    "val_position_4_acc": 0.9926,
    "val_position_5_acc": 0.9935333333333334,
    "test_loss": 0.29164259876787135,
    "test_seq_acc": 0.9614666666666667,
    "test_char_acc": 0.9921333333333333,
    "test_edit_distance": 0.039266666666666665,
    "test_clean_accuracy": 0.9614666666666667,
    "test_robustness_drop": null,
    "test_restoration_gain": null,
    "test_position_1_acc": 0.9924,
    "test_position_2_acc": 0.9907333333333334,
    "test_position_3_acc": 0.9923333333333333,
    "test_position_4_acc": 0.9921333333333333,
    "test_position_5_acc": 0.9930666666666667
}