{
    "epoch": 44,
    "train_loss": 0.03353711812849358,
    "pretrain_loss": 0.0,
    "finetune_loss": 0.03353711812849358,
    "pseudo_label_count": 0,
    "pseudo_label_accept_rate": 0.0,
    "mean_pseudo_confidence": 0.0,
    "consistency_loss": 0.0,
    "encoder_stage": "contrastive_finetune_only",
    "stn_status": "disabled",
    "stn_regularization_loss": 0.0,
    "val_loss": 0.30891429718355945,
    "val_seq_acc": 0.9452666666666667,
    "val_char_acc": 0.9886266666666667,
    "val_edit_distance": 0.0568,
    "val_clean_accuracy": 0.9452666666666667,
    "val_robustness_drop": null,
    "val_restoration_gain": null,
    "val_position_1_acc": 0.9893333333333333,
    "val_position_2_acc": 0.9868666666666667,
    "val_position_3_acc": 0.9875333333333334,
    "val_position_4_acc": 0.9879333333333333,
    "val_position_5_acc": 0.9914666666666667,
    "test_loss": 0.30399019074764977,
    "test_seq_acc": 0.9464,
    "test_char_acc": 0.989,
    "test_edit_distance": 0.05486666666666667,
    "test_clean_accuracy": 0.9464,
    "test_robustness_drop": null,
    "test_restoration_gain": null,
    "test_position_1_acc": 0.9894,
    "test_position_2_acc": 0.9862666666666666,
    "test_position_3_acc": 0.9888666666666667,
    "test_position_4_acc": 0.9894666666666667,
    "test_position_5_acc": 0.991
}