{
    "epoch": 129,
    "train_loss": 7.53249748149922e-05,
    "pretrain_loss": 0.0,
    "finetune_loss": 7.53249748149922e-05,
    "pseudo_label_count": 0,
    "pseudo_label_accept_rate": 0.0,
    "mean_pseudo_confidence": 0.0,
    "consistency_loss": 0.0,
    "encoder_stage": "contrastive_finetune_only",
    "stn_status": "disabled",
    "stn_regularization_loss": 0.0,
    "val_loss": 0.27741429669985085,
    "val_seq_acc": 0.9610666666666666,
    "val_char_acc": 0.99212,
    "val_edit_distance": 0.0394,
    "val_clean_accuracy": 0.9610666666666666,
    "val_robustness_drop": null,
    "val_restoration_gain": null,
    "val_position_1_acc": 0.9924666666666667,
    "val_position_2_acc": 0.9914,
    "val_position_3_acc": 0.9912,
    "val_position_4_acc": 0.9921333333333333,
    "val_position_5_acc": 0.9934,
    "test_loss": 0.2854765028970081,
    "test_seq_acc": 0.9610666666666666,
    "test_char_acc": 0.9920666666666667,
    "test_edit_distance": 0.03966666666666667,
    "test_clean_accuracy": 0.9610666666666666,
    "test_robustness_drop": null,
    "test_restoration_gain": null,
    "test_position_1_acc": 0.9926,
    "test_position_2_acc": 0.9909333333333333,
    "test_position_3_acc": 0.992,
    "test_position_4_acc": 0.9918666666666667,
    "test_position_5_acc": 0.9929333333333333
}