{
    "epoch": 114,
    "train_loss": 0.00011967958134395227,
    "pretrain_loss": 0.0,
    "finetune_loss": 0.00011967958134395227,
    "pseudo_label_count": 0,
    "pseudo_label_accept_rate": 0.0,
    "mean_pseudo_confidence": 0.0,
    "consistency_loss": 0.0,
    "encoder_stage": "contrastive_finetune_only",
    "stn_status": "disabled",
    "stn_regularization_loss": 0.0,
    "val_loss": 0.27650760651989176,
    "val_seq_acc": 0.9606,
    "val_char_acc": 0.99204,
    "val_edit_distance": 0.0398,
    "val_clean_accuracy": 0.9606,
    "val_robustness_drop": null,
    "val_restoration_gain": null,
    "val_position_1_acc": 0.9923333333333333,
    "val_position_2_acc": 0.9912,
    "val_position_3_acc": 0.9914666666666667,
    "val_position_4_acc": 0.9918666666666667,
    "val_position_5_acc": 0.9933333333333333,
    "test_loss": 0.28232237013995626,
    "test_seq_acc": 0.9604666666666667,
    "test_char_acc": 0.99196,
    "test_edit_distance": 0.0402,
    "test_clean_accuracy": 0.9604666666666667,
    "test_robustness_drop": null,
    "test_restoration_gain": null,
    "test_position_1_acc": 0.9923333333333333,
    "test_position_2_acc": 0.9908,
    "test_position_3_acc": 0.9919333333333333,
    "test_position_4_acc": 0.9919333333333333,
    "test_position_5_acc": 0.9928
}