{
    "epoch": 54,
    "train_loss": 0.004583701676427382,
    "pretrain_loss": 0.0,
    "finetune_loss": 0.004583701676427382,
    "pseudo_label_count": 0,
    "pseudo_label_accept_rate": 0.0,
    "mean_pseudo_confidence": 0.0,
    "consistency_loss": 0.0,
    "encoder_stage": "contrastive_finetune_only",
    "stn_status": "disabled",
    "stn_regularization_loss": 0.0,
    "val_loss": 0.2168703156498018,
    "val_seq_acc": 0.9589333333333333,
    "val_char_acc": 0.9916,
    "val_edit_distance": 0.042,
    "val_clean_accuracy": 0.9589333333333333,
    "val_robustness_drop": null,
    "val_restoration_gain": null,
    "val_position_1_acc": 0.9923333333333333,
    "val_position_2_acc": 0.9906,
    "val_position_3_acc": 0.9904666666666667,
    "val_position_4_acc": 0.9912666666666666,
    "val_position_5_acc": 0.9933333333333333,
    "test_loss": 0.2265326642071546,
    "test_seq_acc": 0.9584666666666667,
    "test_char_acc": 0.99148,
    "test_edit_distance": 0.04253333333333333,
    "test_clean_accuracy": 0.9584666666666667,
    "test_robustness_drop": null,
    "test_restoration_gain": null,
    "test_position_1_acc": 0.9922,
    "test_position_2_acc": 0.9887333333333334,
    "test_position_3_acc": 0.9910666666666667,
    "test_position_4_acc": 0.9924666666666667,
    "test_position_5_acc": 0.9929333333333333
}