{
    "epoch": 98,
    "train_loss": 0.0008366807520341456,
    "pretrain_loss": 0.0,
    "finetune_loss": 0.0008366807520341456,
    "pseudo_label_count": 0,
    "pseudo_label_accept_rate": 0.0,
    "mean_pseudo_confidence": 0.0,
    "consistency_loss": 0.0,
    "encoder_stage": "contrastive_finetune_only",
    "stn_status": "disabled",
    "stn_regularization_loss": 0.0,
    "val_loss": 0.30025981184732525,
    "val_seq_acc": 0.9583333333333334,
    "val_char_acc": 0.9914933333333333,
    "val_edit_distance": 0.04253333333333333,
    "val_clean_accuracy": 0.9583333333333334,
    "val_robustness_drop": null,
    "val_restoration_gain": null,
    "val_position_1_acc": 0.992,
    "val_position_2_acc": 0.9903333333333333,
    "val_position_3_acc": 0.9908,
    "val_position_4_acc": 0.9914,
    "val_position_5_acc": 0.9929333333333333,
    "test_loss": 0.3042187666100638,
    "test_seq_acc": 0.9584,
    "test_char_acc": 0.9914933333333333,
    "test_edit_distance": 0.042466666666666666,
    "test_clean_accuracy": 0.9584,
    "test_robustness_drop": null,
    "test_restoration_gain": null,
    "test_position_1_acc": 0.9922,
    "test_position_2_acc": 0.9900666666666667,
    "test_position_3_acc": 0.9914666666666667,
    "test_position_4_acc": 0.9914666666666667,
    "test_position_5_acc": 0.9922666666666666
}