{
    "epoch": 60,
    "train_loss": 0.0018366641413453723,
    "pretrain_loss": 0.0,
    "finetune_loss": 0.0018366641413453723,
    "pseudo_label_count": 0,
    "pseudo_label_accept_rate": 0.0,
    "mean_pseudo_confidence": 0.0,
    "consistency_loss": 0.0,
    "encoder_stage": "contrastive_finetune_only",
    "stn_status": "disabled",
    "stn_regularization_loss": 0.0,
    "val_loss": 0.23254638023105106,
    "val_seq_acc": 0.9598,
    "val_char_acc": 0.9918266666666666,
    "val_edit_distance": 0.04086666666666667,
    "val_clean_accuracy": 0.9598,
    "val_robustness_drop": null,
    "val_restoration_gain": null,
    "val_position_1_acc": 0.9922,
    "val_position_2_acc": 0.9906666666666667,
    "val_position_3_acc": 0.9910666666666667,
    "val_position_4_acc": 0.9918,
    "val_position_5_acc": 0.9934,
    "test_loss": 0.23497363424518125,
    "test_seq_acc": 0.9602,
    "test_char_acc": 0.9918666666666667,
    "test_edit_distance": 0.0406,
    "test_clean_accuracy": 0.9602,
    "test_robustness_drop": null,
    "test_restoration_gain": null,
    "test_position_1_acc": 0.9915333333333334,
    "test_position_2_acc": 0.9905333333333334,
    "test_position_3_acc": 0.9913333333333333,
    "test_position_4_acc": 0.9922666666666666,
    "test_position_5_acc": 0.9936666666666667
}