{
    "epoch": 127,
    "train_loss": 7.796299417281518e-05,
    "pretrain_loss": 0.0,
    "finetune_loss": 7.796299417281518e-05,
    "pseudo_label_count": 0,
    "pseudo_label_accept_rate": 0.0,
    "mean_pseudo_confidence": 0.0,
    "consistency_loss": 0.0,
    "encoder_stage": "contrastive_finetune_only",
    "stn_status": "disabled",
    "stn_regularization_loss": 0.0,
    "val_loss": 0.27836790957920693,
    "val_seq_acc": 0.9616666666666667,
    "val_char_acc": 0.99224,
    "val_edit_distance": 0.0388,
    "val_clean_accuracy": 0.9616666666666667,
    "val_robustness_drop": null,
    "val_restoration_gain": null,
    "val_position_1_acc": 0.9926,
    "val_position_2_acc": 0.9916666666666667,
    "val_position_3_acc": 0.9916,
    "val_position_4_acc": 0.9919333333333333,
    "val_position_5_acc": 0.9934,
    "test_loss": 0.28371849650483977,
    "test_seq_acc": 0.9616,
    "test_char_acc": 0.9921466666666666,
    "test_edit_distance": 0.0392,
    "test_clean_accuracy": 0.9616,
    "test_robustness_drop": null,
    "test_restoration_gain": null,
    "test_position_1_acc": 0.9926666666666667,
    "test_position_2_acc": 0.9911333333333333,
    "test_position_3_acc": 0.992,
    "test_position_4_acc": 0.9919333333333333,
    "test_position_5_acc": 0.993
}