{
    "epoch": 167,
    "train_loss": 4.511945677518329e-05,
    "pretrain_loss": 0.0,
    "finetune_loss": 4.511945677518329e-05,
    "pseudo_label_count": 0,
    "pseudo_label_accept_rate": 0.0,
    "mean_pseudo_confidence": 0.0,
    "consistency_loss": 0.0,
    "encoder_stage": "contrastive_finetune_only",
    "stn_status": "disabled",
    "stn_regularization_loss": 0.0,
    "val_loss": 0.2786248838465597,
    "val_seq_acc": 0.9617333333333333,
    "val_char_acc": 0.99228,
    "val_edit_distance": 0.0386,
    "val_clean_accuracy": 0.9617333333333333,
    "val_robustness_drop": null,
    "val_restoration_gain": null,
    "val_position_1_acc": 0.9926,
    "val_position_2_acc": 0.9916666666666667,
    "val_position_3_acc": 0.9913333333333333,
    "val_position_4_acc": 0.9924666666666667,
    "val_position_5_acc": 0.9933333333333333,
    "test_loss": 0.28933251791545733,
    "test_seq_acc": 0.9614666666666667,
    "test_char_acc": 0.9921333333333333,
    "test_edit_distance": 0.039266666666666665,
    "test_clean_accuracy": 0.9614666666666667,
    "test_robustness_drop": null,
    "test_restoration_gain": null,
    "test_position_1_acc": 0.9925333333333334,
    "test_position_2_acc": 0.9907333333333334,
    "test_position_3_acc": 0.9921333333333333,
    "test_position_4_acc": 0.9922,
    "test_position_5_acc": 0.9930666666666667
}