{
    "epoch": 8,
    "train_loss": 3.5222350036026073,
    "pretrain_loss": 3.2501122862155083,
    "finetune_loss": 0.27212271738709887,
    "pseudo_label_count": 0,
    "pseudo_label_accept_rate": 0.0,
    "mean_pseudo_confidence": 0.0,
    "consistency_loss": 0.0,
    "encoder_stage": "contrastive_pretrain_and_finetune",
    "stn_status": "disabled",
    "stn_regularization_loss": 0.0,
    "val_loss": 0.2113492654834656,
    "val_seq_acc": 0.9346666666666666,
    "val_char_acc": 0.98632,
    "val_edit_distance": 0.06833333333333333,
    "val_clean_accuracy": 0.9346666666666666,
    "val_robustness_drop": null,
    "val_restoration_gain": null,
    "val_position_1_acc": 0.9896,
    "val_position_2_acc": 0.9838,
    "val_position_3_acc": 0.9846666666666667,
    "val_position_4_acc": 0.9854,
    "val_position_5_acc": 0.9881333333333333,
    "test_loss": 0.20861258944694666,
    "test_seq_acc": 0.9334,
    "test_char_acc": 0.98612,
    "test_edit_distance": 0.06933333333333333,
    "test_clean_accuracy": 0.9334,
    "test_robustness_drop": null,
    "test_restoration_gain": null,
    "test_position_1_acc": 0.9906666666666667,
    "test_position_2_acc": 0.9820666666666666,
    "test_position_3_acc": 0.9841333333333333,
    "test_position_4_acc": 0.9860666666666666,
    "test_position_5_acc": 0.9876666666666667
}