{
    "epoch": 70,
    "train_loss": 0.0014893661754767915,
    "pretrain_loss": 0.0,
    "finetune_loss": 0.0014893661754767915,
    "pseudo_label_count": 0,
    "pseudo_label_accept_rate": 0.0,
    "mean_pseudo_confidence": 0.0,
    "consistency_loss": 0.0,
    "encoder_stage": "contrastive_finetune_only",
    "stn_status": "disabled",
    "stn_regularization_loss": 0.0,
    "val_loss": 0.24878068271927792,
    "val_seq_acc": 0.9595333333333333,
    "val_char_acc": 0.9917066666666666,
    "val_edit_distance": 0.041466666666666666,
    "val_clean_accuracy": 0.9595333333333333,
    "val_robustness_drop": null,
    "val_restoration_gain": null,
    "val_position_1_acc": 0.9919333333333333,
    "val_position_2_acc": 0.9908666666666667,
    "val_position_3_acc": 0.9906,
    "val_position_4_acc": 0.9924,
    "val_position_5_acc": 0.9927333333333334,
    "test_loss": 0.2600402953562654,
    "test_seq_acc": 0.9578,
    "test_char_acc": 0.99136,
    "test_edit_distance": 0.043133333333333336,
    "test_clean_accuracy": 0.9578,
    "test_robustness_drop": null,
    "test_restoration_gain": null,
    "test_position_1_acc": 0.991,
    "test_position_2_acc": 0.9897333333333334,
    "test_position_3_acc": 0.9919333333333333,
    "test_position_4_acc": 0.9914666666666667,
    "test_position_5_acc": 0.9926666666666667
}