{
    "epoch": 21,
    "train_loss": 0.08113418389099598,
    "pretrain_loss": 0.0,
    "finetune_loss": 0.08113418389099598,
    "pseudo_label_count": 0,
    "pseudo_label_accept_rate": 0.0,
    "mean_pseudo_confidence": 0.0,
    "consistency_loss": 0.0,
    "encoder_stage": "contrastive_finetune_only",
    "stn_status": "disabled",
    "stn_regularization_loss": 0.0,
    "val_loss": 0.2781488278325885,
    "val_seq_acc": 0.9363333333333334,
    "val_char_acc": 0.98668,
    "val_edit_distance": 0.0666,
    "val_clean_accuracy": 0.9363333333333334,
    "val_robustness_drop": null,
    "val_restoration_gain": null,
    "val_position_1_acc": 0.9900666666666667,
    "val_position_2_acc": 0.9836666666666667,
    "val_position_3_acc": 0.9855333333333334,
    "val_position_4_acc": 0.9864666666666667,
    "val_position_5_acc": 0.9876666666666667,
    "test_loss": 0.2849050046776996,
    "test_seq_acc": 0.9342,
    "test_char_acc": 0.9862933333333334,
    "test_edit_distance": 0.06846666666666666,
    "test_clean_accuracy": 0.9342,
    "test_robustness_drop": null,
    "test_restoration_gain": null,
    "test_position_1_acc": 0.9896,
    "test_position_2_acc": 0.9825333333333334,
    "test_position_3_acc": 0.986,
    "test_position_4_acc": 0.9869333333333333,
    "test_position_5_acc": 0.9864
}