{
    "epoch": 71,
    "train_loss": 0.0008440776084560819,
    "pretrain_loss": 0.0,
    "finetune_loss": 0.0008440776084560819,
    "pseudo_label_count": 0,
    "pseudo_label_accept_rate": 0.0,
    "mean_pseudo_confidence": 0.0,
    "consistency_loss": 0.0,
    "encoder_stage": "contrastive_finetune_only",
    "stn_status": "disabled",
    "stn_regularization_loss": 0.0,
    "val_loss": 0.23902093242157865,
    "val_seq_acc": 0.9600666666666666,
    "val_char_acc": 0.9919333333333333,
    "val_edit_distance": 0.04033333333333333,
    "val_clean_accuracy": 0.9600666666666666,
    "val_robustness_drop": null,
    "val_restoration_gain": null,
    "val_position_1_acc": 0.9928,
    "val_position_2_acc": 0.991,
    "val_position_3_acc": 0.9906666666666667,
    "val_position_4_acc": 0.9918666666666667,
    "val_position_5_acc": 0.9933333333333333,
    "test_loss": 0.24868263914262223,
    "test_seq_acc": 0.9598,
    "test_char_acc": 0.9918133333333333,
    "test_edit_distance": 0.04086666666666667,
    "test_clean_accuracy": 0.9598,
    "test_robustness_drop": null,
    "test_restoration_gain": null,
    "test_position_1_acc": 0.9916666666666667,
    "test_position_2_acc": 0.9905333333333334,
    "test_position_3_acc": 0.9918,
    "test_position_4_acc": 0.9919333333333333,
    "test_position_5_acc": 0.9931333333333333
}