{
    "epoch": 153,
    "train_loss": 6.727389189099592e-05,
    "pretrain_loss": 0.0,
    "finetune_loss": 6.727389189099592e-05,
    "pseudo_label_count": 0,
    "pseudo_label_accept_rate": 0.0,
    "mean_pseudo_confidence": 0.0,
    "consistency_loss": 0.0,
    "encoder_stage": "contrastive_finetune_only",
    "stn_status": "disabled",
    "stn_regularization_loss": 0.0,
    "val_loss": 0.2826927188625361,
    "val_seq_acc": 0.9615333333333334,
    "val_char_acc": 0.9921866666666667,
    "val_edit_distance": 0.039066666666666666,
    "val_clean_accuracy": 0.9615333333333334,
    "val_robustness_drop": null,
    "val_restoration_gain": null,
    "val_position_1_acc": 0.9924666666666667,
    "val_position_2_acc": 0.9916666666666667,
    "val_position_3_acc": 0.9910666666666667,
    "val_position_4_acc": 0.9924666666666667,
    "val_position_5_acc": 0.9932666666666666,
    "test_loss": 0.2944161313524169,
    "test_seq_acc": 0.9612666666666667,
    "test_char_acc": 0.9920933333333334,
    "test_edit_distance": 0.039466666666666664,
    "test_clean_accuracy": 0.9612666666666667,
    "test_robustness_drop": null,
    "test_restoration_gain": null,
    "test_position_1_acc": 0.9924666666666667,
    "test_position_2_acc": 0.9905333333333334,
    "test_position_3_acc": 0.9922,
    "test_position_4_acc": 0.9921333333333333,
    "test_position_5_acc": 0.9931333333333333
}