{
    "epoch": 16,
    "train_loss": 3.3365635322586265,
    "pretrain_loss": 3.1856584546770867,
    "finetune_loss": 0.15090507758153948,
    "pseudo_label_count": 0,
    "pseudo_label_accept_rate": 0.0,
    "mean_pseudo_confidence": 0.0,
    "consistency_loss": 0.0,
    "encoder_stage": "contrastive_pretrain_and_finetune",
    "stn_status": "disabled",
    "stn_regularization_loss": 0.0,
    "val_loss": 0.22074528883429284,
    "val_seq_acc": 0.9389333333333333,
    "val_char_acc": 0.9873866666666666,
    "val_edit_distance": 0.06306666666666666,
    "val_clean_accuracy": 0.9389333333333333,
    "val_robustness_drop": null,
    "val_restoration_gain": null,
    "val_position_1_acc": 0.9897333333333334,
    "val_position_2_acc": 0.9868666666666667,
    "val_position_3_acc": 0.9855333333333334,
    "val_position_4_acc": 0.9866,
    "val_position_5_acc": 0.9882,
    "test_loss": 0.22444893957928141,
    "test_seq_acc": 0.9376666666666666,
    "test_char_acc": 0.9871066666666667,
    "test_edit_distance": 0.0644,
    "test_clean_accuracy": 0.9376666666666666,
    "test_robustness_drop": null,
    "test_restoration_gain": null,
    "test_position_1_acc": 0.9908,
    "test_position_2_acc": 0.9872,
    "test_position_3_acc": 0.9859333333333333,
    "test_position_4_acc": 0.9856666666666667,
    "test_position_5_acc": 0.9859333333333333
}