{
    "epoch": 18,
    "train_loss": 3.313269788587747,
    "pretrain_loss": 3.18415517715475,
    "finetune_loss": 0.12911461143299705,
    "pseudo_label_count": 0,
    "pseudo_label_accept_rate": 0.0,
    "mean_pseudo_confidence": 0.0,
    "consistency_loss": 0.0,
    "encoder_stage": "contrastive_pretrain_and_finetune",
    "stn_status": "disabled",
    "stn_regularization_loss": 0.0,
    "val_loss": 0.17965681230292677,
    "val_seq_acc": 0.9486666666666667,
    "val_char_acc": 0.9894533333333333,
    "val_edit_distance": 0.05273333333333333,
    "val_clean_accuracy": 0.9486666666666667,
    "val_robustness_drop": null,
    "val_restoration_gain": null,
    "val_position_1_acc": 0.9913333333333333,
    "val_position_2_acc": 0.9888666666666667,
    "val_position_3_acc": 0.9882,
    "val_position_4_acc": 0.9879333333333333,
    "val_position_5_acc": 0.9909333333333333,
    "test_loss": 0.19460911266902026,
    "test_seq_acc": 0.9468,
    "test_char_acc": 0.9890533333333333,
    "test_edit_distance": 0.05466666666666667,
    "test_clean_accuracy": 0.9468,
    "test_robustness_drop": null,
    "test_restoration_gain": null,
    "test_position_1_acc": 0.9909333333333333,
    "test_position_2_acc": 0.9873333333333333,
    "test_position_3_acc": 0.9884666666666667,
    "test_position_4_acc": 0.9882666666666666,
    "test_position_5_acc": 0.9902666666666666
}