{
    "epoch": 68,
    "train_loss": 0.0010674253517066374,
    "pretrain_loss": 0.0,
    "finetune_loss": 0.0010674253517066374,
    "pseudo_label_count": 0,
    "pseudo_label_accept_rate": 0.0,
    "mean_pseudo_confidence": 0.0,
    "consistency_loss": 0.0,
    "encoder_stage": "contrastive_finetune_only",
    "stn_status": "disabled",
    "stn_regularization_loss": 0.0,
    "val_loss": 0.23895399942939935,
    "val_seq_acc": 0.9597333333333333,
    "val_char_acc": 0.9918,
    "val_edit_distance": 0.041,
    "val_clean_accuracy": 0.9597333333333333,
    "val_robustness_drop": null,
    "val_restoration_gain": null,
    "val_position_1_acc": 0.993,
    "val_position_2_acc": 0.9904666666666667,
    "val_position_3_acc": 0.9904666666666667,
    "val_position_4_acc": 0.9921333333333333,
    "val_position_5_acc": 0.9929333333333333,
    "test_loss": 0.2501818270084418,
    "test_seq_acc": 0.9605333333333334,
    "test_char_acc": 0.9919333333333333,
    "test_edit_distance": 0.04033333333333333,
    "test_clean_accuracy": 0.9605333333333334,
    "test_robustness_drop": null,
    "test_restoration_gain": null,
    "test_position_1_acc": 0.992,
    "test_position_2_acc": 0.9904666666666667,
    "test_position_3_acc": 0.9922,
    "test_position_4_acc": 0.9922,
    "test_position_5_acc": 0.9928
}