{
    "epoch": 33,
    "train_loss": 0.04539726138240767,
    "pretrain_loss": 0.0,
    "finetune_loss": 0.04539726138240767,
    "pseudo_label_count": 0,
    "pseudo_label_accept_rate": 0.0,
    "mean_pseudo_confidence": 0.0,
    "consistency_loss": 0.0,
    "encoder_stage": "contrastive_finetune_only",
    "stn_status": "disabled",
    "stn_regularization_loss": 0.0,
    "val_loss": 0.23935018239612196,
    "val_seq_acc": 0.9501333333333334,
    "val_char_acc": 0.98976,
    "val_edit_distance": 0.0512,
    "val_clean_accuracy": 0.9501333333333334,
    "val_robustness_drop": null,
    "val_restoration_gain": null,
    "val_position_1_acc": 0.9905333333333334,
    "val_position_2_acc": 0.9883333333333333,
    "val_position_3_acc": 0.9880666666666666,
    "val_position_4_acc": 0.9894666666666667,
    "val_position_5_acc": 0.9924,
    "test_loss": 0.24837735238326517,
    "test_seq_acc": 0.9496666666666667,
    "test_char_acc": 0.9896133333333333,
    "test_edit_distance": 0.051866666666666665,
    "test_clean_accuracy": 0.9496666666666667,
    "test_robustness_drop": null,
    "test_restoration_gain": null,
    "test_position_1_acc": 0.9907333333333334,
    "test_position_2_acc": 0.9884,
    "test_position_3_acc": 0.9884,
    "test_position_4_acc": 0.9903333333333333,
    "test_position_5_acc": 0.9902
}