{
    "epoch": 93,
    "train_loss": 0.0005637127650451934,
    "pretrain_loss": 0.0,
    "finetune_loss": 0.0005637127650451934,
    "pseudo_label_count": 0,
    "pseudo_label_accept_rate": 0.0,
    "mean_pseudo_confidence": 0.0,
    "consistency_loss": 0.0,
    "encoder_stage": "contrastive_finetune_only",
    "stn_status": "disabled",
    "stn_regularization_loss": 0.0,
    "val_loss": 0.27620302184672296,
    "val_seq_acc": 0.958,
    "val_char_acc": 0.9914133333333334,
    "val_edit_distance": 0.04293333333333333,
    "val_clean_accuracy": 0.958,
    "val_robustness_drop": null,
    "val_restoration_gain": null,
    "val_position_1_acc": 0.9910666666666667,
    "val_position_2_acc": 0.9910666666666667,
    "val_position_3_acc": 0.9906,
    "val_position_4_acc": 0.9918,
    "val_position_5_acc": 0.9925333333333334,
    "test_loss": 0.2792902906406101,
    "test_seq_acc": 0.9586666666666667,
    "test_char_acc": 0.9915333333333334,
    "test_edit_distance": 0.04226666666666667,
    "test_clean_accuracy": 0.9586666666666667,
    "test_robustness_drop": null,
    "test_restoration_gain": null,
    "test_position_1_acc": 0.9924,
    "test_position_2_acc": 0.9900666666666667,
    "test_position_3_acc": 0.9906666666666667,
    "test_position_4_acc": 0.9922666666666666,
    "test_position_5_acc": 0.9922666666666666
}