{
    "epoch": 119,
    "train_loss": 9.484240401811933e-05,
    "pretrain_loss": 0.0,
    "finetune_loss": 9.484240401811933e-05,
    "pseudo_label_count": 0,
    "pseudo_label_accept_rate": 0.0,
    "mean_pseudo_confidence": 0.0,
    "consistency_loss": 0.0,
    "encoder_stage": "contrastive_finetune_only",
    "stn_status": "disabled",
    "stn_regularization_loss": 0.0,
    "val_loss": 0.27739347565871636,
    "val_seq_acc": 0.9608666666666666,
    "val_char_acc": 0.9921066666666667,
    "val_edit_distance": 0.039466666666666664,
    "val_clean_accuracy": 0.9608666666666666,
    "val_robustness_drop": null,
    "val_restoration_gain": null,
    "val_position_1_acc": 0.9926,
    "val_position_2_acc": 0.9916,
    "val_position_3_acc": 0.9911333333333333,
    "val_position_4_acc": 0.9919333333333333,
    "val_position_5_acc": 0.9932666666666666,
    "test_loss": 0.2825338653138618,
    "test_seq_acc": 0.9612,
    "test_char_acc": 0.9920666666666667,
    "test_edit_distance": 0.0396,
    "test_clean_accuracy": 0.9612,
    "test_robustness_drop": null,
    "test_restoration_gain": null,
    "test_position_1_acc": 0.9926,
    "test_position_2_acc": 0.9908,
    "test_position_3_acc": 0.992,
    "test_position_4_acc": 0.9921333333333333,
    "test_position_5_acc": 0.9928
}