{
    "epoch": 48,
    "train_loss": 0.03739388026394359,
    "pretrain_loss": 0.0,
    "finetune_loss": 0.03739388026394359,
    "pseudo_label_count": 0,
    "pseudo_label_accept_rate": 0.0,
    "mean_pseudo_confidence": 0.0,
    "consistency_loss": 0.0,
    "encoder_stage": "contrastive_finetune_only",
    "stn_status": "disabled",
    "stn_regularization_loss": 0.0,
    "val_loss": 0.41245154166604053,
    "val_seq_acc": 0.9301333333333334,
    "val_char_acc": 0.98544,
    "val_edit_distance": 0.0728,
    "val_clean_accuracy": 0.9301333333333334,
    "val_robustness_drop": null,
    "val_restoration_gain": null,
    "val_position_1_acc": 0.9884666666666667,
    "val_position_2_acc": 0.9818666666666667,
    "val_position_3_acc": 0.9844,
    "val_position_4_acc": 0.9832,
    "val_position_5_acc": 0.9892666666666666,
    "test_loss": 0.4060103634867738,
    "test_seq_acc": 0.9307333333333333,
    "test_char_acc": 0.9855733333333333,
    "test_edit_distance": 0.07186666666666666,
    "test_clean_accuracy": 0.9307333333333333,
    "test_robustness_drop": null,
    "test_restoration_gain": null,
    "test_position_1_acc": 0.9872666666666666,
    "test_position_2_acc": 0.9823333333333333,
    "test_position_3_acc": 0.9861333333333333,
    "test_position_4_acc": 0.9856666666666667,
    "test_position_5_acc": 0.9864666666666667
}