{
    "epoch": 186,
    "train_loss": 3.182842323079179e-05,
    "pretrain_loss": 0.0,
    "finetune_loss": 3.182842323079179e-05,
    "pseudo_label_count": 0,
    "pseudo_label_accept_rate": 0.0,
    "mean_pseudo_confidence": 0.0,
    "consistency_loss": 0.0,
    "encoder_stage": "contrastive_finetune_only",
    "stn_status": "disabled",
    "stn_regularization_loss": 0.0,
    "val_loss": 0.2805265633940527,
    "val_seq_acc": 0.9622666666666667,
    "val_char_acc": 0.9923466666666667,
    "val_edit_distance": 0.038266666666666664,
    "val_clean_accuracy": 0.9622666666666667,
    "val_robustness_drop": null,
    "val_restoration_gain": null,
    "val_position_1_acc": 0.9927333333333334,
    "val_position_2_acc": 0.9917333333333334,
    "val_position_3_acc": 0.9914666666666667,
    "val_position_4_acc": 0.9924,
    "val_position_5_acc": 0.9934,
    "test_loss": 0.2910341292776061,
    "test_seq_acc": 0.9613333333333334,
    "test_char_acc": 0.9921066666666667,
    "test_edit_distance": 0.0394,
    "test_clean_accuracy": 0.9613333333333334,
    "test_robustness_drop": null,
    "test_restoration_gain": null,
    "test_position_1_acc": 0.9924666666666667,
    "test_position_2_acc": 0.9908666666666667,
    "test_position_3_acc": 0.9922,
    "test_position_4_acc": 0.9918666666666667,
    "test_position_5_acc": 0.9931333333333333
}