{
    "epoch": 50,
    "train_loss": 0.03192163266169513,
    "pretrain_loss": 0.0,
    "finetune_loss": 0.03192163266169513,
    "pseudo_label_count": 0,
    "pseudo_label_accept_rate": 0.0,
    "mean_pseudo_confidence": 0.0,
    "consistency_loss": 0.0,
    "encoder_stage": "contrastive_finetune_only",
    "stn_status": "disabled",
    "stn_regularization_loss": 0.0,
    "val_loss": 0.37597037664084554,
    "val_seq_acc": 0.936,
    "val_char_acc": 0.9868133333333333,
    "val_edit_distance": 0.06593333333333333,
    "val_clean_accuracy": 0.936,
    "val_robustness_drop": null,
    "val_restoration_gain": null,
    "val_position_1_acc": 0.9894,
    "val_position_2_acc": 0.9852,
    "val_position_3_acc": 0.9852,
    "val_position_4_acc": 0.9864666666666667,
    "val_position_5_acc": 0.9878,
    "test_loss": 0.40150650314184183,
    "test_seq_acc": 0.9346,
    "test_char_acc": 0.9864933333333333,
    "test_edit_distance": 0.06746666666666666,
    "test_clean_accuracy": 0.9346,
    "test_robustness_drop": null,
    "test_restoration_gain": null,
    "test_position_1_acc": 0.9894,
    "test_position_2_acc": 0.9843333333333333,
    "test_position_3_acc": 0.9859333333333333,
    "test_position_4_acc": 0.9872,
    "test_position_5_acc": 0.9856
}