{
    "epoch": 144,
    "train_loss": 5.1351810500465005e-05,
    "pretrain_loss": 0.0,
    "finetune_loss": 5.1351810500465005e-05,
    "pseudo_label_count": 0,
    "pseudo_label_accept_rate": 0.0,
    "mean_pseudo_confidence": 0.0,
    "consistency_loss": 0.0,
    "encoder_stage": "contrastive_finetune_only",
    "stn_status": "disabled",
    "stn_regularization_loss": 0.0,
    "val_loss": 0.2787676844311639,
    "val_seq_acc": 0.9611333333333333,
    "val_char_acc": 0.99212,
    "val_edit_distance": 0.0394,
    "val_clean_accuracy": 0.9611333333333333,
    "val_robustness_drop": null,
    "val_restoration_gain": null,
    "val_position_1_acc": 0.9926666666666667,
    "val_position_2_acc": 0.9913333333333333,
    "val_position_3_acc": 0.9912,
    "val_position_4_acc": 0.9921333333333333,
    "val_position_5_acc": 0.9932666666666666,
    "test_loss": 0.2911419459170537,
    "test_seq_acc": 0.9606666666666667,
    "test_char_acc": 0.99196,
    "test_edit_distance": 0.04013333333333333,
    "test_clean_accuracy": 0.9606666666666667,
    "test_robustness_drop": null,
    "test_restoration_gain": null,
    "test_position_1_acc": 0.9924,
    "test_position_2_acc": 0.9904666666666667,
    "test_position_3_acc": 0.9918666666666667,
    "test_position_4_acc": 0.9920666666666667,
    "test_position_5_acc": 0.993
}