{
    "epoch": 120,
    "train_loss": 0.00011058353596473536,
    "pretrain_loss": 0.0,
    "finetune_loss": 0.00011058353596473536,
    "pseudo_label_count": 0,
    "pseudo_label_accept_rate": 0.0,
    "mean_pseudo_confidence": 0.0,
    "consistency_loss": 0.0,
    "encoder_stage": "contrastive_finetune_only",
    "stn_status": "disabled",
    "stn_regularization_loss": 0.0,
    "val_loss": 0.27820653392955913,
    "val_seq_acc": 0.9610666666666666,
    "val_char_acc": 0.9921066666666667,
    "val_edit_distance": 0.039466666666666664,
    "val_clean_accuracy": 0.9610666666666666,
    "val_robustness_drop": null,
    "val_restoration_gain": null,
    "val_position_1_acc": 0.9926,
    "val_position_2_acc": 0.9918666666666667,
    "val_position_3_acc": 0.9911333333333333,
    "val_position_4_acc": 0.9915333333333334,
    "val_position_5_acc": 0.9934,
    "test_loss": 0.28348419200950997,
    "test_seq_acc": 0.9612666666666667,
    "test_char_acc": 0.99208,
    "test_edit_distance": 0.03953333333333333,
    "test_clean_accuracy": 0.9612666666666667,
    "test_robustness_drop": null,
    "test_restoration_gain": null,
    "test_position_1_acc": 0.9925333333333334,
    "test_position_2_acc": 0.9908,
    "test_position_3_acc": 0.9920666666666667,
    "test_position_4_acc": 0.9918666666666667,
    "test_position_5_acc": 0.9931333333333333
}