{
    "epoch": 4,
    "train_loss": 3.8795382423890388,
    "pretrain_loss": 3.37770230504233,
    "finetune_loss": 0.5018359373467087,
    "pseudo_label_count": 0,
    "pseudo_label_accept_rate": 0.0,
    "mean_pseudo_confidence": 0.0,
    "consistency_loss": 0.0,
    "encoder_stage": "contrastive_pretrain_and_finetune",
    "stn_status": "disabled",
    "stn_regularization_loss": 0.0,
    "val_loss": 0.7157369240801386,
    "val_seq_acc": 0.82,
    "val_char_acc": 0.9586266666666666,
    "val_edit_distance": 0.20666666666666667,
    "val_clean_accuracy": 0.82,
    "val_robustness_drop": null,
    "val_restoration_gain": null,
    "val_position_1_acc": 0.9712,
    "val_position_2_acc": 0.9507333333333333,
    "val_position_3_acc": 0.9462666666666667,
    "val_position_4_acc": 0.9536666666666667,
    "val_position_5_acc": 0.9712666666666666,
    "test_loss": 0.7168967368754935,
    "test_seq_acc": 0.8148666666666666,
    "test_char_acc": 0.9578933333333334,
    "test_edit_distance": 0.21013333333333334,
    "test_clean_accuracy": 0.8148666666666666,
    "test_robustness_drop": null,
    "test_restoration_gain": null,
    "test_position_1_acc": 0.9694666666666667,
    "test_position_2_acc": 0.9486666666666667,
    "test_position_3_acc": 0.9461333333333334,
    "test_position_4_acc": 0.9529333333333333,
    "test_position_5_acc": 0.9722666666666666
}