{
    "epoch": 155,
    "train_loss": 5.644270388606725e-05,
    "pretrain_loss": 0.0,
    "finetune_loss": 5.644270388606725e-05,
    "pseudo_label_count": 0,
    "pseudo_label_accept_rate": 0.0,
    "mean_pseudo_confidence": 0.0,
    "consistency_loss": 0.0,
    "encoder_stage": "contrastive_finetune_only",
    "stn_status": "disabled",
    "stn_regularization_loss": 0.0,
    "val_loss": 0.2804778166768359,
    "val_seq_acc": 0.9620666666666666,
    "val_char_acc": 0.9923066666666667,
    "val_edit_distance": 0.03846666666666667,
    "val_clean_accuracy": 0.9620666666666666,
    "val_robustness_drop": null,
    "val_restoration_gain": null,
    "val_position_1_acc": 0.9926,
    "val_position_2_acc": 0.9916666666666667,
    "val_position_3_acc": 0.9912666666666666,
    "val_position_4_acc": 0.9927333333333334,
    "val_position_5_acc": 0.9932666666666666,
    "test_loss": 0.2933351932310696,
    "test_seq_acc": 0.9615333333333334,
    "test_char_acc": 0.9921466666666666,
    "test_edit_distance": 0.0392,
    "test_clean_accuracy": 0.9615333333333334,
    "test_robustness_drop": null,
    "test_restoration_gain": null,
    "test_position_1_acc": 0.9924666666666667,
    "test_position_2_acc": 0.9909333333333333,
    "test_position_3_acc": 0.9921333333333333,
    "test_position_4_acc": 0.9920666666666667,
    "test_position_5_acc": 0.9931333333333333
}