{
    "epoch": 131,
    "train_loss": 6.246225172781267e-05,
    "pretrain_loss": 0.0,
    "finetune_loss": 6.246225172781267e-05,
    "pseudo_label_count": 0,
    "pseudo_label_accept_rate": 0.0,
    "mean_pseudo_confidence": 0.0,
    "consistency_loss": 0.0,
    "encoder_stage": "contrastive_finetune_only",
    "stn_status": "disabled",
    "stn_regularization_loss": 0.0,
    "val_loss": 0.2769359449315395,
    "val_seq_acc": 0.9615333333333334,
    "val_char_acc": 0.9922266666666667,
    "val_edit_distance": 0.03886666666666667,
    "val_clean_accuracy": 0.9615333333333334,
    "val_robustness_drop": null,
    "val_restoration_gain": null,
    "val_position_1_acc": 0.9927333333333334,
    "val_position_2_acc": 0.9914,
    "val_position_3_acc": 0.9915333333333334,
    "val_position_4_acc": 0.9921333333333333,
    "val_position_5_acc": 0.9933333333333333,
    "test_loss": 0.28467953875366764,
    "test_seq_acc": 0.9612666666666667,
    "test_char_acc": 0.99208,
    "test_edit_distance": 0.03953333333333333,
    "test_clean_accuracy": 0.9612666666666667,
    "test_robustness_drop": null,
    "test_restoration_gain": null,
    "test_position_1_acc": 0.9926,
    "test_position_2_acc": 0.9908,
    "test_position_3_acc": 0.9922,
    "test_position_4_acc": 0.9919333333333333,
    "test_position_5_acc": 0.9928666666666667
}