{
    "epoch": 40,
    "train_loss": 0.03264938612408053,
    "pretrain_loss": 0.0,
    "finetune_loss": 0.03264938612408053,
    "pseudo_label_count": 0,
    "pseudo_label_accept_rate": 0.0,
    "mean_pseudo_confidence": 0.0,
    "consistency_loss": 0.0,
    "encoder_stage": "contrastive_finetune_only",
    "stn_status": "disabled",
    "stn_regularization_loss": 0.0,
    "val_loss": 0.24266131272281896,
    "val_seq_acc": 0.9513333333333334,
    "val_char_acc": 0.99,
    "val_edit_distance": 0.05,
    "val_clean_accuracy": 0.9513333333333334,
    "val_robustness_drop": null,
    "val_restoration_gain": null,
    "val_position_1_acc": 0.9918,
    "val_position_2_acc": 0.9898666666666667,
    "val_position_3_acc": 0.9887333333333334,
    "val_position_4_acc": 0.9884,
    "val_position_5_acc": 0.9912,
    "test_loss": 0.2528321449712979,
    "test_seq_acc": 0.9504,
    "test_char_acc": 0.9896666666666667,
    "test_edit_distance": 0.0516,
    "test_clean_accuracy": 0.9504,
    "test_robustness_drop": null,
    "test_restoration_gain": null,
    "test_position_1_acc": 0.9909333333333333,
    "test_position_2_acc": 0.9886666666666667,
    "test_position_3_acc": 0.9898,
    "test_position_4_acc": 0.9886666666666667,
    "test_position_5_acc": 0.9902666666666666
}