{
    "epoch": 194,
    "train_loss": 3.3481426730367446e-05,
    "pretrain_loss": 0.0,
    "finetune_loss": 3.3481426730367446e-05,
    "pseudo_label_count": 0,
    "pseudo_label_accept_rate": 0.0,
    "mean_pseudo_confidence": 0.0,
    "consistency_loss": 0.0,
    "encoder_stage": "contrastive_finetune_only",
    "stn_status": "disabled",
    "stn_regularization_loss": 0.0,
    "val_loss": 0.27954254782592003,
    "val_seq_acc": 0.9612666666666667,
    "val_char_acc": 0.9921466666666666,
    "val_edit_distance": 0.039266666666666665,
    "val_clean_accuracy": 0.9612666666666667,
    "val_robustness_drop": null,
    "val_restoration_gain": null,
    "val_position_1_acc": 0.9924666666666667,
    "val_position_2_acc": 0.9912666666666666,
    "val_position_3_acc": 0.9912,
    "val_position_4_acc": 0.9924666666666667,
    "val_position_5_acc": 0.9933333333333333,
    "test_loss": 0.2915501572571613,
    "test_seq_acc": 0.9610666666666666,
    "test_char_acc": 0.9920533333333333,
    "test_edit_distance": 0.03966666666666667,
    "test_clean_accuracy": 0.9610666666666666,
    "test_robustness_drop": null,
    "test_restoration_gain": null,
    "test_position_1_acc": 0.9924666666666667,
    "test_position_2_acc": 0.9905333333333334,
    "test_position_3_acc": 0.9922,
    "test_position_4_acc": 0.9920666666666667,
    "test_position_5_acc": 0.993
}