{
    "epoch": 46,
    "train_loss": 0.02912686061929892,
    "pretrain_loss": 0.0,
    "finetune_loss": 0.02912686061929892,
    "pseudo_label_count": 0,
    "pseudo_label_accept_rate": 0.0,
    "mean_pseudo_confidence": 0.0,
    "consistency_loss": 0.0,
    "encoder_stage": "contrastive_finetune_only",
    "stn_status": "disabled",
    "stn_regularization_loss": 0.0,
    "val_loss": 0.30229347366666265,
    "val_seq_acc": 0.9448666666666666,
    "val_char_acc": 0.9886666666666667,
    "val_edit_distance": 0.0566,
    "val_clean_accuracy": 0.9448666666666666,
    "val_robustness_drop": null,
    "val_restoration_gain": null,
    "val_position_1_acc": 0.9906666666666667,
    "val_position_2_acc": 0.9865333333333334,
    "val_position_3_acc": 0.9880666666666666,
    "val_position_4_acc": 0.9872,
    "val_position_5_acc": 0.9908666666666667,
    "test_loss": 0.3036360703052041,
    "test_seq_acc": 0.9450666666666667,
    "test_char_acc": 0.98872,
    "test_edit_distance": 0.0562,
    "test_clean_accuracy": 0.9450666666666667,
    "test_robustness_drop": null,
    "test_restoration_gain": null,
    "test_position_1_acc": 0.9904666666666667,
    "test_position_2_acc": 0.986,
    "test_position_3_acc": 0.9883333333333333,
    "test_position_4_acc": 0.988,
    "test_position_5_acc": 0.9908
}