{
    "epoch": 83,
    "train_loss": 0.0007047099459030188,
    "pretrain_loss": 0.0,
    "finetune_loss": 0.0007047099459030188,
    "pseudo_label_count": 0,
    "pseudo_label_accept_rate": 0.0,
    "mean_pseudo_confidence": 0.0,
    "consistency_loss": 0.0,
    "encoder_stage": "contrastive_finetune_only",
    "stn_status": "disabled",
    "stn_regularization_loss": 0.0,
    "val_loss": 0.2549121245148002,
    "val_seq_acc": 0.9593333333333334,
    "val_char_acc": 0.9917333333333334,
    "val_edit_distance": 0.04133333333333333,
    "val_clean_accuracy": 0.9593333333333334,
    "val_robustness_drop": null,
    "val_restoration_gain": null,
    "val_position_1_acc": 0.992,
    "val_position_2_acc": 0.9908666666666667,
    "val_position_3_acc": 0.9906666666666667,
    "val_position_4_acc": 0.9915333333333334,
    "val_position_5_acc": 0.9936,
    "test_loss": 0.2700104301118854,
    "test_seq_acc": 0.9582666666666667,
    "test_char_acc": 0.9914933333333333,
    "test_edit_distance": 0.042466666666666666,
    "test_clean_accuracy": 0.9582666666666667,
    "test_robustness_drop": null,
    "test_restoration_gain": null,
    "test_position_1_acc": 0.9923333333333333,
    "test_position_2_acc": 0.9898,
    "test_position_3_acc": 0.9914,
    "test_position_4_acc": 0.9910666666666667,
    "test_position_5_acc": 0.9928666666666667
}