{
    "epoch": 199,
    "train_loss": 3.1574805255191635e-05,
    "pretrain_loss": 0.0,
    "finetune_loss": 3.1574805255191635e-05,
    "pseudo_label_count": 0,
    "pseudo_label_accept_rate": 0.0,
    "mean_pseudo_confidence": 0.0,
    "consistency_loss": 0.0,
    "encoder_stage": "contrastive_finetune_only",
    "stn_status": "disabled",
    "stn_regularization_loss": 0.0,
    "val_loss": 0.28099506775987665,
    "val_seq_acc": 0.9618666666666666,
    "val_char_acc": 0.9923066666666667,
    "val_edit_distance": 0.03846666666666667,
    "val_clean_accuracy": 0.9618666666666666,
    "val_robustness_drop": null,
    "val_restoration_gain": null,
    "val_position_1_acc": 0.9926,
    "val_position_2_acc": 0.9916666666666667,
    "val_position_3_acc": 0.9913333333333333,
    "val_position_4_acc": 0.9924666666666667,
    "val_position_5_acc": 0.9934666666666667,
    "test_loss": 0.29046862360215103,
    "test_seq_acc": 0.9610666666666666,
    "test_char_acc": 0.9920533333333333,
    "test_edit_distance": 0.03966666666666667,
    "test_clean_accuracy": 0.9610666666666666,
    "test_robustness_drop": null,
    "test_restoration_gain": null,
    "test_position_1_acc": 0.9923333333333333,
    "test_position_2_acc": 0.9908,
    "test_position_3_acc": 0.9920666666666667,
    "test_position_4_acc": 0.992,
    "test_position_5_acc": 0.9930666666666667
}