{
    "epoch": 118,
    "train_loss": 0.00014896766669801576,
    "pretrain_loss": 0.0,
    "finetune_loss": 0.00014896766669801576,
    "pseudo_label_count": 0,
    "pseudo_label_accept_rate": 0.0,
    "mean_pseudo_confidence": 0.0,
    "consistency_loss": 0.0,
    "encoder_stage": "contrastive_finetune_only",
    "stn_status": "disabled",
    "stn_regularization_loss": 0.0,
    "val_loss": 0.27619653140145795,
    "val_seq_acc": 0.9613333333333334,
    "val_char_acc": 0.9921866666666667,
    "val_edit_distance": 0.039066666666666666,
    "val_clean_accuracy": 0.9613333333333334,
    "val_robustness_drop": null,
    "val_restoration_gain": null,
    "val_position_1_acc": 0.9925333333333334,
    "val_position_2_acc": 0.9916666666666667,
    "val_position_3_acc": 0.9910666666666667,
    "val_position_4_acc": 0.9922,
    "val_position_5_acc": 0.9934666666666667,
    "test_loss": 0.2824201816119541,
    "test_seq_acc": 0.9609333333333333,
    "test_char_acc": 0.9920266666666666,
    "test_edit_distance": 0.03986666666666667,
    "test_clean_accuracy": 0.9609333333333333,
    "test_robustness_drop": null,
    "test_restoration_gain": null,
    "test_position_1_acc": 0.9924666666666667,
    "test_position_2_acc": 0.9908666666666667,
    "test_position_3_acc": 0.9920666666666667,
    "test_position_4_acc": 0.992,
    "test_position_5_acc": 0.9927333333333334
}