{
    "epoch": 17,
    "train_loss": 3.325752417023681,
    "pretrain_loss": 3.1845545666309336,
    "finetune_loss": 0.14119785039274718,
    "pseudo_label_count": 0,
    "pseudo_label_accept_rate": 0.0,
    "mean_pseudo_confidence": 0.0,
    "consistency_loss": 0.0,
    "encoder_stage": "contrastive_pretrain_and_finetune",
    "stn_status": "disabled",
    "stn_regularization_loss": 0.0,
    "val_loss": 0.16762106184788206,
    "val_seq_acc": 0.9502666666666667,
    "val_char_acc": 0.9897866666666667,
    "val_edit_distance": 0.051,
    "val_clean_accuracy": 0.9502666666666667,
    "val_robustness_drop": null,
    "val_restoration_gain": null,
    "val_position_1_acc": 0.9924,
    "val_position_2_acc": 0.9886,
    "val_position_3_acc": 0.9873333333333333,
    "val_position_4_acc": 0.9885333333333334,
    "val_position_5_acc": 0.9920666666666667,
    "test_loss": 0.16598745062154657,
    "test_seq_acc": 0.9526,
    "test_char_acc": 0.9901466666666666,
    "test_edit_distance": 0.04926666666666667,
    "test_clean_accuracy": 0.9526,
    "test_robustness_drop": null,
    "test_restoration_gain": null,
    "test_position_1_acc": 0.9926666666666667,
    "test_position_2_acc": 0.9878666666666667,
    "test_position_3_acc": 0.9882666666666666,
    "test_position_4_acc": 0.9899333333333333,
    "test_position_5_acc": 0.992
}