{
    "epoch": 61,
    "train_loss": 0.0017142027498803216,
    "pretrain_loss": 0.0,
    "finetune_loss": 0.0017142027498803216,
    "pseudo_label_count": 0,
    "pseudo_label_accept_rate": 0.0,
    "mean_pseudo_confidence": 0.0,
    "consistency_loss": 0.0,
    "encoder_stage": "contrastive_finetune_only",
    "stn_status": "disabled",
    "stn_regularization_loss": 0.0,
    "val_loss": 0.2235576311289209,
    "val_seq_acc": 0.9608666666666666,
    "val_char_acc": 0.9919733333333334,
    "val_edit_distance": 0.04013333333333333,
    "val_clean_accuracy": 0.9608666666666666,
    "val_robustness_drop": null,
    "val_restoration_gain": null,
    "val_position_1_acc": 0.9922,
    "val_position_2_acc": 0.9912666666666666,
    "val_position_3_acc": 0.9910666666666667,
    "val_position_4_acc": 0.9919333333333333,
    "val_position_5_acc": 0.9934,
    "test_loss": 0.22788877407450506,
    "test_seq_acc": 0.9612,
    "test_char_acc": 0.9920666666666667,
    "test_edit_distance": 0.0396,
    "test_clean_accuracy": 0.9612,
    "test_robustness_drop": null,
    "test_restoration_gain": null,
    "test_position_1_acc": 0.9919333333333333,
    "test_position_2_acc": 0.9908,
    "test_position_3_acc": 0.9914666666666667,
    "test_position_4_acc": 0.9920666666666667,
    "test_position_5_acc": 0.9940666666666667
}