{
    "epoch": 34,
    "train_loss": 0.03799315407892261,
    "pretrain_loss": 0.0,
    "finetune_loss": 0.03799315407892261,
    "pseudo_label_count": 0,
    "pseudo_label_accept_rate": 0.0,
    "mean_pseudo_confidence": 0.0,
    "consistency_loss": 0.0,
    "encoder_stage": "contrastive_finetune_only",
    "stn_status": "disabled",
    "stn_regularization_loss": 0.0,
    "val_loss": 0.26723414708369786,
    "val_seq_acc": 0.9486666666666667,
    "val_char_acc": 0.9893733333333333,
    "val_edit_distance": 0.05313333333333333,
    "val_clean_accuracy": 0.9486666666666667,
    "val_robustness_drop": null,
    "val_restoration_gain": null,
    "val_position_1_acc": 0.9914666666666667,
    "val_position_2_acc": 0.9884666666666667,
    "val_position_3_acc": 0.9878,
    "val_position_4_acc": 0.9875333333333334,
    "val_position_5_acc": 0.9916,
    "test_loss": 0.254884119968901,
    "test_seq_acc": 0.9494,
    "test_char_acc": 0.98956,
    "test_edit_distance": 0.052066666666666664,
    "test_clean_accuracy": 0.9494,
    "test_robustness_drop": null,
    "test_restoration_gain": null,
    "test_position_1_acc": 0.9916,
    "test_position_2_acc": 0.9873333333333333,
    "test_position_3_acc": 0.9878,
    "test_position_4_acc": 0.9896666666666667,
    "test_position_5_acc": 0.9914
}