{
    "epoch": 105,
    "train_loss": 0.00024297945264824107,
    "pretrain_loss": 0.0,
    "finetune_loss": 0.00024297945264824107,
    "pseudo_label_count": 0,
    "pseudo_label_accept_rate": 0.0,
    "mean_pseudo_confidence": 0.0,
    "consistency_loss": 0.0,
    "encoder_stage": "contrastive_finetune_only",
    "stn_status": "disabled",
    "stn_regularization_loss": 0.0,
    "val_loss": 0.2773503524858128,
    "val_seq_acc": 0.9604666666666667,
    "val_char_acc": 0.9919733333333334,
    "val_edit_distance": 0.04013333333333333,
    "val_clean_accuracy": 0.9604666666666667,
    "val_robustness_drop": null,
    "val_restoration_gain": null,
    "val_position_1_acc": 0.9922666666666666,
    "val_position_2_acc": 0.9914,
    "val_position_3_acc": 0.9914666666666667,
    "val_position_4_acc": 0.9918,
    "val_position_5_acc": 0.9929333333333333,
    "test_loss": 0.2852630428165325,
    "test_seq_acc": 0.9599333333333333,
    "test_char_acc": 0.9918133333333333,
    "test_edit_distance": 0.04086666666666667,
    "test_clean_accuracy": 0.9599333333333333,
    "test_robustness_drop": null,
    "test_restoration_gain": null,
    "test_position_1_acc": 0.9921333333333333,
    "test_position_2_acc": 0.9906666666666667,
    "test_position_3_acc": 0.9917333333333334,
    "test_position_4_acc": 0.9918666666666667,
    "test_position_5_acc": 0.9926666666666667
}