{
    "epoch": 66,
    "train_loss": 0.0014243397871255765,
    "pretrain_loss": 0.0,
    "finetune_loss": 0.0014243397871255765,
    "pseudo_label_count": 0,
    "pseudo_label_accept_rate": 0.0,
    "mean_pseudo_confidence": 0.0,
    "consistency_loss": 0.0,
    "encoder_stage": "contrastive_finetune_only",
    "stn_status": "disabled",
    "stn_regularization_loss": 0.0,
    "val_loss": 0.23440994931170667,
    "val_seq_acc": 0.9588666666666666,
    "val_char_acc": 0.9915866666666666,
    "val_edit_distance": 0.04206666666666667,
    "val_clean_accuracy": 0.9588666666666666,
    "val_robustness_drop": null,
    "val_restoration_gain": null,
    "val_position_1_acc": 0.9926,
    "val_position_2_acc": 0.9908,
    "val_position_3_acc": 0.9902666666666666,
    "val_position_4_acc": 0.9915333333333334,
    "val_position_5_acc": 0.9927333333333334,
    "test_loss": 0.2457000509981918,
    "test_seq_acc": 0.9601333333333333,
    "test_char_acc": 0.99184,
    "test_edit_distance": 0.04066666666666666,
    "test_clean_accuracy": 0.9601333333333333,
    "test_robustness_drop": null,
    "test_restoration_gain": null,
    "test_position_1_acc": 0.9922,
    "test_position_2_acc": 0.9904666666666667,
    "test_position_3_acc": 0.9918666666666667,
    "test_position_4_acc": 0.9916,
    "test_position_5_acc": 0.9930666666666667
}