{
    "epoch": 107,
    "train_loss": 0.00012497399989257844,
    "pretrain_loss": 0.0,
    "finetune_loss": 0.00012497399989257844,
    "pseudo_label_count": 0,
    "pseudo_label_accept_rate": 0.0,
    "mean_pseudo_confidence": 0.0,
    "consistency_loss": 0.0,
    "encoder_stage": "contrastive_finetune_only",
    "stn_status": "disabled",
    "stn_regularization_loss": 0.0,
    "val_loss": 0.2797525448355798,
    "val_seq_acc": 0.9600666666666666,
    "val_char_acc": 0.99196,
    "val_edit_distance": 0.0402,
    "val_clean_accuracy": 0.9600666666666666,
    "val_robustness_drop": null,
    "val_restoration_gain": null,
    "val_position_1_acc": 0.9924,
    "val_position_2_acc": 0.9917333333333334,
    "val_position_3_acc": 0.9910666666666667,
    "val_position_4_acc": 0.9916,
    "val_position_5_acc": 0.993,
    "test_loss": 0.2840971805689828,
    "test_seq_acc": 0.96,
    "test_char_acc": 0.99184,
    "test_edit_distance": 0.04073333333333334,
    "test_clean_accuracy": 0.96,
    "test_robustness_drop": null,
    "test_restoration_gain": null,
    "test_position_1_acc": 0.9922666666666666,
    "test_position_2_acc": 0.9906,
    "test_position_3_acc": 0.9918666666666667,
    "test_position_4_acc": 0.9917333333333334,
    "test_position_5_acc": 0.9927333333333334
}