{
    "epoch": 191,
    "train_loss": 3.566712272442349e-05,
    "pretrain_loss": 0.0,
    "finetune_loss": 3.566712272442349e-05,
    "pseudo_label_count": 0,
    "pseudo_label_accept_rate": 0.0,
    "mean_pseudo_confidence": 0.0,
    "consistency_loss": 0.0,
    "encoder_stage": "contrastive_finetune_only",
    "stn_status": "disabled",
    "stn_regularization_loss": 0.0,
    "val_loss": 0.2796152646913295,
    "val_seq_acc": 0.9621333333333333,
    "val_char_acc": 0.9923466666666667,
    "val_edit_distance": 0.038266666666666664,
    "val_clean_accuracy": 0.9621333333333333,
    "val_robustness_drop": null,
    "val_restoration_gain": null,
    "val_position_1_acc": 0.9927333333333334,
    "val_position_2_acc": 0.9916,
    "val_position_3_acc": 0.9912666666666666,
    "val_position_4_acc": 0.9926,
    "val_position_5_acc": 0.9935333333333334,
    "test_loss": 0.28926561849027377,
    "test_seq_acc": 0.9612,
    "test_char_acc": 0.99208,
    "test_edit_distance": 0.03953333333333333,
    "test_clean_accuracy": 0.9612,
    "test_robustness_drop": null,
    "test_restoration_gain": null,
    "test_position_1_acc": 0.9924,
    "test_position_2_acc": 0.9907333333333334,
    "test_position_3_acc": 0.9922,
    "test_position_4_acc": 0.9918666666666667,
    "test_position_5_acc": 0.9932
}