{
    "epoch": 74,
    "train_loss": 0.0010215354623070807,
    "pretrain_loss": 0.0,
    "finetune_loss": 0.0010215354623070807,
    "pseudo_label_count": 0,
    "pseudo_label_accept_rate": 0.0,
    "mean_pseudo_confidence": 0.0,
    "consistency_loss": 0.0,
    "encoder_stage": "contrastive_finetune_only",
    "stn_status": "disabled",
    "stn_regularization_loss": 0.0,
    "val_loss": 0.23898147681261725,
    "val_seq_acc": 0.9603333333333334,
    "val_char_acc": 0.9918933333333333,
    "val_edit_distance": 0.04053333333333333,
    "val_clean_accuracy": 0.9603333333333334,
    "val_robustness_drop": null,
    "val_restoration_gain": null,
    "val_position_1_acc": 0.9926666666666667,
    "val_position_2_acc": 0.9910666666666667,
    "val_position_3_acc": 0.9912,
    "val_position_4_acc": 0.9918,
    "val_position_5_acc": 0.9927333333333334,
    "test_loss": 0.2466548886956979,
    "test_seq_acc": 0.96,
    "test_char_acc": 0.99184,
    "test_edit_distance": 0.04073333333333334,
    "test_clean_accuracy": 0.96,
    "test_robustness_drop": null,
    "test_restoration_gain": null,
    "test_position_1_acc": 0.9918666666666667,
    "test_position_2_acc": 0.9908,
    "test_position_3_acc": 0.9922,
    "test_position_4_acc": 0.9919333333333333,
    "test_position_5_acc": 0.9924
}