{
    "epoch": 65,
    "train_loss": 0.0018066968923757872,
    "pretrain_loss": 0.0,
    "finetune_loss": 0.0018066968923757872,
    "pseudo_label_count": 0,
    "pseudo_label_accept_rate": 0.0,
    "mean_pseudo_confidence": 0.0,
    "consistency_loss": 0.0,
    "encoder_stage": "contrastive_finetune_only",
    "stn_status": "disabled",
    "stn_regularization_loss": 0.0,
    "val_loss": 0.23074232050108703,
    "val_seq_acc": 0.9601333333333333,
    "val_char_acc": 0.99188,
    "val_edit_distance": 0.0406,
    "val_clean_accuracy": 0.9601333333333333,
    "val_robustness_drop": null,
    "val_restoration_gain": null,
    "val_position_1_acc": 0.9928666666666667,
    "val_position_2_acc": 0.9912,
    "val_position_3_acc": 0.9907333333333334,
    "val_position_4_acc": 0.9916666666666667,
    "val_position_5_acc": 0.9929333333333333,
    "test_loss": 0.24494478973594713,
    "test_seq_acc": 0.9592666666666667,
    "test_char_acc": 0.99164,
    "test_edit_distance": 0.041666666666666664,
    "test_clean_accuracy": 0.9592666666666667,
    "test_robustness_drop": null,
    "test_restoration_gain": null,
    "test_position_1_acc": 0.9916,
    "test_position_2_acc": 0.9904666666666667,
    "test_position_3_acc": 0.9914666666666667,
    "test_position_4_acc": 0.9916,
    "test_position_5_acc": 0.9930666666666667
}