{
    "epoch": 5,
    "train_loss": 3.7405564450587283,
    "pretrain_loss": 3.3401123821408483,
    "finetune_loss": 0.40044406291787993,
    "pseudo_label_count": 0,
    "pseudo_label_accept_rate": 0.0,
    "mean_pseudo_confidence": 0.0,
    "consistency_loss": 0.0,
    "encoder_stage": "contrastive_pretrain_and_finetune",
    "stn_status": "disabled",
    "stn_regularization_loss": 0.0,
    "val_loss": 0.3037829248512045,
    "val_seq_acc": 0.9057333333333333,
    "val_char_acc": 0.9796133333333333,
    "val_edit_distance": 0.1018,
    "val_clean_accuracy": 0.9057333333333333,
    "val_robustness_drop": null,
    "val_restoration_gain": null,
    "val_position_1_acc": 0.9830666666666666,
    "val_position_2_acc": 0.9772666666666666,
    "val_position_3_acc": 0.9763333333333334,
    "val_position_4_acc": 0.977,
    "val_position_5_acc": 0.9844,
    "test_loss": 0.3123871606715182,
    "test_seq_acc": 0.904,
    "test_char_acc": 0.9796133333333333,
    "test_edit_distance": 0.1018,
    "test_clean_accuracy": 0.904,
    "test_robustness_drop": null,
    "test_restoration_gain": null,
    "test_position_1_acc": 0.9843333333333333,
    "test_position_2_acc": 0.9755333333333334,
    "test_position_3_acc": 0.9754,
    "test_position_4_acc": 0.9790666666666666,
    "test_position_5_acc": 0.9837333333333333
}