{
    "epoch": 20,
    "train_loss": 3.298381552064967,
    "pretrain_loss": 3.1839871892545517,
    "finetune_loss": 0.11439436281041555,
    "pseudo_label_count": 0,
    "pseudo_label_accept_rate": 0.0,
    "mean_pseudo_confidence": 0.0,
    "consistency_loss": 0.0,
    "encoder_stage": "contrastive_pretrain_and_finetune",
    "stn_status": "disabled",
    "stn_regularization_loss": 0.0,
    "val_loss": 0.2203727457434573,
    "val_seq_acc": 0.9402,
    "val_char_acc": 0.9875466666666667,
    "val_edit_distance": 0.062266666666666665,
    "val_clean_accuracy": 0.9402,
    "val_robustness_drop": null,
    "val_restoration_gain": null,
    "val_position_1_acc": 0.9872666666666666,
    "val_position_2_acc": 0.987,
    "val_position_3_acc": 0.9857333333333334,
    "val_position_4_acc": 0.9864666666666667,
    "val_position_5_acc": 0.9912666666666666,
    "test_loss": 0.2137626250096141,
    "test_seq_acc": 0.9394,
    "test_char_acc": 0.9873466666666667,
    "test_edit_distance": 0.06313333333333333,
    "test_clean_accuracy": 0.9394,
    "test_robustness_drop": null,
    "test_restoration_gain": null,
    "test_position_1_acc": 0.9872666666666666,
    "test_position_2_acc": 0.9853333333333333,
    "test_position_3_acc": 0.9866666666666667,
    "test_position_4_acc": 0.987,
    "test_position_5_acc": 0.9904666666666667
}