{
    "epoch": 198,
    "train_loss": 3.0075293496898838e-05,
    "pretrain_loss": 0.0,
    "finetune_loss": 3.0075293496898838e-05,
    "pseudo_label_count": 0,
    "pseudo_label_accept_rate": 0.0,
    "mean_pseudo_confidence": 0.0,
    "consistency_loss": 0.0,
    "encoder_stage": "contrastive_finetune_only",
    "stn_status": "disabled",
    "stn_regularization_loss": 0.0,
    "val_loss": 0.28025686100752556,
    "val_seq_acc": 0.9622666666666667,
    "val_char_acc": 0.99236,
    "val_edit_distance": 0.0382,
    "val_clean_accuracy": 0.9622666666666667,
    "val_robustness_drop": null,
    "val_restoration_gain": null,
    "val_position_1_acc": 0.9927333333333334,
    "val_position_2_acc": 0.9917333333333334,
    "val_position_3_acc": 0.9912666666666666,
    "val_position_4_acc": 0.9926666666666667,
    "val_position_5_acc": 0.9934,
    "test_loss": 0.29083377990962694,
    "test_seq_acc": 0.9614666666666667,
    "test_char_acc": 0.9921333333333333,
    "test_edit_distance": 0.039266666666666665,
    "test_clean_accuracy": 0.9614666666666667,
    "test_robustness_drop": null,
    "test_restoration_gain": null,
    "test_position_1_acc": 0.9923333333333333,
    "test_position_2_acc": 0.9907333333333334,
    "test_position_3_acc": 0.9923333333333333,
    "test_position_4_acc": 0.992,
    "test_position_5_acc": 0.9932666666666666
}