{
    "epoch": 106,
    "train_loss": 0.00014931629746275794,
    "pretrain_loss": 0.0,
    "finetune_loss": 0.00014931629746275794,
    "pseudo_label_count": 0,
    "pseudo_label_accept_rate": 0.0,
    "mean_pseudo_confidence": 0.0,
    "consistency_loss": 0.0,
    "encoder_stage": "contrastive_finetune_only",
    "stn_status": "disabled",
    "stn_regularization_loss": 0.0,
    "val_loss": 0.2768688507124062,
    "val_seq_acc": 0.96,
    "val_char_acc": 0.9919466666666666,
    "val_edit_distance": 0.040266666666666666,
    "val_clean_accuracy": 0.96,
    "val_robustness_drop": null,
    "val_restoration_gain": null,
    "val_position_1_acc": 0.9922666666666666,
    "val_position_2_acc": 0.9914,
    "val_position_3_acc": 0.9913333333333333,
    "val_position_4_acc": 0.9916,
    "val_position_5_acc": 0.9931333333333333,
    "test_loss": 0.282839449837976,
    "test_seq_acc": 0.9598666666666666,
    "test_char_acc": 0.9918266666666666,
    "test_edit_distance": 0.04086666666666667,
    "test_clean_accuracy": 0.9598666666666666,
    "test_robustness_drop": null,
    "test_restoration_gain": null,
    "test_position_1_acc": 0.9924666666666667,
    "test_position_2_acc": 0.9904666666666667,
    "test_position_3_acc": 0.9916666666666667,
    "test_position_4_acc": 0.9918,
    "test_position_5_acc": 0.9927333333333334
}