{
    "epoch": 29,
    "train_loss": 0.04505814156569808,
    "pretrain_loss": 0.0,
    "finetune_loss": 0.04505814156569808,
    "pseudo_label_count": 0,
    "pseudo_label_accept_rate": 0.0,
    "mean_pseudo_confidence": 0.0,
    "consistency_loss": 0.0,
    "encoder_stage": "contrastive_finetune_only",
    "stn_status": "disabled",
    "stn_regularization_loss": 0.0,
    "val_loss": 0.24351468123644193,
    "val_seq_acc": 0.9484666666666667,
    "val_char_acc": 0.9895066666666666,
    "val_edit_distance": 0.05246666666666667,
    "val_clean_accuracy": 0.9484666666666667,
    "val_robustness_drop": null,
    "val_restoration_gain": null,
    "val_position_1_acc": 0.9912,
    "val_position_2_acc": 0.9876,
    "val_position_3_acc": 0.9878666666666667,
    "val_position_4_acc": 0.9888,
    "val_position_5_acc": 0.9920666666666667,
    "test_loss": 0.24482968989066145,
    "test_seq_acc": 0.9504,
    "test_char_acc": 0.9897066666666666,
    "test_edit_distance": 0.051333333333333335,
    "test_clean_accuracy": 0.9504,
    "test_robustness_drop": null,
    "test_restoration_gain": null,
    "test_position_1_acc": 0.9916666666666667,
    "test_position_2_acc": 0.9869333333333333,
    "test_position_3_acc": 0.9879333333333333,
    "test_position_4_acc": 0.9900666666666667,
    "test_position_5_acc": 0.9919333333333333
}