{
    "epoch": 145,
    "train_loss": 4.988075672987398e-05,
    "pretrain_loss": 0.0,
    "finetune_loss": 4.988075672987398e-05,
    "pseudo_label_count": 0,
    "pseudo_label_accept_rate": 0.0,
    "mean_pseudo_confidence": 0.0,
    "consistency_loss": 0.0,
    "encoder_stage": "contrastive_finetune_only",
    "stn_status": "disabled",
    "stn_regularization_loss": 0.0,
    "val_loss": 0.2802184896330568,
    "val_seq_acc": 0.9617333333333333,
    "val_char_acc": 0.9922266666666667,
    "val_edit_distance": 0.03886666666666667,
    "val_clean_accuracy": 0.9617333333333333,
    "val_robustness_drop": null,
    "val_restoration_gain": null,
    "val_position_1_acc": 0.9927333333333334,
    "val_position_2_acc": 0.9914666666666667,
    "val_position_3_acc": 0.9913333333333333,
    "val_position_4_acc": 0.9922,
    "val_position_5_acc": 0.9934,
    "test_loss": 0.2913087273608943,
    "test_seq_acc": 0.9614,
    "test_char_acc": 0.9921066666666667,
    "test_edit_distance": 0.0394,
    "test_clean_accuracy": 0.9614,
    "test_robustness_drop": null,
    "test_restoration_gain": null,
    "test_position_1_acc": 0.9926,
    "test_position_2_acc": 0.9907333333333334,
    "test_position_3_acc": 0.9917333333333334,
    "test_position_4_acc": 0.9924,
    "test_position_5_acc": 0.9930666666666667
}