{
    "epoch": 122,
    "train_loss": 0.00021471760364768223,
    "pretrain_loss": 0.0,
    "finetune_loss": 0.00021471760364768223,
    "pseudo_label_count": 0,
    "pseudo_label_accept_rate": 0.0,
    "mean_pseudo_confidence": 0.0,
    "consistency_loss": 0.0,
    "encoder_stage": "contrastive_finetune_only",
    "stn_status": "disabled",
    "stn_regularization_loss": 0.0,
    "val_loss": 0.27568354062721173,
    "val_seq_acc": 0.9619333333333333,
    "val_char_acc": 0.99228,
    "val_edit_distance": 0.0386,
    "val_clean_accuracy": 0.9619333333333333,
    "val_robustness_drop": null,
    "val_restoration_gain": null,
    "val_position_1_acc": 0.9928,
    "val_position_2_acc": 0.9916666666666667,
    "val_position_3_acc": 0.9915333333333334,
    "val_position_4_acc": 0.9922,
    "val_position_5_acc": 0.9932,
    "test_loss": 0.28131867717510955,
    "test_seq_acc": 0.9614666666666667,
    "test_char_acc": 0.9921333333333333,
    "test_edit_distance": 0.039266666666666665,
    "test_clean_accuracy": 0.9614666666666667,
    "test_robustness_drop": null,
    "test_restoration_gain": null,
    "test_position_1_acc": 0.9926666666666667,
    "test_position_2_acc": 0.9908666666666667,
    "test_position_3_acc": 0.9919333333333333,
    "test_position_4_acc": 0.9920666666666667,
    "test_position_5_acc": 0.9931333333333333
}