{
    "epoch": 57,
    "train_loss": 0.003161371952694748,
    "pretrain_loss": 0.0,
    "finetune_loss": 0.003161371952694748,
    "pseudo_label_count": 0,
    "pseudo_label_accept_rate": 0.0,
    "mean_pseudo_confidence": 0.0,
    "consistency_loss": 0.0,
    "encoder_stage": "contrastive_finetune_only",
    "stn_status": "disabled",
    "stn_regularization_loss": 0.0,
    "val_loss": 0.22792078686781794,
    "val_seq_acc": 0.9594,
    "val_char_acc": 0.9917466666666667,
    "val_edit_distance": 0.04126666666666667,
    "val_clean_accuracy": 0.9594,
    "val_robustness_drop": null,
    "val_restoration_gain": null,
    "val_position_1_acc": 0.9923333333333333,
    "val_position_2_acc": 0.9911333333333333,
    "val_position_3_acc": 0.9906,
    "val_position_4_acc": 0.9915333333333334,
    "val_position_5_acc": 0.9931333333333333,
    "test_loss": 0.23029194019166405,
    "test_seq_acc": 0.9602666666666667,
    "test_char_acc": 0.9918533333333334,
    "test_edit_distance": 0.04066666666666666,
    "test_clean_accuracy": 0.9602666666666667,
    "test_robustness_drop": null,
    "test_restoration_gain": null,
    "test_position_1_acc": 0.9927333333333334,
    "test_position_2_acc": 0.9903333333333333,
    "test_position_3_acc": 0.9907333333333334,
    "test_position_4_acc": 0.9922666666666666,
    "test_position_5_acc": 0.9932
}