{
    "epoch": 86,
    "train_loss": 0.0008677261302533609,
    "pretrain_loss": 0.0,
    "finetune_loss": 0.0008677261302533609,
    "pseudo_label_count": 0,
    "pseudo_label_accept_rate": 0.0,
    "mean_pseudo_confidence": 0.0,
    "consistency_loss": 0.0,
    "encoder_stage": "contrastive_finetune_only",
    "stn_status": "disabled",
    "stn_regularization_loss": 0.0,
    "val_loss": 0.25956053827626707,
    "val_seq_acc": 0.9585333333333333,
    "val_char_acc": 0.99156,
    "val_edit_distance": 0.0422,
    "val_clean_accuracy": 0.9585333333333333,
    "val_robustness_drop": null,
    "val_restoration_gain": null,
    "val_position_1_acc": 0.9915333333333334,
    "val_position_2_acc": 0.9908,
    "val_position_3_acc": 0.9908666666666667,
    "val_position_4_acc": 0.9919333333333333,
    "val_position_5_acc": 0.9926666666666667,
    "test_loss": 0.28004497344992024,
    "test_seq_acc": 0.9582,
    "test_char_acc": 0.9914533333333333,
    "test_edit_distance": 0.042666666666666665,
    "test_clean_accuracy": 0.9582,
    "test_robustness_drop": null,
    "test_restoration_gain": null,
    "test_position_1_acc": 0.9917333333333334,
    "test_position_2_acc": 0.9902,
    "test_position_3_acc": 0.991,
    "test_position_4_acc": 0.9916,
    "test_position_5_acc": 0.9927333333333334
}