{
    "epoch": 109,
    "train_loss": 0.00015886406829044864,
    "pretrain_loss": 0.0,
    "finetune_loss": 0.00015886406829044864,
    "pseudo_label_count": 0,
    "pseudo_label_accept_rate": 0.0,
    "mean_pseudo_confidence": 0.0,
    "consistency_loss": 0.0,
    "encoder_stage": "contrastive_finetune_only",
    "stn_status": "disabled",
    "stn_regularization_loss": 0.0,
    "val_loss": 0.27549880607556143,
    "val_seq_acc": 0.9607333333333333,
    "val_char_acc": 0.9920666666666667,
    "val_edit_distance": 0.03966666666666667,
    "val_clean_accuracy": 0.9607333333333333,
    "val_robustness_drop": null,
    "val_restoration_gain": null,
    "val_position_1_acc": 0.9926,
    "val_position_2_acc": 0.9917333333333334,
    "val_position_3_acc": 0.991,
    "val_position_4_acc": 0.9919333333333333,
    "val_position_5_acc": 0.9930666666666667,
    "test_loss": 0.2830254094899654,
    "test_seq_acc": 0.9604666666666667,
    "test_char_acc": 0.9919333333333333,
    "test_edit_distance": 0.040266666666666666,
    "test_clean_accuracy": 0.9604666666666667,
    "test_robustness_drop": null,
    "test_restoration_gain": null,
    "test_position_1_acc": 0.9924666666666667,
    "test_position_2_acc": 0.9906,
    "test_position_3_acc": 0.9918,
    "test_position_4_acc": 0.9918,
    "test_position_5_acc": 0.993
}