{
    "epoch": 80,
    "train_loss": 0.000882406636578387,
    "pretrain_loss": 0.0,
    "finetune_loss": 0.000882406636578387,
    "pseudo_label_count": 0,
    "pseudo_label_accept_rate": 0.0,
    "mean_pseudo_confidence": 0.0,
    "consistency_loss": 0.0,
    "encoder_stage": "contrastive_finetune_only",
    "stn_status": "disabled",
    "stn_regularization_loss": 0.0,
    "val_loss": 0.25512819362225625,
    "val_seq_acc": 0.9590666666666666,
    "val_char_acc": 0.99164,
    "val_edit_distance": 0.0418,
    "val_clean_accuracy": 0.9590666666666666,
    "val_robustness_drop": null,
    "val_restoration_gain": null,
    "val_position_1_acc": 0.9916,
    "val_position_2_acc": 0.991,
    "val_position_3_acc": 0.9904666666666667,
    "val_position_4_acc": 0.9919333333333333,
    "val_position_5_acc": 0.9932,
    "test_loss": 0.26321445415112277,
    "test_seq_acc": 0.9587333333333333,
    "test_char_acc": 0.9915866666666666,
    "test_edit_distance": 0.042,
    "test_clean_accuracy": 0.9587333333333333,
    "test_robustness_drop": null,
    "test_restoration_gain": null,
    "test_position_1_acc": 0.992,
    "test_position_2_acc": 0.9898,
    "test_position_3_acc": 0.9916666666666667,
    "test_position_4_acc": 0.9918666666666667,
    "test_position_5_acc": 0.9926
}