{
    "epoch": 94,
    "train_loss": 0.0006831861142030043,
    "pretrain_loss": 0.0,
    "finetune_loss": 0.0006831861142030043,
    "pseudo_label_count": 0,
    "pseudo_label_accept_rate": 0.0,
    "mean_pseudo_confidence": 0.0,
    "consistency_loss": 0.0,
    "encoder_stage": "contrastive_finetune_only",
    "stn_status": "disabled",
    "stn_regularization_loss": 0.0,
    "val_loss": 0.2757980582971287,
    "val_seq_acc": 0.9602,
    "val_char_acc": 0.9918933333333333,
    "val_edit_distance": 0.04053333333333333,
    "val_clean_accuracy": 0.9602,
    "val_robustness_drop": null,
    "val_restoration_gain": null,
    "val_position_1_acc": 0.9916666666666667,
    "val_position_2_acc": 0.9913333333333333,
    "val_position_3_acc": 0.9909333333333333,
    "val_position_4_acc": 0.9924666666666667,
    "val_position_5_acc": 0.9930666666666667,
    "test_loss": 0.2794358684157487,
    "test_seq_acc": 0.9598,
    "test_char_acc": 0.9918133333333333,
    "test_edit_distance": 0.04086666666666667,
    "test_clean_accuracy": 0.9598,
    "test_robustness_drop": null,
    "test_restoration_gain": null,
    "test_position_1_acc": 0.9926666666666667,
    "test_position_2_acc": 0.9904,
    "test_position_3_acc": 0.9914,
    "test_position_4_acc": 0.9918666666666667,
    "test_position_5_acc": 0.9927333333333334
}