{
    "epoch": 148,
    "train_loss": 4.4469561135508655e-05,
    "pretrain_loss": 0.0,
    "finetune_loss": 4.4469561135508655e-05,
    "pseudo_label_count": 0,
    "pseudo_label_accept_rate": 0.0,
    "mean_pseudo_confidence": 0.0,
    "consistency_loss": 0.0,
    "encoder_stage": "contrastive_finetune_only",
    "stn_status": "disabled",
    "stn_regularization_loss": 0.0,
    "val_loss": 0.2781643021084919,
    "val_seq_acc": 0.9614666666666667,
    "val_char_acc": 0.9922,
    "val_edit_distance": 0.039,
    "val_clean_accuracy": 0.9614666666666667,
    "val_robustness_drop": null,
    "val_restoration_gain": null,
    "val_position_1_acc": 0.9924666666666667,
    "val_position_2_acc": 0.9916666666666667,
    "val_position_3_acc": 0.9912,
    "val_position_4_acc": 0.9924,
    "val_position_5_acc": 0.9932666666666666,
    "test_loss": 0.28968087964439815,
    "test_seq_acc": 0.9606666666666667,
    "test_char_acc": 0.9919733333333334,
    "test_edit_distance": 0.04006666666666667,
    "test_clean_accuracy": 0.9606666666666667,
    "test_robustness_drop": null,
    "test_restoration_gain": null,
    "test_position_1_acc": 0.9922666666666666,
    "test_position_2_acc": 0.9904666666666667,
    "test_position_3_acc": 0.992,
    "test_position_4_acc": 0.9921333333333333,
    "test_position_5_acc": 0.993
}