{
    "epoch": 3,
    "train_loss": 4.572273367930951,
    "pretrain_loss": 3.7933594572478717,
    "finetune_loss": 0.7789139106830791,
    "pseudo_label_count": 0,
    "pseudo_label_accept_rate": 0.0,
    "mean_pseudo_confidence": 0.0,
    "consistency_loss": 0.0,
    "encoder_stage": "contrastive_pretrain_and_finetune",
    "stn_status": "disabled",
    "stn_regularization_loss": 0.0,
    "val_loss": 1.7186707755352588,
    "val_seq_acc": 0.7222,
    "val_char_acc": 0.92,
    "val_edit_distance": 0.39213333333333333,
    "val_clean_accuracy": 0.7222,
    "val_robustness_drop": null,
    "val_restoration_gain": null,
    "val_position_1_acc": 0.8985333333333333,
    "val_position_2_acc": 0.9058,
    "val_position_3_acc": 0.9242666666666667,
    "val_position_4_acc": 0.9295333333333333,
    "val_position_5_acc": 0.9418666666666666,
    "test_loss": 1.6939766424767515,
    "test_seq_acc": 0.7218,
    "test_char_acc": 0.9203466666666666,
    "test_edit_distance": 0.39093333333333335,
    "test_clean_accuracy": 0.7218,
    "test_robustness_drop": null,
    "test_restoration_gain": null,
    "test_position_1_acc": 0.8992666666666667,
    "test_position_2_acc": 0.9034,
    "test_position_3_acc": 0.9256,
    "test_position_4_acc": 0.9348666666666666,
    "test_position_5_acc": 0.9386
}