{
    "epoch": 2,
    "train_loss": 7.714013291435988,
    "pretrain_loss": 4.843922032734594,
    "finetune_loss": 2.870091258701394,
    "pseudo_label_count": 0,
    "pseudo_label_accept_rate": 0.0,
    "mean_pseudo_confidence": 0.0,
    "consistency_loss": 0.0,
    "encoder_stage": "contrastive_pretrain_and_finetune",
    "stn_status": "disabled",
    "stn_regularization_loss": 0.0,
    "val_loss": 1.075894331678431,
    "val_seq_acc": 0.7382,
    "val_char_acc": 0.9341866666666667,
    "val_edit_distance": 0.32893333333333336,
    "val_clean_accuracy": 0.7382,
    "val_robustness_drop": null,
    "val_restoration_gain": null,
    "val_position_1_acc": 0.9544666666666667,
    "val_position_2_acc": 0.9212,
    "val_position_3_acc": 0.926,
    "val_position_4_acc": 0.9223333333333333,
    "val_position_5_acc": 0.9469333333333333,
    "test_loss": 1.103533845252179,
    "test_seq_acc": 0.7255333333333334,
    "test_char_acc": 0.9317333333333333,
    "test_edit_distance": 0.3413333333333333,
    "test_clean_accuracy": 0.7255333333333334,
    "test_robustness_drop": null,
    "test_restoration_gain": null,
    "test_position_1_acc": 0.956,
    "test_position_2_acc": 0.9144,
    "test_position_3_acc": 0.9218,
    "test_position_4_acc": 0.9246666666666666,
    "test_position_5_acc": 0.9418
}