{
    "epoch": 31,
    "train_loss": 0.05328023396936968,
    "pretrain_loss": 0.0,
    "finetune_loss": 0.05328023396936968,
    "pseudo_label_count": 0,
    "pseudo_label_accept_rate": 0.0,
    "mean_pseudo_confidence": 0.0,
    "consistency_loss": 0.0,
    "encoder_stage": "contrastive_finetune_only",
    "stn_status": "disabled",
    "stn_regularization_loss": 0.0,
    "val_loss": 0.23492047065507343,
    "val_seq_acc": 0.9493333333333334,
    "val_char_acc": 0.9896666666666667,
    "val_edit_distance": 0.051666666666666666,
    "val_clean_accuracy": 0.9493333333333334,
    "val_robustness_drop": null,
    "val_restoration_gain": null,
    "val_position_1_acc": 0.9900666666666667,
    "val_position_2_acc": 0.9888,
    "val_position_3_acc": 0.9881333333333333,
    "val_position_4_acc": 0.9892,
    "val_position_5_acc": 0.9921333333333333,
    "test_loss": 0.22988245480302524,
    "test_seq_acc": 0.9498,
    "test_char_acc": 0.9896933333333333,
    "test_edit_distance": 0.0514,
    "test_clean_accuracy": 0.9498,
    "test_robustness_drop": null,
    "test_restoration_gain": null,
    "test_position_1_acc": 0.9924,
    "test_position_2_acc": 0.9866666666666667,
    "test_position_3_acc": 0.9886666666666667,
    "test_position_4_acc": 0.99,
    "test_position_5_acc": 0.9907333333333334
}