{
    "epoch": 47,
    "train_loss": 0.039194566459323864,
    "pretrain_loss": 0.0,
    "finetune_loss": 0.039194566459323864,
    "pseudo_label_count": 0,
    "pseudo_label_accept_rate": 0.0,
    "mean_pseudo_confidence": 0.0,
    "consistency_loss": 0.0,
    "encoder_stage": "contrastive_finetune_only",
    "stn_status": "disabled",
    "stn_regularization_loss": 0.0,
    "val_loss": 0.32017008667301505,
    "val_seq_acc": 0.9469333333333333,
    "val_char_acc": 0.9890133333333333,
    "val_edit_distance": 0.05486666666666667,
    "val_clean_accuracy": 0.9469333333333333,
    "val_robustness_drop": null,
    "val_restoration_gain": null,
    "val_position_1_acc": 0.9902666666666666,
    "val_position_2_acc": 0.9875333333333334,
    "val_position_3_acc": 0.9882,
    "val_position_4_acc": 0.9885333333333334,
    "val_position_5_acc": 0.9905333333333334,
    "test_loss": 0.3099000044274788,
    "test_seq_acc": 0.9478666666666666,
    "test_char_acc": 0.9892133333333333,
    "test_edit_distance": 0.053733333333333334,
    "test_clean_accuracy": 0.9478666666666666,
    "test_robustness_drop": null,
    "test_restoration_gain": null,
    "test_position_1_acc": 0.9904666666666667,
    "test_position_2_acc": 0.9866666666666667,
    "test_position_3_acc": 0.9894666666666667,
    "test_position_4_acc": 0.9889333333333333,
    "test_position_5_acc": 0.9905333333333334
}