{
    "epoch": 27,
    "train_loss": 0.05804475566874411,
    "pretrain_loss": 0.0,
    "finetune_loss": 0.05804475566874411,
    "pseudo_label_count": 0,
    "pseudo_label_accept_rate": 0.0,
    "mean_pseudo_confidence": 0.0,
    "consistency_loss": 0.0,
    "encoder_stage": "contrastive_finetune_only",
    "stn_status": "disabled",
    "stn_regularization_loss": 0.0,
    "val_loss": 0.20879140604024832,
    "val_seq_acc": 0.9516666666666667,
    "val_char_acc": 0.99012,
    "val_edit_distance": 0.0494,
    "val_clean_accuracy": 0.9516666666666667,
    "val_robustness_drop": null,
    "val_restoration_gain": null,
    "val_position_1_acc": 0.9920666666666667,
    "val_position_2_acc": 0.9884666666666667,
    "val_position_3_acc": 0.9892666666666666,
    "val_position_4_acc": 0.9894,
    "val_position_5_acc": 0.9914,
    "test_loss": 0.2079880817595156,
    "test_seq_acc": 0.9511333333333334,
    "test_char_acc": 0.98992,
    "test_edit_distance": 0.0504,
    "test_clean_accuracy": 0.9511333333333334,
    "test_robustness_drop": null,
    "test_restoration_gain": null,
    "test_position_1_acc": 0.9914,
    "test_position_2_acc": 0.9878666666666667,
    "test_position_3_acc": 0.9890666666666666,
    "test_position_4_acc": 0.9900666666666667,
    "test_position_5_acc": 0.9912
}