{
    "epoch": 104,
    "train_loss": 0.00022786245816249886,
    "pretrain_loss": 0.0,
    "finetune_loss": 0.00022786245816249886,
    "pseudo_label_count": 0,
    "pseudo_label_accept_rate": 0.0,
    "mean_pseudo_confidence": 0.0,
    "consistency_loss": 0.0,
    "encoder_stage": "contrastive_finetune_only",
    "stn_status": "disabled",
    "stn_regularization_loss": 0.0,
    "val_loss": 0.2792175439390198,
    "val_seq_acc": 0.9602,
    "val_char_acc": 0.9919466666666666,
    "val_edit_distance": 0.040266666666666666,
    "val_clean_accuracy": 0.9602,
    "val_robustness_drop": null,
    "val_restoration_gain": null,
    "val_position_1_acc": 0.9921333333333333,
    "val_position_2_acc": 0.9916,
    "val_position_3_acc": 0.9914,
    "val_position_4_acc": 0.9916666666666667,
    "val_position_5_acc": 0.9929333333333333,
    "test_loss": 0.28615532088475215,
    "test_seq_acc": 0.9597333333333333,
    "test_char_acc": 0.9918,
    "test_edit_distance": 0.041,
    "test_clean_accuracy": 0.9597333333333333,
    "test_robustness_drop": null,
    "test_restoration_gain": null,
    "test_position_1_acc": 0.9921333333333333,
    "test_position_2_acc": 0.9907333333333334,
    "test_position_3_acc": 0.9917333333333334,
    "test_position_4_acc": 0.9920666666666667,
    "test_position_5_acc": 0.9923333333333333
}