{
    "epoch": 172,
    "train_loss": 4.34163063083211e-05,
    "pretrain_loss": 0.0,
    "finetune_loss": 4.34163063083211e-05,
    "pseudo_label_count": 0,
    "pseudo_label_accept_rate": 0.0,
    "mean_pseudo_confidence": 0.0,
    "consistency_loss": 0.0,
    "encoder_stage": "contrastive_finetune_only",
    "stn_status": "disabled",
    "stn_regularization_loss": 0.0,
    "val_loss": 0.28185784241527184,
    "val_seq_acc": 0.9616,
    "val_char_acc": 0.9922266666666667,
    "val_edit_distance": 0.03886666666666667,
    "val_clean_accuracy": 0.9616,
    "val_robustness_drop": null,
    "val_restoration_gain": null,
    "val_position_1_acc": 0.9923333333333333,
    "val_position_2_acc": 0.9918,
    "val_position_3_acc": 0.9912666666666666,
    "val_position_4_acc": 0.9923333333333333,
    "val_position_5_acc": 0.9934,
    "test_loss": 0.2903732643421384,
    "test_seq_acc": 0.9617333333333333,
    "test_char_acc": 0.9921866666666667,
    "test_edit_distance": 0.039,
    "test_clean_accuracy": 0.9617333333333333,
    "test_robustness_drop": null,
    "test_restoration_gain": null,
    "test_position_1_acc": 0.9924666666666667,
    "test_position_2_acc": 0.9909333333333333,
    "test_position_3_acc": 0.9920666666666667,
    "test_position_4_acc": 0.9922,
    "test_position_5_acc": 0.9932666666666666
}