{
    "epoch": 99,
    "train_loss": 0.0006084649549947845,
    "pretrain_loss": 0.0,
    "finetune_loss": 0.0006084649549947845,
    "pseudo_label_count": 0,
    "pseudo_label_accept_rate": 0.0,
    "mean_pseudo_confidence": 0.0,
    "consistency_loss": 0.0,
    "encoder_stage": "contrastive_finetune_only",
    "stn_status": "disabled",
    "stn_regularization_loss": 0.0,
    "val_loss": 0.28397683200695456,
    "val_seq_acc": 0.9583333333333334,
    "val_char_acc": 0.99156,
    "val_edit_distance": 0.0422,
    "val_clean_accuracy": 0.9583333333333334,
    "val_robustness_drop": null,
    "val_restoration_gain": null,
    "val_position_1_acc": 0.9916666666666667,
    "val_position_2_acc": 0.9909333333333333,
    "val_position_3_acc": 0.9906666666666667,
    "val_position_4_acc": 0.9917333333333334,
    "val_position_5_acc": 0.9928,
    "test_loss": 0.2890369992866057,
    "test_seq_acc": 0.9580666666666666,
    "test_char_acc": 0.99144,
    "test_edit_distance": 0.04273333333333333,
    "test_clean_accuracy": 0.9580666666666666,
    "test_robustness_drop": null,
    "test_restoration_gain": null,
    "test_position_1_acc": 0.9915333333333334,
    "test_position_2_acc": 0.9905333333333334,
    "test_position_3_acc": 0.9912,
    "test_position_4_acc": 0.9916,
    "test_position_5_acc": 0.9923333333333333
}