{
    "epoch": 78,
    "train_loss": 0.0006840578492778881,
    "pretrain_loss": 0.0,
    "finetune_loss": 0.0006840578492778881,
    "pseudo_label_count": 0,
    "pseudo_label_accept_rate": 0.0,
    "mean_pseudo_confidence": 0.0,
    "consistency_loss": 0.0,
    "encoder_stage": "contrastive_finetune_only",
    "stn_status": "disabled",
    "stn_regularization_loss": 0.0,
    "val_loss": 0.24985392783843402,
    "val_seq_acc": 0.9592666666666667,
    "val_char_acc": 0.9917733333333333,
    "val_edit_distance": 0.041133333333333334,
    "val_clean_accuracy": 0.9592666666666667,
    "val_robustness_drop": null,
    "val_restoration_gain": null,
    "val_position_1_acc": 0.9921333333333333,
    "val_position_2_acc": 0.991,
    "val_position_3_acc": 0.9911333333333333,
    "val_position_4_acc": 0.9918666666666667,
    "val_position_5_acc": 0.9927333333333334,
    "test_loss": 0.26074430493828643,
    "test_seq_acc": 0.9593333333333334,
    "test_char_acc": 0.9917066666666666,
    "test_edit_distance": 0.0414,
    "test_clean_accuracy": 0.9593333333333334,
    "test_robustness_drop": null,
    "test_restoration_gain": null,
    "test_position_1_acc": 0.9918666666666667,
    "test_position_2_acc": 0.9902,
    "test_position_3_acc": 0.9916,
    "test_position_4_acc": 0.9917333333333334,
    "test_position_5_acc": 0.9931333333333333
}