{
    "epoch": 63,
    "train_loss": 0.0021366447691617435,
    "pretrain_loss": 0.0,
    "finetune_loss": 0.0021366447691617435,
    "pseudo_label_count": 0,
    "pseudo_label_accept_rate": 0.0,
    "mean_pseudo_confidence": 0.0,
    "consistency_loss": 0.0,
    "encoder_stage": "contrastive_finetune_only",
    "stn_status": "disabled",
    "stn_regularization_loss": 0.0,
    "val_loss": 0.22940447539661732,
    "val_seq_acc": 0.9602,
    "val_char_acc": 0.9918666666666667,
    "val_edit_distance": 0.04066666666666666,
    "val_clean_accuracy": 0.9602,
    "val_robustness_drop": null,
    "val_restoration_gain": null,
    "val_position_1_acc": 0.992,
    "val_position_2_acc": 0.9914,
    "val_position_3_acc": 0.9905333333333334,
    "val_position_4_acc": 0.9922,
    "val_position_5_acc": 0.9932,
    "test_loss": 0.24371171076881123,
    "test_seq_acc": 0.9586666666666667,
    "test_char_acc": 0.99156,
    "test_edit_distance": 0.04206666666666667,
    "test_clean_accuracy": 0.9586666666666667,
    "test_robustness_drop": null,
    "test_restoration_gain": null,
    "test_position_1_acc": 0.9916,
    "test_position_2_acc": 0.9909333333333333,
    "test_position_3_acc": 0.9912666666666666,
    "test_position_4_acc": 0.9913333333333333,
    "test_position_5_acc": 0.9926666666666667
}