{
    "epoch": 15,
    "train_loss": 3.347516659666577,
    "pretrain_loss": 3.1873274758267445,
    "finetune_loss": 0.1601891838398327,
    "pseudo_label_count": 0,
    "pseudo_label_accept_rate": 0.0,
    "mean_pseudo_confidence": 0.0,
    "consistency_loss": 0.0,
    "encoder_stage": "contrastive_pretrain_and_finetune",
    "stn_status": "disabled",
    "stn_regularization_loss": 0.0,
    "val_loss": 0.20673989359527192,
    "val_seq_acc": 0.9405333333333333,
    "val_char_acc": 0.9877333333333334,
    "val_edit_distance": 0.06133333333333333,
    "val_clean_accuracy": 0.9405333333333333,
    "val_robustness_drop": null,
    "val_restoration_gain": null,
    "val_position_1_acc": 0.9885333333333334,
    "val_position_2_acc": 0.9876,
    "val_position_3_acc": 0.9844,
    "val_position_4_acc": 0.9875333333333334,
    "val_position_5_acc": 0.9906,
    "test_loss": 0.20356368944445188,
    "test_seq_acc": 0.9389333333333333,
    "test_char_acc": 0.9874,
    "test_edit_distance": 0.063,
    "test_clean_accuracy": 0.9389333333333333,
    "test_robustness_drop": null,
    "test_restoration_gain": null,
    "test_position_1_acc": 0.9869333333333333,
    "test_position_2_acc": 0.9873333333333333,
    "test_position_3_acc": 0.9857333333333334,
    "test_position_4_acc": 0.9879333333333333,
    "test_position_5_acc": 0.9890666666666666
}