{
    "epoch": 137,
    "train_loss": 8.079445120415288e-05,
    "pretrain_loss": 0.0,
    "finetune_loss": 8.079445120415288e-05,
    "pseudo_label_count": 0,
    "pseudo_label_accept_rate": 0.0,
    "mean_pseudo_confidence": 0.0,
    "consistency_loss": 0.0,
    "encoder_stage": "contrastive_finetune_only",
    "stn_status": "disabled",
    "stn_regularization_loss": 0.0,
    "val_loss": 0.2782060107058606,
    "val_seq_acc": 0.9608,
    "val_char_acc": 0.99204,
    "val_edit_distance": 0.0398,
    "val_clean_accuracy": 0.9608,
    "val_robustness_drop": null,
    "val_restoration_gain": null,
    "val_position_1_acc": 0.9927333333333334,
    "val_position_2_acc": 0.9913333333333333,
    "val_position_3_acc": 0.9910666666666667,
    "val_position_4_acc": 0.9921333333333333,
    "val_position_5_acc": 0.9929333333333333,
    "test_loss": 0.2911450861247121,
    "test_seq_acc": 0.9612666666666667,
    "test_char_acc": 0.99208,
    "test_edit_distance": 0.03953333333333333,
    "test_clean_accuracy": 0.9612666666666667,
    "test_robustness_drop": null,
    "test_restoration_gain": null,
    "test_position_1_acc": 0.9923333333333333,
    "test_position_2_acc": 0.9908,
    "test_position_3_acc": 0.9922666666666666,
    "test_position_4_acc": 0.9920666666666667,
    "test_position_5_acc": 0.9929333333333333
}