{
    "epoch": 36,
    "train_loss": 0.04174330574475525,
    "pretrain_loss": 0.0,
    "finetune_loss": 0.04174330574475525,
    "pseudo_label_count": 0,
    "pseudo_label_accept_rate": 0.0,
    "mean_pseudo_confidence": 0.0,
    "consistency_loss": 0.0,
    "encoder_stage": "contrastive_finetune_only",
    "stn_status": "disabled",
    "stn_regularization_loss": 0.0,
    "val_loss": 0.26124246489613295,
    "val_seq_acc": 0.9460666666666666,
    "val_char_acc": 0.9888266666666666,
    "val_edit_distance": 0.05586666666666667,
    "val_clean_accuracy": 0.9460666666666666,
    "val_robustness_drop": null,
    "val_restoration_gain": null,
    "val_position_1_acc": 0.9896666666666667,
    "val_position_2_acc": 0.9876,
    "val_position_3_acc": 0.9869333333333333,
    "val_position_4_acc": 0.9885333333333334,
    "val_position_5_acc": 0.9914,
    "test_loss": 0.2559920733611278,
    "test_seq_acc": 0.9471333333333334,
    "test_char_acc": 0.98908,
    "test_edit_distance": 0.05446666666666666,
    "test_clean_accuracy": 0.9471333333333334,
    "test_robustness_drop": null,
    "test_restoration_gain": null,
    "test_position_1_acc": 0.9923333333333333,
    "test_position_2_acc": 0.9859333333333333,
    "test_position_3_acc": 0.9874666666666667,
    "test_position_4_acc": 0.9896,
    "test_position_5_acc": 0.9900666666666667
}