{
    "epoch": 12,
    "train_loss": 3.3826855409998933,
    "pretrain_loss": 3.1882678797737554,
    "finetune_loss": 0.19441766122613813,
    "pseudo_label_count": 0,
    "pseudo_label_accept_rate": 0.0,
    "mean_pseudo_confidence": 0.0,
    "consistency_loss": 0.0,
    "encoder_stage": "contrastive_pretrain_and_finetune",
    "stn_status": "disabled",
    "stn_regularization_loss": 0.0,
    "val_loss": 0.2235204214349072,
    "val_seq_acc": 0.9324666666666667,
    "val_char_acc": 0.9858533333333334,
    "val_edit_distance": 0.07073333333333333,
    "val_clean_accuracy": 0.9324666666666667,
    "val_robustness_drop": null,
    "val_restoration_gain": null,
    "val_position_1_acc": 0.9872666666666666,
    "val_position_2_acc": 0.9832,
    "val_position_3_acc": 0.9833333333333333,
    "val_position_4_acc": 0.9856666666666667,
    "val_position_5_acc": 0.9898,
    "test_loss": 0.22905098902893828,
    "test_seq_acc": 0.9315333333333333,
    "test_char_acc": 0.9857333333333334,
    "test_edit_distance": 0.07126666666666667,
    "test_clean_accuracy": 0.9315333333333333,
    "test_robustness_drop": null,
    "test_restoration_gain": null,
    "test_position_1_acc": 0.9866,
    "test_position_2_acc": 0.9806,
    "test_position_3_acc": 0.9856,
    "test_position_4_acc": 0.9862666666666666,
    "test_position_5_acc": 0.9896
}