{
    "epoch": 130,
    "train_loss": 9.421341355882e-05,
    "pretrain_loss": 0.0,
    "finetune_loss": 9.421341355882e-05,
    "pseudo_label_count": 0,
    "pseudo_label_accept_rate": 0.0,
    "mean_pseudo_confidence": 0.0,
    "consistency_loss": 0.0,
    "encoder_stage": "contrastive_finetune_only",
    "stn_status": "disabled",
    "stn_regularization_loss": 0.0,
    "val_loss": 0.27697289298107053,
    "val_seq_acc": 0.9614,
    "val_char_acc": 0.9921733333333334,
    "val_edit_distance": 0.03913333333333333,
    "val_clean_accuracy": 0.9614,
    "val_robustness_drop": null,
    "val_restoration_gain": null,
    "val_position_1_acc": 0.9929333333333333,
    "val_position_2_acc": 0.9914,
    "val_position_3_acc": 0.991,
    "val_position_4_acc": 0.9924,
    "val_position_5_acc": 0.9931333333333333,
    "test_loss": 0.2854070963080418,
    "test_seq_acc": 0.9616666666666667,
    "test_char_acc": 0.9921733333333334,
    "test_edit_distance": 0.039066666666666666,
    "test_clean_accuracy": 0.9616666666666667,
    "test_robustness_drop": null,
    "test_restoration_gain": null,
    "test_position_1_acc": 0.9926666666666667,
    "test_position_2_acc": 0.9908,
    "test_position_3_acc": 0.9921333333333333,
    "test_position_4_acc": 0.992,
    "test_position_5_acc": 0.9932666666666666
}