{
    "epoch": 52,
    "train_loss": 0.006640326548193723,
    "pretrain_loss": 0.0,
    "finetune_loss": 0.006640326548193723,
    "pseudo_label_count": 0,
    "pseudo_label_accept_rate": 0.0,
    "mean_pseudo_confidence": 0.0,
    "consistency_loss": 0.0,
    "encoder_stage": "contrastive_finetune_only",
    "stn_status": "disabled",
    "stn_regularization_loss": 0.0,
    "val_loss": 0.22606058752008198,
    "val_seq_acc": 0.9574,
    "val_char_acc": 0.99124,
    "val_edit_distance": 0.0438,
    "val_clean_accuracy": 0.9574,
    "val_robustness_drop": null,
    "val_restoration_gain": null,
    "val_position_1_acc": 0.9921333333333333,
    "val_position_2_acc": 0.9898666666666667,
    "val_position_3_acc": 0.9901333333333333,
    "val_position_4_acc": 0.9913333333333333,
    "val_position_5_acc": 0.9927333333333334,
    "test_loss": 0.23069813515584758,
    "test_seq_acc": 0.9579333333333333,
    "test_char_acc": 0.9913733333333333,
    "test_edit_distance": 0.043133333333333336,
    "test_clean_accuracy": 0.9579333333333333,
    "test_robustness_drop": null,
    "test_restoration_gain": null,
    "test_position_1_acc": 0.9922666666666666,
    "test_position_2_acc": 0.9889333333333333,
    "test_position_3_acc": 0.9909333333333333,
    "test_position_4_acc": 0.9914666666666667,
    "test_position_5_acc": 0.9932666666666666
}