{
    "epoch": 56,
    "train_loss": 0.002897863069526938,
    "pretrain_loss": 0.0,
    "finetune_loss": 0.002897863069526938,
    "pseudo_label_count": 0,
    "pseudo_label_accept_rate": 0.0,
    "mean_pseudo_confidence": 0.0,
    "consistency_loss": 0.0,
    "encoder_stage": "contrastive_finetune_only",
    "stn_status": "disabled",
    "stn_regularization_loss": 0.0,
    "val_loss": 0.22546246663476538,
    "val_seq_acc": 0.9593333333333334,
    "val_char_acc": 0.99164,
    "val_edit_distance": 0.0418,
    "val_clean_accuracy": 0.9593333333333334,
    "val_robustness_drop": null,
    "val_restoration_gain": null,
    "val_position_1_acc": 0.9925333333333334,
    "val_position_2_acc": 0.9908666666666667,
    "val_position_3_acc": 0.9900666666666667,
    "val_position_4_acc": 0.9918666666666667,
    "val_position_5_acc": 0.9928666666666667,
    "test_loss": 0.23758965496514414,
    "test_seq_acc": 0.9588666666666666,
    "test_char_acc": 0.9915466666666667,
    "test_edit_distance": 0.04226666666666667,
    "test_clean_accuracy": 0.9588666666666666,
    "test_robustness_drop": null,
    "test_restoration_gain": null,
    "test_position_1_acc": 0.9921333333333333,
    "test_position_2_acc": 0.9898,
    "test_position_3_acc": 0.9911333333333333,
    "test_position_4_acc": 0.992,
    "test_position_5_acc": 0.9926666666666667
}