{
    "epoch": 81,
    "train_loss": 0.0006971197950078646,
    "pretrain_loss": 0.0,
    "finetune_loss": 0.0006971197950078646,
    "pseudo_label_count": 0,
    "pseudo_label_accept_rate": 0.0,
    "mean_pseudo_confidence": 0.0,
    "consistency_loss": 0.0,
    "encoder_stage": "contrastive_finetune_only",
    "stn_status": "disabled",
    "stn_regularization_loss": 0.0,
    "val_loss": 0.2513266673599224,
    "val_seq_acc": 0.9600666666666666,
    "val_char_acc": 0.9918533333333334,
    "val_edit_distance": 0.04073333333333334,
    "val_clean_accuracy": 0.9600666666666666,
    "val_robustness_drop": null,
    "val_restoration_gain": null,
    "val_position_1_acc": 0.9925333333333334,
    "val_position_2_acc": 0.9906666666666667,
    "val_position_3_acc": 0.9908666666666667,
    "val_position_4_acc": 0.9915333333333334,
    "val_position_5_acc": 0.9936666666666667,
    "test_loss": 0.2688825330854285,
    "test_seq_acc": 0.9580666666666666,
    "test_char_acc": 0.9914666666666667,
    "test_edit_distance": 0.0426,
    "test_clean_accuracy": 0.9580666666666666,
    "test_robustness_drop": null,
    "test_restoration_gain": null,
    "test_position_1_acc": 0.9920666666666667,
    "test_position_2_acc": 0.9895333333333334,
    "test_position_3_acc": 0.9914,
    "test_position_4_acc": 0.9916666666666667,
    "test_position_5_acc": 0.9926666666666667
}