{
    "epoch": 188,
    "train_loss": 3.4357288051513255e-05,
    "pretrain_loss": 0.0,
    "finetune_loss": 3.4357288051513255e-05,
    "pseudo_label_count": 0,
    "pseudo_label_accept_rate": 0.0,
    "mean_pseudo_confidence": 0.0,
    "consistency_loss": 0.0,
    "encoder_stage": "contrastive_finetune_only",
    "stn_status": "disabled",
    "stn_regularization_loss": 0.0,
    "val_loss": 0.2810692855781007,
    "val_seq_acc": 0.9622666666666667,
    "val_char_acc": 0.9923466666666667,
    "val_edit_distance": 0.038266666666666664,
    "val_clean_accuracy": 0.9622666666666667,
    "val_robustness_drop": null,
    "val_restoration_gain": null,
    "val_position_1_acc": 0.9926,
    "val_position_2_acc": 0.9917333333333334,
    "val_position_3_acc": 0.9913333333333333,
    "val_position_4_acc": 0.9926,
    "val_position_5_acc": 0.9934666666666667,
    "test_loss": 0.29346783019995043,
    "test_seq_acc": 0.9617333333333333,
    "test_char_acc": 0.9921866666666667,
    "test_edit_distance": 0.039,
    "test_clean_accuracy": 0.9617333333333333,
    "test_robustness_drop": null,
    "test_restoration_gain": null,
    "test_position_1_acc": 0.9923333333333333,
    "test_position_2_acc": 0.9909333333333333,
    "test_position_3_acc": 0.9922666666666666,
    "test_position_4_acc": 0.9922,
    "test_position_5_acc": 0.9932
}