{
    "epoch": 85,
    "train_loss": 0.0005154509303389328,
    "pretrain_loss": 0.0,
    "finetune_loss": 0.0005154509303389328,
    "pseudo_label_count": 0,
    "pseudo_label_accept_rate": 0.0,
    "mean_pseudo_confidence": 0.0,
    "consistency_loss": 0.0,
    "encoder_stage": "contrastive_finetune_only",
    "stn_status": "disabled",
    "stn_regularization_loss": 0.0,
    "val_loss": 0.261274299413437,
    "val_seq_acc": 0.9596666666666667,
    "val_char_acc": 0.9917866666666667,
    "val_edit_distance": 0.04106666666666667,
    "val_clean_accuracy": 0.9596666666666667,
    "val_robustness_drop": null,
    "val_restoration_gain": null,
    "val_position_1_acc": 0.9918,
    "val_position_2_acc": 0.9914666666666667,
    "val_position_3_acc": 0.9904666666666667,
    "val_position_4_acc": 0.9915333333333334,
    "val_position_5_acc": 0.9936666666666667,
    "test_loss": 0.26919052088162565,
    "test_seq_acc": 0.9592666666666667,
    "test_char_acc": 0.99168,
    "test_edit_distance": 0.04153333333333333,
    "test_clean_accuracy": 0.9592666666666667,
    "test_robustness_drop": null,
    "test_restoration_gain": null,
    "test_position_1_acc": 0.9921333333333333,
    "test_position_2_acc": 0.9904666666666667,
    "test_position_3_acc": 0.9913333333333333,
    "test_position_4_acc": 0.9916,
    "test_position_5_acc": 0.9928666666666667
}