{
    "epoch": 1,
    "train_loss": 19.72421082522606,
    "pretrain_loss": 3.1110364128946166,
    "finetune_loss": 16.613174412331443,
    "pseudo_label_count": 0,
    "pseudo_label_accept_rate": 0.0,
    "mean_pseudo_confidence": 0.0,
    "consistency_loss": 0.0,
    "encoder_stage": "contrastive_pretrain_and_finetune",
    "stn_status": "disabled",
    "stn_regularization_loss": 0.0,
    "val_loss": 9.573807464761938,
    "val_seq_acc": 0.006866666666666667,
    "val_char_acc": 0.40164,
    "val_edit_distance": 2.981333333333333,
    "val_clean_accuracy": 0.006866666666666667,
    "val_robustness_drop": null,
    "val_restoration_gain": null,
    "val_position_1_acc": 0.5233333333333333,
    "val_position_2_acc": 0.30293333333333333,
    "val_position_3_acc": 0.28326666666666667,
    "val_position_4_acc": 0.31566666666666665,
    "val_position_5_acc": 0.583,
    "test_loss": 9.612765360893087,
    "test_seq_acc": 0.0064,
    "test_char_acc": 0.3997733333333333,
    "test_edit_distance": 2.9910666666666668,
    "test_clean_accuracy": 0.0064,
    "test_robustness_drop": null,
    "test_restoration_gain": null,
    "test_position_1_acc": 0.5272666666666667,
    "test_position_2_acc": 0.3044,
    "test_position_3_acc": 0.27353333333333335,
    "test_position_4_acc": 0.31533333333333335,
    "test_position_5_acc": 0.5783333333333334
}