{
    "epoch": 178,
    "train_loss": 3.771427760552239e-05,
    "pretrain_loss": 0.0,
    "finetune_loss": 3.771427760552239e-05,
    "pseudo_label_count": 0,
    "pseudo_label_accept_rate": 0.0,
    "mean_pseudo_confidence": 0.0,
    "consistency_loss": 0.0,
    "encoder_stage": "contrastive_finetune_only",
    "stn_status": "disabled",
    "stn_regularization_loss": 0.0,
    "val_loss": 0.28209341044938363,
    "val_seq_acc": 0.9616666666666667,
    "val_char_acc": 0.99224,
    "val_edit_distance": 0.0388,
    "val_clean_accuracy": 0.9616666666666667,
    "val_robustness_drop": null,
    "val_restoration_gain": null,
    "val_position_1_acc": 0.9928,
    "val_position_2_acc": 0.9915333333333334,
    "val_position_3_acc": 0.9911333333333333,
    "val_position_4_acc": 0.9924,
    "val_position_5_acc": 0.9933333333333333,
    "test_loss": 0.29329797095919313,
    "test_seq_acc": 0.9613333333333334,
    "test_char_acc": 0.9921066666666667,
    "test_edit_distance": 0.0394,
    "test_clean_accuracy": 0.9613333333333334,
    "test_robustness_drop": null,
    "test_restoration_gain": null,
    "test_position_1_acc": 0.9925333333333334,
    "test_position_2_acc": 0.9908,
    "test_position_3_acc": 0.992,
    "test_position_4_acc": 0.9921333333333333,
    "test_position_5_acc": 0.9930666666666667
}