{
    "epoch": 59,
    "train_loss": 0.0021741813150241815,
    "pretrain_loss": 0.0,
    "finetune_loss": 0.0021741813150241815,
    "pseudo_label_count": 0,
    "pseudo_label_accept_rate": 0.0,
    "mean_pseudo_confidence": 0.0,
    "consistency_loss": 0.0,
    "encoder_stage": "contrastive_finetune_only",
    "stn_status": "disabled",
    "stn_regularization_loss": 0.0,
    "val_loss": 0.22501723565069273,
    "val_seq_acc": 0.9602,
    "val_char_acc": 0.9918933333333333,
    "val_edit_distance": 0.04053333333333333,
    "val_clean_accuracy": 0.9602,
    "val_robustness_drop": null,
    "val_restoration_gain": null,
    "val_position_1_acc": 0.9922,
    "val_position_2_acc": 0.9914,
    "val_position_3_acc": 0.9905333333333334,
    "val_position_4_acc": 0.9917333333333334,
    "val_position_5_acc": 0.9936,
    "test_loss": 0.2258960447511933,
    "test_seq_acc": 0.9610666666666666,
    "test_char_acc": 0.99204,
    "test_edit_distance": 0.039733333333333336,
    "test_clean_accuracy": 0.9610666666666666,
    "test_robustness_drop": null,
    "test_restoration_gain": null,
    "test_position_1_acc": 0.9922666666666666,
    "test_position_2_acc": 0.9908,
    "test_position_3_acc": 0.9914666666666667,
    "test_position_4_acc": 0.9921333333333333,
    "test_position_5_acc": 0.9935333333333334
}