{
    "epoch": 38,
    "train_loss": 0.03683624942442001,
    "pretrain_loss": 0.0,
    "finetune_loss": 0.03683624942442001,
    "pseudo_label_count": 0,
    "pseudo_label_accept_rate": 0.0,
    "mean_pseudo_confidence": 0.0,
    "consistency_loss": 0.0,
    "encoder_stage": "contrastive_finetune_only",
    "stn_status": "disabled",
    "stn_regularization_loss": 0.0,
    "val_loss": 0.27187952796353937,
    "val_seq_acc": 0.947,
    "val_char_acc": 0.9889466666666666,
    "val_edit_distance": 0.055266666666666665,
    "val_clean_accuracy": 0.947,
    "val_robustness_drop": null,
    "val_restoration_gain": null,
    "val_position_1_acc": 0.991,
    "val_position_2_acc": 0.9868666666666667,
    "val_position_3_acc": 0.9876666666666667,
    "val_position_4_acc": 0.9885333333333334,
    "val_position_5_acc": 0.9906666666666667,
    "test_loss": 0.27407663483742345,
    "test_seq_acc": 0.9484,
    "test_char_acc": 0.9894133333333334,
    "test_edit_distance": 0.0528,
    "test_clean_accuracy": 0.9484,
    "test_robustness_drop": null,
    "test_restoration_gain": null,
    "test_position_1_acc": 0.9915333333333334,
    "test_position_2_acc": 0.9868,
    "test_position_3_acc": 0.9895333333333334,
    "test_position_4_acc": 0.9892,
    "test_position_5_acc": 0.99
}