{
    "epoch": 112,
    "train_loss": 0.0001804092391713803,
    "pretrain_loss": 0.0,
    "finetune_loss": 0.0001804092391713803,
    "pseudo_label_count": 0,
    "pseudo_label_accept_rate": 0.0,
    "mean_pseudo_confidence": 0.0,
    "consistency_loss": 0.0,
    "encoder_stage": "contrastive_finetune_only",
    "stn_status": "disabled",
    "stn_regularization_loss": 0.0,
    "val_loss": 0.2772849318478814,
    "val_seq_acc": 0.9604666666666667,
    "val_char_acc": 0.9920266666666666,
    "val_edit_distance": 0.03986666666666667,
    "val_clean_accuracy": 0.9604666666666667,
    "val_robustness_drop": null,
    "val_restoration_gain": null,
    "val_position_1_acc": 0.9924,
    "val_position_2_acc": 0.9916,
    "val_position_3_acc": 0.9912666666666666,
    "val_position_4_acc": 0.9917333333333334,
    "val_position_5_acc": 0.9931333333333333,
    "test_loss": 0.2827507329440584,
    "test_seq_acc": 0.9606,
    "test_char_acc": 0.99196,
    "test_edit_distance": 0.0402,
    "test_clean_accuracy": 0.9606,
    "test_robustness_drop": null,
    "test_restoration_gain": null,
    "test_position_1_acc": 0.9924666666666667,
    "test_position_2_acc": 0.9908,
    "test_position_3_acc": 0.9919333333333333,
    "test_position_4_acc": 0.9918,
    "test_position_5_acc": 0.9928
}