{
    "epoch": 177,
    "train_loss": 3.996448943797329e-05,
    "pretrain_loss": 0.0,
    "finetune_loss": 3.996448943797329e-05,
    "pseudo_label_count": 0,
    "pseudo_label_accept_rate": 0.0,
    "mean_pseudo_confidence": 0.0,
    "consistency_loss": 0.0,
    "encoder_stage": "contrastive_finetune_only",
    "stn_status": "disabled",
    "stn_regularization_loss": 0.0,
    "val_loss": 0.28323745877107787,
    "val_seq_acc": 0.9618666666666666,
    "val_char_acc": 0.9922933333333334,
    "val_edit_distance": 0.038533333333333336,
    "val_clean_accuracy": 0.9618666666666666,
    "val_robustness_drop": null,
    "val_restoration_gain": null,
    "val_position_1_acc": 0.9924,
    "val_position_2_acc": 0.9918666666666667,
    "val_position_3_acc": 0.9913333333333333,
    "val_position_4_acc": 0.9924666666666667,
    "val_position_5_acc": 0.9934,
    "test_loss": 0.29144109382101846,
    "test_seq_acc": 0.961,
    "test_char_acc": 0.99204,
    "test_edit_distance": 0.039733333333333336,
    "test_clean_accuracy": 0.961,
    "test_robustness_drop": null,
    "test_restoration_gain": null,
    "test_position_1_acc": 0.9924,
    "test_position_2_acc": 0.9908666666666667,
    "test_position_3_acc": 0.992,
    "test_position_4_acc": 0.9918666666666667,
    "test_position_5_acc": 0.9930666666666667
}