{
    "epoch": 13,
    "train_loss": 3.3660340744156607,
    "pretrain_loss": 3.187228525360498,
    "finetune_loss": 0.17880554905516283,
    "pseudo_label_count": 0,
    "pseudo_label_accept_rate": 0.0,
    "mean_pseudo_confidence": 0.0,
    "consistency_loss": 0.0,
    "encoder_stage": "contrastive_pretrain_and_finetune",
    "stn_status": "disabled",
    "stn_regularization_loss": 0.0,
    "val_loss": 0.20330913743757187,
    "val_seq_acc": 0.9435333333333333,
    "val_char_acc": 0.9883333333333333,
    "val_edit_distance": 0.058333333333333334,
    "val_clean_accuracy": 0.9435333333333333,
    "val_robustness_drop": null,
    "val_restoration_gain": null,
    "val_position_1_acc": 0.9905333333333334,
    "val_position_2_acc": 0.9880666666666666,
    "val_position_3_acc": 0.9874,
    "val_position_4_acc": 0.9858,
    "val_position_5_acc": 0.9898666666666667,
    "test_loss": 0.19559771475639748,
    "test_seq_acc": 0.9432,
    "test_char_acc": 0.9883466666666667,
    "test_edit_distance": 0.05826666666666667,
    "test_clean_accuracy": 0.9432,
    "test_robustness_drop": null,
    "test_restoration_gain": null,
    "test_position_1_acc": 0.9917333333333334,
    "test_position_2_acc": 0.9863333333333333,
    "test_position_3_acc": 0.9868666666666667,
    "test_position_4_acc": 0.9868,
    "test_position_5_acc": 0.99
}