{
    "epoch": 170,
    "train_loss": 4.4307127277641024e-05,
    "pretrain_loss": 0.0,
    "finetune_loss": 4.4307127277641024e-05,
    "pseudo_label_count": 0,
    "pseudo_label_accept_rate": 0.0,
    "mean_pseudo_confidence": 0.0,
    "consistency_loss": 0.0,
    "encoder_stage": "contrastive_finetune_only",
    "stn_status": "disabled",
    "stn_regularization_loss": 0.0,
    "val_loss": 0.2839971009320312,
    "val_seq_acc": 0.9613333333333334,
    "val_char_acc": 0.9921733333333334,
    "val_edit_distance": 0.03913333333333333,
    "val_clean_accuracy": 0.9613333333333334,
    "val_robustness_drop": null,
    "val_restoration_gain": null,
    "val_position_1_acc": 0.9924,
    "val_position_2_acc": 0.9917333333333334,
    "val_position_3_acc": 0.9912666666666666,
    "val_position_4_acc": 0.9920666666666667,
    "val_position_5_acc": 0.9934,
    "test_loss": 0.2920493576696243,
    "test_seq_acc": 0.9615333333333334,
    "test_char_acc": 0.9921466666666666,
    "test_edit_distance": 0.0392,
    "test_clean_accuracy": 0.9615333333333334,
    "test_robustness_drop": null,
    "test_restoration_gain": null,
    "test_position_1_acc": 0.9925333333333334,
    "test_position_2_acc": 0.9907333333333334,
    "test_position_3_acc": 0.9921333333333333,
    "test_position_4_acc": 0.9920666666666667,
    "test_position_5_acc": 0.9932666666666666
}