{
    "epoch": 140,
    "train_loss": 6.027023884750726e-05,
    "pretrain_loss": 0.0,
    "finetune_loss": 6.027023884750726e-05,
    "pseudo_label_count": 0,
    "pseudo_label_accept_rate": 0.0,
    "mean_pseudo_confidence": 0.0,
    "consistency_loss": 0.0,
    "encoder_stage": "contrastive_finetune_only",
    "stn_status": "disabled",
    "stn_regularization_loss": 0.0,
    "val_loss": 0.2780527667706763,
    "val_seq_acc": 0.9606666666666667,
    "val_char_acc": 0.992,
    "val_edit_distance": 0.04,
    "val_clean_accuracy": 0.9606666666666667,
    "val_robustness_drop": null,
    "val_restoration_gain": null,
    "val_position_1_acc": 0.9924666666666667,
    "val_position_2_acc": 0.9912,
    "val_position_3_acc": 0.991,
    "val_position_4_acc": 0.9920666666666667,
    "val_position_5_acc": 0.9932666666666666,
    "test_loss": 0.2879367745268571,
    "test_seq_acc": 0.9617333333333333,
    "test_char_acc": 0.9921866666666667,
    "test_edit_distance": 0.039,
    "test_clean_accuracy": 0.9617333333333333,
    "test_robustness_drop": null,
    "test_restoration_gain": null,
    "test_position_1_acc": 0.9925333333333334,
    "test_position_2_acc": 0.9909333333333333,
    "test_position_3_acc": 0.9923333333333333,
    "test_position_4_acc": 0.9920666666666667,
    "test_position_5_acc": 0.9930666666666667
}