{
    "epoch": 101,
    "train_loss": 0.000568014123712057,
    "pretrain_loss": 0.0,
    "finetune_loss": 0.000568014123712057,
    "pseudo_label_count": 0,
    "pseudo_label_accept_rate": 0.0,
    "mean_pseudo_confidence": 0.0,
    "consistency_loss": 0.0,
    "encoder_stage": "contrastive_finetune_only",
    "stn_status": "disabled",
    "stn_regularization_loss": 0.0,
    "val_loss": 0.28393313080761917,
    "val_seq_acc": 0.9597333333333333,
    "val_char_acc": 0.9918266666666666,
    "val_edit_distance": 0.04086666666666667,
    "val_clean_accuracy": 0.9597333333333333,
    "val_robustness_drop": null,
    "val_restoration_gain": null,
    "val_position_1_acc": 0.9918666666666667,
    "val_position_2_acc": 0.9914,
    "val_position_3_acc": 0.9914,
    "val_position_4_acc": 0.9916666666666667,
    "val_position_5_acc": 0.9928,
    "test_loss": 0.2879195226972057,
    "test_seq_acc": 0.9586666666666667,
    "test_char_acc": 0.9915866666666666,
    "test_edit_distance": 0.04206666666666667,
    "test_clean_accuracy": 0.9586666666666667,
    "test_robustness_drop": null,
    "test_restoration_gain": null,
    "test_position_1_acc": 0.9919333333333333,
    "test_position_2_acc": 0.9904666666666667,
    "test_position_3_acc": 0.9915333333333334,
    "test_position_4_acc": 0.9916,
    "test_position_5_acc": 0.9924
}