{
    "epoch": 53,
    "train_loss": 0.00486566644166803,
    "pretrain_loss": 0.0,
    "finetune_loss": 0.00486566644166803,
    "pseudo_label_count": 0,
    "pseudo_label_accept_rate": 0.0,
    "mean_pseudo_confidence": 0.0,
    "consistency_loss": 0.0,
    "encoder_stage": "contrastive_finetune_only",
    "stn_status": "disabled",
    "stn_regularization_loss": 0.0,
    "val_loss": 0.22756948665826596,
    "val_seq_acc": 0.9573333333333334,
    "val_char_acc": 0.99128,
    "val_edit_distance": 0.0436,
    "val_clean_accuracy": 0.9573333333333334,
    "val_robustness_drop": null,
    "val_restoration_gain": null,
    "val_position_1_acc": 0.9924666666666667,
    "val_position_2_acc": 0.9904,
    "val_position_3_acc": 0.9900666666666667,
    "val_position_4_acc": 0.9909333333333333,
    "val_position_5_acc": 0.9925333333333334,
    "test_loss": 0.23223010353029439,
    "test_seq_acc": 0.959,
    "test_char_acc": 0.9916266666666667,
    "test_edit_distance": 0.0418,
    "test_clean_accuracy": 0.959,
    "test_robustness_drop": null,
    "test_restoration_gain": null,
    "test_position_1_acc": 0.9920666666666667,
    "test_position_2_acc": 0.9896666666666667,
    "test_position_3_acc": 0.9908666666666667,
    "test_position_4_acc": 0.9924,
    "test_position_5_acc": 0.9931333333333333
}