{
    "epoch": 75,
    "train_loss": 0.0011696853913383057,
    "pretrain_loss": 0.0,
    "finetune_loss": 0.0011696853913383057,
    "pseudo_label_count": 0,
    "pseudo_label_accept_rate": 0.0,
    "mean_pseudo_confidence": 0.0,
    "consistency_loss": 0.0,
    "encoder_stage": "contrastive_finetune_only",
    "stn_status": "disabled",
    "stn_regularization_loss": 0.0,
    "val_loss": 0.24844673600241646,
    "val_seq_acc": 0.9586666666666667,
    "val_char_acc": 0.9915733333333333,
    "val_edit_distance": 0.042133333333333335,
    "val_clean_accuracy": 0.9586666666666667,
    "val_robustness_drop": null,
    "val_restoration_gain": null,
    "val_position_1_acc": 0.9921333333333333,
    "val_position_2_acc": 0.9898,
    "val_position_3_acc": 0.9912,
    "val_position_4_acc": 0.9920666666666667,
    "val_position_5_acc": 0.9926666666666667,
    "test_loss": 0.25520366362935093,
    "test_seq_acc": 0.9585333333333333,
    "test_char_acc": 0.99152,
    "test_edit_distance": 0.042333333333333334,
    "test_clean_accuracy": 0.9585333333333333,
    "test_robustness_drop": null,
    "test_restoration_gain": null,
    "test_position_1_acc": 0.9918666666666667,
    "test_position_2_acc": 0.9904,
    "test_position_3_acc": 0.9913333333333333,
    "test_position_4_acc": 0.9920666666666667,
    "test_position_5_acc": 0.9919333333333333
}