{
    "epoch": 84,
    "train_loss": 0.0005243967902032335,
    "pretrain_loss": 0.0,
    "finetune_loss": 0.0005243967902032335,
    "pseudo_label_count": 0,
    "pseudo_label_accept_rate": 0.0,
    "mean_pseudo_confidence": 0.0,
    "consistency_loss": 0.0,
    "encoder_stage": "contrastive_finetune_only",
    "stn_status": "disabled",
    "stn_regularization_loss": 0.0,
    "val_loss": 0.25950771238725445,
    "val_seq_acc": 0.96,
    "val_char_acc": 0.9918666666666667,
    "val_edit_distance": 0.04066666666666666,
    "val_clean_accuracy": 0.96,
    "val_robustness_drop": null,
    "val_restoration_gain": null,
    "val_position_1_acc": 0.9916666666666667,
    "val_position_2_acc": 0.9914666666666667,
    "val_position_3_acc": 0.9906,
    "val_position_4_acc": 0.9921333333333333,
    "val_position_5_acc": 0.9934666666666667,
    "test_loss": 0.26655675845122845,
    "test_seq_acc": 0.9589333333333333,
    "test_char_acc": 0.9916133333333333,
    "test_edit_distance": 0.04186666666666667,
    "test_clean_accuracy": 0.9589333333333333,
    "test_robustness_drop": null,
    "test_restoration_gain": null,
    "test_position_1_acc": 0.9921333333333333,
    "test_position_2_acc": 0.9899333333333333,
    "test_position_3_acc": 0.9914,
    "test_position_4_acc": 0.9916,
    "test_position_5_acc": 0.993
}