{
    "epoch": 108,
    "train_loss": 0.000140004925857502,
    "pretrain_loss": 0.0,
    "finetune_loss": 0.000140004925857502,
    "pseudo_label_count": 0,
    "pseudo_label_accept_rate": 0.0,
    "mean_pseudo_confidence": 0.0,
    "consistency_loss": 0.0,
    "encoder_stage": "contrastive_finetune_only",
    "stn_status": "disabled",
    "stn_regularization_loss": 0.0,
    "val_loss": 0.27952545349953845,
    "val_seq_acc": 0.9602666666666667,
    "val_char_acc": 0.9919733333333334,
    "val_edit_distance": 0.04013333333333333,
    "val_clean_accuracy": 0.9602666666666667,
    "val_robustness_drop": null,
    "val_restoration_gain": null,
    "val_position_1_acc": 0.9924,
    "val_position_2_acc": 0.9914,
    "val_position_3_acc": 0.9911333333333333,
    "val_position_4_acc": 0.9916666666666667,
    "val_position_5_acc": 0.9932666666666666,
    "test_loss": 0.28549159381382583,
    "test_seq_acc": 0.9596,
    "test_char_acc": 0.9917866666666667,
    "test_edit_distance": 0.04106666666666667,
    "test_clean_accuracy": 0.9596,
    "test_robustness_drop": null,
    "test_restoration_gain": null,
    "test_position_1_acc": 0.9924666666666667,
    "test_position_2_acc": 0.9906,
    "test_position_3_acc": 0.9916,
    "test_position_4_acc": 0.9916,
    "test_position_5_acc": 0.9926666666666667
}