{
    "epoch": 142,
    "train_loss": 5.699420794716016e-05,
    "pretrain_loss": 0.0,
    "finetune_loss": 5.699420794716016e-05,
    "pseudo_label_count": 0,
    "pseudo_label_accept_rate": 0.0,
    "mean_pseudo_confidence": 0.0,
    "consistency_loss": 0.0,
    "encoder_stage": "contrastive_finetune_only",
    "stn_status": "disabled",
    "stn_regularization_loss": 0.0,
    "val_loss": 0.27815407159244177,
    "val_seq_acc": 0.9615333333333334,
    "val_char_acc": 0.9922133333333333,
    "val_edit_distance": 0.038933333333333334,
    "val_clean_accuracy": 0.9615333333333334,
    "val_robustness_drop": null,
    "val_restoration_gain": null,
    "val_position_1_acc": 0.9925333333333334,
    "val_position_2_acc": 0.9916,
    "val_position_3_acc": 0.9911333333333333,
    "val_position_4_acc": 0.9923333333333333,
    "val_position_5_acc": 0.9934666666666667,
    "test_loss": 0.2845128873783904,
    "test_seq_acc": 0.9614,
    "test_char_acc": 0.99212,
    "test_edit_distance": 0.03933333333333333,
    "test_clean_accuracy": 0.9614,
    "test_robustness_drop": null,
    "test_restoration_gain": null,
    "test_position_1_acc": 0.9925333333333334,
    "test_position_2_acc": 0.9912666666666666,
    "test_position_3_acc": 0.992,
    "test_position_4_acc": 0.9916666666666667,
    "test_position_5_acc": 0.9931333333333333
}