{
    "epoch": 26,
    "train_loss": 0.056624064007688886,
    "pretrain_loss": 0.0,
    "finetune_loss": 0.056624064007688886,
    "pseudo_label_count": 0,
    "pseudo_label_accept_rate": 0.0,
    "mean_pseudo_confidence": 0.0,
    "consistency_loss": 0.0,
    "encoder_stage": "contrastive_finetune_only",
    "stn_status": "disabled",
    "stn_regularization_loss": 0.0,
    "val_loss": 0.21543809610686482,
    "val_seq_acc": 0.9516666666666667,
    "val_char_acc": 0.99004,
    "val_edit_distance": 0.0498,
    "val_clean_accuracy": 0.9516666666666667,
    "val_robustness_drop": null,
    "val_restoration_gain": null,
    "val_position_1_acc": 0.9915333333333334,
    "val_position_2_acc": 0.9894,
    "val_position_3_acc": 0.9884666666666667,
    "val_position_4_acc": 0.9891333333333333,
    "val_position_5_acc": 0.9916666666666667,
    "test_loss": 0.21278338188880144,
    "test_seq_acc": 0.9514666666666667,
    "test_char_acc": 0.9900133333333333,
    "test_edit_distance": 0.04986666666666666,
    "test_clean_accuracy": 0.9514666666666667,
    "test_robustness_drop": null,
    "test_restoration_gain": null,
    "test_position_1_acc": 0.9914666666666667,
    "test_position_2_acc": 0.9884,
    "test_position_3_acc": 0.9882666666666666,
    "test_position_4_acc": 0.9905333333333334,
    "test_position_5_acc": 0.9914
}