{
    "epoch": 23,
    "train_loss": 0.06370781976139955,
    "pretrain_loss": 0.0,
    "finetune_loss": 0.06370781976139955,
    "pseudo_label_count": 0,
    "pseudo_label_accept_rate": 0.0,
    "mean_pseudo_confidence": 0.0,
    "consistency_loss": 0.0,
    "encoder_stage": "contrastive_finetune_only",
    "stn_status": "disabled",
    "stn_regularization_loss": 0.0,
    "val_loss": 0.21280232186211234,
    "val_seq_acc": 0.9474,
    "val_char_acc": 0.9891866666666667,
    "val_edit_distance": 0.054066666666666666,
    "val_clean_accuracy": 0.9474,
    "val_robustness_drop": null,
    "val_restoration_gain": null,
    "val_position_1_acc": 0.9891333333333333,
    "val_position_2_acc": 0.988,
    "val_position_3_acc": 0.9892666666666666,
    "val_position_4_acc": 0.9879333333333333,
    "val_position_5_acc": 0.9916,
    "test_loss": 0.2200236442270986,
    "test_seq_acc": 0.9449333333333333,
    "test_char_acc": 0.9885866666666666,
    "test_edit_distance": 0.056933333333333336,
    "test_clean_accuracy": 0.9449333333333333,
    "test_robustness_drop": null,
    "test_restoration_gain": null,
    "test_position_1_acc": 0.9898,
    "test_position_2_acc": 0.9866666666666667,
    "test_position_3_acc": 0.989,
    "test_position_4_acc": 0.9876666666666667,
    "test_position_5_acc": 0.9898
}