{
    "epoch": 22,
    "train_loss": 0.07107206724350663,
    "pretrain_loss": 0.0,
    "finetune_loss": 0.07107206724350663,
    "pseudo_label_count": 0,
    "pseudo_label_accept_rate": 0.0,
    "mean_pseudo_confidence": 0.0,
    "consistency_loss": 0.0,
    "encoder_stage": "contrastive_finetune_only",
    "stn_status": "disabled",
    "stn_regularization_loss": 0.0,
    "val_loss": 0.20307706759925537,
    "val_seq_acc": 0.9484,
    "val_char_acc": 0.98944,
    "val_edit_distance": 0.0528,
    "val_clean_accuracy": 0.9484,
    "val_robustness_drop": null,
    "val_restoration_gain": null,
    "val_position_1_acc": 0.9914666666666667,
    "val_position_2_acc": 0.9888,
    "val_position_3_acc": 0.9882666666666666,
    "val_position_4_acc": 0.9872666666666666,
    "val_position_5_acc": 0.9914,
    "test_loss": 0.2029964806868675,
    "test_seq_acc": 0.9484,
    "test_char_acc": 0.9893466666666667,
    "test_edit_distance": 0.053266666666666664,
    "test_clean_accuracy": 0.9484,
    "test_robustness_drop": null,
    "test_restoration_gain": null,
    "test_position_1_acc": 0.9912,
    "test_position_2_acc": 0.9875333333333334,
    "test_position_3_acc": 0.9881333333333333,
    "test_position_4_acc": 0.9892666666666666,
    "test_position_5_acc": 0.9906
}