{
    "epoch": 14,
    "train_loss": 3.360751391329276,
    "pretrain_loss": 3.1862054341889823,
    "finetune_loss": 0.1745459571402938,
    "pseudo_label_count": 0,
    "pseudo_label_accept_rate": 0.0,
    "mean_pseudo_confidence": 0.0,
    "consistency_loss": 0.0,
    "encoder_stage": "contrastive_pretrain_and_finetune",
    "stn_status": "disabled",
    "stn_regularization_loss": 0.0,
    "val_loss": 0.19642605832678842,
    "val_seq_acc": 0.9442666666666667,
    "val_char_acc": 0.9884266666666667,
    "val_edit_distance": 0.057866666666666663,
    "val_clean_accuracy": 0.9442666666666667,
    "val_robustness_drop": null,
    "val_restoration_gain": null,
    "val_position_1_acc": 0.9901333333333333,
    "val_position_2_acc": 0.9876,
    "val_position_3_acc": 0.9862,
    "val_position_4_acc": 0.987,
    "val_position_5_acc": 0.9912,
    "test_loss": 0.18823157167656623,
    "test_seq_acc": 0.9436666666666667,
    "test_char_acc": 0.9882933333333334,
    "test_edit_distance": 0.05846666666666667,
    "test_clean_accuracy": 0.9436666666666667,
    "test_robustness_drop": null,
    "test_restoration_gain": null,
    "test_position_1_acc": 0.9907333333333334,
    "test_position_2_acc": 0.9860666666666666,
    "test_position_3_acc": 0.9872,
    "test_position_4_acc": 0.9882,
    "test_position_5_acc": 0.9892666666666666
}