{
    "epoch": 62,
    "train_loss": 0.0017510387705330945,
    "pretrain_loss": 0.0,
    "finetune_loss": 0.0017510387705330945,
    "pseudo_label_count": 0,
    "pseudo_label_accept_rate": 0.0,
    "mean_pseudo_confidence": 0.0,
    "consistency_loss": 0.0,
    "encoder_stage": "contrastive_finetune_only",
    "stn_status": "disabled",
    "stn_regularization_loss": 0.0,
    "val_loss": 0.2317063527332837,
    "val_seq_acc": 0.9591333333333333,
    "val_char_acc": 0.9916133333333333,
    "val_edit_distance": 0.041933333333333336,
    "val_clean_accuracy": 0.9591333333333333,
    "val_robustness_drop": null,
    "val_restoration_gain": null,
    "val_position_1_acc": 0.9922666666666666,
    "val_position_2_acc": 0.9905333333333334,
    "val_position_3_acc": 0.9902666666666666,
    "val_position_4_acc": 0.9917333333333334,
    "val_position_5_acc": 0.9932666666666666,
    "test_loss": 0.23832371840947011,
    "test_seq_acc": 0.9605333333333334,
    "test_char_acc": 0.99192,
    "test_edit_distance": 0.04033333333333333,
    "test_clean_accuracy": 0.9605333333333334,
    "test_robustness_drop": null,
    "test_restoration_gain": null,
    "test_position_1_acc": 0.9928,
    "test_position_2_acc": 0.9898,
    "test_position_3_acc": 0.9919333333333333,
    "test_position_4_acc": 0.992,
    "test_position_5_acc": 0.9930666666666667
}