{
    "epoch": 35,
    "train_loss": 0.04597541322480576,
    "pretrain_loss": 0.0,
    "finetune_loss": 0.04597541322480576,
    "pseudo_label_count": 0,
    "pseudo_label_accept_rate": 0.0,
    "mean_pseudo_confidence": 0.0,
    "consistency_loss": 0.0,
    "encoder_stage": "contrastive_finetune_only",
    "stn_status": "disabled",
    "stn_regularization_loss": 0.0,
    "val_loss": 0.2557600620252259,
    "val_seq_acc": 0.9478,
    "val_char_acc": 0.98928,
    "val_edit_distance": 0.0536,
    "val_clean_accuracy": 0.9478,
    "val_robustness_drop": null,
    "val_restoration_gain": null,
    "val_position_1_acc": 0.9906666666666667,
    "val_position_2_acc": 0.9861333333333333,
    "val_position_3_acc": 0.9889333333333333,
    "val_position_4_acc": 0.9886666666666667,
    "val_position_5_acc": 0.992,
    "test_loss": 0.25885729419582704,
    "test_seq_acc": 0.95,
    "test_char_acc": 0.9897333333333334,
    "test_edit_distance": 0.051333333333333335,
    "test_clean_accuracy": 0.95,
    "test_robustness_drop": null,
    "test_restoration_gain": null,
    "test_position_1_acc": 0.9914,
    "test_position_2_acc": 0.9866,
    "test_position_3_acc": 0.9883333333333333,
    "test_position_4_acc": 0.9907333333333334,
    "test_position_5_acc": 0.9916
}