{
    "epoch": 55,
    "train_loss": 0.0036441155216878816,
    "pretrain_loss": 0.0,
    "finetune_loss": 0.0036441155216878816,
    "pseudo_label_count": 0,
    "pseudo_label_accept_rate": 0.0,
    "mean_pseudo_confidence": 0.0,
    "consistency_loss": 0.0,
    "encoder_stage": "contrastive_finetune_only",
    "stn_status": "disabled",
    "stn_regularization_loss": 0.0,
    "val_loss": 0.21504402728938618,
    "val_seq_acc": 0.9598666666666666,
    "val_char_acc": 0.9917866666666667,
    "val_edit_distance": 0.04106666666666667,
    "val_clean_accuracy": 0.9598666666666666,
    "val_robustness_drop": null,
    "val_restoration_gain": null,
    "val_position_1_acc": 0.9925333333333334,
    "val_position_2_acc": 0.9907333333333334,
    "val_position_3_acc": 0.9908666666666667,
    "val_position_4_acc": 0.9916666666666667,
    "val_position_5_acc": 0.9931333333333333,
    "test_loss": 0.22326438356626857,
    "test_seq_acc": 0.9596666666666667,
    "test_char_acc": 0.9917466666666667,
    "test_edit_distance": 0.0412,
    "test_clean_accuracy": 0.9596666666666667,
    "test_robustness_drop": null,
    "test_restoration_gain": null,
    "test_position_1_acc": 0.9920666666666667,
    "test_position_2_acc": 0.9899333333333333,
    "test_position_3_acc": 0.9912,
    "test_position_4_acc": 0.9923333333333333,
    "test_position_5_acc": 0.9932
}