{
    "epoch": 117,
    "train_loss": 0.00011505651367800912,
    "pretrain_loss": 0.0,
    "finetune_loss": 0.00011505651367800912,
    "pseudo_label_count": 0,
    "pseudo_label_accept_rate": 0.0,
    "mean_pseudo_confidence": 0.0,
    "consistency_loss": 0.0,
    "encoder_stage": "contrastive_finetune_only",
    "stn_status": "disabled",
    "stn_regularization_loss": 0.0,
    "val_loss": 0.2742689102273753,
    "val_seq_acc": 0.9608,
    "val_char_acc": 0.99208,
    "val_edit_distance": 0.0396,
    "val_clean_accuracy": 0.9608,
    "val_robustness_drop": null,
    "val_restoration_gain": null,
    "val_position_1_acc": 0.9926666666666667,
    "val_position_2_acc": 0.9914,
    "val_position_3_acc": 0.9911333333333333,
    "val_position_4_acc": 0.9919333333333333,
    "val_position_5_acc": 0.9932666666666666,
    "test_loss": 0.2813756333329985,
    "test_seq_acc": 0.961,
    "test_char_acc": 0.99204,
    "test_edit_distance": 0.039733333333333336,
    "test_clean_accuracy": 0.961,
    "test_robustness_drop": null,
    "test_restoration_gain": null,
    "test_position_1_acc": 0.9926666666666667,
    "test_position_2_acc": 0.9905333333333334,
    "test_position_3_acc": 0.992,
    "test_position_4_acc": 0.992,
    "test_position_5_acc": 0.993
}