{
    "epoch": 37,
    "train_loss": 0.04387610116392963,
    "pretrain_loss": 0.0,
    "finetune_loss": 0.04387610116392963,
    "pseudo_label_count": 0,
    "pseudo_label_accept_rate": 0.0,
    "mean_pseudo_confidence": 0.0,
    "consistency_loss": 0.0,
    "encoder_stage": "contrastive_finetune_only",
    "stn_status": "disabled",
    "stn_regularization_loss": 0.0,
    "val_loss": 0.2610555226102154,
    "val_seq_acc": 0.9502,
    "val_char_acc": 0.9897733333333333,
    "val_edit_distance": 0.051133333333333336,
    "val_clean_accuracy": 0.9502,
    "val_robustness_drop": null,
    "val_restoration_gain": null,
    "val_position_1_acc": 0.9916666666666667,
    "val_position_2_acc": 0.9872,
    "val_position_3_acc": 0.9896,
    "val_position_4_acc": 0.9888666666666667,
    "val_position_5_acc": 0.9915333333333334,
    "test_loss": 0.2607977638645296,
    "test_seq_acc": 0.9506,
    "test_char_acc": 0.98984,
    "test_edit_distance": 0.0506,
    "test_clean_accuracy": 0.9506,
    "test_robustness_drop": null,
    "test_restoration_gain": null,
    "test_position_1_acc": 0.9922666666666666,
    "test_position_2_acc": 0.9877333333333334,
    "test_position_3_acc": 0.99,
    "test_position_4_acc": 0.9882,
    "test_position_5_acc": 0.991
}