{
    "epoch": 19,
    "train_loss": 3.31055830545007,
    "pretrain_loss": 3.184021311660571,
    "finetune_loss": 0.12653699378949876,
    "pseudo_label_count": 0,
    "pseudo_label_accept_rate": 0.0,
    "mean_pseudo_confidence": 0.0,
    "consistency_loss": 0.0,
    "encoder_stage": "contrastive_pretrain_and_finetune",
    "stn_status": "disabled",
    "stn_regularization_loss": 0.0,
    "val_loss": 0.19533259323104582,
    "val_seq_acc": 0.9436666666666667,
    "val_char_acc": 0.9883866666666666,
    "val_edit_distance": 0.05806666666666667,
    "val_clean_accuracy": 0.9436666666666667,
    "val_robustness_drop": null,
    "val_restoration_gain": null,
    "val_position_1_acc": 0.9898666666666667,
    "val_position_2_acc": 0.9875333333333334,
    "val_position_3_acc": 0.9880666666666666,
    "val_position_4_acc": 0.9867333333333334,
    "val_position_5_acc": 0.9897333333333334,
    "test_loss": 0.19147521942616144,
    "test_seq_acc": 0.9446666666666667,
    "test_char_acc": 0.9886266666666667,
    "test_edit_distance": 0.05673333333333333,
    "test_clean_accuracy": 0.9446666666666667,
    "test_robustness_drop": null,
    "test_restoration_gain": null,
    "test_position_1_acc": 0.9906,
    "test_position_2_acc": 0.9865333333333334,
    "test_position_3_acc": 0.9880666666666666,
    "test_position_4_acc": 0.9899333333333333,
    "test_position_5_acc": 0.988
}