{
    "epoch": 92,
    "train_loss": 0.0009058932846694705,
    "pretrain_loss": 0.0,
    "finetune_loss": 0.0009058932846694705,
    "pseudo_label_count": 0,
    "pseudo_label_accept_rate": 0.0,
    "mean_pseudo_confidence": 0.0,
    "consistency_loss": 0.0,
    "encoder_stage": "contrastive_finetune_only",
    "stn_status": "disabled",
    "stn_regularization_loss": 0.0,
    "val_loss": 0.2674788670857178,
    "val_seq_acc": 0.9591333333333333,
    "val_char_acc": 0.9917066666666666,
    "val_edit_distance": 0.041466666666666666,
    "val_clean_accuracy": 0.9591333333333333,
    "val_robustness_drop": null,
    "val_restoration_gain": null,
    "val_position_1_acc": 0.9918,
    "val_position_2_acc": 0.9909333333333333,
    "val_position_3_acc": 0.9911333333333333,
    "val_position_4_acc": 0.9918,
    "val_position_5_acc": 0.9928666666666667,
    "test_loss": 0.2759595514448518,
    "test_seq_acc": 0.9588666666666666,
    "test_char_acc": 0.9916133333333333,
    "test_edit_distance": 0.04186666666666667,
    "test_clean_accuracy": 0.9588666666666666,
    "test_robustness_drop": null,
    "test_restoration_gain": null,
    "test_position_1_acc": 0.9919333333333333,
    "test_position_2_acc": 0.99,
    "test_position_3_acc": 0.9917333333333334,
    "test_position_4_acc": 0.9919333333333333,
    "test_position_5_acc": 0.9924666666666667
}