{
    "epoch": 43,
    "train_loss": 0.03444542875802193,
    "pretrain_loss": 0.0,
    "finetune_loss": 0.03444542875802193,
    "pseudo_label_count": 0,
    "pseudo_label_accept_rate": 0.0,
    "mean_pseudo_confidence": 0.0,
    "consistency_loss": 0.0,
    "encoder_stage": "contrastive_finetune_only",
    "stn_status": "disabled",
    "stn_regularization_loss": 0.0,
    "val_loss": 0.2578706878123488,
    "val_seq_acc": 0.9494666666666667,
    "val_char_acc": 0.9895333333333334,
    "val_edit_distance": 0.052333333333333336,
    "val_clean_accuracy": 0.9494666666666667,
    "val_robustness_drop": null,
    "val_restoration_gain": null,
    "val_position_1_acc": 0.9918,
    "val_position_2_acc": 0.988,
    "val_position_3_acc": 0.9882666666666666,
    "val_position_4_acc": 0.9877333333333334,
    "val_position_5_acc": 0.9918666666666667,
    "test_loss": 0.2691223507083239,
    "test_seq_acc": 0.9480666666666666,
    "test_char_acc": 0.9892533333333333,
    "test_edit_distance": 0.053533333333333336,
    "test_clean_accuracy": 0.9480666666666666,
    "test_robustness_drop": null,
    "test_restoration_gain": null,
    "test_position_1_acc": 0.9915333333333334,
    "test_position_2_acc": 0.9871333333333333,
    "test_position_3_acc": 0.9886,
    "test_position_4_acc": 0.9879333333333333,
    "test_position_5_acc": 0.9910666666666667
}