{
    "epoch": 30,
    "train_loss": 0.051395648045938915,
    "pretrain_loss": 0.0,
    "finetune_loss": 0.051395648045938915,
    "pseudo_label_count": 0,
    "pseudo_label_accept_rate": 0.0,
    "mean_pseudo_confidence": 0.0,
    "consistency_loss": 0.0,
    "encoder_stage": "contrastive_finetune_only",
    "stn_status": "disabled",
    "stn_regularization_loss": 0.0,
    "val_loss": 0.3650390284596645,
    "val_seq_acc": 0.9308666666666666,
    "val_char_acc": 0.98556,
    "val_edit_distance": 0.07213333333333333,
    "val_clean_accuracy": 0.9308666666666666,
    "val_robustness_drop": null,
    "val_restoration_gain": null,
    "val_position_1_acc": 0.9887333333333334,
    "val_position_2_acc": 0.9835333333333334,
    "val_position_3_acc": 0.9845333333333334,
    "val_position_4_acc": 0.9833333333333333,
    "val_position_5_acc": 0.9876666666666667,
    "test_loss": 0.38528393304986047,
    "test_seq_acc": 0.9272666666666667,
    "test_char_acc": 0.9849466666666666,
    "test_edit_distance": 0.07526666666666666,
    "test_clean_accuracy": 0.9272666666666667,
    "test_robustness_drop": null,
    "test_restoration_gain": null,
    "test_position_1_acc": 0.9878666666666667,
    "test_position_2_acc": 0.9836,
    "test_position_3_acc": 0.9857333333333334,
    "test_position_4_acc": 0.9816,
    "test_position_5_acc": 0.9859333333333333
}