{
    "epoch": 158,
    "train_loss": 5.062700792372644e-05,
    "pretrain_loss": 0.0,
    "finetune_loss": 5.062700792372644e-05,
    "pseudo_label_count": 0,
    "pseudo_label_accept_rate": 0.0,
    "mean_pseudo_confidence": 0.0,
    "consistency_loss": 0.0,
    "encoder_stage": "contrastive_finetune_only",
    "stn_status": "disabled",
    "stn_regularization_loss": 0.0,
    "val_loss": 0.28191325835546294,
    "val_seq_acc": 0.9614,
    "val_char_acc": 0.9921733333333334,
    "val_edit_distance": 0.03913333333333333,
    "val_clean_accuracy": 0.9614,
    "val_robustness_drop": null,
    "val_restoration_gain": null,
    "val_position_1_acc": 0.9924666666666667,
    "val_position_2_acc": 0.9914666666666667,
    "val_position_3_acc": 0.9912666666666666,
    "val_position_4_acc": 0.9924666666666667,
    "val_position_5_acc": 0.9932,
    "test_loss": 0.2931639542524979,
    "test_seq_acc": 0.9609333333333333,
    "test_char_acc": 0.9920266666666666,
    "test_edit_distance": 0.0398,
    "test_clean_accuracy": 0.9609333333333333,
    "test_robustness_drop": null,
    "test_restoration_gain": null,
    "test_position_1_acc": 0.9922666666666666,
    "test_position_2_acc": 0.9906,
    "test_position_3_acc": 0.992,
    "test_position_4_acc": 0.9921333333333333,
    "test_position_5_acc": 0.9931333333333333
}