{
    "epoch": 32,
    "train_loss": 0.04247927480980914,
    "pretrain_loss": 0.0,
    "finetune_loss": 0.04247927480980914,
    "pseudo_label_count": 0,
    "pseudo_label_accept_rate": 0.0,
    "mean_pseudo_confidence": 0.0,
    "consistency_loss": 0.0,
    "encoder_stage": "contrastive_finetune_only",
    "stn_status": "disabled",
    "stn_regularization_loss": 0.0,
    "val_loss": 0.23343249655061182,
    "val_seq_acc": 0.9520666666666666,
    "val_char_acc": 0.9901333333333333,
    "val_edit_distance": 0.04926666666666667,
    "val_clean_accuracy": 0.9520666666666666,
    "val_robustness_drop": null,
    "val_restoration_gain": null,
    "val_position_1_acc": 0.9916,
    "val_position_2_acc": 0.9891333333333333,
    "val_position_3_acc": 0.9887333333333334,
    "val_position_4_acc": 0.9893333333333333,
    "val_position_5_acc": 0.9918666666666667,
    "test_loss": 0.2354733792435814,
    "test_seq_acc": 0.9502,
    "test_char_acc": 0.9897733333333333,
    "test_edit_distance": 0.051133333333333336,
    "test_clean_accuracy": 0.9502,
    "test_robustness_drop": null,
    "test_restoration_gain": null,
    "test_position_1_acc": 0.9927333333333334,
    "test_position_2_acc": 0.9874666666666667,
    "test_position_3_acc": 0.9885333333333334,
    "test_position_4_acc": 0.9891333333333333,
    "test_position_5_acc": 0.991
}