{
    "epoch": 124,
    "train_loss": 0.00010007388507329249,
    "pretrain_loss": 0.0,
    "finetune_loss": 0.00010007388507329249,
    "pseudo_label_count": 0,
    "pseudo_label_accept_rate": 0.0,
    "mean_pseudo_confidence": 0.0,
    "consistency_loss": 0.0,
    "encoder_stage": "contrastive_finetune_only",
    "stn_status": "disabled",
    "stn_regularization_loss": 0.0,
    "val_loss": 0.27453982687471346,
    "val_seq_acc": 0.9617333333333333,
    "val_char_acc": 0.9922266666666667,
    "val_edit_distance": 0.03886666666666667,
    "val_clean_accuracy": 0.9617333333333333,
    "val_robustness_drop": null,
    "val_restoration_gain": null,
    "val_position_1_acc": 0.9925333333333334,
    "val_position_2_acc": 0.9916666666666667,
    "val_position_3_acc": 0.9914,
    "val_position_4_acc": 0.9920666666666667,
    "val_position_5_acc": 0.9934666666666667,
    "test_loss": 0.2819056585739166,
    "test_seq_acc": 0.9614,
    "test_char_acc": 0.99212,
    "test_edit_distance": 0.03933333333333333,
    "test_clean_accuracy": 0.9614,
    "test_robustness_drop": null,
    "test_restoration_gain": null,
    "test_position_1_acc": 0.9928666666666667,
    "test_position_2_acc": 0.9907333333333334,
    "test_position_3_acc": 0.992,
    "test_position_4_acc": 0.992,
    "test_position_5_acc": 0.993
}