{
    "epoch": 95,
    "train_loss": 0.0006438096987802165,
    "pretrain_loss": 0.0,
    "finetune_loss": 0.0006438096987802165,
    "pseudo_label_count": 0,
    "pseudo_label_accept_rate": 0.0,
    "mean_pseudo_confidence": 0.0,
    "consistency_loss": 0.0,
    "encoder_stage": "contrastive_finetune_only",
    "stn_status": "disabled",
    "stn_regularization_loss": 0.0,
    "val_loss": 0.2821576232477147,
    "val_seq_acc": 0.9598,
    "val_char_acc": 0.9918266666666666,
    "val_edit_distance": 0.04086666666666667,
    "val_clean_accuracy": 0.9598,
    "val_robustness_drop": null,
    "val_restoration_gain": null,
    "val_position_1_acc": 0.9920666666666667,
    "val_position_2_acc": 0.9912666666666666,
    "val_position_3_acc": 0.9908666666666667,
    "val_position_4_acc": 0.9919333333333333,
    "val_position_5_acc": 0.993,
    "test_loss": 0.2855109421381209,
    "test_seq_acc": 0.9604666666666667,
    "test_char_acc": 0.9919066666666667,
    "test_edit_distance": 0.0404,
    "test_clean_accuracy": 0.9604666666666667,
    "test_robustness_drop": null,
    "test_restoration_gain": null,
    "test_position_1_acc": 0.9928,
    "test_position_2_acc": 0.9904,
    "test_position_3_acc": 0.9918,
    "test_position_4_acc": 0.9922666666666666,
    "test_position_5_acc": 0.9922666666666666
}