{
    "epoch": 183,
    "train_loss": 3.581987315123846e-05,
    "pretrain_loss": 0.0,
    "finetune_loss": 3.581987315123846e-05,
    "pseudo_label_count": 0,
    "pseudo_label_accept_rate": 0.0,
    "mean_pseudo_confidence": 0.0,
    "consistency_loss": 0.0,
    "encoder_stage": "contrastive_finetune_only",
    "stn_status": "disabled",
    "stn_regularization_loss": 0.0,
    "val_loss": 0.278425618474625,
    "val_seq_acc": 0.9618666666666666,
    "val_char_acc": 0.9922533333333333,
    "val_edit_distance": 0.038733333333333335,
    "val_clean_accuracy": 0.9618666666666666,
    "val_robustness_drop": null,
    "val_restoration_gain": null,
    "val_position_1_acc": 0.9926,
    "val_position_2_acc": 0.9915333333333334,
    "val_position_3_acc": 0.9913333333333333,
    "val_position_4_acc": 0.9924,
    "val_position_5_acc": 0.9934,
    "test_loss": 0.29044793660424595,
    "test_seq_acc": 0.9613333333333334,
    "test_char_acc": 0.9921066666666667,
    "test_edit_distance": 0.0394,
    "test_clean_accuracy": 0.9613333333333334,
    "test_robustness_drop": null,
    "test_restoration_gain": null,
    "test_position_1_acc": 0.9923333333333333,
    "test_position_2_acc": 0.9906,
    "test_position_3_acc": 0.9922666666666666,
    "test_position_4_acc": 0.9922,
    "test_position_5_acc": 0.9931333333333333
}