{
    "epoch": 190,
    "train_loss": 3.74244966376047e-05,
    "pretrain_loss": 0.0,
    "finetune_loss": 3.74244966376047e-05,
    "pseudo_label_count": 0,
    "pseudo_label_accept_rate": 0.0,
    "mean_pseudo_confidence": 0.0,
    "consistency_loss": 0.0,
    "encoder_stage": "contrastive_finetune_only",
    "stn_status": "disabled",
    "stn_regularization_loss": 0.0,
    "val_loss": 0.28192243609312156,
    "val_seq_acc": 0.9616666666666667,
    "val_char_acc": 0.9922133333333333,
    "val_edit_distance": 0.038933333333333334,
    "val_clean_accuracy": 0.9616666666666667,
    "val_robustness_drop": null,
    "val_restoration_gain": null,
    "val_position_1_acc": 0.9927333333333334,
    "val_position_2_acc": 0.9914666666666667,
    "val_position_3_acc": 0.9910666666666667,
    "val_position_4_acc": 0.9923333333333333,
    "val_position_5_acc": 0.9934666666666667,
    "test_loss": 0.2932786375530649,
    "test_seq_acc": 0.9615333333333334,
    "test_char_acc": 0.9921466666666666,
    "test_edit_distance": 0.0392,
    "test_clean_accuracy": 0.9615333333333334,
    "test_robustness_drop": null,
    "test_restoration_gain": null,
    "test_position_1_acc": 0.9924,
    "test_position_2_acc": 0.9907333333333334,
    "test_position_3_acc": 0.9924,
    "test_position_4_acc": 0.9920666666666667,
    "test_position_5_acc": 0.9931333333333333
}