{
    "epoch": 58,
    "train_loss": 0.0026392150349824903,
    "pretrain_loss": 0.0,
    "finetune_loss": 0.0026392150349824903,
    "pseudo_label_count": 0,
    "pseudo_label_accept_rate": 0.0,
    "mean_pseudo_confidence": 0.0,
    "consistency_loss": 0.0,
    "encoder_stage": "contrastive_finetune_only",
    "stn_status": "disabled",
    "stn_regularization_loss": 0.0,
    "val_loss": 0.22255339623162457,
    "val_seq_acc": 0.96,
    "val_char_acc": 0.99184,
    "val_edit_distance": 0.0408,
    "val_clean_accuracy": 0.96,
    "val_robustness_drop": null,
    "val_restoration_gain": null,
    "val_position_1_acc": 0.9928,
    "val_position_2_acc": 0.9910666666666667,
    "val_position_3_acc": 0.9906666666666667,
    "val_position_4_acc": 0.9915333333333334,
    "val_position_5_acc": 0.9931333333333333,
    "test_loss": 0.22483747781144747,
    "test_seq_acc": 0.962,
    "test_char_acc": 0.9922133333333333,
    "test_edit_distance": 0.03886666666666667,
    "test_clean_accuracy": 0.962,
    "test_robustness_drop": null,
    "test_restoration_gain": null,
    "test_position_1_acc": 0.9927333333333334,
    "test_position_2_acc": 0.9907333333333334,
    "test_position_3_acc": 0.9918,
    "test_position_4_acc": 0.9922,
    "test_position_5_acc": 0.9936
}