{
    "epoch": 41,
    "train_loss": 0.03844247577732001,
    "pretrain_loss": 0.0,
    "finetune_loss": 0.03844247577732001,
    "pseudo_label_count": 0,
    "pseudo_label_accept_rate": 0.0,
    "mean_pseudo_confidence": 0.0,
    "consistency_loss": 0.0,
    "encoder_stage": "contrastive_finetune_only",
    "stn_status": "disabled",
    "stn_regularization_loss": 0.0,
    "val_loss": 0.3051769920679285,
    "val_seq_acc": 0.9478,
    "val_char_acc": 0.98924,
    "val_edit_distance": 0.0538,
    "val_clean_accuracy": 0.9478,
    "val_robustness_drop": null,
    "val_restoration_gain": null,
    "val_position_1_acc": 0.9894,
    "val_position_2_acc": 0.989,
    "val_position_3_acc": 0.9883333333333333,
    "val_position_4_acc": 0.9876,
    "val_position_5_acc": 0.9918666666666667,
    "test_loss": 0.29193210089851684,
    "test_seq_acc": 0.9473333333333334,
    "test_char_acc": 0.98924,
    "test_edit_distance": 0.05366666666666667,
    "test_clean_accuracy": 0.9473333333333334,
    "test_robustness_drop": null,
    "test_restoration_gain": null,
    "test_position_1_acc": 0.9908,
    "test_position_2_acc": 0.9862666666666666,
    "test_position_3_acc": 0.9888,
    "test_position_4_acc": 0.9887333333333334,
    "test_position_5_acc": 0.9916
}