{
    "epoch": 45,
    "train_loss": 0.03607742835646897,
    "pretrain_loss": 0.0,
    "finetune_loss": 0.03607742835646897,
    "pseudo_label_count": 0,
    "pseudo_label_accept_rate": 0.0,
    "mean_pseudo_confidence": 0.0,
    "consistency_loss": 0.0,
    "encoder_stage": "contrastive_finetune_only",
    "stn_status": "disabled",
    "stn_regularization_loss": 0.0,
    "val_loss": 0.2714570852690079,
    "val_seq_acc": 0.9495333333333333,
    "val_char_acc": 0.9896933333333333,
    "val_edit_distance": 0.051533333333333334,
    "val_clean_accuracy": 0.9495333333333333,
    "val_robustness_drop": null,
    "val_restoration_gain": null,
    "val_position_1_acc": 0.9916666666666667,
    "val_position_2_acc": 0.9884,
    "val_position_3_acc": 0.9880666666666666,
    "val_position_4_acc": 0.9887333333333334,
    "val_position_5_acc": 0.9916,
    "test_loss": 0.26920092574399995,
    "test_seq_acc": 0.9509333333333333,
    "test_char_acc": 0.9898933333333333,
    "test_edit_distance": 0.05046666666666667,
    "test_clean_accuracy": 0.9509333333333333,
    "test_robustness_drop": null,
    "test_restoration_gain": null,
    "test_position_1_acc": 0.9919333333333333,
    "test_position_2_acc": 0.9884666666666667,
    "test_position_3_acc": 0.9881333333333333,
    "test_position_4_acc": 0.9896,
    "test_position_5_acc": 0.9913333333333333
}