{
    "epoch": 159,
    "train_loss": 4.32418802080307e-05,
    "pretrain_loss": 0.0,
    "finetune_loss": 4.32418802080307e-05,
    "pseudo_label_count": 0,
    "pseudo_label_accept_rate": 0.0,
    "mean_pseudo_confidence": 0.0,
    "consistency_loss": 0.0,
    "encoder_stage": "contrastive_finetune_only",
    "stn_status": "disabled",
    "stn_regularization_loss": 0.0,
    "val_loss": 0.2778242470260746,
    "val_seq_acc": 0.9619333333333333,
    "val_char_acc": 0.9922933333333334,
    "val_edit_distance": 0.038533333333333336,
    "val_clean_accuracy": 0.9619333333333333,
    "val_robustness_drop": null,
    "val_restoration_gain": null,
    "val_position_1_acc": 0.9926,
    "val_position_2_acc": 0.9917333333333334,
    "val_position_3_acc": 0.9914,
    "val_position_4_acc": 0.9923333333333333,
    "val_position_5_acc": 0.9934,
    "test_loss": 0.2909114055866512,
    "test_seq_acc": 0.9609333333333333,
    "test_char_acc": 0.9920266666666666,
    "test_edit_distance": 0.0398,
    "test_clean_accuracy": 0.9609333333333333,
    "test_robustness_drop": null,
    "test_restoration_gain": null,
    "test_position_1_acc": 0.9922666666666666,
    "test_position_2_acc": 0.9906,
    "test_position_3_acc": 0.9922666666666666,
    "test_position_4_acc": 0.9919333333333333,
    "test_position_5_acc": 0.9930666666666667
}