{
    "epoch": 156,
    "train_loss": 5.1053704272135883e-05,
    "pretrain_loss": 0.0,
    "finetune_loss": 5.1053704272135883e-05,
    "pseudo_label_count": 0,
    "pseudo_label_accept_rate": 0.0,
    "mean_pseudo_confidence": 0.0,
    "consistency_loss": 0.0,
    "encoder_stage": "contrastive_finetune_only",
    "stn_status": "disabled",
    "stn_regularization_loss": 0.0,
    "val_loss": 0.27955376797765485,
    "val_seq_acc": 0.9615333333333334,
    "val_char_acc": 0.9922133333333333,
    "val_edit_distance": 0.038933333333333334,
    "val_clean_accuracy": 0.9615333333333334,
    "val_robustness_drop": null,
    "val_restoration_gain": null,
    "val_position_1_acc": 0.9925333333333334,
    "val_position_2_acc": 0.9915333333333334,
    "val_position_3_acc": 0.9912666666666666,
    "val_position_4_acc": 0.9924,
    "val_position_5_acc": 0.9933333333333333,
    "test_loss": 0.2906048304952453,
    "test_seq_acc": 0.9610666666666666,
    "test_char_acc": 0.9920533333333333,
    "test_edit_distance": 0.03966666666666667,
    "test_clean_accuracy": 0.9610666666666666,
    "test_robustness_drop": null,
    "test_restoration_gain": null,
    "test_position_1_acc": 0.9920666666666667,
    "test_position_2_acc": 0.9906666666666667,
    "test_position_3_acc": 0.9921333333333333,
    "test_position_4_acc": 0.9922,
    "test_position_5_acc": 0.9932
}