{
    "epoch": 115,
    "train_loss": 0.0001346816603471502,
    "pretrain_loss": 0.0,
    "finetune_loss": 0.0001346816603471502,
    "pseudo_label_count": 0,
    "pseudo_label_accept_rate": 0.0,
    "mean_pseudo_confidence": 0.0,
    "consistency_loss": 0.0,
    "encoder_stage": "contrastive_finetune_only",
    "stn_status": "disabled",
    "stn_regularization_loss": 0.0,
    "val_loss": 0.27441111613927904,
    "val_seq_acc": 0.9614666666666667,
    "val_char_acc": 0.9921866666666667,
    "val_edit_distance": 0.039066666666666666,
    "val_clean_accuracy": 0.9614666666666667,
    "val_robustness_drop": null,
    "val_restoration_gain": null,
    "val_position_1_acc": 0.9926666666666667,
    "val_position_2_acc": 0.9914666666666667,
    "val_position_3_acc": 0.9912,
    "val_position_4_acc": 0.9922666666666666,
    "val_position_5_acc": 0.9933333333333333,
    "test_loss": 0.28232864587246675,
    "test_seq_acc": 0.9601333333333333,
    "test_char_acc": 0.9918666666666667,
    "test_edit_distance": 0.0406,
    "test_clean_accuracy": 0.9601333333333333,
    "test_robustness_drop": null,
    "test_restoration_gain": null,
    "test_position_1_acc": 0.9923333333333333,
    "test_position_2_acc": 0.9905333333333334,
    "test_position_3_acc": 0.9918,
    "test_position_4_acc": 0.9918,
    "test_position_5_acc": 0.9928666666666667
}