{
    "epoch": 110,
    "train_loss": 0.0001511702540761219,
    "pretrain_loss": 0.0,
    "finetune_loss": 0.0001511702540761219,
    "pseudo_label_count": 0,
    "pseudo_label_accept_rate": 0.0,
    "mean_pseudo_confidence": 0.0,
    "consistency_loss": 0.0,
    "encoder_stage": "contrastive_finetune_only",
    "stn_status": "disabled",
    "stn_regularization_loss": 0.0,
    "val_loss": 0.2782397595645152,
    "val_seq_acc": 0.9606666666666667,
    "val_char_acc": 0.9920533333333333,
    "val_edit_distance": 0.039733333333333336,
    "val_clean_accuracy": 0.9606666666666667,
    "val_robustness_drop": null,
    "val_restoration_gain": null,
    "val_position_1_acc": 0.9922,
    "val_position_2_acc": 0.9916,
    "val_position_3_acc": 0.9912666666666666,
    "val_position_4_acc": 0.992,
    "val_position_5_acc": 0.9932,
    "test_loss": 0.2850088730878153,
    "test_seq_acc": 0.961,
    "test_char_acc": 0.9920266666666666,
    "test_edit_distance": 0.0398,
    "test_clean_accuracy": 0.961,
    "test_robustness_drop": null,
    "test_restoration_gain": null,
    "test_position_1_acc": 0.9924,
    "test_position_2_acc": 0.9906666666666667,
    "test_position_3_acc": 0.9918,
    "test_position_4_acc": 0.9920666666666667,
    "test_position_5_acc": 0.9932
}