{
    "epoch": 28,
    "train_loss": 0.053668249906153195,
    "pretrain_loss": 0.0,
    "finetune_loss": 0.053668249906153195,
    "pseudo_label_count": 0,
    "pseudo_label_accept_rate": 0.0,
    "mean_pseudo_confidence": 0.0,
    "consistency_loss": 0.0,
    "encoder_stage": "contrastive_finetune_only",
    "stn_status": "disabled",
    "stn_regularization_loss": 0.0,
    "val_loss": 0.2919389227860944,
    "val_seq_acc": 0.9435333333333333,
    "val_char_acc": 0.98832,
    "val_edit_distance": 0.058333333333333334,
    "val_clean_accuracy": 0.9435333333333333,
    "val_robustness_drop": null,
    "val_restoration_gain": null,
    "val_position_1_acc": 0.9910666666666667,
    "val_position_2_acc": 0.9877333333333334,
    "val_position_3_acc": 0.9864,
    "val_position_4_acc": 0.9872,
    "val_position_5_acc": 0.9892,
    "test_loss": 0.3092293035754181,
    "test_seq_acc": 0.9411333333333334,
    "test_char_acc": 0.9877733333333333,
    "test_edit_distance": 0.061,
    "test_clean_accuracy": 0.9411333333333334,
    "test_robustness_drop": null,
    "test_restoration_gain": null,
    "test_position_1_acc": 0.9901333333333333,
    "test_position_2_acc": 0.9864,
    "test_position_3_acc": 0.9866,
    "test_position_4_acc": 0.987,
    "test_position_5_acc": 0.9887333333333334
}