{
    "epoch": 90,
    "train_loss": 0.000504629901699716,
    "pretrain_loss": 0.0,
    "finetune_loss": 0.000504629901699716,
    "pseudo_label_count": 0,
    "pseudo_label_accept_rate": 0.0,
    "mean_pseudo_confidence": 0.0,
    "consistency_loss": 0.0,
    "encoder_stage": "contrastive_finetune_only",
    "stn_status": "disabled",
    "stn_regularization_loss": 0.0,
    "val_loss": 0.2746258939247321,
    "val_seq_acc": 0.9594666666666667,
    "val_char_acc": 0.9917333333333334,
    "val_edit_distance": 0.04133333333333333,
    "val_clean_accuracy": 0.9594666666666667,
    "val_robustness_drop": null,
    "val_restoration_gain": null,
    "val_position_1_acc": 0.992,
    "val_position_2_acc": 0.9906666666666667,
    "val_position_3_acc": 0.9909333333333333,
    "val_position_4_acc": 0.9922666666666666,
    "val_position_5_acc": 0.9928,
    "test_loss": 0.2835856770473022,
    "test_seq_acc": 0.9581333333333333,
    "test_char_acc": 0.9914266666666667,
    "test_edit_distance": 0.0428,
    "test_clean_accuracy": 0.9581333333333333,
    "test_robustness_drop": null,
    "test_restoration_gain": null,
    "test_position_1_acc": 0.9916666666666667,
    "test_position_2_acc": 0.99,
    "test_position_3_acc": 0.9912,
    "test_position_4_acc": 0.9915333333333334,
    "test_position_5_acc": 0.9927333333333334
}