{
    "epoch": 69,
    "train_loss": 0.0015546058581312726,
    "pretrain_loss": 0.0,
    "finetune_loss": 0.0015546058581312726,
    "pseudo_label_count": 0,
    "pseudo_label_accept_rate": 0.0,
    "mean_pseudo_confidence": 0.0,
    "consistency_loss": 0.0,
    "encoder_stage": "contrastive_finetune_only",
    "stn_status": "disabled",
    "stn_regularization_loss": 0.0,
    "val_loss": 0.23849812244186475,
    "val_seq_acc": 0.9604,
    "val_char_acc": 0.9918933333333333,
    "val_edit_distance": 0.04053333333333333,
    "val_clean_accuracy": 0.9604,
    "val_robustness_drop": null,
    "val_restoration_gain": null,
    "val_position_1_acc": 0.9928666666666667,
    "val_position_2_acc": 0.9907333333333334,
    "val_position_3_acc": 0.99,
    "val_position_4_acc": 0.9927333333333334,
    "val_position_5_acc": 0.9931333333333333,
    "test_loss": 0.24936184850298462,
    "test_seq_acc": 0.9609333333333333,
    "test_char_acc": 0.9919733333333334,
    "test_edit_distance": 0.04,
    "test_clean_accuracy": 0.9609333333333333,
    "test_robustness_drop": null,
    "test_restoration_gain": null,
    "test_position_1_acc": 0.9917333333333334,
    "test_position_2_acc": 0.9905333333333334,
    "test_position_3_acc": 0.9924666666666667,
    "test_position_4_acc": 0.9922666666666666,
    "test_position_5_acc": 0.9928666666666667
}