{
    "epoch": 91,
    "train_loss": 0.0007518292248541745,
    "pretrain_loss": 0.0,
    "finetune_loss": 0.0007518292248541745,
    "pseudo_label_count": 0,
    "pseudo_label_accept_rate": 0.0,
    "mean_pseudo_confidence": 0.0,
    "consistency_loss": 0.0,
    "encoder_stage": "contrastive_finetune_only",
    "stn_status": "disabled",
    "stn_regularization_loss": 0.0,
    "val_loss": 0.26567417337178184,
    "val_seq_acc": 0.9598,
    "val_char_acc": 0.99184,
    "val_edit_distance": 0.0408,
    "val_clean_accuracy": 0.9598,
    "val_robustness_drop": null,
    "val_restoration_gain": null,
    "val_position_1_acc": 0.9920666666666667,
    "val_position_2_acc": 0.991,
    "val_position_3_acc": 0.9910666666666667,
    "val_position_4_acc": 0.992,
    "val_position_5_acc": 0.9930666666666667,
    "test_loss": 0.2747074490070171,
    "test_seq_acc": 0.9590666666666666,
    "test_char_acc": 0.99164,
    "test_edit_distance": 0.04173333333333333,
    "test_clean_accuracy": 0.9590666666666666,
    "test_robustness_drop": null,
    "test_restoration_gain": null,
    "test_position_1_acc": 0.9921333333333333,
    "test_position_2_acc": 0.9902,
    "test_position_3_acc": 0.9913333333333333,
    "test_position_4_acc": 0.9918,
    "test_position_5_acc": 0.9927333333333334
}