{
    "epoch": 39,
    "train_loss": 0.04502673293862069,
    "pretrain_loss": 0.0,
    "finetune_loss": 0.04502673293862069,
    "pseudo_label_count": 0,
    "pseudo_label_accept_rate": 0.0,
    "mean_pseudo_confidence": 0.0,
    "consistency_loss": 0.0,
    "encoder_stage": "contrastive_finetune_only",
    "stn_status": "disabled",
    "stn_regularization_loss": 0.0,
    "val_loss": 0.27170191857334663,
    "val_seq_acc": 0.9483333333333334,
    "val_char_acc": 0.98932,
    "val_edit_distance": 0.0534,
    "val_clean_accuracy": 0.9483333333333334,
    "val_robustness_drop": null,
    "val_restoration_gain": null,
    "val_position_1_acc": 0.9918,
    "val_position_2_acc": 0.9872,
    "val_position_3_acc": 0.9876,
    "val_position_4_acc": 0.9886,
    "val_position_5_acc": 0.9914,
    "test_loss": 0.2597357462085982,
    "test_seq_acc": 0.9496666666666667,
    "test_char_acc": 0.98956,
    "test_edit_distance": 0.052066666666666664,
    "test_clean_accuracy": 0.9496666666666667,
    "test_robustness_drop": null,
    "test_restoration_gain": null,
    "test_position_1_acc": 0.9916666666666667,
    "test_position_2_acc": 0.9882,
    "test_position_3_acc": 0.9886,
    "test_position_4_acc": 0.9894666666666667,
    "test_position_5_acc": 0.9898666666666667
}