{
    "epoch": 88,
    "train_loss": 0.0010382578027421235,
    "pretrain_loss": 0.0,
    "finetune_loss": 0.0010382578027421235,
    "pseudo_label_count": 0,
    "pseudo_label_accept_rate": 0.0,
    "mean_pseudo_confidence": 0.0,
    "consistency_loss": 0.0,
    "encoder_stage": "contrastive_finetune_only",
    "stn_status": "disabled",
    "stn_regularization_loss": 0.0,
    "val_loss": 0.2807654858865251,
    "val_seq_acc": 0.9584666666666667,
    "val_char_acc": 0.9914933333333333,
    "val_edit_distance": 0.04253333333333333,
    "val_clean_accuracy": 0.9584666666666667,
    "val_robustness_drop": null,
    "val_restoration_gain": null,
    "val_position_1_acc": 0.9919333333333333,
    "val_position_2_acc": 0.9904,
    "val_position_3_acc": 0.9912,
    "val_position_4_acc": 0.9916,
    "val_position_5_acc": 0.9923333333333333,
    "test_loss": 0.29789222191198433,
    "test_seq_acc": 0.9568,
    "test_char_acc": 0.99112,
    "test_edit_distance": 0.044333333333333336,
    "test_clean_accuracy": 0.9568,
    "test_robustness_drop": null,
    "test_restoration_gain": null,
    "test_position_1_acc": 0.9913333333333333,
    "test_position_2_acc": 0.9898,
    "test_position_3_acc": 0.991,
    "test_position_4_acc": 0.9911333333333333,
    "test_position_5_acc": 0.9923333333333333
}