{
    "epoch": 151,
    "train_loss": 0.00013313705670948164,
    "pretrain_loss": 0.0,
    "finetune_loss": 0.00013313705670948164,
    "pseudo_label_count": 0,
    "pseudo_label_accept_rate": 0.0,
    "mean_pseudo_confidence": 0.0,
    "consistency_loss": 0.0,
    "encoder_stage": "contrastive_finetune_only",
    "stn_status": "disabled",
    "stn_regularization_loss": 0.0,
    "val_loss": 0.2822091155277373,
    "val_seq_acc": 0.9614,
    "val_char_acc": 0.99216,
    "val_edit_distance": 0.0392,
    "val_clean_accuracy": 0.9614,
    "val_robustness_drop": null,
    "val_restoration_gain": null,
    "val_position_1_acc": 0.9924666666666667,
    "val_position_2_acc": 0.9917333333333334,
    "val_position_3_acc": 0.9912,
    "val_position_4_acc": 0.9922666666666666,
    "val_position_5_acc": 0.9931333333333333,
    "test_loss": 0.2914128629430203,
    "test_seq_acc": 0.9612,
    "test_char_acc": 0.99208,
    "test_edit_distance": 0.03953333333333333,
    "test_clean_accuracy": 0.9612,
    "test_robustness_drop": null,
    "test_restoration_gain": null,
    "test_position_1_acc": 0.9922,
    "test_position_2_acc": 0.9908666666666667,
    "test_position_3_acc": 0.9921333333333333,
    "test_position_4_acc": 0.992,
    "test_position_5_acc": 0.9932
}