{
    "epoch": 87,
    "train_loss": 0.0007586962805262682,
    "pretrain_loss": 0.0,
    "finetune_loss": 0.0007586962805262682,
    "pseudo_label_count": 0,
    "pseudo_label_accept_rate": 0.0,
    "mean_pseudo_confidence": 0.0,
    "consistency_loss": 0.0,
    "encoder_stage": "contrastive_finetune_only",
    "stn_status": "disabled",
    "stn_regularization_loss": 0.0,
    "val_loss": 0.27445628068544853,
    "val_seq_acc": 0.9588666666666666,
    "val_char_acc": 0.9915866666666666,
    "val_edit_distance": 0.04206666666666667,
    "val_clean_accuracy": 0.9588666666666666,
    "val_robustness_drop": null,
    "val_restoration_gain": null,
    "val_position_1_acc": 0.9912666666666666,
    "val_position_2_acc": 0.9912666666666666,
    "val_position_3_acc": 0.9906666666666667,
    "val_position_4_acc": 0.9926,
    "val_position_5_acc": 0.9921333333333333,
    "test_loss": 0.2997553432235826,
    "test_seq_acc": 0.9574,
    "test_char_acc": 0.9912666666666666,
    "test_edit_distance": 0.0436,
    "test_clean_accuracy": 0.9574,
    "test_robustness_drop": null,
    "test_restoration_gain": null,
    "test_position_1_acc": 0.9916666666666667,
    "test_position_2_acc": 0.9898666666666667,
    "test_position_3_acc": 0.9912,
    "test_position_4_acc": 0.9914666666666667,
    "test_position_5_acc": 0.9921333333333333
}