{
    "epoch": 111,
    "train_loss": 0.005227753031665375,
    "pretrain_loss": null,
    "finetune_loss": 0.0007759507694933624,
    "pseudo_label_count": 20912,
    "pseudo_label_accept_rate": 0.9958095238095238,
    "mean_pseudo_confidence": 0.9996712937460843,
    "consistency_loss": 0.0,
    "encoder_stage": "semisupervised_with_pseudolabels",
    "stn_status": "disabled",
    "stn_regularization_loss": 0.0,
    "val_loss": 0.30671284581552016,
    "val_seq_acc": 0.9586666666666667,
    "val_char_acc": 0.9915866666666666,
    "val_edit_distance": 0.04206666666666667,
    "val_clean_accuracy": 0.9586666666666667,
    "val_robustness_drop": null,
    "val_restoration_gain": null,
    "val_position_1_acc": 0.9925333333333334,
    "val_position_2_acc": 0.9904,
    "val_position_3_acc": 0.9911333333333333,
    "val_position_4_acc": 0.9906,
    "val_position_5_acc": 0.9932666666666666,
    "test_loss": 0.2997004609905568,
    "test_seq_acc": 0.9611333333333333,
    "test_char_acc": 0.9920133333333333,
    "test_edit_distance": 0.0398,
    "test_clean_accuracy": 0.9611333333333333,
    "test_robustness_drop": null,
    "test_restoration_gain": null,
    "test_position_1_acc": 0.9937333333333334,
    "test_position_2_acc": 0.9902666666666666,
    "test_position_3_acc": 0.992,
    "test_position_4_acc": 0.9917333333333334,
    "test_position_5_acc": 0.9923333333333333
}