{
    "epoch": 130,
    "train_loss": 0.0037998972670710185,
    "pretrain_loss": null,
    "finetune_loss": 0.00030837906702875945,
    "pseudo_label_count": 20912,
    "pseudo_label_accept_rate": 0.9958095238095238,
    "mean_pseudo_confidence": 0.9997367569072245,
    "consistency_loss": 0.0,
    "encoder_stage": "semisupervised_with_pseudolabels",
    "stn_status": "disabled",
    "stn_regularization_loss": 0.0,
    "val_loss": 0.29095541721054996,
    "val_seq_acc": 0.9606666666666667,
    "val_char_acc": 0.9920133333333333,
    "val_edit_distance": 0.039933333333333335,
    "val_clean_accuracy": 0.9606666666666667,
    "val_robustness_drop": null,
    "val_restoration_gain": null,
    "val_position_1_acc": 0.9923333333333333,
    "val_position_2_acc": 0.9907333333333334,
    "val_position_3_acc": 0.9924666666666667,
    "val_position_4_acc": 0.9909333333333333,
    "val_position_5_acc": 0.9936,
    "test_loss": 0.2835673855948931,
    "test_seq_acc": 0.9639333333333333,
    "test_char_acc": 0.9926,
    "test_edit_distance": 0.036866666666666666,
    "test_clean_accuracy": 0.9639333333333333,
    "test_robustness_drop": null,
    "test_restoration_gain": null,
    "test_position_1_acc": 0.9940666666666667,
    "test_position_2_acc": 0.991,
    "test_position_3_acc": 0.9919333333333333,
    "test_position_4_acc": 0.9929333333333333,
    "test_position_5_acc": 0.9930666666666667
}