{
    "epoch": 2,
    "train_loss": 0.8983038673590742,
    "pretrain_loss": null,
    "finetune_loss": 0.8983038673590742,
    "pseudo_label_count": 0,
    "pseudo_label_accept_rate": 0.0,
    "mean_pseudo_confidence": 0.0,
    "consistency_loss": 0.0,
    "encoder_stage": "semisupervised_warmup",
    "stn_status": "disabled",
    "stn_regularization_loss": 0.0,
    "val_loss": 0.5177546061099844,
    "val_seq_acc": 0.8472,
    "val_char_acc": 0.9658666666666667,
    "val_edit_distance": 0.1702,
    "val_clean_accuracy": 0.8472,
    "val_robustness_drop": null,
    "val_restoration_gain": null,
    "val_position_1_acc": 0.9748666666666667,
    "val_position_2_acc": 0.9576666666666667,
    "val_position_3_acc": 0.961,
    "val_position_4_acc": 0.9652,
    "val_position_5_acc": 0.9706,
    "test_loss": 0.514632949169646,
    "test_seq_acc": 0.8456,
    "test_char_acc": 0.9657466666666666,
    "test_edit_distance": 0.17093333333333333,
    "test_clean_accuracy": 0.8456,
    "test_robustness_drop": null,
    "test_restoration_gain": null,
    "test_position_1_acc": 0.9765333333333334,
    "test_position_2_acc": 0.9580666666666666,
    "test_position_3_acc": 0.9603333333333334,
    "test_position_4_acc": 0.966,
    "test_position_5_acc": 0.9678
}