{
    "epoch": 81,
    "train_loss": 0.011741511933432477,
    "pretrain_loss": null,
    "finetune_loss": 0.003367715610999598,
    "pseudo_label_count": 20839,
    "pseudo_label_accept_rate": 0.9923333333333333,
    "mean_pseudo_confidence": 0.9994739849340081,
    "consistency_loss": 0.0,
    "encoder_stage": "semisupervised_with_pseudolabels",
    "stn_status": "disabled",
    "stn_regularization_loss": 0.0,
    "val_loss": 0.29508889835192254,
    "val_seq_acc": 0.9591333333333333,
    "val_char_acc": 0.9916533333333334,
    "val_edit_distance": 0.04173333333333333,
    "val_clean_accuracy": 0.9591333333333333,
    "val_robustness_drop": null,
    "val_restoration_gain": null,
    "val_position_1_acc": 0.9912666666666666,
    "val_position_2_acc": 0.9905333333333334,
    "val_position_3_acc": 0.9918,
    "val_position_4_acc": 0.9912666666666666,
    "val_position_5_acc": 0.9934,
    "test_loss": 0.27849685119140205,
    "test_seq_acc": 0.9616,
    "test_char_acc": 0.9920666666666667,
    "test_edit_distance": 0.03953333333333333,
    "test_clean_accuracy": 0.9616,
    "test_robustness_drop": null,
    "test_restoration_gain": null,
    "test_position_1_acc": 0.9935333333333334,
    "test_position_2_acc": 0.9901333333333333,
    "test_position_3_acc": 0.9918,
    "test_position_4_acc": 0.9917333333333334,
    "test_position_5_acc": 0.9931333333333333
}