{
    "epoch": 107,
    "train_loss": 0.005215311343199413,
    "pretrain_loss": null,
    "finetune_loss": 0.0011176715846074375,
    "pseudo_label_count": 20895,
    "pseudo_label_accept_rate": 0.995,
    "mean_pseudo_confidence": 0.9996663328391223,
    "consistency_loss": 0.0,
    "encoder_stage": "semisupervised_with_pseudolabels",
    "stn_status": "disabled",
    "stn_regularization_loss": 0.0,
    "val_loss": 0.3003221318669409,
    "val_seq_acc": 0.9589333333333333,
    "val_char_acc": 0.9916666666666667,
    "val_edit_distance": 0.041666666666666664,
    "val_clean_accuracy": 0.9589333333333333,
    "val_robustness_drop": null,
    "val_restoration_gain": null,
    "val_position_1_acc": 0.9924666666666667,
    "val_position_2_acc": 0.9901333333333333,
    "val_position_3_acc": 0.992,
    "val_position_4_acc": 0.9906,
    "val_position_5_acc": 0.9931333333333333,
    "test_loss": 0.289972374093039,
    "test_seq_acc": 0.9609333333333333,
    "test_char_acc": 0.99196,
    "test_edit_distance": 0.04006666666666667,
    "test_clean_accuracy": 0.9609333333333333,
    "test_robustness_drop": null,
    "test_restoration_gain": null,
    "test_position_1_acc": 0.9935333333333334,
    "test_position_2_acc": 0.9901333333333333,
    "test_position_3_acc": 0.9919333333333333,
    "test_position_4_acc": 0.9918666666666667,
    "test_position_5_acc": 0.9923333333333333
}