{
    "epoch": 57,
    "train_loss": 0.024162888634516162,
    "pretrain_loss": null,
    "finetune_loss": 0.008131575447114492,
    "pseudo_label_count": 20622,
    "pseudo_label_accept_rate": 0.982,
    "mean_pseudo_confidence": 0.9988323451360251,
    "consistency_loss": 0.0,
    "encoder_stage": "semisupervised_with_pseudolabels",
    "stn_status": "disabled",
    "stn_regularization_loss": 0.0,
    "val_loss": 0.24846062115709386,
    "val_seq_acc": 0.9579333333333333,
    "val_char_acc": 0.9913466666666667,
    "val_edit_distance": 0.04326666666666667,
    "val_clean_accuracy": 0.9579333333333333,
    "val_robustness_drop": null,
    "val_restoration_gain": null,
    "val_position_1_acc": 0.9928,
    "val_position_2_acc": 0.9897333333333334,
    "val_position_3_acc": 0.9906666666666667,
    "val_position_4_acc": 0.9906666666666667,
    "val_position_5_acc": 0.9928666666666667,
    "test_loss": 0.2474885739553274,
    "test_seq_acc": 0.9592,
    "test_char_acc": 0.99152,
    "test_edit_distance": 0.042333333333333334,
    "test_clean_accuracy": 0.9592,
    "test_robustness_drop": null,
    "test_restoration_gain": null,
    "test_position_1_acc": 0.9934,
    "test_position_2_acc": 0.9893333333333333,
    "test_position_3_acc": 0.9902666666666666,
    "test_position_4_acc": 0.992,
    "test_position_5_acc": 0.9926
}