{
    "epoch": 53,
    "train_loss": 0.03827735698989673,
    "pretrain_loss": null,
    "finetune_loss": 0.017400385177263857,
    "pseudo_label_count": 20427,
    "pseudo_label_accept_rate": 0.9727142857142858,
    "mean_pseudo_confidence": 0.9982903942450463,
    "consistency_loss": 0.0,
    "encoder_stage": "semisupervised_with_pseudolabels",
    "stn_status": "disabled",
    "stn_regularization_loss": 0.0,
    "val_loss": 0.21583004366566844,
    "val_seq_acc": 0.9571333333333333,
    "val_char_acc": 0.9911866666666667,
    "val_edit_distance": 0.044066666666666664,
    "val_clean_accuracy": 0.9571333333333333,
    "val_robustness_drop": null,
    "val_restoration_gain": null,
    "val_position_1_acc": 0.9925333333333334,
    "val_position_2_acc": 0.9899333333333333,
    "val_position_3_acc": 0.9905333333333334,
    "val_position_4_acc": 0.9896666666666667,
    "val_position_5_acc": 0.9932666666666666,
    "test_loss": 0.20341965162190312,
    "test_seq_acc": 0.9620666666666666,
    "test_char_acc": 0.9921466666666666,
    "test_edit_distance": 0.0392,
    "test_clean_accuracy": 0.9620666666666666,
    "test_robustness_drop": null,
    "test_restoration_gain": null,
    "test_position_1_acc": 0.9937333333333334,
    "test_position_2_acc": 0.9900666666666667,
    "test_position_3_acc": 0.9918666666666667,
    "test_position_4_acc": 0.9920666666666667,
    "test_position_5_acc": 0.993
}