{
    "epoch": 186,
    "train_loss": 0.002818981375628822,
    "pretrain_loss": null,
    "finetune_loss": 0.00023207128998785394,
    "pseudo_label_count": 20944,
    "pseudo_label_accept_rate": 0.9973333333333333,
    "mean_pseudo_confidence": 0.9997910405953847,
    "consistency_loss": 0.0,
    "encoder_stage": "semisupervised_with_pseudolabels",
    "stn_status": "disabled",
    "stn_regularization_loss": 0.0,
    "val_loss": 0.2917247871069234,
    "val_seq_acc": 0.9612666666666667,
    "val_char_acc": 0.9921466666666666,
    "val_edit_distance": 0.039266666666666665,
    "val_clean_accuracy": 0.9612666666666667,
    "val_robustness_drop": null,
    "val_restoration_gain": null,
    "val_position_1_acc": 0.9926,
    "val_position_2_acc": 0.9911333333333333,
    "val_position_3_acc": 0.9924,
    "val_position_4_acc": 0.9910666666666667,
    "val_position_5_acc": 0.9935333333333334,
    "test_loss": 0.2848193286419778,
    "test_seq_acc": 0.9647333333333333,
    "test_char_acc": 0.99276,
    "test_edit_distance": 0.036066666666666664,
    "test_clean_accuracy": 0.9647333333333333,
    "test_robustness_drop": null,
    "test_restoration_gain": null,
    "test_position_1_acc": 0.9943333333333333,
    "test_position_2_acc": 0.9910666666666667,
    "test_position_3_acc": 0.9925333333333334,
    "test_position_4_acc": 0.9925333333333334,
    "test_position_5_acc": 0.9933333333333333
}