{
    "epoch": 196,
    "train_loss": 0.00156431342268082,
    "pretrain_loss": null,
    "finetune_loss": 0.00019462482842391658,
    "pseudo_label_count": 20957,
    "pseudo_label_accept_rate": 0.9979523809523809,
    "mean_pseudo_confidence": 0.9998084917353806,
    "consistency_loss": 0.0,
    "encoder_stage": "semisupervised_with_pseudolabels",
    "stn_status": "disabled",
    "stn_regularization_loss": 0.0,
    "val_loss": 0.303611048377156,
    "val_seq_acc": 0.9614,
    "val_char_acc": 0.9921466666666666,
    "val_edit_distance": 0.039266666666666665,
    "val_clean_accuracy": 0.9614,
    "val_robustness_drop": null,
    "val_restoration_gain": null,
    "val_position_1_acc": 0.9929333333333333,
    "val_position_2_acc": 0.9909333333333333,
    "val_position_3_acc": 0.992,
    "val_position_4_acc": 0.9912,
    "val_position_5_acc": 0.9936666666666667,
    "test_loss": 0.2922025936751294,
    "test_seq_acc": 0.9654,
    "test_char_acc": 0.9929066666666667,
    "test_edit_distance": 0.0354,
    "test_clean_accuracy": 0.9654,
    "test_robustness_drop": null,
    "test_restoration_gain": null,
    "test_position_1_acc": 0.9943333333333333,
    "test_position_2_acc": 0.9912,
    "test_position_3_acc": 0.9925333333333334,
    "test_position_4_acc": 0.993,
    "test_position_5_acc": 0.9934666666666667
}