{
    "epoch": 195,
    "train_loss": 0.0024949558581203765,
    "pretrain_loss": null,
    "finetune_loss": 0.00021149601964468842,
    "pseudo_label_count": 20939,
    "pseudo_label_accept_rate": 0.9970952380952381,
    "mean_pseudo_confidence": 0.9997998645514118,
    "consistency_loss": 0.0,
    "encoder_stage": "semisupervised_with_pseudolabels",
    "stn_status": "disabled",
    "stn_regularization_loss": 0.0,
    "val_loss": 0.294369241404077,
    "val_seq_acc": 0.9615333333333334,
    "val_char_acc": 0.9921733333333334,
    "val_edit_distance": 0.03913333333333333,
    "val_clean_accuracy": 0.9615333333333334,
    "val_robustness_drop": null,
    "val_restoration_gain": null,
    "val_position_1_acc": 0.9928666666666667,
    "val_position_2_acc": 0.9910666666666667,
    "val_position_3_acc": 0.9922666666666666,
    "val_position_4_acc": 0.9912,
    "val_position_5_acc": 0.9934666666666667,
    "test_loss": 0.28821121900250063,
    "test_seq_acc": 0.9645333333333334,
    "test_char_acc": 0.9927333333333334,
    "test_edit_distance": 0.03626666666666667,
    "test_clean_accuracy": 0.9645333333333334,
    "test_robustness_drop": null,
    "test_restoration_gain": null,
    "test_position_1_acc": 0.994,
    "test_position_2_acc": 0.9909333333333333,
    "test_position_3_acc": 0.9923333333333333,
    "test_position_4_acc": 0.9927333333333334,
    "test_position_5_acc": 0.9936666666666667
}