{
    "epoch": 88,
    "train_loss": 0.011896037258138573,
    "pretrain_loss": null,
    "finetune_loss": 0.00275269227987805,
    "pseudo_label_count": 20849,
    "pseudo_label_accept_rate": 0.9928095238095238,
    "mean_pseudo_confidence": 0.9994909691406935,
    "consistency_loss": 0.0,
    "encoder_stage": "semisupervised_with_pseudolabels",
    "stn_status": "disabled",
    "stn_regularization_loss": 0.0,
    "val_loss": 0.2927058733267373,
    "val_seq_acc": 0.9595333333333333,
    "val_char_acc": 0.9916666666666667,
    "val_edit_distance": 0.041666666666666664,
    "val_clean_accuracy": 0.9595333333333333,
    "val_robustness_drop": null,
    "val_restoration_gain": null,
    "val_position_1_acc": 0.9916666666666667,
    "val_position_2_acc": 0.9916,
    "val_position_3_acc": 0.991,
    "val_position_4_acc": 0.9906,
    "val_position_5_acc": 0.9934666666666667,
    "test_loss": 0.2881017476555265,
    "test_seq_acc": 0.9598,
    "test_char_acc": 0.9917733333333333,
    "test_edit_distance": 0.041,
    "test_clean_accuracy": 0.9598,
    "test_robustness_drop": null,
    "test_restoration_gain": null,
    "test_position_1_acc": 0.9935333333333334,
    "test_position_2_acc": 0.9897333333333334,
    "test_position_3_acc": 0.9913333333333333,
    "test_position_4_acc": 0.9916666666666667,
    "test_position_5_acc": 0.9926
}