{
    "epoch": 46,
    "train_loss": 0.17072814457139515,
    "pretrain_loss": null,
    "finetune_loss": 0.13489368585392458,
    "pseudo_label_count": 20182,
    "pseudo_label_accept_rate": 0.961047619047619,
    "mean_pseudo_confidence": 0.997614134575966,
    "consistency_loss": 0.0,
    "encoder_stage": "semisupervised_with_pseudolabels",
    "stn_status": "disabled",
    "stn_regularization_loss": 0.0,
    "val_loss": 4.7678811773340755,
    "val_seq_acc": 0.6787333333333333,
    "val_char_acc": 0.9256266666666667,
    "val_edit_distance": 0.3718,
    "val_clean_accuracy": 0.6787333333333333,
    "val_robustness_drop": null,
    "val_restoration_gain": null,
    "val_position_1_acc": 0.8989333333333334,
    "val_position_2_acc": 0.9213333333333333,
    "val_position_3_acc": 0.9241333333333334,
    "val_position_4_acc": 0.9278,
    "val_position_5_acc": 0.9559333333333333,
    "test_loss": 4.740386169514758,
    "test_seq_acc": 0.6797333333333333,
    "test_char_acc": 0.9253866666666667,
    "test_edit_distance": 0.37293333333333334,
    "test_clean_accuracy": 0.6797333333333333,
    "test_robustness_drop": null,
    "test_restoration_gain": null,
    "test_position_1_acc": 0.8996666666666666,
    "test_position_2_acc": 0.9202,
    "test_position_3_acc": 0.9278,
    "test_position_4_acc": 0.9283333333333333,
    "test_position_5_acc": 0.9509333333333333
}