{
    "epoch": 157,
    "train_loss": 0.003545672390123778,
    "pretrain_loss": null,
    "finetune_loss": 0.00038110755633773065,
    "pseudo_label_count": 20930,
    "pseudo_label_accept_rate": 0.9966666666666667,
    "mean_pseudo_confidence": 0.999738718206895,
    "consistency_loss": 0.0,
    "encoder_stage": "semisupervised_with_pseudolabels",
    "stn_status": "disabled",
    "stn_regularization_loss": 0.0,
    "val_loss": 0.29537364073032146,
    "val_seq_acc": 0.9614,
    "val_char_acc": 0.9921733333333334,
    "val_edit_distance": 0.03913333333333333,
    "val_clean_accuracy": 0.9614,
    "val_robustness_drop": null,
    "val_restoration_gain": null,
    "val_position_1_acc": 0.9932666666666666,
    "val_position_2_acc": 0.9910666666666667,
    "val_position_3_acc": 0.9919333333333333,
    "val_position_4_acc": 0.9912,
    "val_position_5_acc": 0.9934,
    "test_loss": 0.2863244474913177,
    "test_seq_acc": 0.9640666666666666,
    "test_char_acc": 0.9926266666666667,
    "test_edit_distance": 0.03673333333333333,
    "test_clean_accuracy": 0.9640666666666666,
    "test_robustness_drop": null,
    "test_restoration_gain": null,
    "test_position_1_acc": 0.9939333333333333,
    "test_position_2_acc": 0.9910666666666667,
    "test_position_3_acc": 0.9924666666666667,
    "test_position_4_acc": 0.9925333333333334,
    "test_position_5_acc": 0.9931333333333333
}