{
    "epoch": 98,
    "train_loss": 0.009586302524381042,
    "pretrain_loss": null,
    "finetune_loss": 0.002649990535823658,
    "pseudo_label_count": 20862,
    "pseudo_label_accept_rate": 0.9934285714285714,
    "mean_pseudo_confidence": 0.9995826367460611,
    "consistency_loss": 0.0,
    "encoder_stage": "semisupervised_with_pseudolabels",
    "stn_status": "disabled",
    "stn_regularization_loss": 0.0,
    "val_loss": 0.37945320432512786,
    "val_seq_acc": 0.9523333333333334,
    "val_char_acc": 0.9902933333333334,
    "val_edit_distance": 0.04853333333333333,
    "val_clean_accuracy": 0.9523333333333334,
    "val_robustness_drop": null,
    "val_restoration_gain": null,
    "val_position_1_acc": 0.9894666666666667,
    "val_position_2_acc": 0.9899333333333333,
    "val_position_3_acc": 0.9906666666666667,
    "val_position_4_acc": 0.9893333333333333,
    "val_position_5_acc": 0.9920666666666667,
    "test_loss": 0.3639283804708263,
    "test_seq_acc": 0.9538666666666666,
    "test_char_acc": 0.99056,
    "test_edit_distance": 0.047066666666666666,
    "test_clean_accuracy": 0.9538666666666666,
    "test_robustness_drop": null,
    "test_restoration_gain": null,
    "test_position_1_acc": 0.9917333333333334,
    "test_position_2_acc": 0.989,
    "test_position_3_acc": 0.9907333333333334,
    "test_position_4_acc": 0.9900666666666667,
    "test_position_5_acc": 0.9912666666666666
}