{
    "epoch": 150,
    "train_loss": 0.0026940584255706014,
    "pretrain_loss": null,
    "finetune_loss": 0.00024008501911550753,
    "pseudo_label_count": 20942,
    "pseudo_label_accept_rate": 0.9972380952380953,
    "mean_pseudo_confidence": 0.9997670157068883,
    "consistency_loss": 0.0,
    "encoder_stage": "semisupervised_with_pseudolabels",
    "stn_status": "disabled",
    "stn_regularization_loss": 0.0,
    "val_loss": 0.2945605828119988,
    "val_seq_acc": 0.9614,
    "val_char_acc": 0.9921466666666666,
    "val_edit_distance": 0.039266666666666665,
    "val_clean_accuracy": 0.9614,
    "val_robustness_drop": null,
    "val_restoration_gain": null,
    "val_position_1_acc": 0.9928666666666667,
    "val_position_2_acc": 0.9908,
    "val_position_3_acc": 0.9918,
    "val_position_4_acc": 0.9916666666666667,
    "val_position_5_acc": 0.9936,
    "test_loss": 0.28888348466436503,
    "test_seq_acc": 0.9633333333333334,
    "test_char_acc": 0.99248,
    "test_edit_distance": 0.03746666666666667,
    "test_clean_accuracy": 0.9633333333333334,
    "test_robustness_drop": null,
    "test_restoration_gain": null,
    "test_position_1_acc": 0.9937333333333334,
    "test_position_2_acc": 0.9910666666666667,
    "test_position_3_acc": 0.9921333333333333,
    "test_position_4_acc": 0.9922,
    "test_position_5_acc": 0.9932666666666666
}