{
    "epoch": 163,
    "train_loss": 0.0036458651866924513,
    "pretrain_loss": null,
    "finetune_loss": 0.0002932132087100907,
    "pseudo_label_count": 20930,
    "pseudo_label_accept_rate": 0.9966666666666667,
    "mean_pseudo_confidence": 0.9997643052477957,
    "consistency_loss": 0.0,
    "encoder_stage": "semisupervised_with_pseudolabels",
    "stn_status": "disabled",
    "stn_regularization_loss": 0.0,
    "val_loss": 0.30744371676737503,
    "val_seq_acc": 0.9601333333333333,
    "val_char_acc": 0.9918933333333333,
    "val_edit_distance": 0.04053333333333333,
    "val_clean_accuracy": 0.9601333333333333,
    "val_robustness_drop": null,
    "val_restoration_gain": null,
    "val_position_1_acc": 0.993,
    "val_position_2_acc": 0.9907333333333334,
    "val_position_3_acc": 0.9918666666666667,
    "val_position_4_acc": 0.9907333333333334,
    "val_position_5_acc": 0.9931333333333333,
    "test_loss": 0.29955226907947324,
    "test_seq_acc": 0.963,
    "test_char_acc": 0.9924,
    "test_edit_distance": 0.037866666666666667,
    "test_clean_accuracy": 0.963,
    "test_robustness_drop": null,
    "test_restoration_gain": null,
    "test_position_1_acc": 0.9936666666666667,
    "test_position_2_acc": 0.9908666666666667,
    "test_position_3_acc": 0.9920666666666667,
    "test_position_4_acc": 0.9921333333333333,
    "test_position_5_acc": 0.9932666666666666
}