{
    "epoch": 64,
    "train_loss": 0.01674888670020039,
    "pretrain_loss": null,
    "finetune_loss": 0.004389096019387138,
    "pseudo_label_count": 20709,
    "pseudo_label_accept_rate": 0.9861428571428571,
    "mean_pseudo_confidence": 0.999130868964702,
    "consistency_loss": 0.0,
    "encoder_stage": "semisupervised_with_pseudolabels",
    "stn_status": "disabled",
    "stn_regularization_loss": 0.0,
    "val_loss": 0.3945603225786707,
    "val_seq_acc": 0.9478666666666666,
    "val_char_acc": 0.9892933333333334,
    "val_edit_distance": 0.053533333333333336,
    "val_clean_accuracy": 0.9478666666666666,
    "val_robustness_drop": null,
    "val_restoration_gain": null,
    "val_position_1_acc": 0.9909333333333333,
    "val_position_2_acc": 0.9892,
    "val_position_3_acc": 0.9878,
    "val_position_4_acc": 0.9874,
    "val_position_5_acc": 0.9911333333333333,
    "test_loss": 0.39968185700461306,
    "test_seq_acc": 0.9481333333333334,
    "test_char_acc": 0.9893333333333333,
    "test_edit_distance": 0.0532,
    "test_clean_accuracy": 0.9481333333333334,
    "test_robustness_drop": null,
    "test_restoration_gain": null,
    "test_position_1_acc": 0.9913333333333333,
    "test_position_2_acc": 0.988,
    "test_position_3_acc": 0.9884,
    "test_position_4_acc": 0.9884666666666667,
    "test_position_5_acc": 0.9904666666666667
}