{
    "epoch": 91,
    "train_loss": 0.008491494578131148,
    "pretrain_loss": null,
    "finetune_loss": 0.0028625922891086877,
    "pseudo_label_count": 20853,
    "pseudo_label_accept_rate": 0.993,
    "mean_pseudo_confidence": 0.9995905791050193,
    "consistency_loss": 0.0,
    "encoder_stage": "semisupervised_with_pseudolabels",
    "stn_status": "disabled",
    "stn_regularization_loss": 0.0,
    "val_loss": 0.3079544104443754,
    "val_seq_acc": 0.956,
    "val_char_acc": 0.9910266666666666,
    "val_edit_distance": 0.044866666666666666,
    "val_clean_accuracy": 0.956,
    "val_robustness_drop": null,
    "val_restoration_gain": null,
    "val_position_1_acc": 0.9902666666666666,
    "val_position_2_acc": 0.9904666666666667,
    "val_position_3_acc": 0.991,
    "val_position_4_acc": 0.9906,
    "val_position_5_acc": 0.9928,
    "test_loss": 0.30950637447562296,
    "test_seq_acc": 0.9562,
    "test_char_acc": 0.99104,
    "test_edit_distance": 0.04466666666666667,
    "test_clean_accuracy": 0.9562,
    "test_robustness_drop": null,
    "test_restoration_gain": null,
    "test_position_1_acc": 0.9925333333333334,
    "test_position_2_acc": 0.9888,
    "test_position_3_acc": 0.9905333333333334,
    "test_position_4_acc": 0.9912666666666666,
    "test_position_5_acc": 0.9920666666666667
}