{
    "epoch": 148,
    "train_loss": 0.0033539372560687343,
    "pretrain_loss": null,
    "finetune_loss": 0.0002071173651816868,
    "pseudo_label_count": 20914,
    "pseudo_label_accept_rate": 0.995904761904762,
    "mean_pseudo_confidence": 0.9997793167353566,
    "consistency_loss": 0.0,
    "encoder_stage": "semisupervised_with_pseudolabels",
    "stn_status": "disabled",
    "stn_regularization_loss": 0.0,
    "val_loss": 0.31687829228140374,
    "val_seq_acc": 0.9586666666666667,
    "val_char_acc": 0.99164,
    "val_edit_distance": 0.0418,
    "val_clean_accuracy": 0.9586666666666667,
    "val_robustness_drop": null,
    "val_restoration_gain": null,
    "val_position_1_acc": 0.9928666666666667,
    "val_position_2_acc": 0.9901333333333333,
    "val_position_3_acc": 0.9914666666666667,
    "val_position_4_acc": 0.9908,
    "val_position_5_acc": 0.9929333333333333,
    "test_loss": 0.30549714014005463,
    "test_seq_acc": 0.9623333333333334,
    "test_char_acc": 0.9922666666666666,
    "test_edit_distance": 0.038533333333333336,
    "test_clean_accuracy": 0.9623333333333334,
    "test_robustness_drop": null,
    "test_restoration_gain": null,
    "test_position_1_acc": 0.9938666666666667,
    "test_position_2_acc": 0.9899333333333333,
    "test_position_3_acc": 0.9921333333333333,
    "test_position_4_acc": 0.9925333333333334,
    "test_position_5_acc": 0.9928666666666667
}