{
    "epoch": 59,
    "train_loss": 0.022812223657106483,
    "pretrain_loss": null,
    "finetune_loss": 0.007132278629887166,
    "pseudo_label_count": 20671,
    "pseudo_label_accept_rate": 0.9843333333333333,
    "mean_pseudo_confidence": 0.9989477063198808,
    "consistency_loss": 0.0,
    "encoder_stage": "semisupervised_with_pseudolabels",
    "stn_status": "disabled",
    "stn_regularization_loss": 0.0,
    "val_loss": 0.2795457654893634,
    "val_seq_acc": 0.9548,
    "val_char_acc": 0.9908,
    "val_edit_distance": 0.046,
    "val_clean_accuracy": 0.9548,
    "val_robustness_drop": null,
    "val_restoration_gain": null,
    "val_position_1_acc": 0.9911333333333333,
    "val_position_2_acc": 0.9893333333333333,
    "val_position_3_acc": 0.9908666666666667,
    "val_position_4_acc": 0.9896666666666667,
    "val_position_5_acc": 0.993,
    "test_loss": 0.2854637206021815,
    "test_seq_acc": 0.9550666666666666,
    "test_char_acc": 0.9908,
    "test_edit_distance": 0.04593333333333333,
    "test_clean_accuracy": 0.9550666666666666,
    "test_robustness_drop": null,
    "test_restoration_gain": null,
    "test_position_1_acc": 0.9927333333333334,
    "test_position_2_acc": 0.9877333333333334,
    "test_position_3_acc": 0.9897333333333334,
    "test_position_4_acc": 0.9907333333333334,
    "test_position_5_acc": 0.9930666666666667
}