{
    "epoch": 58,
    "train_loss": 0.020689708787459266,
    "pretrain_loss": null,
    "finetune_loss": 0.007127816836155438,
    "pseudo_label_count": 20627,
    "pseudo_label_accept_rate": 0.9822380952380952,
    "mean_pseudo_confidence": 0.9989077199382119,
    "consistency_loss": 0.0,
    "encoder_stage": "semisupervised_with_pseudolabels",
    "stn_status": "disabled",
    "stn_regularization_loss": 0.0,
    "val_loss": 0.2755077081011358,
    "val_seq_acc": 0.9548666666666666,
    "val_char_acc": 0.99072,
    "val_edit_distance": 0.0464,
    "val_clean_accuracy": 0.9548666666666666,
    "val_robustness_drop": null,
    "val_restoration_gain": null,
    "val_position_1_acc": 0.9926666666666667,
    "val_position_2_acc": 0.9896,
    "val_position_3_acc": 0.9898,
    "val_position_4_acc": 0.9896666666666667,
    "val_position_5_acc": 0.9918666666666667,
    "test_loss": 0.2620101332602567,
    "test_seq_acc": 0.9572,
    "test_char_acc": 0.9911466666666666,
    "test_edit_distance": 0.0442,
    "test_clean_accuracy": 0.9572,
    "test_robustness_drop": null,
    "test_restoration_gain": null,
    "test_position_1_acc": 0.993,
    "test_position_2_acc": 0.9893333333333333,
    "test_position_3_acc": 0.9910666666666667,
    "test_position_4_acc": 0.991,
    "test_position_5_acc": 0.9913333333333333
}