{
    "epoch": 41,
    "train_loss": 0.24579201854816052,
    "pretrain_loss": null,
    "finetune_loss": 0.11051622828694824,
    "pseudo_label_count": 18300,
    "pseudo_label_accept_rate": 0.8714285714285714,
    "mean_pseudo_confidence": 0.9945404056121743,
    "consistency_loss": 0.0,
    "encoder_stage": "semisupervised_with_pseudolabels",
    "stn_status": "disabled",
    "stn_regularization_loss": 0.0,
    "val_loss": 13.352319007224224,
    "val_seq_acc": 0.33386666666666664,
    "val_char_acc": 0.8000666666666667,
    "val_edit_distance": 0.9994666666666666,
    "val_clean_accuracy": 0.33386666666666664,
    "val_robustness_drop": null,
    "val_restoration_gain": null,
    "val_position_1_acc": 0.6913333333333334,
    "val_position_2_acc": 0.8396666666666667,
    "val_position_3_acc": 0.8344,
    "val_position_4_acc": 0.8338666666666666,
    "val_position_5_acc": 0.8010666666666667,
    "test_loss": 13.356770373405293,
    "test_seq_acc": 0.33453333333333335,
    "test_char_acc": 0.8009466666666667,
    "test_edit_distance": 0.995,
    "test_clean_accuracy": 0.33453333333333335,
    "test_robustness_drop": null,
    "test_restoration_gain": null,
    "test_position_1_acc": 0.699,
    "test_position_2_acc": 0.8394666666666667,
    "test_position_3_acc": 0.8339333333333333,
    "test_position_4_acc": 0.8311333333333333,
    "test_position_5_acc": 0.8012
}