{
    "epoch": 66,
    "train_loss": 0.014957516112823237,
    "pretrain_loss": null,
    "finetune_loss": 0.004417807421658867,
    "pseudo_label_count": 20774,
    "pseudo_label_accept_rate": 0.9892380952380952,
    "mean_pseudo_confidence": 0.999232895693123,
    "consistency_loss": 0.0,
    "encoder_stage": "semisupervised_with_pseudolabels",
    "stn_status": "disabled",
    "stn_regularization_loss": 0.0,
    "val_loss": 0.29599153506111336,
    "val_seq_acc": 0.9569333333333333,
    "val_char_acc": 0.9912,
    "val_edit_distance": 0.044,
    "val_clean_accuracy": 0.9569333333333333,
    "val_robustness_drop": null,
    "val_restoration_gain": null,
    "val_position_1_acc": 0.9900666666666667,
    "val_position_2_acc": 0.9912666666666666,
    "val_position_3_acc": 0.9918,
    "val_position_4_acc": 0.9906,
    "val_position_5_acc": 0.9922666666666666,
    "test_loss": 0.2771167824721023,
    "test_seq_acc": 0.9593333333333334,
    "test_char_acc": 0.9916266666666667,
    "test_edit_distance": 0.04186666666666667,
    "test_clean_accuracy": 0.9593333333333334,
    "test_robustness_drop": null,
    "test_restoration_gain": null,
    "test_position_1_acc": 0.9926,
    "test_position_2_acc": 0.9892,
    "test_position_3_acc": 0.9926,
    "test_position_4_acc": 0.9922666666666666,
    "test_position_5_acc": 0.9914666666666667
}