{
    "epoch": 125,
    "train_loss": 0.005397173477007876,
    "pretrain_loss": null,
    "finetune_loss": 0.0005590726814926775,
    "pseudo_label_count": 20902,
    "pseudo_label_accept_rate": 0.9953333333333333,
    "mean_pseudo_confidence": 0.9996960015972657,
    "consistency_loss": 0.0,
    "encoder_stage": "semisupervised_with_pseudolabels",
    "stn_status": "disabled",
    "stn_regularization_loss": 0.0,
    "val_loss": 0.302125723864315,
    "val_seq_acc": 0.9608666666666666,
    "val_char_acc": 0.9920666666666667,
    "val_edit_distance": 0.03966666666666667,
    "val_clean_accuracy": 0.9608666666666666,
    "val_robustness_drop": null,
    "val_restoration_gain": null,
    "val_position_1_acc": 0.9927333333333334,
    "val_position_2_acc": 0.9908666666666667,
    "val_position_3_acc": 0.9922666666666666,
    "val_position_4_acc": 0.991,
    "val_position_5_acc": 0.9934666666666667,
    "test_loss": 0.2906010201569749,
    "test_seq_acc": 0.9637333333333333,
    "test_char_acc": 0.9925733333333333,
    "test_edit_distance": 0.037,
    "test_clean_accuracy": 0.9637333333333333,
    "test_robustness_drop": null,
    "test_restoration_gain": null,
    "test_position_1_acc": 0.9939333333333333,
    "test_position_2_acc": 0.9904666666666667,
    "test_position_3_acc": 0.9920666666666667,
    "test_position_4_acc": 0.9928,
    "test_position_5_acc": 0.9936
}