{
    "epoch": 160,
    "train_loss": 0.003504341748655172,
    "pretrain_loss": null,
    "finetune_loss": 0.0002921653485281675,
    "pseudo_label_count": 20921,
    "pseudo_label_accept_rate": 0.9962380952380953,
    "mean_pseudo_confidence": 0.9997555294340459,
    "consistency_loss": 0.0,
    "encoder_stage": "semisupervised_with_pseudolabels",
    "stn_status": "disabled",
    "stn_regularization_loss": 0.0,
    "val_loss": 0.2998163678841399,
    "val_seq_acc": 0.9602666666666667,
    "val_char_acc": 0.9919333333333333,
    "val_edit_distance": 0.04033333333333333,
    "val_clean_accuracy": 0.9602666666666667,
    "val_robustness_drop": null,
    "val_restoration_gain": null,
    "val_position_1_acc": 0.9928,
    "val_position_2_acc": 0.9905333333333334,
    "val_position_3_acc": 0.9922,
    "val_position_4_acc": 0.9910666666666667,
    "val_position_5_acc": 0.9930666666666667,
    "test_loss": 0.2965763642993787,
    "test_seq_acc": 0.9638666666666666,
    "test_char_acc": 0.9925866666666666,
    "test_edit_distance": 0.03693333333333333,
    "test_clean_accuracy": 0.9638666666666666,
    "test_robustness_drop": null,
    "test_restoration_gain": null,
    "test_position_1_acc": 0.9939333333333333,
    "test_position_2_acc": 0.9909333333333333,
    "test_position_3_acc": 0.9925333333333334,
    "test_position_4_acc": 0.9924666666666667,
    "test_position_5_acc": 0.9930666666666667
}