{
    "epoch": 147,
    "train_loss": 0.0028405153261339662,
    "pretrain_loss": null,
    "finetune_loss": 0.00027664808702232104,
    "pseudo_label_count": 20927,
    "pseudo_label_accept_rate": 0.9965238095238095,
    "mean_pseudo_confidence": 0.9997484072763032,
    "consistency_loss": 0.0,
    "encoder_stage": "semisupervised_with_pseudolabels",
    "stn_status": "disabled",
    "stn_regularization_loss": 0.0,
    "val_loss": 0.2949525790787989,
    "val_seq_acc": 0.9604666666666667,
    "val_char_acc": 0.9919733333333334,
    "val_edit_distance": 0.04013333333333333,
    "val_clean_accuracy": 0.9604666666666667,
    "val_robustness_drop": null,
    "val_restoration_gain": null,
    "val_position_1_acc": 0.9917333333333334,
    "val_position_2_acc": 0.9913333333333333,
    "val_position_3_acc": 0.9922,
    "val_position_4_acc": 0.9912,
    "val_position_5_acc": 0.9934,
    "test_loss": 0.29156722343637315,
    "test_seq_acc": 0.964,
    "test_char_acc": 0.9926,
    "test_edit_distance": 0.036866666666666666,
    "test_clean_accuracy": 0.964,
    "test_robustness_drop": null,
    "test_restoration_gain": null,
    "test_position_1_acc": 0.9938666666666667,
    "test_position_2_acc": 0.9909333333333333,
    "test_position_3_acc": 0.9922,
    "test_position_4_acc": 0.9926666666666667,
    "test_position_5_acc": 0.9933333333333333
}