{
    "epoch": 86,
    "train_loss": 0.01004071841412522,
    "pretrain_loss": null,
    "finetune_loss": 0.00246462116552844,
    "pseudo_label_count": 20828,
    "pseudo_label_accept_rate": 0.9918095238095238,
    "mean_pseudo_confidence": 0.999516484007992,
    "consistency_loss": 0.0,
    "encoder_stage": "semisupervised_with_pseudolabels",
    "stn_status": "disabled",
    "stn_regularization_loss": 0.0,
    "val_loss": 0.4041753325657176,
    "val_seq_acc": 0.9523333333333334,
    "val_char_acc": 0.9902533333333333,
    "val_edit_distance": 0.04873333333333333,
    "val_clean_accuracy": 0.9523333333333334,
    "val_robustness_drop": null,
    "val_restoration_gain": null,
    "val_position_1_acc": 0.9890666666666666,
    "val_position_2_acc": 0.9896,
    "val_position_3_acc": 0.9900666666666667,
    "val_position_4_acc": 0.9892666666666666,
    "val_position_5_acc": 0.9932666666666666,
    "test_loss": 0.40348265963358687,
    "test_seq_acc": 0.9522,
    "test_char_acc": 0.9902533333333333,
    "test_edit_distance": 0.0486,
    "test_clean_accuracy": 0.9522,
    "test_robustness_drop": null,
    "test_restoration_gain": null,
    "test_position_1_acc": 0.9918666666666667,
    "test_position_2_acc": 0.9871333333333333,
    "test_position_3_acc": 0.9897333333333334,
    "test_position_4_acc": 0.9900666666666667,
    "test_position_5_acc": 0.9924666666666667
}