{
    "epoch": 133,
    "train_loss": 0.004837915048416768,
    "pretrain_loss": null,
    "finetune_loss": 0.00034589789415816137,
    "pseudo_label_count": 20907,
    "pseudo_label_accept_rate": 0.9955714285714286,
    "mean_pseudo_confidence": 0.9997160355010561,
    "consistency_loss": 0.0,
    "encoder_stage": "semisupervised_with_pseudolabels",
    "stn_status": "disabled",
    "stn_regularization_loss": 0.0,
    "val_loss": 0.2990429847243425,
    "val_seq_acc": 0.9598666666666666,
    "val_char_acc": 0.9918533333333334,
    "val_edit_distance": 0.04073333333333334,
    "val_clean_accuracy": 0.9598666666666666,
    "val_robustness_drop": null,
    "val_restoration_gain": null,
    "val_position_1_acc": 0.9921333333333333,
    "val_position_2_acc": 0.9904666666666667,
    "val_position_3_acc": 0.9919333333333333,
    "val_position_4_acc": 0.9910666666666667,
    "val_position_5_acc": 0.9936666666666667,
    "test_loss": 0.2884189013162424,
    "test_seq_acc": 0.9634666666666667,
    "test_char_acc": 0.9924933333333333,
    "test_edit_distance": 0.0374,
    "test_clean_accuracy": 0.9634666666666667,
    "test_robustness_drop": null,
    "test_restoration_gain": null,
    "test_position_1_acc": 0.9938,
    "test_position_2_acc": 0.9906,
    "test_position_3_acc": 0.9921333333333333,
    "test_position_4_acc": 0.9926,
    "test_position_5_acc": 0.9933333333333333
}