{
    "epoch": 51,
    "train_loss": 0.4988813286956277,
    "pretrain_loss": null,
    "finetune_loss": 0.46837874815413877,
    "pseudo_label_count": 20230,
    "pseudo_label_accept_rate": 0.9633333333333334,
    "mean_pseudo_confidence": 0.9974646740365134,
    "consistency_loss": 0.0,
    "encoder_stage": "semisupervised_with_pseudolabels",
    "stn_status": "disabled",
    "stn_regularization_loss": 0.0,
    "val_loss": 0.24500598529195214,
    "val_seq_acc": 0.9487333333333333,
    "val_char_acc": 0.9894666666666667,
    "val_edit_distance": 0.05266666666666667,
    "val_clean_accuracy": 0.9487333333333333,
    "val_robustness_drop": null,
    "val_restoration_gain": null,
    "val_position_1_acc": 0.9904,
    "val_position_2_acc": 0.9882,
    "val_position_3_acc": 0.9884,
    "val_position_4_acc": 0.9884,
    "val_position_5_acc": 0.9919333333333333,
    "test_loss": 0.24234866297486773,
    "test_seq_acc": 0.9492,
    "test_char_acc": 0.9894533333333333,
    "test_edit_distance": 0.05266666666666667,
    "test_clean_accuracy": 0.9492,
    "test_robustness_drop": null,
    "test_restoration_gain": null,
    "test_position_1_acc": 0.9923333333333333,
    "test_position_2_acc": 0.9867333333333334,
    "test_position_3_acc": 0.9884666666666667,
    "test_position_4_acc": 0.9889333333333333,
    "test_position_5_acc": 0.9908
}