{
    "epoch": 11,
    "train_loss": 0.20565046425471106,
    "pretrain_loss": null,
    "finetune_loss": 0.20565046425471106,
    "pseudo_label_count": 0,
    "pseudo_label_accept_rate": 0.0,
    "mean_pseudo_confidence": 0.0,
    "consistency_loss": 0.0,
    "encoder_stage": "semisupervised_warmup",
    "stn_status": "disabled",
    "stn_regularization_loss": 0.0,
    "val_loss": 0.2520335386408136,
    "val_seq_acc": 0.9298666666666666,
    "val_char_acc": 0.985,
    "val_edit_distance": 0.07486666666666666,
    "val_clean_accuracy": 0.9298666666666666,
    "val_robustness_drop": null,
    "val_restoration_gain": null,
    "val_position_1_acc": 0.9886,
    "val_position_2_acc": 0.9811333333333333,
    "val_position_3_acc": 0.984,
    "val_position_4_acc": 0.9824666666666667,
    "val_position_5_acc": 0.9888,
    "test_loss": 0.24819554577958078,
    "test_seq_acc": 0.9289333333333334,
    "test_char_acc": 0.9847733333333333,
    "test_edit_distance": 0.07613333333333333,
    "test_clean_accuracy": 0.9289333333333334,
    "test_robustness_drop": null,
    "test_restoration_gain": null,
    "test_position_1_acc": 0.9896,
    "test_position_2_acc": 0.9807333333333333,
    "test_position_3_acc": 0.9833333333333333,
    "test_position_4_acc": 0.9821333333333333,
    "test_position_5_acc": 0.9880666666666666
}