{
    "epoch": 38,
    "train_loss": 0.17648043553863757,
    "pretrain_loss": null,
    "finetune_loss": 0.11093359646951541,
    "pseudo_label_count": 19660,
    "pseudo_label_accept_rate": 0.9361904761904762,
    "mean_pseudo_confidence": 0.996467990671509,
    "consistency_loss": 0.0,
    "encoder_stage": "semisupervised_with_pseudolabels",
    "stn_status": "disabled",
    "stn_regularization_loss": 0.0,
    "val_loss": 7.182511203847033,
    "val_seq_acc": 0.5448,
    "val_char_acc": 0.8853066666666667,
    "val_edit_distance": 0.5732666666666667,
    "val_clean_accuracy": 0.5448,
    "val_robustness_drop": null,
    "val_restoration_gain": null,
    "val_position_1_acc": 0.9058666666666667,
    "val_position_2_acc": 0.8858666666666667,
    "val_position_3_acc": 0.8498,
    "val_position_4_acc": 0.8769333333333333,
    "val_position_5_acc": 0.9080666666666667,
    "test_loss": 7.1315581828989885,
    "test_seq_acc": 0.5511333333333334,
    "test_char_acc": 0.88508,
    "test_edit_distance": 0.5745333333333333,
    "test_clean_accuracy": 0.5511333333333334,
    "test_robustness_drop": null,
    "test_restoration_gain": null,
    "test_position_1_acc": 0.9033333333333333,
    "test_position_2_acc": 0.8850666666666667,
    "test_position_3_acc": 0.8542666666666666,
    "test_position_4_acc": 0.8786,
    "test_position_5_acc": 0.9041333333333333
}