{
    "epoch": 71,
    "train_loss": 0.013628988636547353,
    "pretrain_loss": null,
    "finetune_loss": 0.003556709842257978,
    "pseudo_label_count": 20775,
    "pseudo_label_accept_rate": 0.9892857142857143,
    "mean_pseudo_confidence": 0.9993857629778297,
    "consistency_loss": 0.0,
    "encoder_stage": "semisupervised_with_pseudolabels",
    "stn_status": "disabled",
    "stn_regularization_loss": 0.0,
    "val_loss": 0.2652398706708714,
    "val_seq_acc": 0.9595333333333333,
    "val_char_acc": 0.9917333333333334,
    "val_edit_distance": 0.04133333333333333,
    "val_clean_accuracy": 0.9595333333333333,
    "val_robustness_drop": null,
    "val_restoration_gain": null,
    "val_position_1_acc": 0.9918,
    "val_position_2_acc": 0.9912,
    "val_position_3_acc": 0.9915333333333334,
    "val_position_4_acc": 0.9907333333333334,
    "val_position_5_acc": 0.9934,
    "test_loss": 0.2486598990467099,
    "test_seq_acc": 0.9621333333333333,
    "test_char_acc": 0.9922266666666667,
    "test_edit_distance": 0.03886666666666667,
    "test_clean_accuracy": 0.9621333333333333,
    "test_robustness_drop": null,
    "test_restoration_gain": null,
    "test_position_1_acc": 0.9939333333333333,
    "test_position_2_acc": 0.991,
    "test_position_3_acc": 0.9923333333333333,
    "test_position_4_acc": 0.9914666666666667,
    "test_position_5_acc": 0.9924
}