{
    "epoch": 33,
    "train_loss": 0.19926433815966466,
    "pretrain_loss": null,
    "finetune_loss": 0.11587339514433637,
    "pseudo_label_count": 19297,
    "pseudo_label_accept_rate": 0.9189047619047619,
    "mean_pseudo_confidence": 0.9955838629882768,
    "consistency_loss": 0.0,
    "encoder_stage": "semisupervised_with_pseudolabels",
    "stn_status": "disabled",
    "stn_regularization_loss": 0.0,
    "val_loss": 9.752054906398692,
    "val_seq_acc": 0.5149333333333334,
    "val_char_acc": 0.8746666666666667,
    "val_edit_distance": 0.6265333333333334,
    "val_clean_accuracy": 0.5149333333333334,
    "val_robustness_drop": null,
    "val_restoration_gain": null,
    "val_position_1_acc": 0.8693333333333333,
    "val_position_2_acc": 0.8731333333333333,
    "val_position_3_acc": 0.8730666666666667,
    "val_position_4_acc": 0.8553333333333333,
    "val_position_5_acc": 0.9024666666666666,
    "test_loss": 9.86906207673093,
    "test_seq_acc": 0.5084666666666666,
    "test_char_acc": 0.8724133333333334,
    "test_edit_distance": 0.6376666666666667,
    "test_clean_accuracy": 0.5084666666666666,
    "test_robustness_drop": null,
    "test_restoration_gain": null,
    "test_position_1_acc": 0.8710666666666667,
    "test_position_2_acc": 0.8787333333333334,
    "test_position_3_acc": 0.8632,
    "test_position_4_acc": 0.8536666666666667,
    "test_position_5_acc": 0.8954
}