{
    "epoch": 189,
    "train_loss": 0.0027561893285488605,
    "pretrain_loss": null,
    "finetune_loss": 0.00020030636695999267,
    "pseudo_label_count": 20953,
    "pseudo_label_accept_rate": 0.9977619047619047,
    "mean_pseudo_confidence": 0.9997888590187718,
    "consistency_loss": 0.0,
    "encoder_stage": "semisupervised_with_pseudolabels",
    "stn_status": "disabled",
    "stn_regularization_loss": 0.0,
    "val_loss": 0.30239145489418523,
    "val_seq_acc": 0.9612,
    "val_char_acc": 0.9921466666666666,
    "val_edit_distance": 0.039266666666666665,
    "val_clean_accuracy": 0.9612,
    "val_robustness_drop": null,
    "val_restoration_gain": null,
    "val_position_1_acc": 0.9928666666666667,
    "val_position_2_acc": 0.9908,
    "val_position_3_acc": 0.9922,
    "val_position_4_acc": 0.9912,
    "val_position_5_acc": 0.9936666666666667,
    "test_loss": 0.2942054961321311,
    "test_seq_acc": 0.9649333333333333,
    "test_char_acc": 0.9928,
    "test_edit_distance": 0.035866666666666665,
    "test_clean_accuracy": 0.9649333333333333,
    "test_robustness_drop": null,
    "test_restoration_gain": null,
    "test_position_1_acc": 0.9942666666666666,
    "test_position_2_acc": 0.9913333333333333,
    "test_position_3_acc": 0.9924,
    "test_position_4_acc": 0.9926666666666667,
    "test_position_5_acc": 0.9933333333333333
}