{
    "epoch": 52,
    "train_loss": 0.052110121432058204,
    "pretrain_loss": null,
    "finetune_loss": 0.02761954369324967,
    "pseudo_label_count": 20373,
    "pseudo_label_accept_rate": 0.9701428571428572,
    "mean_pseudo_confidence": 0.9980310443948764,
    "consistency_loss": 0.0,
    "encoder_stage": "semisupervised_with_pseudolabels",
    "stn_status": "disabled",
    "stn_regularization_loss": 0.0,
    "val_loss": 0.23314950396554504,
    "val_seq_acc": 0.9518666666666666,
    "val_char_acc": 0.9901333333333333,
    "val_edit_distance": 0.04933333333333333,
    "val_clean_accuracy": 0.9518666666666666,
    "val_robustness_drop": null,
    "val_restoration_gain": null,
    "val_position_1_acc": 0.9912,
    "val_position_2_acc": 0.9886,
    "val_position_3_acc": 0.9898666666666667,
    "val_position_4_acc": 0.9886666666666667,
    "val_position_5_acc": 0.9923333333333333,
    "test_loss": 0.22275487894806614,
    "test_seq_acc": 0.9554666666666667,
    "test_char_acc": 0.9907466666666667,
    "test_edit_distance": 0.0462,
    "test_clean_accuracy": 0.9554666666666667,
    "test_robustness_drop": null,
    "test_restoration_gain": null,
    "test_position_1_acc": 0.9926666666666667,
    "test_position_2_acc": 0.9885333333333334,
    "test_position_3_acc": 0.9901333333333333,
    "test_position_4_acc": 0.9904,
    "test_position_5_acc": 0.992
}