{
    "epoch": 65,
    "train_loss": 0.017056497948293104,
    "pretrain_loss": null,
    "finetune_loss": 0.004511492813451948,
    "pseudo_label_count": 20732,
    "pseudo_label_accept_rate": 0.9872380952380952,
    "mean_pseudo_confidence": 0.9991579910238209,
    "consistency_loss": 0.0,
    "encoder_stage": "semisupervised_with_pseudolabels",
    "stn_status": "disabled",
    "stn_regularization_loss": 0.0,
    "val_loss": 0.36348162261029815,
    "val_seq_acc": 0.9501333333333334,
    "val_char_acc": 0.9897733333333333,
    "val_edit_distance": 0.051133333333333336,
    "val_clean_accuracy": 0.9501333333333334,
    "val_robustness_drop": null,
    "val_restoration_gain": null,
    "val_position_1_acc": 0.9891333333333333,
    "val_position_2_acc": 0.9890666666666666,
    "val_position_3_acc": 0.9902,
    "val_position_4_acc": 0.9888666666666667,
    "val_position_5_acc": 0.9916,
    "test_loss": 0.3676994804567236,
    "test_seq_acc": 0.9498,
    "test_char_acc": 0.9896666666666667,
    "test_edit_distance": 0.05146666666666667,
    "test_clean_accuracy": 0.9498,
    "test_robustness_drop": null,
    "test_restoration_gain": null,
    "test_position_1_acc": 0.9912666666666666,
    "test_position_2_acc": 0.9868,
    "test_position_3_acc": 0.9887333333333334,
    "test_position_4_acc": 0.9897333333333334,
    "test_position_5_acc": 0.9918
}