{
    "epoch": 85,
    "train_loss": 0.010390638208584737,
    "pretrain_loss": null,
    "finetune_loss": 0.0027417843611724007,
    "pseudo_label_count": 20844,
    "pseudo_label_accept_rate": 0.9925714285714285,
    "mean_pseudo_confidence": 0.9994953033952012,
    "consistency_loss": 0.0,
    "encoder_stage": "semisupervised_with_pseudolabels",
    "stn_status": "disabled",
    "stn_regularization_loss": 0.0,
    "val_loss": 0.33162983707305566,
    "val_seq_acc": 0.9559333333333333,
    "val_char_acc": 0.9910266666666666,
    "val_edit_distance": 0.044866666666666666,
    "val_clean_accuracy": 0.9559333333333333,
    "val_robustness_drop": null,
    "val_restoration_gain": null,
    "val_position_1_acc": 0.9902666666666666,
    "val_position_2_acc": 0.9912666666666666,
    "val_position_3_acc": 0.9909333333333333,
    "val_position_4_acc": 0.9896,
    "val_position_5_acc": 0.9930666666666667,
    "test_loss": 0.3229835386052226,
    "test_seq_acc": 0.9575333333333333,
    "test_char_acc": 0.9912666666666666,
    "test_edit_distance": 0.043533333333333334,
    "test_clean_accuracy": 0.9575333333333333,
    "test_robustness_drop": null,
    "test_restoration_gain": null,
    "test_position_1_acc": 0.9932666666666666,
    "test_position_2_acc": 0.989,
    "test_position_3_acc": 0.9916,
    "test_position_4_acc": 0.9902,
    "test_position_5_acc": 0.9922666666666666
}