{
    "epoch": 177,
    "train_loss": 0.0038271326745181007,
    "pretrain_loss": null,
    "finetune_loss": 0.0002432439124246282,
    "pseudo_label_count": 20946,
    "pseudo_label_accept_rate": 0.9974285714285714,
    "mean_pseudo_confidence": 0.9997745543009775,
    "consistency_loss": 0.0,
    "encoder_stage": "semisupervised_with_pseudolabels",
    "stn_status": "disabled",
    "stn_regularization_loss": 0.0,
    "val_loss": 0.29714448515673253,
    "val_seq_acc": 0.9614,
    "val_char_acc": 0.9921733333333334,
    "val_edit_distance": 0.03913333333333333,
    "val_clean_accuracy": 0.9614,
    "val_robustness_drop": null,
    "val_restoration_gain": null,
    "val_position_1_acc": 0.9926666666666667,
    "val_position_2_acc": 0.9910666666666667,
    "val_position_3_acc": 0.9926666666666667,
    "val_position_4_acc": 0.9911333333333333,
    "val_position_5_acc": 0.9933333333333333,
    "test_loss": 0.290121019288408,
    "test_seq_acc": 0.9640666666666666,
    "test_char_acc": 0.99264,
    "test_edit_distance": 0.03666666666666667,
    "test_clean_accuracy": 0.9640666666666666,
    "test_robustness_drop": null,
    "test_restoration_gain": null,
    "test_position_1_acc": 0.9943333333333333,
    "test_position_2_acc": 0.9911333333333333,
    "test_position_3_acc": 0.9918666666666667,
    "test_position_4_acc": 0.9926666666666667,
    "test_position_5_acc": 0.9932
}