{
    "epoch": 55,
    "train_loss": 0.025056282032748706,
    "pretrain_loss": null,
    "finetune_loss": 0.008953819840151924,
    "pseudo_label_count": 20566,
    "pseudo_label_accept_rate": 0.9793333333333333,
    "mean_pseudo_confidence": 0.9986693278298493,
    "consistency_loss": 0.0,
    "encoder_stage": "semisupervised_with_pseudolabels",
    "stn_status": "disabled",
    "stn_regularization_loss": 0.0,
    "val_loss": 0.2132497097884783,
    "val_seq_acc": 0.9596,
    "val_char_acc": 0.99176,
    "val_edit_distance": 0.0412,
    "val_clean_accuracy": 0.9596,
    "val_robustness_drop": null,
    "val_restoration_gain": null,
    "val_position_1_acc": 0.993,
    "val_position_2_acc": 0.9904666666666667,
    "val_position_3_acc": 0.9915333333333334,
    "val_position_4_acc": 0.9906666666666667,
    "val_position_5_acc": 0.9931333333333333,
    "test_loss": 0.2088473886491711,
    "test_seq_acc": 0.9616,
    "test_char_acc": 0.99208,
    "test_edit_distance": 0.03953333333333333,
    "test_clean_accuracy": 0.9616,
    "test_robustness_drop": null,
    "test_restoration_gain": null,
    "test_position_1_acc": 0.9937333333333334,
    "test_position_2_acc": 0.9902,
    "test_position_3_acc": 0.9912666666666666,
    "test_position_4_acc": 0.9922,
    "test_position_5_acc": 0.993
}