{
    "epoch": 115,
    "train_loss": 0.0047561426548257965,
    "pretrain_loss": null,
    "finetune_loss": 0.0006610593010002201,
    "pseudo_label_count": 20900,
    "pseudo_label_accept_rate": 0.9952380952380953,
    "mean_pseudo_confidence": 0.9996846569554088,
    "consistency_loss": 0.0,
    "encoder_stage": "semisupervised_with_pseudolabels",
    "stn_status": "disabled",
    "stn_regularization_loss": 0.0,
    "val_loss": 0.30014661041538043,
    "val_seq_acc": 0.9603333333333334,
    "val_char_acc": 0.9919466666666666,
    "val_edit_distance": 0.040266666666666666,
    "val_clean_accuracy": 0.9603333333333334,
    "val_robustness_drop": null,
    "val_restoration_gain": null,
    "val_position_1_acc": 0.9926666666666667,
    "val_position_2_acc": 0.9909333333333333,
    "val_position_3_acc": 0.992,
    "val_position_4_acc": 0.9907333333333334,
    "val_position_5_acc": 0.9934,
    "test_loss": 0.28901241284550433,
    "test_seq_acc": 0.9623333333333334,
    "test_char_acc": 0.9922666666666666,
    "test_edit_distance": 0.038533333333333336,
    "test_clean_accuracy": 0.9623333333333334,
    "test_robustness_drop": null,
    "test_restoration_gain": null,
    "test_position_1_acc": 0.9936,
    "test_position_2_acc": 0.9908,
    "test_position_3_acc": 0.9921333333333333,
    "test_position_4_acc": 0.9920666666666667,
    "test_position_5_acc": 0.9927333333333334
}