{
    "epoch": 173,
    "train_loss": 0.0038957357767817253,
    "pretrain_loss": null,
    "finetune_loss": 0.00026735167652713914,
    "pseudo_label_count": 20929,
    "pseudo_label_accept_rate": 0.9966190476190476,
    "mean_pseudo_confidence": 0.9997846784158332,
    "consistency_loss": 0.0,
    "encoder_stage": "semisupervised_with_pseudolabels",
    "stn_status": "disabled",
    "stn_regularization_loss": 0.0,
    "val_loss": 0.2974187946444448,
    "val_seq_acc": 0.9612666666666667,
    "val_char_acc": 0.99216,
    "val_edit_distance": 0.0392,
    "val_clean_accuracy": 0.9612666666666667,
    "val_robustness_drop": null,
    "val_restoration_gain": null,
    "val_position_1_acc": 0.9924,
    "val_position_2_acc": 0.9913333333333333,
    "val_position_3_acc": 0.9923333333333333,
    "val_position_4_acc": 0.9914,
    "val_position_5_acc": 0.9933333333333333,
    "test_loss": 0.29187885829817384,
    "test_seq_acc": 0.9641333333333333,
    "test_char_acc": 0.99264,
    "test_edit_distance": 0.03666666666666667,
    "test_clean_accuracy": 0.9641333333333333,
    "test_robustness_drop": null,
    "test_restoration_gain": null,
    "test_position_1_acc": 0.9942666666666666,
    "test_position_2_acc": 0.9914666666666667,
    "test_position_3_acc": 0.992,
    "test_position_4_acc": 0.9924,
    "test_position_5_acc": 0.9930666666666667
}