{
    "epoch": 95,
    "train_loss": 0.009517766658016492,
    "pretrain_loss": null,
    "finetune_loss": 0.002430847531086946,
    "pseudo_label_count": 20857,
    "pseudo_label_accept_rate": 0.9931904761904762,
    "mean_pseudo_confidence": 0.999578740285045,
    "consistency_loss": 0.0,
    "encoder_stage": "semisupervised_with_pseudolabels",
    "stn_status": "disabled",
    "stn_regularization_loss": 0.0,
    "val_loss": 0.33239580227974774,
    "val_seq_acc": 0.9584666666666667,
    "val_char_acc": 0.9914266666666667,
    "val_edit_distance": 0.042866666666666664,
    "val_clean_accuracy": 0.9584666666666667,
    "val_robustness_drop": null,
    "val_restoration_gain": null,
    "val_position_1_acc": 0.9924,
    "val_position_2_acc": 0.99,
    "val_position_3_acc": 0.9908,
    "val_position_4_acc": 0.9914,
    "val_position_5_acc": 0.9925333333333334,
    "test_loss": 0.312211847380813,
    "test_seq_acc": 0.9596666666666667,
    "test_char_acc": 0.9916533333333334,
    "test_edit_distance": 0.041666666666666664,
    "test_clean_accuracy": 0.9596666666666667,
    "test_robustness_drop": null,
    "test_restoration_gain": null,
    "test_position_1_acc": 0.9931333333333333,
    "test_position_2_acc": 0.9896666666666667,
    "test_position_3_acc": 0.9917333333333334,
    "test_position_4_acc": 0.9914,
    "test_position_5_acc": 0.9923333333333333
}