{
    "epoch": 106,
    "train_loss": 0.006941618619962921,
    "pretrain_loss": null,
    "finetune_loss": 0.0013691770878062153,
    "pseudo_label_count": 20900,
    "pseudo_label_accept_rate": 0.9952380952380953,
    "mean_pseudo_confidence": 0.9996552004882594,
    "consistency_loss": 0.0,
    "encoder_stage": "semisupervised_with_pseudolabels",
    "stn_status": "disabled",
    "stn_regularization_loss": 0.0,
    "val_loss": 0.30164654847569683,
    "val_seq_acc": 0.9588,
    "val_char_acc": 0.9916133333333333,
    "val_edit_distance": 0.041933333333333336,
    "val_clean_accuracy": 0.9588,
    "val_robustness_drop": null,
    "val_restoration_gain": null,
    "val_position_1_acc": 0.9922,
    "val_position_2_acc": 0.9902,
    "val_position_3_acc": 0.9921333333333333,
    "val_position_4_acc": 0.9903333333333333,
    "val_position_5_acc": 0.9932,
    "test_loss": 0.29372858209026936,
    "test_seq_acc": 0.9612,
    "test_char_acc": 0.9920533333333333,
    "test_edit_distance": 0.0396,
    "test_clean_accuracy": 0.9612,
    "test_robustness_drop": null,
    "test_restoration_gain": null,
    "test_position_1_acc": 0.9937333333333334,
    "test_position_2_acc": 0.9902666666666666,
    "test_position_3_acc": 0.9919333333333333,
    "test_position_4_acc": 0.9918,
    "test_position_5_acc": 0.9925333333333334
}