{
    "epoch": 12,
    "train_loss": 0.19309452873978072,
    "pretrain_loss": null,
    "finetune_loss": 0.19309452873978072,
    "pseudo_label_count": 0,
    "pseudo_label_accept_rate": 0.0,
    "mean_pseudo_confidence": 0.0,
    "consistency_loss": 0.0,
    "encoder_stage": "semisupervised_warmup",
    "stn_status": "disabled",
    "stn_regularization_loss": 0.0,
    "val_loss": 0.3152826245636382,
    "val_seq_acc": 0.9172666666666667,
    "val_char_acc": 0.9826,
    "val_edit_distance": 0.087,
    "val_clean_accuracy": 0.9172666666666667,
    "val_robustness_drop": null,
    "val_restoration_gain": null,
    "val_position_1_acc": 0.9826,
    "val_position_2_acc": 0.9802,
    "val_position_3_acc": 0.9824666666666667,
    "val_position_4_acc": 0.9798666666666667,
    "val_position_5_acc": 0.9878666666666667,
    "test_loss": 0.31667996862150255,
    "test_seq_acc": 0.9148,
    "test_char_acc": 0.9821466666666666,
    "test_edit_distance": 0.0892,
    "test_clean_accuracy": 0.9148,
    "test_robustness_drop": null,
    "test_restoration_gain": null,
    "test_position_1_acc": 0.9850666666666666,
    "test_position_2_acc": 0.9778666666666667,
    "test_position_3_acc": 0.9802666666666666,
    "test_position_4_acc": 0.9811333333333333,
    "test_position_5_acc": 0.9864
}