{
    "epoch": 122,
    "train_loss": 0.005497823037394919,
    "pretrain_loss": null,
    "finetune_loss": 0.0004107790324844112,
    "pseudo_label_count": 20922,
    "pseudo_label_accept_rate": 0.9962857142857143,
    "mean_pseudo_confidence": 0.9996746905093188,
    "consistency_loss": 0.0,
    "encoder_stage": "semisupervised_with_pseudolabels",
    "stn_status": "disabled",
    "stn_regularization_loss": 0.0,
    "val_loss": 0.29915994082149405,
    "val_seq_acc": 0.9601333333333333,
    "val_char_acc": 0.9919333333333333,
    "val_edit_distance": 0.04033333333333333,
    "val_clean_accuracy": 0.9601333333333333,
    "val_robustness_drop": null,
    "val_restoration_gain": null,
    "val_position_1_acc": 0.9925333333333334,
    "val_position_2_acc": 0.9906,
    "val_position_3_acc": 0.9921333333333333,
    "val_position_4_acc": 0.9911333333333333,
    "val_position_5_acc": 0.9932666666666666,
    "test_loss": 0.2920253702851466,
    "test_seq_acc": 0.9646,
    "test_char_acc": 0.9927466666666667,
    "test_edit_distance": 0.03613333333333334,
    "test_clean_accuracy": 0.9646,
    "test_robustness_drop": null,
    "test_restoration_gain": null,
    "test_position_1_acc": 0.994,
    "test_position_2_acc": 0.9907333333333334,
    "test_position_3_acc": 0.9922666666666666,
    "test_position_4_acc": 0.9928,
    "test_position_5_acc": 0.9939333333333333
}