{
    "epoch": 4,
    "train_loss": 0.43645904119814655,
    "pretrain_loss": null,
    "finetune_loss": 0.43645904119814655,
    "pseudo_label_count": 0,
    "pseudo_label_accept_rate": 0.0,
    "mean_pseudo_confidence": 0.0,
    "consistency_loss": 0.0,
    "encoder_stage": "semisupervised_warmup",
    "stn_status": "disabled",
    "stn_regularization_loss": 0.0,
    "val_loss": 1.8027836584030315,
    "val_seq_acc": 0.6820666666666667,
    "val_char_acc": 0.91204,
    "val_edit_distance": 0.43446666666666667,
    "val_clean_accuracy": 0.6820666666666667,
    "val_robustness_drop": null,
    "val_restoration_gain": null,
    "val_position_1_acc": 0.9207333333333333,
    "val_position_2_acc": 0.8881333333333333,
    "val_position_3_acc": 0.9018666666666667,
    "val_position_4_acc": 0.9208666666666666,
    "val_position_5_acc": 0.9286,
    "test_loss": 1.7764934154267007,
    "test_seq_acc": 0.6862,
    "test_char_acc": 0.91348,
    "test_edit_distance": 0.42866666666666664,
    "test_clean_accuracy": 0.6862,
    "test_robustness_drop": null,
    "test_restoration_gain": null,
    "test_position_1_acc": 0.9218666666666666,
    "test_position_2_acc": 0.8899333333333334,
    "test_position_3_acc": 0.9052666666666667,
    "test_position_4_acc": 0.9232,
    "test_position_5_acc": 0.9271333333333334
}