{
    "epoch": 180,
    "train_loss": 0.00306253343001781,
    "pretrain_loss": null,
    "finetune_loss": 0.00018374472602955433,
    "pseudo_label_count": 20932,
    "pseudo_label_accept_rate": 0.9967619047619047,
    "mean_pseudo_confidence": 0.9997909105054147,
    "consistency_loss": 0.0,
    "encoder_stage": "semisupervised_with_pseudolabels",
    "stn_status": "disabled",
    "stn_regularization_loss": 0.0,
    "val_loss": 0.29413981188779564,
    "val_seq_acc": 0.9614,
    "val_char_acc": 0.9921333333333333,
    "val_edit_distance": 0.03933333333333333,
    "val_clean_accuracy": 0.9614,
    "val_robustness_drop": null,
    "val_restoration_gain": null,
    "val_position_1_acc": 0.9929333333333333,
    "val_position_2_acc": 0.9911333333333333,
    "val_position_3_acc": 0.9922666666666666,
    "val_position_4_acc": 0.9908666666666667,
    "val_position_5_acc": 0.9934666666666667,
    "test_loss": 0.28889339022601407,
    "test_seq_acc": 0.9636666666666667,
    "test_char_acc": 0.9926,
    "test_edit_distance": 0.036866666666666666,
    "test_clean_accuracy": 0.9636666666666667,
    "test_robustness_drop": null,
    "test_restoration_gain": null,
    "test_position_1_acc": 0.9939333333333333,
    "test_position_2_acc": 0.9912,
    "test_position_3_acc": 0.9922666666666666,
    "test_position_4_acc": 0.9924,
    "test_position_5_acc": 0.9932
}