{
    "epoch": 44,
    "train_loss": 0.19582458940192815,
    "pretrain_loss": null,
    "finetune_loss": 0.17049711170577744,
    "pseudo_label_count": 20347,
    "pseudo_label_accept_rate": 0.9689047619047619,
    "mean_pseudo_confidence": 0.9979652293795783,
    "consistency_loss": 0.0,
    "encoder_stage": "semisupervised_with_pseudolabels",
    "stn_status": "disabled",
    "stn_regularization_loss": 0.0,
    "val_loss": 1.990143400050224,
    "val_seq_acc": 0.8448666666666667,
    "val_char_acc": 0.9667733333333334,
    "val_edit_distance": 0.16613333333333333,
    "val_clean_accuracy": 0.8448666666666667,
    "val_robustness_drop": null,
    "val_restoration_gain": null,
    "val_position_1_acc": 0.9674,
    "val_position_2_acc": 0.9626,
    "val_position_3_acc": 0.9682,
    "val_position_4_acc": 0.9646666666666667,
    "val_position_5_acc": 0.971,
    "test_loss": 2.080254340171814,
    "test_seq_acc": 0.8412666666666667,
    "test_char_acc": 0.9660133333333333,
    "test_edit_distance": 0.1698,
    "test_clean_accuracy": 0.8412666666666667,
    "test_robustness_drop": null,
    "test_restoration_gain": null,
    "test_position_1_acc": 0.9687333333333333,
    "test_position_2_acc": 0.9618666666666666,
    "test_position_3_acc": 0.9639333333333333,
    "test_position_4_acc": 0.966,
    "test_position_5_acc": 0.9695333333333334
}