{
    "epoch": 16,
    "train_loss": 0.15215383548236042,
    "pretrain_loss": null,
    "finetune_loss": 0.15215383548236042,
    "pseudo_label_count": 0,
    "pseudo_label_accept_rate": 0.0,
    "mean_pseudo_confidence": 0.0,
    "consistency_loss": 0.0,
    "encoder_stage": "semisupervised_warmup",
    "stn_status": "disabled",
    "stn_regularization_loss": 0.0,
    "val_loss": 0.2667500898638304,
    "val_seq_acc": 0.9323333333333333,
    "val_char_acc": 0.9859066666666667,
    "val_edit_distance": 0.0704,
    "val_clean_accuracy": 0.9323333333333333,
    "val_robustness_drop": null,
    "val_restoration_gain": null,
    "val_position_1_acc": 0.9889333333333333,
    "val_position_2_acc": 0.9841333333333333,
    "val_position_3_acc": 0.985,
    "val_position_4_acc": 0.9843333333333333,
    "val_position_5_acc": 0.9871333333333333,
    "test_loss": 0.27628958295792977,
    "test_seq_acc": 0.9320666666666667,
    "test_char_acc": 0.98572,
    "test_edit_distance": 0.07133333333333333,
    "test_clean_accuracy": 0.9320666666666667,
    "test_robustness_drop": null,
    "test_restoration_gain": null,
    "test_position_1_acc": 0.9892666666666666,
    "test_position_2_acc": 0.9833333333333333,
    "test_position_3_acc": 0.9844666666666667,
    "test_position_4_acc": 0.9861333333333333,
    "test_position_5_acc": 0.9854
}