{
    "epoch": 155,
    "train_loss": 0.0042569641766964,
    "pretrain_loss": null,
    "finetune_loss": 0.00042725273163177777,
    "pseudo_label_count": 20926,
    "pseudo_label_accept_rate": 0.9964761904761905,
    "mean_pseudo_confidence": 0.9997703081834821,
    "consistency_loss": 0.0,
    "encoder_stage": "semisupervised_with_pseudolabels",
    "stn_status": "disabled",
    "stn_regularization_loss": 0.0,
    "val_loss": 0.2946159428142582,
    "val_seq_acc": 0.9608,
    "val_char_acc": 0.9920666666666667,
    "val_edit_distance": 0.03966666666666667,
    "val_clean_accuracy": 0.9608,
    "val_robustness_drop": null,
    "val_restoration_gain": null,
    "val_position_1_acc": 0.9928,
    "val_position_2_acc": 0.991,
    "val_position_3_acc": 0.9919333333333333,
    "val_position_4_acc": 0.9912666666666666,
    "val_position_5_acc": 0.9933333333333333,
    "test_loss": 0.29093644999232676,
    "test_seq_acc": 0.9631333333333333,
    "test_char_acc": 0.99244,
    "test_edit_distance": 0.03766666666666667,
    "test_clean_accuracy": 0.9631333333333333,
    "test_robustness_drop": null,
    "test_restoration_gain": null,
    "test_position_1_acc": 0.9936666666666667,
    "test_position_2_acc": 0.9912,
    "test_position_3_acc": 0.9918666666666667,
    "test_position_4_acc": 0.9924,
    "test_position_5_acc": 0.9930666666666667
}