{
    "epoch": 198,
    "train_loss": 0.0019021507726369779,
    "pretrain_loss": null,
    "finetune_loss": 0.00016516365522868152,
    "pseudo_label_count": 20945,
    "pseudo_label_accept_rate": 0.9973809523809524,
    "mean_pseudo_confidence": 0.9997933301700275,
    "consistency_loss": 0.0,
    "encoder_stage": "semisupervised_with_pseudolabels",
    "stn_status": "disabled",
    "stn_regularization_loss": 0.0,
    "val_loss": 0.3087397889638183,
    "val_seq_acc": 0.961,
    "val_char_acc": 0.9920666666666667,
    "val_edit_distance": 0.03966666666666667,
    "val_clean_accuracy": 0.961,
    "val_robustness_drop": null,
    "val_restoration_gain": null,
    "val_position_1_acc": 0.993,
    "val_position_2_acc": 0.9905333333333334,
    "val_position_3_acc": 0.992,
    "val_position_4_acc": 0.9914666666666667,
    "val_position_5_acc": 0.9933333333333333,
    "test_loss": 0.2965363796232192,
    "test_seq_acc": 0.9636666666666667,
    "test_char_acc": 0.99256,
    "test_edit_distance": 0.037066666666666664,
    "test_clean_accuracy": 0.9636666666666667,
    "test_robustness_drop": null,
    "test_restoration_gain": null,
    "test_position_1_acc": 0.9941333333333333,
    "test_position_2_acc": 0.9908666666666667,
    "test_position_3_acc": 0.9920666666666667,
    "test_position_4_acc": 0.9928666666666667,
    "test_position_5_acc": 0.9928666666666667
}