{
    "epoch": 42,
    "train_loss": 0.18668533560457937,
    "pretrain_loss": null,
    "finetune_loss": 0.1566023098972964,
    "pseudo_label_count": 20288,
    "pseudo_label_accept_rate": 0.9660952380952381,
    "mean_pseudo_confidence": 0.9977978336792263,
    "consistency_loss": 0.0,
    "encoder_stage": "semisupervised_with_pseudolabels",
    "stn_status": "disabled",
    "stn_regularization_loss": 0.0,
    "val_loss": 1.7763083115537115,
    "val_seq_acc": 0.8509333333333333,
    "val_char_acc": 0.968,
    "val_edit_distance": 0.16,
    "val_clean_accuracy": 0.8509333333333333,
    "val_robustness_drop": null,
    "val_restoration_gain": null,
    "val_position_1_acc": 0.9701333333333333,
    "val_position_2_acc": 0.9633333333333334,
    "val_position_3_acc": 0.9688666666666667,
    "val_position_4_acc": 0.9664,
    "val_position_5_acc": 0.9712666666666666,
    "test_loss": 1.8437366493204808,
    "test_seq_acc": 0.8480666666666666,
    "test_char_acc": 0.9671466666666667,
    "test_edit_distance": 0.16426666666666667,
    "test_clean_accuracy": 0.8480666666666666,
    "test_robustness_drop": null,
    "test_restoration_gain": null,
    "test_position_1_acc": 0.9723333333333334,
    "test_position_2_acc": 0.9617333333333333,
    "test_position_3_acc": 0.9645333333333334,
    "test_position_4_acc": 0.967,
    "test_position_5_acc": 0.9701333333333333
}