{
    "epoch": 49,
    "train_loss": 0.09511698848058683,
    "pretrain_loss": null,
    "finetune_loss": 0.0539587328280991,
    "pseudo_label_count": 20086,
    "pseudo_label_accept_rate": 0.9564761904761905,
    "mean_pseudo_confidence": 0.9975194811856594,
    "consistency_loss": 0.0,
    "encoder_stage": "semisupervised_with_pseudolabels",
    "stn_status": "disabled",
    "stn_regularization_loss": 0.0,
    "val_loss": 4.3895041293286265,
    "val_seq_acc": 0.6848,
    "val_char_acc": 0.9256533333333333,
    "val_edit_distance": 0.3716,
    "val_clean_accuracy": 0.6848,
    "val_robustness_drop": null,
    "val_restoration_gain": null,
    "val_position_1_acc": 0.9521333333333334,
    "val_position_2_acc": 0.9235333333333333,
    "val_position_3_acc": 0.9022666666666667,
    "val_position_4_acc": 0.9243333333333333,
    "val_position_5_acc": 0.926,
    "test_loss": 4.535407257080078,
    "test_seq_acc": 0.6727333333333333,
    "test_char_acc": 0.9226133333333333,
    "test_edit_distance": 0.3867333333333333,
    "test_clean_accuracy": 0.6727333333333333,
    "test_robustness_drop": null,
    "test_restoration_gain": null,
    "test_position_1_acc": 0.9509333333333333,
    "test_position_2_acc": 0.9199333333333334,
    "test_position_3_acc": 0.9006,
    "test_position_4_acc": 0.9216,
    "test_position_5_acc": 0.92
}