{
    "epoch": 3,
    "train_loss": 0.5353369509348982,
    "pretrain_loss": null,
    "finetune_loss": 0.5353369509348982,
    "pseudo_label_count": 0,
    "pseudo_label_accept_rate": 0.0,
    "mean_pseudo_confidence": 0.0,
    "consistency_loss": 0.0,
    "encoder_stage": "semisupervised_warmup",
    "stn_status": "disabled",
    "stn_regularization_loss": 0.0,
    "val_loss": 0.8516582083194814,
    "val_seq_acc": 0.7812,
    "val_char_acc": 0.94668,
    "val_edit_distance": 0.2657333333333333,
    "val_clean_accuracy": 0.7812,
    "val_robustness_drop": null,
    "val_restoration_gain": null,
    "val_position_1_acc": 0.9510666666666666,
    "val_position_2_acc": 0.9402666666666667,
    "val_position_3_acc": 0.9385333333333333,
    "val_position_4_acc": 0.9453333333333334,
    "val_position_5_acc": 0.9582,
    "test_loss": 0.8451452572295006,
    "test_seq_acc": 0.7772666666666667,
    "test_char_acc": 0.9456666666666667,
    "test_edit_distance": 0.27066666666666667,
    "test_clean_accuracy": 0.7772666666666667,
    "test_robustness_drop": null,
    "test_restoration_gain": null,
    "test_position_1_acc": 0.9512,
    "test_position_2_acc": 0.9353333333333333,
    "test_position_3_acc": 0.9355333333333333,
    "test_position_4_acc": 0.9494666666666667,
    "test_position_5_acc": 0.9568
}