{
    "epoch": 63,
    "train_loss": 0.017031454018652317,
    "pretrain_loss": null,
    "finetune_loss": 0.0045598373638291835,
    "pseudo_label_count": 20740,
    "pseudo_label_accept_rate": 0.9876190476190476,
    "mean_pseudo_confidence": 0.9991106188055864,
    "consistency_loss": 0.0,
    "encoder_stage": "semisupervised_with_pseudolabels",
    "stn_status": "disabled",
    "stn_regularization_loss": 0.0,
    "val_loss": 0.24622734507838107,
    "val_seq_acc": 0.9597333333333333,
    "val_char_acc": 0.9917066666666666,
    "val_edit_distance": 0.041466666666666666,
    "val_clean_accuracy": 0.9597333333333333,
    "val_robustness_drop": null,
    "val_restoration_gain": null,
    "val_position_1_acc": 0.9914666666666667,
    "val_position_2_acc": 0.9915333333333334,
    "val_position_3_acc": 0.9915333333333334,
    "val_position_4_acc": 0.9908666666666667,
    "val_position_5_acc": 0.9931333333333333,
    "test_loss": 0.2434608993045255,
    "test_seq_acc": 0.9603333333333334,
    "test_char_acc": 0.9917866666666667,
    "test_edit_distance": 0.040933333333333335,
    "test_clean_accuracy": 0.9603333333333334,
    "test_robustness_drop": null,
    "test_restoration_gain": null,
    "test_position_1_acc": 0.9931333333333333,
    "test_position_2_acc": 0.99,
    "test_position_3_acc": 0.9920666666666667,
    "test_position_4_acc": 0.9912666666666666,
    "test_position_5_acc": 0.9924666666666667
}