{
    "epoch": 35,
    "train_loss": 0.19557755387227962,
    "pretrain_loss": null,
    "finetune_loss": 0.10686377507230807,
    "pseudo_label_count": 19127,
    "pseudo_label_accept_rate": 0.9108095238095238,
    "mean_pseudo_confidence": 0.9958178088463948,
    "consistency_loss": 0.0,
    "encoder_stage": "semisupervised_with_pseudolabels",
    "stn_status": "disabled",
    "stn_regularization_loss": 0.0,
    "val_loss": 34.34327249729887,
    "val_seq_acc": 0.030866666666666667,
    "val_char_acc": 0.72332,
    "val_edit_distance": 1.3809333333333333,
    "val_clean_accuracy": 0.030866666666666667,
    "val_robustness_drop": null,
    "val_restoration_gain": null,
    "val_position_1_acc": 0.0474,
    "val_position_2_acc": 0.843,
    "val_position_3_acc": 0.8572,
    "val_position_4_acc": 0.9158,
    "val_position_5_acc": 0.9532,
    "test_loss": 34.2523989738302,
    "test_seq_acc": 0.028933333333333332,
    "test_char_acc": 0.7225733333333333,
    "test_edit_distance": 1.3843333333333334,
    "test_clean_accuracy": 0.028933333333333332,
    "test_robustness_drop": null,
    "test_restoration_gain": null,
    "test_position_1_acc": 0.0436,
    "test_position_2_acc": 0.8432666666666667,
    "test_position_3_acc": 0.8629333333333333,
    "test_position_4_acc": 0.9136666666666666,
    "test_position_5_acc": 0.9494
}