{
    "epoch": 134,
    "train_loss": 0.00479456808586837,
    "pretrain_loss": null,
    "finetune_loss": 0.0005052009765693834,
    "pseudo_label_count": 20909,
    "pseudo_label_accept_rate": 0.9956666666666667,
    "mean_pseudo_confidence": 0.9997240543890001,
    "consistency_loss": 0.0,
    "encoder_stage": "semisupervised_with_pseudolabels",
    "stn_status": "disabled",
    "stn_regularization_loss": 0.0,
    "val_loss": 0.29807887318122006,
    "val_seq_acc": 0.9618,
    "val_char_acc": 0.9922666666666666,
    "val_edit_distance": 0.03866666666666667,
    "val_clean_accuracy": 0.9618,
    "val_robustness_drop": null,
    "val_restoration_gain": null,
    "val_position_1_acc": 0.9926,
    "val_position_2_acc": 0.9912,
    "val_position_3_acc": 0.9925333333333334,
    "val_position_4_acc": 0.9912666666666666,
    "val_position_5_acc": 0.9937333333333334,
    "test_loss": 0.287740348052714,
    "test_seq_acc": 0.9645333333333334,
    "test_char_acc": 0.9927066666666666,
    "test_edit_distance": 0.036333333333333336,
    "test_clean_accuracy": 0.9645333333333334,
    "test_robustness_drop": null,
    "test_restoration_gain": null,
    "test_position_1_acc": 0.994,
    "test_position_2_acc": 0.9912,
    "test_position_3_acc": 0.9922,
    "test_position_4_acc": 0.9927333333333334,
    "test_position_5_acc": 0.9934
}