{
    "epoch": 140,
    "train_loss": 0.004107809014917583,
    "pretrain_loss": null,
    "finetune_loss": 0.0002890949619835519,
    "pseudo_label_count": 20919,
    "pseudo_label_accept_rate": 0.9961428571428571,
    "mean_pseudo_confidence": 0.999726644864564,
    "consistency_loss": 0.0,
    "encoder_stage": "semisupervised_with_pseudolabels",
    "stn_status": "disabled",
    "stn_regularization_loss": 0.0,
    "val_loss": 0.29337071426767347,
    "val_seq_acc": 0.9608666666666666,
    "val_char_acc": 0.9920533333333333,
    "val_edit_distance": 0.039733333333333336,
    "val_clean_accuracy": 0.9608666666666666,
    "val_robustness_drop": null,
    "val_restoration_gain": null,
    "val_position_1_acc": 0.9924,
    "val_position_2_acc": 0.9910666666666667,
    "val_position_3_acc": 0.9922,
    "val_position_4_acc": 0.9912666666666666,
    "val_position_5_acc": 0.9933333333333333,
    "test_loss": 0.2878104536982914,
    "test_seq_acc": 0.9652,
    "test_char_acc": 0.99284,
    "test_edit_distance": 0.03573333333333333,
    "test_clean_accuracy": 0.9652,
    "test_robustness_drop": null,
    "test_restoration_gain": null,
    "test_position_1_acc": 0.9944,
    "test_position_2_acc": 0.9911333333333333,
    "test_position_3_acc": 0.9922,
    "test_position_4_acc": 0.9931333333333333,
    "test_position_5_acc": 0.9933333333333333
}