{
    "epoch": 100,
    "train_loss": 0.008372602656921534,
    "pretrain_loss": null,
    "finetune_loss": 0.0015434069415377653,
    "pseudo_label_count": 20859,
    "pseudo_label_accept_rate": 0.9932857142857143,
    "mean_pseudo_confidence": 0.9995657269646872,
    "consistency_loss": 0.0,
    "encoder_stage": "semisupervised_with_pseudolabels",
    "stn_status": "disabled",
    "stn_regularization_loss": 0.0,
    "val_loss": 0.4779005951486823,
    "val_seq_acc": 0.9454,
    "val_char_acc": 0.9888133333333333,
    "val_edit_distance": 0.055933333333333335,
    "val_clean_accuracy": 0.9454,
    "val_robustness_drop": null,
    "val_restoration_gain": null,
    "val_position_1_acc": 0.9888666666666667,
    "val_position_2_acc": 0.9876,
    "val_position_3_acc": 0.9893333333333333,
    "val_position_4_acc": 0.9869333333333333,
    "val_position_5_acc": 0.9913333333333333,
    "test_loss": 0.5135719507771198,
    "test_seq_acc": 0.9443333333333334,
    "test_char_acc": 0.9885866666666666,
    "test_edit_distance": 0.056933333333333336,
    "test_clean_accuracy": 0.9443333333333334,
    "test_robustness_drop": null,
    "test_restoration_gain": null,
    "test_position_1_acc": 0.9901333333333333,
    "test_position_2_acc": 0.9856666666666667,
    "test_position_3_acc": 0.9882,
    "test_position_4_acc": 0.9877333333333334,
    "test_position_5_acc": 0.9912
}