{
    "epoch": 132,
    "train_loss": 0.004730386116422077,
    "pretrain_loss": null,
    "finetune_loss": 0.0004071526516701149,
    "pseudo_label_count": 20909,
    "pseudo_label_accept_rate": 0.9956666666666667,
    "mean_pseudo_confidence": 0.9997349511294826,
    "consistency_loss": 0.0,
    "encoder_stage": "semisupervised_with_pseudolabels",
    "stn_status": "disabled",
    "stn_regularization_loss": 0.0,
    "val_loss": 0.2983349937999323,
    "val_seq_acc": 0.9601333333333333,
    "val_char_acc": 0.9919066666666667,
    "val_edit_distance": 0.040466666666666665,
    "val_clean_accuracy": 0.9601333333333333,
    "val_robustness_drop": null,
    "val_restoration_gain": null,
    "val_position_1_acc": 0.9924666666666667,
    "val_position_2_acc": 0.9904,
    "val_position_3_acc": 0.9923333333333333,
    "val_position_4_acc": 0.9909333333333333,
    "val_position_5_acc": 0.9934,
    "test_loss": 0.29166618954519397,
    "test_seq_acc": 0.9628,
    "test_char_acc": 0.9923466666666667,
    "test_edit_distance": 0.03813333333333333,
    "test_clean_accuracy": 0.9628,
    "test_robustness_drop": null,
    "test_restoration_gain": null,
    "test_position_1_acc": 0.9938666666666667,
    "test_position_2_acc": 0.9907333333333334,
    "test_position_3_acc": 0.9914666666666667,
    "test_position_4_acc": 0.9924666666666667,
    "test_position_5_acc": 0.9932
}