{
    "epoch": 73,
    "train_loss": 0.013399536261489917,
    "pretrain_loss": null,
    "finetune_loss": 0.0038122392634012525,
    "pseudo_label_count": 20806,
    "pseudo_label_accept_rate": 0.9907619047619047,
    "mean_pseudo_confidence": 0.9993949828440784,
    "consistency_loss": 0.0,
    "encoder_stage": "semisupervised_with_pseudolabels",
    "stn_status": "disabled",
    "stn_regularization_loss": 0.0,
    "val_loss": 0.35919543133950743,
    "val_seq_acc": 0.9526,
    "val_char_acc": 0.9903066666666667,
    "val_edit_distance": 0.048466666666666665,
    "val_clean_accuracy": 0.9526,
    "val_robustness_drop": null,
    "val_restoration_gain": null,
    "val_position_1_acc": 0.9906666666666667,
    "val_position_2_acc": 0.9902,
    "val_position_3_acc": 0.9906,
    "val_position_4_acc": 0.9882,
    "val_position_5_acc": 0.9918666666666667,
    "test_loss": 0.3597591463888092,
    "test_seq_acc": 0.9526666666666667,
    "test_char_acc": 0.99032,
    "test_edit_distance": 0.0484,
    "test_clean_accuracy": 0.9526666666666667,
    "test_robustness_drop": null,
    "test_restoration_gain": null,
    "test_position_1_acc": 0.9924666666666667,
    "test_position_2_acc": 0.9884,
    "test_position_3_acc": 0.9895333333333334,
    "test_position_4_acc": 0.9892,
    "test_position_5_acc": 0.992
}