{
    "epoch": 83,
    "train_loss": 0.010599042223781212,
    "pretrain_loss": null,
    "finetune_loss": 0.002944247029945449,
    "pseudo_label_count": 20801,
    "pseudo_label_accept_rate": 0.9905238095238095,
    "mean_pseudo_confidence": 0.9994968961084194,
    "consistency_loss": 0.0,
    "encoder_stage": "semisupervised_with_pseudolabels",
    "stn_status": "disabled",
    "stn_regularization_loss": 0.0,
    "val_loss": 0.30552657672785843,
    "val_seq_acc": 0.9595333333333333,
    "val_char_acc": 0.9917066666666666,
    "val_edit_distance": 0.041466666666666666,
    "val_clean_accuracy": 0.9595333333333333,
    "val_robustness_drop": null,
    "val_restoration_gain": null,
    "val_position_1_acc": 0.9916666666666667,
    "val_position_2_acc": 0.9916,
    "val_position_3_acc": 0.992,
    "val_position_4_acc": 0.9906666666666667,
    "val_position_5_acc": 0.9926,
    "test_loss": 0.29835092507065053,
    "test_seq_acc": 0.9612666666666667,
    "test_char_acc": 0.9920666666666667,
    "test_edit_distance": 0.03953333333333333,
    "test_clean_accuracy": 0.9612666666666667,
    "test_robustness_drop": null,
    "test_restoration_gain": null,
    "test_position_1_acc": 0.9938666666666667,
    "test_position_2_acc": 0.9906,
    "test_position_3_acc": 0.9918,
    "test_position_4_acc": 0.9915333333333334,
    "test_position_5_acc": 0.9925333333333334
}