{
    "epoch": 26,
    "train_loss": 0.45031215905549843,
    "pretrain_loss": null,
    "finetune_loss": 0.18666584053205681,
    "pseudo_label_count": 16253,
    "pseudo_label_accept_rate": 0.773952380952381,
    "mean_pseudo_confidence": 0.9927970355990072,
    "consistency_loss": 0.0,
    "encoder_stage": "semisupervised_with_pseudolabels",
    "stn_status": "disabled",
    "stn_regularization_loss": 0.0,
    "val_loss": 100.4736463181516,
    "val_seq_acc": 0.0,
    "val_char_acc": 0.10449333333333333,
    "val_edit_distance": 4.470266666666666,
    "val_clean_accuracy": 0.0,
    "val_robustness_drop": null,
    "val_restoration_gain": null,
    "val_position_1_acc": 0.13826666666666668,
    "val_position_2_acc": 0.15673333333333334,
    "val_position_3_acc": 0.06493333333333333,
    "val_position_4_acc": 0.09173333333333333,
    "val_position_5_acc": 0.0708,
    "test_loss": 100.30962654276097,
    "test_seq_acc": 0.0,
    "test_char_acc": 0.10437333333333333,
    "test_edit_distance": 4.4692,
    "test_clean_accuracy": 0.0,
    "test_robustness_drop": null,
    "test_restoration_gain": null,
    "test_position_1_acc": 0.1436,
    "test_position_2_acc": 0.1558,
    "test_position_3_acc": 0.06553333333333333,
    "test_position_4_acc": 0.08646666666666666,
    "test_position_5_acc": 0.07046666666666666
}