{
    "epoch": 183,
    "train_loss": 0.0038562243440755607,
    "pretrain_loss": null,
    "finetune_loss": 0.00020645732365190094,
    "pseudo_label_count": 20926,
    "pseudo_label_accept_rate": 0.9964761904761905,
    "mean_pseudo_confidence": 0.9997770645007068,
    "consistency_loss": 0.0,
    "encoder_stage": "semisupervised_with_pseudolabels",
    "stn_status": "disabled",
    "stn_regularization_loss": 0.0,
    "val_loss": 0.29909265276055136,
    "val_seq_acc": 0.961,
    "val_char_acc": 0.9920933333333334,
    "val_edit_distance": 0.03953333333333333,
    "val_clean_accuracy": 0.961,
    "val_robustness_drop": null,
    "val_restoration_gain": null,
    "val_position_1_acc": 0.9925333333333334,
    "val_position_2_acc": 0.9911333333333333,
    "val_position_3_acc": 0.9922666666666666,
    "val_position_4_acc": 0.9910666666666667,
    "val_position_5_acc": 0.9934666666666667,
    "test_loss": 0.2869369193936709,
    "test_seq_acc": 0.9646,
    "test_char_acc": 0.9927466666666667,
    "test_edit_distance": 0.03613333333333334,
    "test_clean_accuracy": 0.9646,
    "test_robustness_drop": null,
    "test_restoration_gain": null,
    "test_position_1_acc": 0.9942666666666666,
    "test_position_2_acc": 0.9910666666666667,
    "test_position_3_acc": 0.9923333333333333,
    "test_position_4_acc": 0.9928,
    "test_position_5_acc": 0.9932666666666666
}