{
    "epoch": 112,
    "train_loss": 0.005906188938322461,
    "pretrain_loss": null,
    "finetune_loss": 0.000761252729336998,
    "pseudo_label_count": 20905,
    "pseudo_label_accept_rate": 0.9954761904761905,
    "mean_pseudo_confidence": 0.9996973824198809,
    "consistency_loss": 0.0,
    "encoder_stage": "semisupervised_with_pseudolabels",
    "stn_status": "disabled",
    "stn_regularization_loss": 0.0,
    "val_loss": 0.2953531828435595,
    "val_seq_acc": 0.9594666666666667,
    "val_char_acc": 0.9917866666666667,
    "val_edit_distance": 0.04106666666666667,
    "val_clean_accuracy": 0.9594666666666667,
    "val_robustness_drop": null,
    "val_restoration_gain": null,
    "val_position_1_acc": 0.9923333333333333,
    "val_position_2_acc": 0.9906666666666667,
    "val_position_3_acc": 0.9918666666666667,
    "val_position_4_acc": 0.9908,
    "val_position_5_acc": 0.9932666666666666,
    "test_loss": 0.29024871926452994,
    "test_seq_acc": 0.9615333333333334,
    "test_char_acc": 0.9920933333333334,
    "test_edit_distance": 0.0394,
    "test_clean_accuracy": 0.9615333333333334,
    "test_robustness_drop": null,
    "test_restoration_gain": null,
    "test_position_1_acc": 0.9936666666666667,
    "test_position_2_acc": 0.9903333333333333,
    "test_position_3_acc": 0.9921333333333333,
    "test_position_4_acc": 0.9918666666666667,
    "test_position_5_acc": 0.9924666666666667
}