{
    "epoch": 87,
    "train_loss": 0.013847163600622766,
    "pretrain_loss": null,
    "finetune_loss": 0.0025934729046330697,
    "pseudo_label_count": 20825,
    "pseudo_label_accept_rate": 0.9916666666666667,
    "mean_pseudo_confidence": 0.9994533426163434,
    "consistency_loss": 0.0,
    "encoder_stage": "semisupervised_with_pseudolabels",
    "stn_status": "disabled",
    "stn_regularization_loss": 0.0,
    "val_loss": 0.3632573050058183,
    "val_seq_acc": 0.9559333333333333,
    "val_char_acc": 0.99092,
    "val_edit_distance": 0.0454,
    "val_clean_accuracy": 0.9559333333333333,
    "val_robustness_drop": null,
    "val_restoration_gain": null,
    "val_position_1_acc": 0.9914,
    "val_position_2_acc": 0.9902666666666666,
    "val_position_3_acc": 0.9896666666666667,
    "val_position_4_acc": 0.9906,
    "val_position_5_acc": 0.9926666666666667,
    "test_loss": 0.3565241982299646,
    "test_seq_acc": 0.9569333333333333,
    "test_char_acc": 0.99112,
    "test_edit_distance": 0.04426666666666667,
    "test_clean_accuracy": 0.9569333333333333,
    "test_robustness_drop": null,
    "test_restoration_gain": null,
    "test_position_1_acc": 0.9929333333333333,
    "test_position_2_acc": 0.9889333333333333,
    "test_position_3_acc": 0.9912666666666666,
    "test_position_4_acc": 0.9910666666666667,
    "test_position_5_acc": 0.9914
}