{
    "epoch": 94,
    "train_loss": 0.01009928375211585,
    "pretrain_loss": null,
    "finetune_loss": 0.002658483392656486,
    "pseudo_label_count": 20878,
    "pseudo_label_accept_rate": 0.9941904761904762,
    "mean_pseudo_confidence": 0.9995310316369935,
    "consistency_loss": 0.0,
    "encoder_stage": "semisupervised_with_pseudolabels",
    "stn_status": "disabled",
    "stn_regularization_loss": 0.0,
    "val_loss": 0.3318642540228927,
    "val_seq_acc": 0.9571333333333333,
    "val_char_acc": 0.9911733333333334,
    "val_edit_distance": 0.04413333333333333,
    "val_clean_accuracy": 0.9571333333333333,
    "val_robustness_drop": null,
    "val_restoration_gain": null,
    "val_position_1_acc": 0.9917333333333334,
    "val_position_2_acc": 0.99,
    "val_position_3_acc": 0.9908666666666667,
    "val_position_4_acc": 0.9907333333333334,
    "val_position_5_acc": 0.9925333333333334,
    "test_loss": 0.3243596029192942,
    "test_seq_acc": 0.9590666666666666,
    "test_char_acc": 0.9915866666666666,
    "test_edit_distance": 0.041933333333333336,
    "test_clean_accuracy": 0.9590666666666666,
    "test_robustness_drop": null,
    "test_restoration_gain": null,
    "test_position_1_acc": 0.9936666666666667,
    "test_position_2_acc": 0.9903333333333333,
    "test_position_3_acc": 0.9912666666666666,
    "test_position_4_acc": 0.9915333333333334,
    "test_position_5_acc": 0.9911333333333333
}