{
    "epoch": 181,
    "train_loss": 0.0027160431579893412,
    "pretrain_loss": null,
    "finetune_loss": 0.000244656089476283,
    "pseudo_label_count": 20931,
    "pseudo_label_accept_rate": 0.9967142857142857,
    "mean_pseudo_confidence": 0.9997967138240742,
    "consistency_loss": 0.0,
    "encoder_stage": "semisupervised_with_pseudolabels",
    "stn_status": "disabled",
    "stn_regularization_loss": 0.0,
    "val_loss": 0.2990462610920821,
    "val_seq_acc": 0.9612666666666667,
    "val_char_acc": 0.9921466666666666,
    "val_edit_distance": 0.039266666666666665,
    "val_clean_accuracy": 0.9612666666666667,
    "val_robustness_drop": null,
    "val_restoration_gain": null,
    "val_position_1_acc": 0.9927333333333334,
    "val_position_2_acc": 0.9912,
    "val_position_3_acc": 0.9921333333333333,
    "val_position_4_acc": 0.9909333333333333,
    "val_position_5_acc": 0.9937333333333334,
    "test_loss": 0.2889875815218128,
    "test_seq_acc": 0.9646,
    "test_char_acc": 0.9927066666666666,
    "test_edit_distance": 0.036333333333333336,
    "test_clean_accuracy": 0.9646,
    "test_robustness_drop": null,
    "test_restoration_gain": null,
    "test_position_1_acc": 0.9942666666666666,
    "test_position_2_acc": 0.9909333333333333,
    "test_position_3_acc": 0.9922666666666666,
    "test_position_4_acc": 0.9927333333333334,
    "test_position_5_acc": 0.9933333333333333
}