{
    "epoch": 5,
    "train_loss": 0.3665192495185308,
    "pretrain_loss": null,
    "finetune_loss": 0.3665192495185308,
    "pseudo_label_count": 0,
    "pseudo_label_accept_rate": 0.0,
    "mean_pseudo_confidence": 0.0,
    "consistency_loss": 0.0,
    "encoder_stage": "semisupervised_warmup",
    "stn_status": "disabled",
    "stn_regularization_loss": 0.0,
    "val_loss": 9.641049381012612,
    "val_seq_acc": 0.2632,
    "val_char_acc": 0.6979466666666667,
    "val_edit_distance": 1.4479333333333333,
    "val_clean_accuracy": 0.2632,
    "val_robustness_drop": null,
    "val_restoration_gain": null,
    "val_position_1_acc": 0.6859333333333333,
    "val_position_2_acc": 0.6909333333333333,
    "val_position_3_acc": 0.7403333333333333,
    "val_position_4_acc": 0.6915333333333333,
    "val_position_5_acc": 0.681,
    "test_loss": 9.56930449059669,
    "test_seq_acc": 0.262,
    "test_char_acc": 0.69908,
    "test_edit_distance": 1.4464666666666666,
    "test_clean_accuracy": 0.262,
    "test_robustness_drop": null,
    "test_restoration_gain": null,
    "test_position_1_acc": 0.6921333333333334,
    "test_position_2_acc": 0.6928666666666666,
    "test_position_3_acc": 0.7386,
    "test_position_4_acc": 0.6972666666666667,
    "test_position_5_acc": 0.6745333333333333
}