{
    "epoch": 168,
    "train_loss": 0.003803883590135796,
    "pretrain_loss": null,
    "finetune_loss": 0.00023876612315074235,
    "pseudo_label_count": 20935,
    "pseudo_label_accept_rate": 0.996904761904762,
    "mean_pseudo_confidence": 0.9997815716371976,
    "consistency_loss": 0.0,
    "encoder_stage": "semisupervised_with_pseudolabels",
    "stn_status": "disabled",
    "stn_regularization_loss": 0.0,
    "val_loss": 0.2977706425740101,
    "val_seq_acc": 0.9612,
    "val_char_acc": 0.99216,
    "val_edit_distance": 0.0392,
    "val_clean_accuracy": 0.9612,
    "val_robustness_drop": null,
    "val_restoration_gain": null,
    "val_position_1_acc": 0.9928,
    "val_position_2_acc": 0.9912666666666666,
    "val_position_3_acc": 0.9922,
    "val_position_4_acc": 0.9912,
    "val_position_5_acc": 0.9933333333333333,
    "test_loss": 0.28911951307178396,
    "test_seq_acc": 0.9645333333333334,
    "test_char_acc": 0.9927333333333334,
    "test_edit_distance": 0.0362,
    "test_clean_accuracy": 0.9645333333333334,
    "test_robustness_drop": null,
    "test_restoration_gain": null,
    "test_position_1_acc": 0.9942666666666666,
    "test_position_2_acc": 0.9912,
    "test_position_3_acc": 0.9924666666666667,
    "test_position_4_acc": 0.9924666666666667,
    "test_position_5_acc": 0.9932666666666666
}