{
    "epoch": 110,
    "train_loss": 0.00570426274522822,
    "pretrain_loss": null,
    "finetune_loss": 0.0008277984053918477,
    "pseudo_label_count": 20891,
    "pseudo_label_accept_rate": 0.9948095238095238,
    "mean_pseudo_confidence": 0.9996953597846434,
    "consistency_loss": 0.0,
    "encoder_stage": "semisupervised_with_pseudolabels",
    "stn_status": "disabled",
    "stn_regularization_loss": 0.0,
    "val_loss": 0.301420190338537,
    "val_seq_acc": 0.9594,
    "val_char_acc": 0.9917466666666667,
    "val_edit_distance": 0.04126666666666667,
    "val_clean_accuracy": 0.9594,
    "val_robustness_drop": null,
    "val_restoration_gain": null,
    "val_position_1_acc": 0.9927333333333334,
    "val_position_2_acc": 0.9902,
    "val_position_3_acc": 0.9922666666666666,
    "val_position_4_acc": 0.9906,
    "val_position_5_acc": 0.9929333333333333,
    "test_loss": 0.2942689486346102,
    "test_seq_acc": 0.9613333333333334,
    "test_char_acc": 0.99204,
    "test_edit_distance": 0.03966666666666667,
    "test_clean_accuracy": 0.9613333333333334,
    "test_robustness_drop": null,
    "test_restoration_gain": null,
    "test_position_1_acc": 0.9938,
    "test_position_2_acc": 0.9902,
    "test_position_3_acc": 0.9918666666666667,
    "test_position_4_acc": 0.9920666666666667,
    "test_position_5_acc": 0.9922666666666666
}