{
    "epoch": 103,
    "train_loss": 0.007487660877444571,
    "pretrain_loss": null,
    "finetune_loss": 0.0018207405891030308,
    "pseudo_label_count": 20881,
    "pseudo_label_accept_rate": 0.9943333333333333,
    "mean_pseudo_confidence": 0.9996221629226295,
    "consistency_loss": 0.0,
    "encoder_stage": "semisupervised_with_pseudolabels",
    "stn_status": "disabled",
    "stn_regularization_loss": 0.0,
    "val_loss": 0.30641445036249315,
    "val_seq_acc": 0.9586,
    "val_char_acc": 0.99156,
    "val_edit_distance": 0.0422,
    "val_clean_accuracy": 0.9586,
    "val_robustness_drop": null,
    "val_restoration_gain": null,
    "val_position_1_acc": 0.9922666666666666,
    "val_position_2_acc": 0.9899333333333333,
    "val_position_3_acc": 0.9918666666666667,
    "val_position_4_acc": 0.9905333333333334,
    "val_position_5_acc": 0.9932,
    "test_loss": 0.3034806341717256,
    "test_seq_acc": 0.9603333333333334,
    "test_char_acc": 0.9918533333333334,
    "test_edit_distance": 0.0406,
    "test_clean_accuracy": 0.9603333333333334,
    "test_robustness_drop": null,
    "test_restoration_gain": null,
    "test_position_1_acc": 0.9932666666666666,
    "test_position_2_acc": 0.9901333333333333,
    "test_position_3_acc": 0.9914,
    "test_position_4_acc": 0.9917333333333334,
    "test_position_5_acc": 0.9927333333333334
}