{
    "epoch": 48,
    "train_loss": 0.15969182886616876,
    "pretrain_loss": null,
    "finetune_loss": 0.1184221129440739,
    "pseudo_label_count": 20083,
    "pseudo_label_accept_rate": 0.9563333333333334,
    "mean_pseudo_confidence": 0.997255687521777,
    "consistency_loss": 0.0,
    "encoder_stage": "semisupervised_with_pseudolabels",
    "stn_status": "disabled",
    "stn_regularization_loss": 0.0,
    "val_loss": 1.466623587177155,
    "val_seq_acc": 0.8501333333333333,
    "val_char_acc": 0.9674133333333333,
    "val_edit_distance": 0.16293333333333335,
    "val_clean_accuracy": 0.8501333333333333,
    "val_robustness_drop": null,
    "val_restoration_gain": null,
    "val_position_1_acc": 0.9692666666666667,
    "val_position_2_acc": 0.9653333333333334,
    "val_position_3_acc": 0.9656,
    "val_position_4_acc": 0.9624,
    "val_position_5_acc": 0.9744666666666667,
    "test_loss": 1.5208429073399685,
    "test_seq_acc": 0.8430666666666666,
    "test_char_acc": 0.9662,
    "test_edit_distance": 0.16886666666666666,
    "test_clean_accuracy": 0.8430666666666666,
    "test_robustness_drop": null,
    "test_restoration_gain": null,
    "test_position_1_acc": 0.9683333333333334,
    "test_position_2_acc": 0.9647333333333333,
    "test_position_3_acc": 0.9642666666666667,
    "test_position_4_acc": 0.9617333333333333,
    "test_position_5_acc": 0.9719333333333333
}