{
    "epoch": 101,
    "train_loss": 0.015138915344450313,
    "pretrain_loss": null,
    "finetune_loss": 0.008865041765704766,
    "pseudo_label_count": 20869,
    "pseudo_label_accept_rate": 0.9937619047619047,
    "mean_pseudo_confidence": 0.9996103172909118,
    "consistency_loss": 0.0,
    "encoder_stage": "semisupervised_with_pseudolabels",
    "stn_status": "disabled",
    "stn_regularization_loss": 0.0,
    "val_loss": 0.3188254008843208,
    "val_seq_acc": 0.9568666666666666,
    "val_char_acc": 0.9911866666666667,
    "val_edit_distance": 0.044066666666666664,
    "val_clean_accuracy": 0.9568666666666666,
    "val_robustness_drop": null,
    "val_restoration_gain": null,
    "val_position_1_acc": 0.9918,
    "val_position_2_acc": 0.9898,
    "val_position_3_acc": 0.9914666666666667,
    "val_position_4_acc": 0.9904,
    "val_position_5_acc": 0.9924666666666667,
    "test_loss": 0.31825180896029975,
    "test_seq_acc": 0.9584,
    "test_char_acc": 0.99144,
    "test_edit_distance": 0.042666666666666665,
    "test_clean_accuracy": 0.9584,
    "test_robustness_drop": null,
    "test_restoration_gain": null,
    "test_position_1_acc": 0.9930666666666667,
    "test_position_2_acc": 0.9895333333333334,
    "test_position_3_acc": 0.9911333333333333,
    "test_position_4_acc": 0.9911333333333333,
    "test_position_5_acc": 0.9923333333333333
}