{
    "epoch": 6,
    "train_loss": 0.3204482560758491,
    "pretrain_loss": null,
    "finetune_loss": 0.3204482560758491,
    "pseudo_label_count": 0,
    "pseudo_label_accept_rate": 0.0,
    "mean_pseudo_confidence": 0.0,
    "consistency_loss": 0.0,
    "encoder_stage": "semisupervised_warmup",
    "stn_status": "disabled",
    "stn_regularization_loss": 0.0,
    "val_loss": 4.635319138587789,
    "val_seq_acc": 0.5006,
    "val_char_acc": 0.83296,
    "val_edit_distance": 0.8068,
    "val_clean_accuracy": 0.5006,
    "val_robustness_drop": null,
    "val_restoration_gain": null,
    "val_position_1_acc": 0.8369333333333333,
    "val_position_2_acc": 0.8355333333333334,
    "val_position_3_acc": 0.8596666666666667,
    "val_position_4_acc": 0.8331333333333333,
    "val_position_5_acc": 0.7995333333333333,
    "test_loss": 4.6257128928570035,
    "test_seq_acc": 0.5032,
    "test_char_acc": 0.8326,
    "test_edit_distance": 0.8083333333333333,
    "test_clean_accuracy": 0.5032,
    "test_robustness_drop": null,
    "test_restoration_gain": null,
    "test_position_1_acc": 0.8406,
    "test_position_2_acc": 0.8355333333333334,
    "test_position_3_acc": 0.8611333333333333,
    "test_position_4_acc": 0.8287333333333333,
    "test_position_5_acc": 0.797
}