{
    "epoch": 7,
    "train_loss": 0.2714794804111084,
    "pretrain_loss": null,
    "finetune_loss": 0.2714794804111084,
    "pseudo_label_count": 0,
    "pseudo_label_accept_rate": 0.0,
    "mean_pseudo_confidence": 0.0,
    "consistency_loss": 0.0,
    "encoder_stage": "semisupervised_warmup",
    "stn_status": "disabled",
    "stn_regularization_loss": 0.0,
    "val_loss": 20.516591688927182,
    "val_seq_acc": 0.052333333333333336,
    "val_char_acc": 0.48529333333333335,
    "val_edit_distance": 2.535266666666667,
    "val_clean_accuracy": 0.052333333333333336,
    "val_robustness_drop": null,
    "val_restoration_gain": null,
    "val_position_1_acc": 0.4618,
    "val_position_2_acc": 0.449,
    "val_position_3_acc": 0.4878,
    "val_position_4_acc": 0.51,
    "val_position_5_acc": 0.5178666666666667,
    "test_loss": 20.57407930658219,
    "test_seq_acc": 0.05073333333333333,
    "test_char_acc": 0.48274666666666666,
    "test_edit_distance": 2.5488666666666666,
    "test_clean_accuracy": 0.05073333333333333,
    "test_robustness_drop": null,
    "test_restoration_gain": null,
    "test_position_1_acc": 0.4582,
    "test_position_2_acc": 0.45113333333333333,
    "test_position_3_acc": 0.4819333333333333,
    "test_position_4_acc": 0.5063333333333333,
    "test_position_5_acc": 0.5161333333333333
}