{
    "epoch": 8,
    "train_loss": 0.2729504156478391,
    "pretrain_loss": null,
    "finetune_loss": 0.2729504156478391,
    "pseudo_label_count": 0,
    "pseudo_label_accept_rate": 0.0,
    "mean_pseudo_confidence": 0.0,
    "consistency_loss": 0.0,
    "encoder_stage": "semisupervised_warmup",
    "stn_status": "disabled",
    "stn_regularization_loss": 0.0,
    "val_loss": 1.5001188255370932,
    "val_seq_acc": 0.7684,
    "val_char_acc": 0.93636,
    "val_edit_distance": 0.31046666666666667,
    "val_clean_accuracy": 0.7684,
    "val_robustness_drop": null,
    "val_restoration_gain": null,
    "val_position_1_acc": 0.9334,
    "val_position_2_acc": 0.9480666666666666,
    "val_position_3_acc": 0.9464,
    "val_position_4_acc": 0.9256,
    "val_position_5_acc": 0.9283333333333333,
    "test_loss": 1.49097696453967,
    "test_seq_acc": 0.7678,
    "test_char_acc": 0.9366266666666667,
    "test_edit_distance": 0.3096,
    "test_clean_accuracy": 0.7678,
    "test_robustness_drop": null,
    "test_restoration_gain": null,
    "test_position_1_acc": 0.9369333333333333,
    "test_position_2_acc": 0.9456666666666667,
    "test_position_3_acc": 0.9422666666666667,
    "test_position_4_acc": 0.932,
    "test_position_5_acc": 0.9262666666666667
}