{
    "epoch": 20,
    "train_loss": 0.11670292275848339,
    "pretrain_loss": null,
    "finetune_loss": 0.11670292275848339,
    "pseudo_label_count": 0,
    "pseudo_label_accept_rate": 0.0,
    "mean_pseudo_confidence": 0.0,
    "consistency_loss": 0.0,
    "encoder_stage": "semisupervised_warmup",
    "stn_status": "disabled",
    "stn_regularization_loss": 0.0,
    "val_loss": 0.2900679039669798,
    "val_seq_acc": 0.9318666666666666,
    "val_char_acc": 0.9854933333333333,
    "val_edit_distance": 0.07233333333333333,
    "val_clean_accuracy": 0.9318666666666666,
    "val_robustness_drop": null,
    "val_restoration_gain": null,
    "val_position_1_acc": 0.9881333333333333,
    "val_position_2_acc": 0.9839333333333333,
    "val_position_3_acc": 0.982,
    "val_position_4_acc": 0.9835333333333334,
    "val_position_5_acc": 0.9898666666666667,
    "test_loss": 0.2843916083904023,
    "test_seq_acc": 0.9335333333333333,
    "test_char_acc": 0.9858266666666666,
    "test_edit_distance": 0.07073333333333333,
    "test_clean_accuracy": 0.9335333333333333,
    "test_robustness_drop": null,
    "test_restoration_gain": null,
    "test_position_1_acc": 0.9906,
    "test_position_2_acc": 0.9840666666666666,
    "test_position_3_acc": 0.9812666666666666,
    "test_position_4_acc": 0.9849333333333333,
    "test_position_5_acc": 0.9882666666666666
}