{
    "epoch": 47,
    "train_loss": 0.12402766065537571,
    "pretrain_loss": null,
    "finetune_loss": 0.07840359679699264,
    "pseudo_label_count": 19977,
    "pseudo_label_accept_rate": 0.9512857142857143,
    "mean_pseudo_confidence": 0.9972285169341838,
    "consistency_loss": 0.0,
    "encoder_stage": "semisupervised_with_pseudolabels",
    "stn_status": "disabled",
    "stn_regularization_loss": 0.0,
    "val_loss": 7.524389766124969,
    "val_seq_acc": 0.6158,
    "val_char_acc": 0.9072133333333333,
    "val_edit_distance": 0.46386666666666665,
    "val_clean_accuracy": 0.6158,
    "val_robustness_drop": null,
    "val_restoration_gain": null,
    "val_position_1_acc": 0.9082666666666667,
    "val_position_2_acc": 0.9044666666666666,
    "val_position_3_acc": 0.9007333333333334,
    "val_position_4_acc": 0.9051333333333333,
    "val_position_5_acc": 0.9174666666666667,
    "test_loss": 7.6004267307038,
    "test_seq_acc": 0.6097333333333333,
    "test_char_acc": 0.9059866666666667,
    "test_edit_distance": 0.47,
    "test_clean_accuracy": 0.6097333333333333,
    "test_robustness_drop": null,
    "test_restoration_gain": null,
    "test_position_1_acc": 0.9068,
    "test_position_2_acc": 0.9075333333333333,
    "test_position_3_acc": 0.8976,
    "test_position_4_acc": 0.9036666666666666,
    "test_position_5_acc": 0.9143333333333333
}