{
    "epoch": 19,
    "train_loss": 0.1245781852263111,
    "pretrain_loss": null,
    "finetune_loss": 0.1245781852263111,
    "pseudo_label_count": 0,
    "pseudo_label_accept_rate": 0.0,
    "mean_pseudo_confidence": 0.0,
    "consistency_loss": 0.0,
    "encoder_stage": "semisupervised_warmup",
    "stn_status": "disabled",
    "stn_regularization_loss": 0.0,
    "val_loss": 0.3117887527503549,
    "val_seq_acc": 0.9259333333333334,
    "val_char_acc": 0.9843066666666667,
    "val_edit_distance": 0.07846666666666667,
    "val_clean_accuracy": 0.9259333333333334,
    "val_robustness_drop": null,
    "val_restoration_gain": null,
    "val_position_1_acc": 0.9868,
    "val_position_2_acc": 0.9834666666666667,
    "val_position_3_acc": 0.9810666666666666,
    "val_position_4_acc": 0.9825333333333334,
    "val_position_5_acc": 0.9876666666666667,
    "test_loss": 0.29587381023398424,
    "test_seq_acc": 0.9257333333333333,
    "test_char_acc": 0.9843733333333333,
    "test_edit_distance": 0.07806666666666667,
    "test_clean_accuracy": 0.9257333333333333,
    "test_robustness_drop": null,
    "test_restoration_gain": null,
    "test_position_1_acc": 0.9868,
    "test_position_2_acc": 0.9836666666666667,
    "test_position_3_acc": 0.9824,
    "test_position_4_acc": 0.9836666666666667,
    "test_position_5_acc": 0.9853333333333333
}