{
    "epoch": 45,
    "train_loss": 0.13353138006494242,
    "pretrain_loss": null,
    "finetune_loss": 0.06226103389897085,
    "pseudo_label_count": 19595,
    "pseudo_label_accept_rate": 0.9330952380952381,
    "mean_pseudo_confidence": 0.9966132717371048,
    "consistency_loss": 0.0,
    "encoder_stage": "semisupervised_with_pseudolabels",
    "stn_status": "disabled",
    "stn_regularization_loss": 0.0,
    "val_loss": 17.480082260294164,
    "val_seq_acc": 0.20886666666666667,
    "val_char_acc": 0.70996,
    "val_edit_distance": 1.4422,
    "val_clean_accuracy": 0.20886666666666667,
    "val_robustness_drop": null,
    "val_restoration_gain": null,
    "val_position_1_acc": 0.7604,
    "val_position_2_acc": 0.7304,
    "val_position_3_acc": 0.712,
    "val_position_4_acc": 0.6954,
    "val_position_5_acc": 0.6516,
    "test_loss": 17.508724151773656,
    "test_seq_acc": 0.20633333333333334,
    "test_char_acc": 0.70856,
    "test_edit_distance": 1.4478666666666666,
    "test_clean_accuracy": 0.20633333333333334,
    "test_robustness_drop": null,
    "test_restoration_gain": null,
    "test_position_1_acc": 0.765,
    "test_position_2_acc": 0.7341333333333333,
    "test_position_3_acc": 0.7036,
    "test_position_4_acc": 0.6886,
    "test_position_5_acc": 0.6514666666666666
}