{
    "epoch": 159,
    "train_loss": 0.00476760762401549,
    "pretrain_loss": null,
    "finetune_loss": 0.0003392764055166129,
    "pseudo_label_count": 20914,
    "pseudo_label_accept_rate": 0.995904761904762,
    "mean_pseudo_confidence": 0.9997528949316936,
    "consistency_loss": 0.0,
    "encoder_stage": "semisupervised_with_pseudolabels",
    "stn_status": "disabled",
    "stn_regularization_loss": 0.0,
    "val_loss": 0.2922471730203878,
    "val_seq_acc": 0.9619333333333333,
    "val_char_acc": 0.99228,
    "val_edit_distance": 0.0386,
    "val_clean_accuracy": 0.9619333333333333,
    "val_robustness_drop": null,
    "val_restoration_gain": null,
    "val_position_1_acc": 0.9928666666666667,
    "val_position_2_acc": 0.9914,
    "val_position_3_acc": 0.9922666666666666,
    "val_position_4_acc": 0.9910666666666667,
    "val_position_5_acc": 0.9938,
    "test_loss": 0.28658968007162294,
    "test_seq_acc": 0.9638,
    "test_char_acc": 0.9925733333333333,
    "test_edit_distance": 0.037,
    "test_clean_accuracy": 0.9638,
    "test_robustness_drop": null,
    "test_restoration_gain": null,
    "test_position_1_acc": 0.9941333333333333,
    "test_position_2_acc": 0.991,
    "test_position_3_acc": 0.9923333333333333,
    "test_position_4_acc": 0.9924,
    "test_position_5_acc": 0.993
}