{
    "epoch": 165,
    "train_loss": 0.003254026777062146,
    "pretrain_loss": null,
    "finetune_loss": 0.0002841146681553124,
    "pseudo_label_count": 20924,
    "pseudo_label_accept_rate": 0.9963809523809524,
    "mean_pseudo_confidence": 0.9997672435772895,
    "consistency_loss": 0.0,
    "encoder_stage": "semisupervised_with_pseudolabels",
    "stn_status": "disabled",
    "stn_regularization_loss": 0.0,
    "val_loss": 0.3020152877401405,
    "val_seq_acc": 0.9610666666666666,
    "val_char_acc": 0.9921066666666667,
    "val_edit_distance": 0.039466666666666664,
    "val_clean_accuracy": 0.9610666666666666,
    "val_robustness_drop": null,
    "val_restoration_gain": null,
    "val_position_1_acc": 0.9930666666666667,
    "val_position_2_acc": 0.9910666666666667,
    "val_position_3_acc": 0.9920666666666667,
    "val_position_4_acc": 0.9909333333333333,
    "val_position_5_acc": 0.9934,
    "test_loss": 0.29168325312319676,
    "test_seq_acc": 0.964,
    "test_char_acc": 0.9926133333333333,
    "test_edit_distance": 0.0368,
    "test_clean_accuracy": 0.964,
    "test_robustness_drop": null,
    "test_restoration_gain": null,
    "test_position_1_acc": 0.994,
    "test_position_2_acc": 0.991,
    "test_position_3_acc": 0.9925333333333334,
    "test_position_4_acc": 0.9924,
    "test_position_5_acc": 0.9931333333333333
}