{
    "epoch": 18,
    "train_loss": 0.12557840853924657,
    "pretrain_loss": null,
    "finetune_loss": 0.12557840853924657,
    "pseudo_label_count": 0,
    "pseudo_label_accept_rate": 0.0,
    "mean_pseudo_confidence": 0.0,
    "consistency_loss": 0.0,
    "encoder_stage": "semisupervised_warmup",
    "stn_status": "disabled",
    "stn_regularization_loss": 0.0,
    "val_loss": 0.22177918327853402,
    "val_seq_acc": 0.9421333333333334,
    "val_char_acc": 0.98808,
    "val_edit_distance": 0.0596,
    "val_clean_accuracy": 0.9421333333333334,
    "val_robustness_drop": null,
    "val_restoration_gain": null,
    "val_position_1_acc": 0.988,
    "val_position_2_acc": 0.9857333333333334,
    "val_position_3_acc": 0.9866666666666667,
    "val_position_4_acc": 0.9874,
    "val_position_5_acc": 0.9926,
    "test_loss": 0.2100012156478268,
    "test_seq_acc": 0.9404666666666667,
    "test_char_acc": 0.98768,
    "test_edit_distance": 0.061533333333333336,
    "test_clean_accuracy": 0.9404666666666667,
    "test_robustness_drop": null,
    "test_restoration_gain": null,
    "test_position_1_acc": 0.9875333333333334,
    "test_position_2_acc": 0.9858,
    "test_position_3_acc": 0.9864,
    "test_position_4_acc": 0.9877333333333334,
    "test_position_5_acc": 0.9909333333333333
}