{
    "epoch": 113,
    "train_loss": 0.006222583330942286,
    "pretrain_loss": null,
    "finetune_loss": 0.000728548977838599,
    "pseudo_label_count": 20920,
    "pseudo_label_accept_rate": 0.9961904761904762,
    "mean_pseudo_confidence": 0.9996767783028218,
    "consistency_loss": 0.0,
    "encoder_stage": "semisupervised_with_pseudolabels",
    "stn_status": "disabled",
    "stn_regularization_loss": 0.0,
    "val_loss": 0.3088501628976101,
    "val_seq_acc": 0.9585333333333333,
    "val_char_acc": 0.9915866666666666,
    "val_edit_distance": 0.04206666666666667,
    "val_clean_accuracy": 0.9585333333333333,
    "val_robustness_drop": null,
    "val_restoration_gain": null,
    "val_position_1_acc": 0.9926,
    "val_position_2_acc": 0.9899333333333333,
    "val_position_3_acc": 0.9918,
    "val_position_4_acc": 0.9905333333333334,
    "val_position_5_acc": 0.9930666666666667,
    "test_loss": 0.2991050298723573,
    "test_seq_acc": 0.9615333333333334,
    "test_char_acc": 0.99208,
    "test_edit_distance": 0.039466666666666664,
    "test_clean_accuracy": 0.9615333333333334,
    "test_robustness_drop": null,
    "test_restoration_gain": null,
    "test_position_1_acc": 0.9935333333333334,
    "test_position_2_acc": 0.9902666666666666,
    "test_position_3_acc": 0.9918666666666667,
    "test_position_4_acc": 0.9921333333333333,
    "test_position_5_acc": 0.9926
}