{
    "epoch": 54,
    "train_loss": 0.03293553229320478,
    "pretrain_loss": null,
    "finetune_loss": 0.012674719619554985,
    "pseudo_label_count": 20494,
    "pseudo_label_accept_rate": 0.9759047619047619,
    "mean_pseudo_confidence": 0.9984828542823081,
    "consistency_loss": 0.0,
    "encoder_stage": "semisupervised_with_pseudolabels",
    "stn_status": "disabled",
    "stn_regularization_loss": 0.0,
    "val_loss": 0.21077702504166582,
    "val_seq_acc": 0.958,
    "val_char_acc": 0.9914133333333334,
    "val_edit_distance": 0.04293333333333333,
    "val_clean_accuracy": 0.958,
    "val_robustness_drop": null,
    "val_restoration_gain": null,
    "val_position_1_acc": 0.9921333333333333,
    "val_position_2_acc": 0.9906,
    "val_position_3_acc": 0.991,
    "val_position_4_acc": 0.9902666666666666,
    "val_position_5_acc": 0.9930666666666667,
    "test_loss": 0.21421581640284745,
    "test_seq_acc": 0.9585333333333333,
    "test_char_acc": 0.99148,
    "test_edit_distance": 0.04253333333333333,
    "test_clean_accuracy": 0.9585333333333333,
    "test_robustness_drop": null,
    "test_restoration_gain": null,
    "test_position_1_acc": 0.9937333333333334,
    "test_position_2_acc": 0.9890666666666666,
    "test_position_3_acc": 0.9904,
    "test_position_4_acc": 0.9910666666666667,
    "test_position_5_acc": 0.9931333333333333
}