{
    "epoch": 156,
    "train_loss": 0.004208954815609733,
    "pretrain_loss": null,
    "finetune_loss": 0.0003983497337742541,
    "pseudo_label_count": 20929,
    "pseudo_label_accept_rate": 0.9966190476190476,
    "mean_pseudo_confidence": 0.9997618600182883,
    "consistency_loss": 0.0,
    "encoder_stage": "semisupervised_with_pseudolabels",
    "stn_status": "disabled",
    "stn_regularization_loss": 0.0,
    "val_loss": 0.2958096036559738,
    "val_seq_acc": 0.961,
    "val_char_acc": 0.9921066666666667,
    "val_edit_distance": 0.039466666666666664,
    "val_clean_accuracy": 0.961,
    "val_robustness_drop": null,
    "val_restoration_gain": null,
    "val_position_1_acc": 0.9922666666666666,
    "val_position_2_acc": 0.9909333333333333,
    "val_position_3_acc": 0.9922666666666666,
    "val_position_4_acc": 0.9913333333333333,
    "val_position_5_acc": 0.9937333333333334,
    "test_loss": 0.29058398373231964,
    "test_seq_acc": 0.9633333333333334,
    "test_char_acc": 0.9924933333333333,
    "test_edit_distance": 0.0374,
    "test_clean_accuracy": 0.9633333333333334,
    "test_robustness_drop": null,
    "test_restoration_gain": null,
    "test_position_1_acc": 0.9942,
    "test_position_2_acc": 0.9911333333333333,
    "test_position_3_acc": 0.9916,
    "test_position_4_acc": 0.9923333333333333,
    "test_position_5_acc": 0.9932
}