{
    "epoch": 178,
    "train_loss": 0.002777721473152939,
    "pretrain_loss": null,
    "finetune_loss": 0.00022236904574283211,
    "pseudo_label_count": 20933,
    "pseudo_label_accept_rate": 0.9968095238095238,
    "mean_pseudo_confidence": 0.9997683279844497,
    "consistency_loss": 0.0,
    "encoder_stage": "semisupervised_with_pseudolabels",
    "stn_status": "disabled",
    "stn_regularization_loss": 0.0,
    "val_loss": 0.3012531590684143,
    "val_seq_acc": 0.9612666666666667,
    "val_char_acc": 0.9921466666666666,
    "val_edit_distance": 0.039266666666666665,
    "val_clean_accuracy": 0.9612666666666667,
    "val_robustness_drop": null,
    "val_restoration_gain": null,
    "val_position_1_acc": 0.9930666666666667,
    "val_position_2_acc": 0.9910666666666667,
    "val_position_3_acc": 0.9920666666666667,
    "val_position_4_acc": 0.9909333333333333,
    "val_position_5_acc": 0.9936,
    "test_loss": 0.2914813047503985,
    "test_seq_acc": 0.9646,
    "test_char_acc": 0.9927333333333334,
    "test_edit_distance": 0.0362,
    "test_clean_accuracy": 0.9646,
    "test_robustness_drop": null,
    "test_restoration_gain": null,
    "test_position_1_acc": 0.9942,
    "test_position_2_acc": 0.9909333333333333,
    "test_position_3_acc": 0.9926,
    "test_position_4_acc": 0.9924666666666667,
    "test_position_5_acc": 0.9934666666666667
}