{
    "epoch": 149,
    "train_loss": 0.0029460559376004204,
    "pretrain_loss": null,
    "finetune_loss": 0.0002441581236495662,
    "pseudo_label_count": 20936,
    "pseudo_label_accept_rate": 0.9969523809523809,
    "mean_pseudo_confidence": 0.9997679789101845,
    "consistency_loss": 0.0,
    "encoder_stage": "semisupervised_with_pseudolabels",
    "stn_status": "disabled",
    "stn_regularization_loss": 0.0,
    "val_loss": 0.2977651895859069,
    "val_seq_acc": 0.9607333333333333,
    "val_char_acc": 0.992,
    "val_edit_distance": 0.04,
    "val_clean_accuracy": 0.9607333333333333,
    "val_robustness_drop": null,
    "val_restoration_gain": null,
    "val_position_1_acc": 0.9920666666666667,
    "val_position_2_acc": 0.9908666666666667,
    "val_position_3_acc": 0.9922,
    "val_position_4_acc": 0.9916,
    "val_position_5_acc": 0.9932666666666666,
    "test_loss": 0.29526100557155355,
    "test_seq_acc": 0.9628666666666666,
    "test_char_acc": 0.9923866666666666,
    "test_edit_distance": 0.03793333333333333,
    "test_clean_accuracy": 0.9628666666666666,
    "test_robustness_drop": null,
    "test_restoration_gain": null,
    "test_position_1_acc": 0.9942,
    "test_position_2_acc": 0.9904666666666667,
    "test_position_3_acc": 0.9916,
    "test_position_4_acc": 0.9924666666666667,
    "test_position_5_acc": 0.9932
}