{
    "epoch": 67,
    "train_loss": 0.015416571470914214,
    "pretrain_loss": null,
    "finetune_loss": 0.004073417369175524,
    "pseudo_label_count": 20785,
    "pseudo_label_accept_rate": 0.9897619047619047,
    "mean_pseudo_confidence": 0.9992496180540098,
    "consistency_loss": 0.0,
    "encoder_stage": "semisupervised_with_pseudolabels",
    "stn_status": "disabled",
    "stn_regularization_loss": 0.0,
    "val_loss": 0.2397902343219067,
    "val_seq_acc": 0.9624,
    "val_char_acc": 0.9923333333333333,
    "val_edit_distance": 0.03833333333333333,
    "val_clean_accuracy": 0.9624,
    "val_robustness_drop": null,
    "val_restoration_gain": null,
    "val_position_1_acc": 0.9928666666666667,
    "val_position_2_acc": 0.9922,
    "val_position_3_acc": 0.9917333333333334,
    "val_position_4_acc": 0.9918666666666667,
    "val_position_5_acc": 0.993,
    "test_loss": 0.23676998271619093,
    "test_seq_acc": 0.9622,
    "test_char_acc": 0.99224,
    "test_edit_distance": 0.03866666666666667,
    "test_clean_accuracy": 0.9622,
    "test_robustness_drop": null,
    "test_restoration_gain": null,
    "test_position_1_acc": 0.9938666666666667,
    "test_position_2_acc": 0.9910666666666667,
    "test_position_3_acc": 0.9916,
    "test_position_4_acc": 0.9926666666666667,
    "test_position_5_acc": 0.992
}