{
    "epoch": 116,
    "train_loss": 0.00503136391609267,
    "pretrain_loss": null,
    "finetune_loss": 0.000630620631974854,
    "pseudo_label_count": 20913,
    "pseudo_label_accept_rate": 0.9958571428571429,
    "mean_pseudo_confidence": 0.9997168998661715,
    "consistency_loss": 0.0,
    "encoder_stage": "semisupervised_with_pseudolabels",
    "stn_status": "disabled",
    "stn_regularization_loss": 0.0,
    "val_loss": 0.299057712649653,
    "val_seq_acc": 0.9603333333333334,
    "val_char_acc": 0.9919466666666666,
    "val_edit_distance": 0.040266666666666666,
    "val_clean_accuracy": 0.9603333333333334,
    "val_robustness_drop": null,
    "val_restoration_gain": null,
    "val_position_1_acc": 0.9926666666666667,
    "val_position_2_acc": 0.9908,
    "val_position_3_acc": 0.9921333333333333,
    "val_position_4_acc": 0.9907333333333334,
    "val_position_5_acc": 0.9934,
    "test_loss": 0.28554079795179316,
    "test_seq_acc": 0.9631333333333333,
    "test_char_acc": 0.99244,
    "test_edit_distance": 0.03766666666666667,
    "test_clean_accuracy": 0.9631333333333333,
    "test_robustness_drop": null,
    "test_restoration_gain": null,
    "test_position_1_acc": 0.9937333333333334,
    "test_position_2_acc": 0.991,
    "test_position_3_acc": 0.9922,
    "test_position_4_acc": 0.9922,
    "test_position_5_acc": 0.9930666666666667
}