{
    "epoch": 50,
    "train_loss": 0.1405756163852917,
    "pretrain_loss": null,
    "finetune_loss": 0.07736505557176251,
    "pseudo_label_count": 19766,
    "pseudo_label_accept_rate": 0.9412380952380952,
    "mean_pseudo_confidence": 0.9967761133094193,
    "consistency_loss": 0.0,
    "encoder_stage": "semisupervised_with_pseudolabels",
    "stn_status": "disabled",
    "stn_regularization_loss": 0.0,
    "val_loss": 13.376544501933646,
    "val_seq_acc": 0.3768,
    "val_char_acc": 0.8227866666666667,
    "val_edit_distance": 0.8858666666666667,
    "val_clean_accuracy": 0.3768,
    "val_robustness_drop": null,
    "val_restoration_gain": null,
    "val_position_1_acc": 0.8399333333333333,
    "val_position_2_acc": 0.8130666666666667,
    "val_position_3_acc": 0.8224666666666667,
    "val_position_4_acc": 0.808,
    "val_position_5_acc": 0.8304666666666667,
    "test_loss": 13.65466662873613,
    "test_seq_acc": 0.3708666666666667,
    "test_char_acc": 0.82012,
    "test_edit_distance": 0.8993333333333333,
    "test_clean_accuracy": 0.3708666666666667,
    "test_robustness_drop": null,
    "test_restoration_gain": null,
    "test_position_1_acc": 0.8379333333333333,
    "test_position_2_acc": 0.8125333333333333,
    "test_position_3_acc": 0.8198666666666666,
    "test_position_4_acc": 0.8082666666666667,
    "test_position_5_acc": 0.822
}