{
    "epoch": 136,
    "train_loss": 0.0037852815022814323,
    "pretrain_loss": null,
    "finetune_loss": 0.0004098583771926787,
    "pseudo_label_count": 20922,
    "pseudo_label_accept_rate": 0.9962857142857143,
    "mean_pseudo_confidence": 0.9997657611873544,
    "consistency_loss": 0.0,
    "encoder_stage": "semisupervised_with_pseudolabels",
    "stn_status": "disabled",
    "stn_regularization_loss": 0.0,
    "val_loss": 0.28726725909699335,
    "val_seq_acc": 0.961,
    "val_char_acc": 0.9921066666666667,
    "val_edit_distance": 0.039466666666666664,
    "val_clean_accuracy": 0.961,
    "val_robustness_drop": null,
    "val_restoration_gain": null,
    "val_position_1_acc": 0.9921333333333333,
    "val_position_2_acc": 0.9914666666666667,
    "val_position_3_acc": 0.9924,
    "val_position_4_acc": 0.9909333333333333,
    "val_position_5_acc": 0.9936,
    "test_loss": 0.2810449804554779,
    "test_seq_acc": 0.9644,
    "test_char_acc": 0.9926933333333333,
    "test_edit_distance": 0.0364,
    "test_clean_accuracy": 0.9644,
    "test_robustness_drop": null,
    "test_restoration_gain": null,
    "test_position_1_acc": 0.9942,
    "test_position_2_acc": 0.991,
    "test_position_3_acc": 0.9922,
    "test_position_4_acc": 0.9929333333333333,
    "test_position_5_acc": 0.9931333333333333
}