{
    "epoch": 62,
    "train_loss": 0.01675364323497594,
    "pretrain_loss": null,
    "finetune_loss": 0.005741219081931569,
    "pseudo_label_count": 20709,
    "pseudo_label_accept_rate": 0.9861428571428571,
    "mean_pseudo_confidence": 0.9991372013732153,
    "consistency_loss": 0.0,
    "encoder_stage": "semisupervised_with_pseudolabels",
    "stn_status": "disabled",
    "stn_regularization_loss": 0.0,
    "val_loss": 0.2692525522288014,
    "val_seq_acc": 0.9589333333333333,
    "val_char_acc": 0.9916666666666667,
    "val_edit_distance": 0.041666666666666664,
    "val_clean_accuracy": 0.9589333333333333,
    "val_robustness_drop": null,
    "val_restoration_gain": null,
    "val_position_1_acc": 0.9926,
    "val_position_2_acc": 0.9911333333333333,
    "val_position_3_acc": 0.9915333333333334,
    "val_position_4_acc": 0.9904666666666667,
    "val_position_5_acc": 0.9926,
    "test_loss": 0.263117508987272,
    "test_seq_acc": 0.9585333333333333,
    "test_char_acc": 0.9914533333333333,
    "test_edit_distance": 0.042666666666666665,
    "test_clean_accuracy": 0.9585333333333333,
    "test_robustness_drop": null,
    "test_restoration_gain": null,
    "test_position_1_acc": 0.9940666666666667,
    "test_position_2_acc": 0.9891333333333333,
    "test_position_3_acc": 0.9904,
    "test_position_4_acc": 0.9916666666666667,
    "test_position_5_acc": 0.992
}