{
    "epoch": 60,
    "train_loss": 0.019178852846952955,
    "pretrain_loss": null,
    "finetune_loss": 0.005985507484366321,
    "pseudo_label_count": 20655,
    "pseudo_label_accept_rate": 0.9835714285714285,
    "mean_pseudo_confidence": 0.9990877802277904,
    "consistency_loss": 0.0,
    "encoder_stage": "semisupervised_with_pseudolabels",
    "stn_status": "disabled",
    "stn_regularization_loss": 0.0,
    "val_loss": 0.2289288480534216,
    "val_seq_acc": 0.9607333333333333,
    "val_char_acc": 0.9919866666666667,
    "val_edit_distance": 0.04006666666666667,
    "val_clean_accuracy": 0.9607333333333333,
    "val_robustness_drop": null,
    "val_restoration_gain": null,
    "val_position_1_acc": 0.9931333333333333,
    "val_position_2_acc": 0.9910666666666667,
    "val_position_3_acc": 0.9915333333333334,
    "val_position_4_acc": 0.9909333333333333,
    "val_position_5_acc": 0.9932666666666666,
    "test_loss": 0.2234407875796178,
    "test_seq_acc": 0.9628,
    "test_char_acc": 0.9922933333333334,
    "test_edit_distance": 0.03846666666666667,
    "test_clean_accuracy": 0.9628,
    "test_robustness_drop": null,
    "test_restoration_gain": null,
    "test_position_1_acc": 0.9938666666666667,
    "test_position_2_acc": 0.9907333333333334,
    "test_position_3_acc": 0.9919333333333333,
    "test_position_4_acc": 0.9921333333333333,
    "test_position_5_acc": 0.9928
}