{
    "epoch": 190,
    "train_loss": 0.002393778723820588,
    "pretrain_loss": null,
    "finetune_loss": 0.00019581318658510392,
    "pseudo_label_count": 20923,
    "pseudo_label_accept_rate": 0.9963333333333333,
    "mean_pseudo_confidence": 0.9997858858493673,
    "consistency_loss": 0.0,
    "encoder_stage": "semisupervised_with_pseudolabels",
    "stn_status": "disabled",
    "stn_regularization_loss": 0.0,
    "val_loss": 0.2964909037463084,
    "val_seq_acc": 0.9608666666666666,
    "val_char_acc": 0.99208,
    "val_edit_distance": 0.0396,
    "val_clean_accuracy": 0.9608666666666666,
    "val_robustness_drop": null,
    "val_restoration_gain": null,
    "val_position_1_acc": 0.9927333333333334,
    "val_position_2_acc": 0.9909333333333333,
    "val_position_3_acc": 0.9920666666666667,
    "val_position_4_acc": 0.9910666666666667,
    "val_position_5_acc": 0.9936,
    "test_loss": 0.2894202053491407,
    "test_seq_acc": 0.965,
    "test_char_acc": 0.9928,
    "test_edit_distance": 0.03593333333333333,
    "test_clean_accuracy": 0.965,
    "test_robustness_drop": null,
    "test_restoration_gain": null,
    "test_position_1_acc": 0.9943333333333333,
    "test_position_2_acc": 0.9909333333333333,
    "test_position_3_acc": 0.9922666666666666,
    "test_position_4_acc": 0.9931333333333333,
    "test_position_5_acc": 0.9933333333333333
}