{
    "epoch": 15,
    "train_loss": 0.15366408272643936,
    "pretrain_loss": null,
    "finetune_loss": 0.15366408272643936,
    "pseudo_label_count": 0,
    "pseudo_label_accept_rate": 0.0,
    "mean_pseudo_confidence": 0.0,
    "consistency_loss": 0.0,
    "encoder_stage": "semisupervised_warmup",
    "stn_status": "disabled",
    "stn_regularization_loss": 0.0,
    "val_loss": 6.740349981632638,
    "val_seq_acc": 0.5121333333333333,
    "val_char_acc": 0.8341066666666667,
    "val_edit_distance": 0.7942,
    "val_clean_accuracy": 0.5121333333333333,
    "val_robustness_drop": null,
    "val_restoration_gain": null,
    "val_position_1_acc": 0.8923333333333333,
    "val_position_2_acc": 0.8502,
    "val_position_3_acc": 0.8539333333333333,
    "val_position_4_acc": 0.8025333333333333,
    "val_position_5_acc": 0.7715333333333333,
    "test_loss": 6.776118532140204,
    "test_seq_acc": 0.5004,
    "test_char_acc": 0.83128,
    "test_edit_distance": 0.8067333333333333,
    "test_clean_accuracy": 0.5004,
    "test_robustness_drop": null,
    "test_restoration_gain": null,
    "test_position_1_acc": 0.8950666666666667,
    "test_position_2_acc": 0.8516,
    "test_position_3_acc": 0.8472,
    "test_position_4_acc": 0.8014666666666667,
    "test_position_5_acc": 0.7610666666666667
}