{
    "epoch": 97,
    "train_loss": 0.010090823300647006,
    "pretrain_loss": null,
    "finetune_loss": 0.0023243269147778063,
    "pseudo_label_count": 20866,
    "pseudo_label_accept_rate": 0.9936190476190476,
    "mean_pseudo_confidence": 0.9995250344722049,
    "consistency_loss": 0.0,
    "encoder_stage": "semisupervised_with_pseudolabels",
    "stn_status": "disabled",
    "stn_regularization_loss": 0.0,
    "val_loss": 0.36004290389766463,
    "val_seq_acc": 0.9534666666666667,
    "val_char_acc": 0.9905866666666666,
    "val_edit_distance": 0.047066666666666666,
    "val_clean_accuracy": 0.9534666666666667,
    "val_robustness_drop": null,
    "val_restoration_gain": null,
    "val_position_1_acc": 0.9899333333333333,
    "val_position_2_acc": 0.9896666666666667,
    "val_position_3_acc": 0.9905333333333334,
    "val_position_4_acc": 0.9906666666666667,
    "val_position_5_acc": 0.9921333333333333,
    "test_loss": 0.35228557348708955,
    "test_seq_acc": 0.9555333333333333,
    "test_char_acc": 0.9908933333333333,
    "test_edit_distance": 0.0454,
    "test_clean_accuracy": 0.9555333333333333,
    "test_robustness_drop": null,
    "test_restoration_gain": null,
    "test_position_1_acc": 0.9923333333333333,
    "test_position_2_acc": 0.9891333333333333,
    "test_position_3_acc": 0.9904,
    "test_position_4_acc": 0.9901333333333333,
    "test_position_5_acc": 0.9924666666666667
}