{
    "epoch": 74,
    "train_loss": 0.01315847764088408,
    "pretrain_loss": null,
    "finetune_loss": 0.003957735087502019,
    "pseudo_label_count": 20806,
    "pseudo_label_accept_rate": 0.9907619047619047,
    "mean_pseudo_confidence": 0.9993952728516434,
    "consistency_loss": 0.0,
    "encoder_stage": "semisupervised_with_pseudolabels",
    "stn_status": "disabled",
    "stn_regularization_loss": 0.0,
    "val_loss": 0.3383046502867922,
    "val_seq_acc": 0.9542666666666667,
    "val_char_acc": 0.9905733333333333,
    "val_edit_distance": 0.04713333333333333,
    "val_clean_accuracy": 0.9542666666666667,
    "val_robustness_drop": null,
    "val_restoration_gain": null,
    "val_position_1_acc": 0.9909333333333333,
    "val_position_2_acc": 0.9898666666666667,
    "val_position_3_acc": 0.9896,
    "val_position_4_acc": 0.9896666666666667,
    "val_position_5_acc": 0.9928,
    "test_loss": 0.3324624814578899,
    "test_seq_acc": 0.9548,
    "test_char_acc": 0.9906666666666667,
    "test_edit_distance": 0.0466,
    "test_clean_accuracy": 0.9548,
    "test_robustness_drop": null,
    "test_restoration_gain": null,
    "test_position_1_acc": 0.9906,
    "test_position_2_acc": 0.9889333333333333,
    "test_position_3_acc": 0.9904,
    "test_position_4_acc": 0.9917333333333334,
    "test_position_5_acc": 0.9916666666666667
}