{
    "epoch": 117,
    "train_loss": 0.004506626121480815,
    "pretrain_loss": null,
    "finetune_loss": 0.0004323584737739878,
    "pseudo_label_count": 20917,
    "pseudo_label_accept_rate": 0.9960476190476191,
    "mean_pseudo_confidence": 0.9997097941288877,
    "consistency_loss": 0.0,
    "encoder_stage": "semisupervised_with_pseudolabels",
    "stn_status": "disabled",
    "stn_regularization_loss": 0.0,
    "val_loss": 0.2989016521098436,
    "val_seq_acc": 0.9598666666666666,
    "val_char_acc": 0.99184,
    "val_edit_distance": 0.0408,
    "val_clean_accuracy": 0.9598666666666666,
    "val_robustness_drop": null,
    "val_restoration_gain": null,
    "val_position_1_acc": 0.9923333333333333,
    "val_position_2_acc": 0.9908,
    "val_position_3_acc": 0.992,
    "val_position_4_acc": 0.9908,
    "val_position_5_acc": 0.9932666666666666,
    "test_loss": 0.29366632592047726,
    "test_seq_acc": 0.9631333333333333,
    "test_char_acc": 0.99244,
    "test_edit_distance": 0.03766666666666667,
    "test_clean_accuracy": 0.9631333333333333,
    "test_robustness_drop": null,
    "test_restoration_gain": null,
    "test_position_1_acc": 0.9934666666666667,
    "test_position_2_acc": 0.991,
    "test_position_3_acc": 0.9923333333333333,
    "test_position_4_acc": 0.9923333333333333,
    "test_position_5_acc": 0.9930666666666667
}