{
    "epoch": 75,
    "train_loss": 0.012438022271628551,
    "pretrain_loss": null,
    "finetune_loss": 0.0032359996681791906,
    "pseudo_label_count": 20818,
    "pseudo_label_accept_rate": 0.9913333333333333,
    "mean_pseudo_confidence": 0.9993985196517723,
    "consistency_loss": 0.0,
    "encoder_stage": "semisupervised_with_pseudolabels",
    "stn_status": "disabled",
    "stn_regularization_loss": 0.0,
    "val_loss": 0.3008214184473644,
    "val_seq_acc": 0.9594,
    "val_char_acc": 0.99164,
    "val_edit_distance": 0.0418,
    "val_clean_accuracy": 0.9594,
    "val_robustness_drop": null,
    "val_restoration_gain": null,
    "val_position_1_acc": 0.9920666666666667,
    "val_position_2_acc": 0.9904666666666667,
    "val_position_3_acc": 0.9916,
    "val_position_4_acc": 0.9903333333333333,
    "val_position_5_acc": 0.9937333333333334,
    "test_loss": 0.29737441140253956,
    "test_seq_acc": 0.9598,
    "test_char_acc": 0.99172,
    "test_edit_distance": 0.04133333333333333,
    "test_clean_accuracy": 0.9598,
    "test_robustness_drop": null,
    "test_restoration_gain": null,
    "test_position_1_acc": 0.9918,
    "test_position_2_acc": 0.9906,
    "test_position_3_acc": 0.9918666666666667,
    "test_position_4_acc": 0.9916666666666667,
    "test_position_5_acc": 0.9926666666666667
}