{
    "epoch": 69,
    "train_loss": 0.01295696552831848,
    "pretrain_loss": null,
    "finetune_loss": 0.0034278179014785677,
    "pseudo_label_count": 20770,
    "pseudo_label_accept_rate": 0.9890476190476191,
    "mean_pseudo_confidence": 0.9993039819444667,
    "consistency_loss": 0.0,
    "encoder_stage": "semisupervised_with_pseudolabels",
    "stn_status": "disabled",
    "stn_regularization_loss": 0.0,
    "val_loss": 0.300383687663193,
    "val_seq_acc": 0.9567333333333333,
    "val_char_acc": 0.9911733333333334,
    "val_edit_distance": 0.04413333333333333,
    "val_clean_accuracy": 0.9567333333333333,
    "val_robustness_drop": null,
    "val_restoration_gain": null,
    "val_position_1_acc": 0.9909333333333333,
    "val_position_2_acc": 0.9911333333333333,
    "val_position_3_acc": 0.9909333333333333,
    "val_position_4_acc": 0.9905333333333334,
    "val_position_5_acc": 0.9923333333333333,
    "test_loss": 0.2938224347812951,
    "test_seq_acc": 0.9592,
    "test_char_acc": 0.99156,
    "test_edit_distance": 0.042133333333333335,
    "test_clean_accuracy": 0.9592,
    "test_robustness_drop": null,
    "test_restoration_gain": null,
    "test_position_1_acc": 0.9930666666666667,
    "test_position_2_acc": 0.9899333333333333,
    "test_position_3_acc": 0.9914666666666667,
    "test_position_4_acc": 0.9914,
    "test_position_5_acc": 0.9919333333333333
}