{
    "epoch": 34,
    "train_loss": 0.1977902559553935,
    "pretrain_loss": null,
    "finetune_loss": 0.14721980946705077,
    "pseudo_label_count": 19907,
    "pseudo_label_accept_rate": 0.947952380952381,
    "mean_pseudo_confidence": 0.9968432074435815,
    "consistency_loss": 0.0,
    "encoder_stage": "semisupervised_with_pseudolabels",
    "stn_status": "disabled",
    "stn_regularization_loss": 0.0,
    "val_loss": 4.540182268873174,
    "val_seq_acc": 0.6535333333333333,
    "val_char_acc": 0.91712,
    "val_edit_distance": 0.41426666666666667,
    "val_clean_accuracy": 0.6535333333333333,
    "val_robustness_drop": null,
    "val_restoration_gain": null,
    "val_position_1_acc": 0.9343333333333333,
    "val_position_2_acc": 0.9222,
    "val_position_3_acc": 0.912,
    "val_position_4_acc": 0.9150666666666667,
    "val_position_5_acc": 0.902,
    "test_loss": 4.585245755378236,
    "test_seq_acc": 0.6473333333333333,
    "test_char_acc": 0.9161733333333333,
    "test_edit_distance": 0.41886666666666666,
    "test_clean_accuracy": 0.6473333333333333,
    "test_robustness_drop": null,
    "test_restoration_gain": null,
    "test_position_1_acc": 0.9296666666666666,
    "test_position_2_acc": 0.9176666666666666,
    "test_position_3_acc": 0.9095333333333333,
    "test_position_4_acc": 0.9183333333333333,
    "test_position_5_acc": 0.9056666666666666
}