{
    "epoch": 167,
    "train_loss": 0.0036147070615232093,
    "pretrain_loss": null,
    "finetune_loss": 0.0002559934683909417,
    "pseudo_label_count": 20948,
    "pseudo_label_accept_rate": 0.9975238095238095,
    "mean_pseudo_confidence": 0.9997593182881916,
    "consistency_loss": 0.0,
    "encoder_stage": "semisupervised_with_pseudolabels",
    "stn_status": "disabled",
    "stn_regularization_loss": 0.0,
    "val_loss": 0.29531677676223284,
    "val_seq_acc": 0.9610666666666666,
    "val_char_acc": 0.99212,
    "val_edit_distance": 0.0394,
    "val_clean_accuracy": 0.9610666666666666,
    "val_robustness_drop": null,
    "val_restoration_gain": null,
    "val_position_1_acc": 0.9928666666666667,
    "val_position_2_acc": 0.9908,
    "val_position_3_acc": 0.9922,
    "val_position_4_acc": 0.9912,
    "val_position_5_acc": 0.9935333333333334,
    "test_loss": 0.28927785515991267,
    "test_seq_acc": 0.9636,
    "test_char_acc": 0.9925466666666667,
    "test_edit_distance": 0.03713333333333333,
    "test_clean_accuracy": 0.9636,
    "test_robustness_drop": null,
    "test_restoration_gain": null,
    "test_position_1_acc": 0.9937333333333334,
    "test_position_2_acc": 0.9908,
    "test_position_3_acc": 0.9925333333333334,
    "test_position_4_acc": 0.9926,
    "test_position_5_acc": 0.9930666666666667
}