{
    "epoch": 193,
    "train_loss": 0.002174058795500854,
    "pretrain_loss": null,
    "finetune_loss": 0.00024540687948979034,
    "pseudo_label_count": 20947,
    "pseudo_label_accept_rate": 0.9974761904761905,
    "mean_pseudo_confidence": 0.9997932711165236,
    "consistency_loss": 0.0,
    "encoder_stage": "semisupervised_with_pseudolabels",
    "stn_status": "disabled",
    "stn_regularization_loss": 0.0,
    "val_loss": 0.3014297046404553,
    "val_seq_acc": 0.9611333333333333,
    "val_char_acc": 0.9920933333333334,
    "val_edit_distance": 0.03953333333333333,
    "val_clean_accuracy": 0.9611333333333333,
    "val_robustness_drop": null,
    "val_restoration_gain": null,
    "val_position_1_acc": 0.9929333333333333,
    "val_position_2_acc": 0.9908,
    "val_position_3_acc": 0.9922,
    "val_position_4_acc": 0.991,
    "val_position_5_acc": 0.9935333333333334,
    "test_loss": 0.29122164547733653,
    "test_seq_acc": 0.9642666666666667,
    "test_char_acc": 0.9926533333333334,
    "test_edit_distance": 0.0366,
    "test_clean_accuracy": 0.9642666666666667,
    "test_robustness_drop": null,
    "test_restoration_gain": null,
    "test_position_1_acc": 0.9940666666666667,
    "test_position_2_acc": 0.9908666666666667,
    "test_position_3_acc": 0.9922,
    "test_position_4_acc": 0.9926666666666667,
    "test_position_5_acc": 0.9934666666666667
}