{
    "epoch": 10,
    "train_loss": 0.22452262498185466,
    "pretrain_loss": null,
    "finetune_loss": 0.22452262498185466,
    "pseudo_label_count": 0,
    "pseudo_label_accept_rate": 0.0,
    "mean_pseudo_confidence": 0.0,
    "consistency_loss": 0.0,
    "encoder_stage": "semisupervised_warmup",
    "stn_status": "disabled",
    "stn_regularization_loss": 0.0,
    "val_loss": 0.24350941150270877,
    "val_seq_acc": 0.9305333333333333,
    "val_char_acc": 0.98532,
    "val_edit_distance": 0.0734,
    "val_clean_accuracy": 0.9305333333333333,
    "val_robustness_drop": null,
    "val_restoration_gain": null,
    "val_position_1_acc": 0.9872666666666666,
    "val_position_2_acc": 0.9837333333333333,
    "val_position_3_acc": 0.9843333333333333,
    "val_position_4_acc": 0.984,
    "val_position_5_acc": 0.9872666666666666,
    "test_loss": 0.23089611513659042,
    "test_seq_acc": 0.9334,
    "test_char_acc": 0.9858266666666666,
    "test_edit_distance": 0.0706,
    "test_clean_accuracy": 0.9334,
    "test_robustness_drop": null,
    "test_restoration_gain": null,
    "test_position_1_acc": 0.9886666666666667,
    "test_position_2_acc": 0.9830666666666666,
    "test_position_3_acc": 0.9834,
    "test_position_4_acc": 0.9862666666666666,
    "test_position_5_acc": 0.9877333333333334
}