{
    "epoch": 146,
    "train_loss": 0.002807211901124588,
    "pretrain_loss": null,
    "finetune_loss": 0.00029332599103514684,
    "pseudo_label_count": 20946,
    "pseudo_label_accept_rate": 0.9974285714285714,
    "mean_pseudo_confidence": 0.9997712908143541,
    "consistency_loss": 0.0,
    "encoder_stage": "semisupervised_with_pseudolabels",
    "stn_status": "disabled",
    "stn_regularization_loss": 0.0,
    "val_loss": 0.2997760096308063,
    "val_seq_acc": 0.9612666666666667,
    "val_char_acc": 0.99212,
    "val_edit_distance": 0.0394,
    "val_clean_accuracy": 0.9612666666666667,
    "val_robustness_drop": null,
    "val_restoration_gain": null,
    "val_position_1_acc": 0.9927333333333334,
    "val_position_2_acc": 0.9912666666666666,
    "val_position_3_acc": 0.9919333333333333,
    "val_position_4_acc": 0.9910666666666667,
    "val_position_5_acc": 0.9936,
    "test_loss": 0.29103258673537524,
    "test_seq_acc": 0.965,
    "test_char_acc": 0.9928266666666666,
    "test_edit_distance": 0.0358,
    "test_clean_accuracy": 0.965,
    "test_robustness_drop": null,
    "test_restoration_gain": null,
    "test_position_1_acc": 0.9942666666666666,
    "test_position_2_acc": 0.9911333333333333,
    "test_position_3_acc": 0.9923333333333333,
    "test_position_4_acc": 0.9928666666666667,
    "test_position_5_acc": 0.9935333333333334
}