{
    "epoch": 141,
    "train_loss": 0.0031977120840252517,
    "pretrain_loss": null,
    "finetune_loss": 0.0002715501099107834,
    "pseudo_label_count": 20928,
    "pseudo_label_accept_rate": 0.9965714285714286,
    "mean_pseudo_confidence": 0.999768863349515,
    "consistency_loss": 0.0,
    "encoder_stage": "semisupervised_with_pseudolabels",
    "stn_status": "disabled",
    "stn_regularization_loss": 0.0,
    "val_loss": 0.2960418171532009,
    "val_seq_acc": 0.9612,
    "val_char_acc": 0.99212,
    "val_edit_distance": 0.0394,
    "val_clean_accuracy": 0.9612,
    "val_robustness_drop": null,
    "val_restoration_gain": null,
    "val_position_1_acc": 0.9926666666666667,
    "val_position_2_acc": 0.9911333333333333,
    "val_position_3_acc": 0.9921333333333333,
    "val_position_4_acc": 0.9910666666666667,
    "val_position_5_acc": 0.9936,
    "test_loss": 0.28959356528337865,
    "test_seq_acc": 0.9646666666666667,
    "test_char_acc": 0.99276,
    "test_edit_distance": 0.036066666666666664,
    "test_clean_accuracy": 0.9646666666666667,
    "test_robustness_drop": null,
    "test_restoration_gain": null,
    "test_position_1_acc": 0.9941333333333333,
    "test_position_2_acc": 0.9912,
    "test_position_3_acc": 0.9925333333333334,
    "test_position_4_acc": 0.9927333333333334,
    "test_position_5_acc": 0.9932
}