{
    "epoch": 1,
    "train_loss": 7.906337628320988,
    "pretrain_loss": null,
    "finetune_loss": 7.906337628320988,
    "pseudo_label_count": 0,
    "pseudo_label_accept_rate": 0.0,
    "mean_pseudo_confidence": 0.0,
    "consistency_loss": 0.0,
    "encoder_stage": "semisupervised_warmup",
    "stn_status": "disabled",
    "stn_regularization_loss": 0.0,
    "val_loss": 2.3750110682020797,
    "val_seq_acc": 0.49193333333333333,
    "val_char_acc": 0.85592,
    "val_edit_distance": 0.7199333333333333,
    "val_clean_accuracy": 0.49193333333333333,
    "val_robustness_drop": null,
    "val_restoration_gain": null,
    "val_position_1_acc": 0.8843333333333333,
    "val_position_2_acc": 0.8324666666666667,
    "val_position_3_acc": 0.8277333333333333,
    "val_position_4_acc": 0.8374666666666667,
    "val_position_5_acc": 0.8976,
    "test_loss": 2.352100615805768,
    "test_seq_acc": 0.4854,
    "test_char_acc": 0.8542266666666667,
    "test_edit_distance": 0.7286666666666667,
    "test_clean_accuracy": 0.4854,
    "test_robustness_drop": null,
    "test_restoration_gain": null,
    "test_position_1_acc": 0.8842666666666666,
    "test_position_2_acc": 0.8276,
    "test_position_3_acc": 0.8195333333333333,
    "test_position_4_acc": 0.8424666666666667,
    "test_position_5_acc": 0.8972666666666667
}