{
    "epoch": 135,
    "train_loss": 0.0038789842962513167,
    "pretrain_loss": null,
    "finetune_loss": 0.0003293551477996782,
    "pseudo_label_count": 20931,
    "pseudo_label_accept_rate": 0.9967142857142857,
    "mean_pseudo_confidence": 0.9997232451577187,
    "consistency_loss": 0.0,
    "encoder_stage": "semisupervised_with_pseudolabels",
    "stn_status": "disabled",
    "stn_regularization_loss": 0.0,
    "val_loss": 0.29242904759052024,
    "val_seq_acc": 0.9604,
    "val_char_acc": 0.9919733333333334,
    "val_edit_distance": 0.04013333333333333,
    "val_clean_accuracy": 0.9604,
    "val_robustness_drop": null,
    "val_restoration_gain": null,
    "val_position_1_acc": 0.9922666666666666,
    "val_position_2_acc": 0.9909333333333333,
    "val_position_3_acc": 0.9922666666666666,
    "val_position_4_acc": 0.9911333333333333,
    "val_position_5_acc": 0.9932666666666666,
    "test_loss": 0.28586125950884145,
    "test_seq_acc": 0.9642,
    "test_char_acc": 0.99264,
    "test_edit_distance": 0.03673333333333333,
    "test_clean_accuracy": 0.9642,
    "test_robustness_drop": null,
    "test_restoration_gain": null,
    "test_position_1_acc": 0.9936666666666667,
    "test_position_2_acc": 0.9912666666666666,
    "test_position_3_acc": 0.9918,
    "test_position_4_acc": 0.9931333333333333,
    "test_position_5_acc": 0.9933333333333333
}