{
    "epoch": 144,
    "train_loss": 0.0030818092554492265,
    "pretrain_loss": null,
    "finetune_loss": 0.0002862901971351742,
    "pseudo_label_count": 20938,
    "pseudo_label_accept_rate": 0.9970476190476191,
    "mean_pseudo_confidence": 0.9997634518304792,
    "consistency_loss": 0.0,
    "encoder_stage": "semisupervised_with_pseudolabels",
    "stn_status": "disabled",
    "stn_regularization_loss": 0.0,
    "val_loss": 0.2998209371338855,
    "val_seq_acc": 0.961,
    "val_char_acc": 0.99208,
    "val_edit_distance": 0.0396,
    "val_clean_accuracy": 0.961,
    "val_robustness_drop": null,
    "val_restoration_gain": null,
    "val_position_1_acc": 0.993,
    "val_position_2_acc": 0.9909333333333333,
    "val_position_3_acc": 0.9920666666666667,
    "val_position_4_acc": 0.9908666666666667,
    "val_position_5_acc": 0.9935333333333334,
    "test_loss": 0.2874611999217992,
    "test_seq_acc": 0.9638666666666666,
    "test_char_acc": 0.9926,
    "test_edit_distance": 0.036866666666666666,
    "test_clean_accuracy": 0.9638666666666666,
    "test_robustness_drop": null,
    "test_restoration_gain": null,
    "test_position_1_acc": 0.9940666666666667,
    "test_position_2_acc": 0.9908,
    "test_position_3_acc": 0.9920666666666667,
    "test_position_4_acc": 0.9926666666666667,
    "test_position_5_acc": 0.9934
}