{
    "epoch": 194,
    "train_loss": 0.0017982310369525733,
    "pretrain_loss": null,
    "finetune_loss": 0.00020162334201495588,
    "pseudo_label_count": 20946,
    "pseudo_label_accept_rate": 0.9974285714285714,
    "mean_pseudo_confidence": 0.9998000986446547,
    "consistency_loss": 0.0,
    "encoder_stage": "semisupervised_with_pseudolabels",
    "stn_status": "disabled",
    "stn_regularization_loss": 0.0,
    "val_loss": 0.3033644643655281,
    "val_seq_acc": 0.9613333333333334,
    "val_char_acc": 0.9921466666666666,
    "val_edit_distance": 0.039266666666666665,
    "val_clean_accuracy": 0.9613333333333334,
    "val_robustness_drop": null,
    "val_restoration_gain": null,
    "val_position_1_acc": 0.9931333333333333,
    "val_position_2_acc": 0.9908666666666667,
    "val_position_3_acc": 0.9921333333333333,
    "val_position_4_acc": 0.9909333333333333,
    "val_position_5_acc": 0.9936666666666667,
    "test_loss": 0.29056792767263145,
    "test_seq_acc": 0.9643333333333334,
    "test_char_acc": 0.99268,
    "test_edit_distance": 0.03646666666666667,
    "test_clean_accuracy": 0.9643333333333334,
    "test_robustness_drop": null,
    "test_restoration_gain": null,
    "test_position_1_acc": 0.9942,
    "test_position_2_acc": 0.9909333333333333,
    "test_position_3_acc": 0.9922,
    "test_position_4_acc": 0.9924666666666667,
    "test_position_5_acc": 0.9936
}