{
    "epoch": 137,
    "train_loss": 0.0037314188100056617,
    "pretrain_loss": null,
    "finetune_loss": 0.00044964434650378055,
    "pseudo_label_count": 20923,
    "pseudo_label_accept_rate": 0.9963333333333333,
    "mean_pseudo_confidence": 0.9997504683324417,
    "consistency_loss": 0.0,
    "encoder_stage": "semisupervised_with_pseudolabels",
    "stn_status": "disabled",
    "stn_regularization_loss": 0.0,
    "val_loss": 0.30273354168461897,
    "val_seq_acc": 0.9603333333333334,
    "val_char_acc": 0.9919066666666667,
    "val_edit_distance": 0.040466666666666665,
    "val_clean_accuracy": 0.9603333333333334,
    "val_robustness_drop": null,
    "val_restoration_gain": null,
    "val_position_1_acc": 0.9932,
    "val_position_2_acc": 0.9906,
    "val_position_3_acc": 0.9914,
    "val_position_4_acc": 0.9911333333333333,
    "val_position_5_acc": 0.9932,
    "test_loss": 0.294708668398016,
    "test_seq_acc": 0.9638666666666666,
    "test_char_acc": 0.9926,
    "test_edit_distance": 0.036866666666666666,
    "test_clean_accuracy": 0.9638666666666666,
    "test_robustness_drop": null,
    "test_restoration_gain": null,
    "test_position_1_acc": 0.9942,
    "test_position_2_acc": 0.9909333333333333,
    "test_position_3_acc": 0.9922666666666666,
    "test_position_4_acc": 0.9925333333333334,
    "test_position_5_acc": 0.9930666666666667
}