{
    "epoch": 153,
    "train_loss": 0.0036969821379218013,
    "pretrain_loss": null,
    "finetune_loss": 0.0004585409680524923,
    "pseudo_label_count": 20923,
    "pseudo_label_accept_rate": 0.9963333333333333,
    "mean_pseudo_confidence": 0.9997775653907847,
    "consistency_loss": 0.0,
    "encoder_stage": "semisupervised_with_pseudolabels",
    "stn_status": "disabled",
    "stn_regularization_loss": 0.0,
    "val_loss": 0.2951390534250714,
    "val_seq_acc": 0.9601333333333333,
    "val_char_acc": 0.9918666666666667,
    "val_edit_distance": 0.04066666666666666,
    "val_clean_accuracy": 0.9601333333333333,
    "val_robustness_drop": null,
    "val_restoration_gain": null,
    "val_position_1_acc": 0.9924,
    "val_position_2_acc": 0.9908,
    "val_position_3_acc": 0.9917333333333334,
    "val_position_4_acc": 0.9911333333333333,
    "val_position_5_acc": 0.9932666666666666,
    "test_loss": 0.29418613922455905,
    "test_seq_acc": 0.963,
    "test_char_acc": 0.9924533333333333,
    "test_edit_distance": 0.0376,
    "test_clean_accuracy": 0.963,
    "test_robustness_drop": null,
    "test_restoration_gain": null,
    "test_position_1_acc": 0.9939333333333333,
    "test_position_2_acc": 0.991,
    "test_position_3_acc": 0.992,
    "test_position_4_acc": 0.9922666666666666,
    "test_position_5_acc": 0.9930666666666667
}