{
    "epoch": 99,
    "train_loss": 0.009039394677658831,
    "pretrain_loss": null,
    "finetune_loss": 0.002992433911983447,
    "pseudo_label_count": 20861,
    "pseudo_label_accept_rate": 0.9933809523809524,
    "mean_pseudo_confidence": 0.9995759461848484,
    "consistency_loss": 0.0,
    "encoder_stage": "semisupervised_with_pseudolabels",
    "stn_status": "disabled",
    "stn_regularization_loss": 0.0,
    "val_loss": 0.323325281228616,
    "val_seq_acc": 0.9566666666666667,
    "val_char_acc": 0.9912,
    "val_edit_distance": 0.044,
    "val_clean_accuracy": 0.9566666666666667,
    "val_robustness_drop": null,
    "val_restoration_gain": null,
    "val_position_1_acc": 0.9913333333333333,
    "val_position_2_acc": 0.99,
    "val_position_3_acc": 0.9914666666666667,
    "val_position_4_acc": 0.9905333333333334,
    "val_position_5_acc": 0.9926666666666667,
    "test_loss": 0.31337770919333785,
    "test_seq_acc": 0.9575333333333333,
    "test_char_acc": 0.9912933333333334,
    "test_edit_distance": 0.0434,
    "test_clean_accuracy": 0.9575333333333333,
    "test_robustness_drop": null,
    "test_restoration_gain": null,
    "test_position_1_acc": 0.9934666666666667,
    "test_position_2_acc": 0.9896666666666667,
    "test_position_3_acc": 0.991,
    "test_position_4_acc": 0.9906,
    "test_position_5_acc": 0.9917333333333334
}