{
    "epoch": 124,
    "train_loss": 0.004746324341285863,
    "pretrain_loss": null,
    "finetune_loss": 0.00045474993666776365,
    "pseudo_label_count": 20913,
    "pseudo_label_accept_rate": 0.9958571428571429,
    "mean_pseudo_confidence": 0.9997265918384932,
    "consistency_loss": 0.0,
    "encoder_stage": "semisupervised_with_pseudolabels",
    "stn_status": "disabled",
    "stn_regularization_loss": 0.0,
    "val_loss": 0.2956903766380221,
    "val_seq_acc": 0.9604666666666667,
    "val_char_acc": 0.9919466666666666,
    "val_edit_distance": 0.040266666666666666,
    "val_clean_accuracy": 0.9604666666666667,
    "val_robustness_drop": null,
    "val_restoration_gain": null,
    "val_position_1_acc": 0.9925333333333334,
    "val_position_2_acc": 0.9909333333333333,
    "val_position_3_acc": 0.9918666666666667,
    "val_position_4_acc": 0.9908666666666667,
    "val_position_5_acc": 0.9935333333333334,
    "test_loss": 0.2888284030604483,
    "test_seq_acc": 0.9644,
    "test_char_acc": 0.9926933333333333,
    "test_edit_distance": 0.0364,
    "test_clean_accuracy": 0.9644,
    "test_robustness_drop": null,
    "test_restoration_gain": null,
    "test_position_1_acc": 0.9939333333333333,
    "test_position_2_acc": 0.9906,
    "test_position_3_acc": 0.9924666666666667,
    "test_position_4_acc": 0.9932,
    "test_position_5_acc": 0.9932666666666666
}