{
    "epoch": 118,
    "train_loss": 0.005590363164435274,
    "pretrain_loss": null,
    "finetune_loss": 0.0006516881608992565,
    "pseudo_label_count": 20912,
    "pseudo_label_accept_rate": 0.9958095238095238,
    "mean_pseudo_confidence": 0.9997201428307589,
    "consistency_loss": 0.0,
    "encoder_stage": "semisupervised_with_pseudolabels",
    "stn_status": "disabled",
    "stn_regularization_loss": 0.0,
    "val_loss": 0.29227110637419446,
    "val_seq_acc": 0.9609333333333333,
    "val_char_acc": 0.9920666666666667,
    "val_edit_distance": 0.03966666666666667,
    "val_clean_accuracy": 0.9609333333333333,
    "val_robustness_drop": null,
    "val_restoration_gain": null,
    "val_position_1_acc": 0.9924666666666667,
    "val_position_2_acc": 0.9911333333333333,
    "val_position_3_acc": 0.9922,
    "val_position_4_acc": 0.9909333333333333,
    "val_position_5_acc": 0.9936,
    "test_loss": 0.2853477669084006,
    "test_seq_acc": 0.9633333333333334,
    "test_char_acc": 0.99252,
    "test_edit_distance": 0.03726666666666666,
    "test_clean_accuracy": 0.9633333333333334,
    "test_robustness_drop": null,
    "test_restoration_gain": null,
    "test_position_1_acc": 0.9939333333333333,
    "test_position_2_acc": 0.9908666666666667,
    "test_position_3_acc": 0.9923333333333333,
    "test_position_4_acc": 0.9920666666666667,
    "test_position_5_acc": 0.9934
}