{
    "epoch": 171,
    "train_loss": 0.003924605250452727,
    "pretrain_loss": null,
    "finetune_loss": 0.00020998092877467172,
    "pseudo_label_count": 20931,
    "pseudo_label_accept_rate": 0.9967142857142857,
    "mean_pseudo_confidence": 0.9997491881882806,
    "consistency_loss": 0.0,
    "encoder_stage": "semisupervised_with_pseudolabels",
    "stn_status": "disabled",
    "stn_regularization_loss": 0.0,
    "val_loss": 0.29517853710022657,
    "val_seq_acc": 0.9609333333333333,
    "val_char_acc": 0.9920933333333334,
    "val_edit_distance": 0.03953333333333333,
    "val_clean_accuracy": 0.9609333333333333,
    "val_robustness_drop": null,
    "val_restoration_gain": null,
    "val_position_1_acc": 0.9926666666666667,
    "val_position_2_acc": 0.9911333333333333,
    "val_position_3_acc": 0.9924,
    "val_position_4_acc": 0.991,
    "val_position_5_acc": 0.9932666666666666,
    "test_loss": 0.28787131583865516,
    "test_seq_acc": 0.9635333333333334,
    "test_char_acc": 0.9925066666666666,
    "test_edit_distance": 0.037333333333333336,
    "test_clean_accuracy": 0.9635333333333334,
    "test_robustness_drop": null,
    "test_restoration_gain": null,
    "test_position_1_acc": 0.994,
    "test_position_2_acc": 0.9910666666666667,
    "test_position_3_acc": 0.9918666666666667,
    "test_position_4_acc": 0.9924666666666667,
    "test_position_5_acc": 0.9931333333333333
}