{
    "epoch": 31,
    "train_loss": 0.285874927112953,
    "pretrain_loss": null,
    "finetune_loss": 0.21257125074408617,
    "pseudo_label_count": 19436,
    "pseudo_label_accept_rate": 0.9255238095238095,
    "mean_pseudo_confidence": 0.9958487791543047,
    "consistency_loss": 0.0,
    "encoder_stage": "semisupervised_with_pseudolabels",
    "stn_status": "disabled",
    "stn_regularization_loss": 0.0,
    "val_loss": 7.170390215325863,
    "val_seq_acc": 0.5942,
    "val_char_acc": 0.9018266666666667,
    "val_edit_distance": 0.4908,
    "val_clean_accuracy": 0.5942,
    "val_robustness_drop": null,
    "val_restoration_gain": null,
    "val_position_1_acc": 0.8485333333333334,
    "val_position_2_acc": 0.9105333333333333,
    "val_position_3_acc": 0.9156666666666666,
    "val_position_4_acc": 0.9156666666666666,
    "val_position_5_acc": 0.9187333333333333,
    "test_loss": 7.193057469104199,
    "test_seq_acc": 0.5881333333333333,
    "test_char_acc": 0.9000933333333333,
    "test_edit_distance": 0.4994,
    "test_clean_accuracy": 0.5881333333333333,
    "test_robustness_drop": null,
    "test_restoration_gain": null,
    "test_position_1_acc": 0.8467333333333333,
    "test_position_2_acc": 0.9106,
    "test_position_3_acc": 0.9141333333333334,
    "test_position_4_acc": 0.9186,
    "test_position_5_acc": 0.9104
}