{
    "epoch": 109,
    "train_loss": 0.007252106513905351,
    "pretrain_loss": null,
    "finetune_loss": 0.0008513290967018551,
    "pseudo_label_count": 20894,
    "pseudo_label_accept_rate": 0.9949523809523809,
    "mean_pseudo_confidence": 0.9996536072217712,
    "consistency_loss": 0.0,
    "encoder_stage": "semisupervised_with_pseudolabels",
    "stn_status": "disabled",
    "stn_regularization_loss": 0.0,
    "val_loss": 0.29730421056743156,
    "val_seq_acc": 0.9601333333333333,
    "val_char_acc": 0.9919066666666667,
    "val_edit_distance": 0.040466666666666665,
    "val_clean_accuracy": 0.9601333333333333,
    "val_robustness_drop": null,
    "val_restoration_gain": null,
    "val_position_1_acc": 0.9927333333333334,
    "val_position_2_acc": 0.9905333333333334,
    "val_position_3_acc": 0.9922666666666666,
    "val_position_4_acc": 0.9905333333333334,
    "val_position_5_acc": 0.9934666666666667,
    "test_loss": 0.284935693808121,
    "test_seq_acc": 0.9625333333333334,
    "test_char_acc": 0.9923333333333333,
    "test_edit_distance": 0.0382,
    "test_clean_accuracy": 0.9625333333333334,
    "test_robustness_drop": null,
    "test_restoration_gain": null,
    "test_position_1_acc": 0.994,
    "test_position_2_acc": 0.9910666666666667,
    "test_position_3_acc": 0.9921333333333333,
    "test_position_4_acc": 0.992,
    "test_position_5_acc": 0.9924666666666667
}