{
    "epoch": 182,
    "train_loss": 0.0033016447765666936,
    "pretrain_loss": null,
    "finetune_loss": 0.00022367227249593774,
    "pseudo_label_count": 20937,
    "pseudo_label_accept_rate": 0.997,
    "mean_pseudo_confidence": 0.9997814912454853,
    "consistency_loss": 0.0,
    "encoder_stage": "semisupervised_with_pseudolabels",
    "stn_status": "disabled",
    "stn_regularization_loss": 0.0,
    "val_loss": 0.3014158980189445,
    "val_seq_acc": 0.9609333333333333,
    "val_char_acc": 0.9920533333333333,
    "val_edit_distance": 0.039733333333333336,
    "val_clean_accuracy": 0.9609333333333333,
    "val_robustness_drop": null,
    "val_restoration_gain": null,
    "val_position_1_acc": 0.9928666666666667,
    "val_position_2_acc": 0.9906666666666667,
    "val_position_3_acc": 0.9922,
    "val_position_4_acc": 0.9911333333333333,
    "val_position_5_acc": 0.9934,
    "test_loss": 0.29306256415756193,
    "test_seq_acc": 0.9638,
    "test_char_acc": 0.9925733333333333,
    "test_edit_distance": 0.037066666666666664,
    "test_clean_accuracy": 0.9638,
    "test_robustness_drop": null,
    "test_restoration_gain": null,
    "test_position_1_acc": 0.9940666666666667,
    "test_position_2_acc": 0.9908,
    "test_position_3_acc": 0.9919333333333333,
    "test_position_4_acc": 0.9926666666666667,
    "test_position_5_acc": 0.9934
}