{
    "epoch": 24,
    "train_loss": 13.30354346086223,
    "pretrain_loss": null,
    "finetune_loss": 13.146722373700952,
    "pseudo_label_count": 12542,
    "pseudo_label_accept_rate": 0.5972380952380952,
    "mean_pseudo_confidence": 0.983663075165284,
    "consistency_loss": 0.0,
    "encoder_stage": "semisupervised_with_pseudolabels",
    "stn_status": "disabled",
    "stn_regularization_loss": 0.0,
    "val_loss": 3.065270019592123,
    "val_seq_acc": 0.6747333333333333,
    "val_char_acc": 0.9051466666666667,
    "val_edit_distance": 0.47253333333333336,
    "val_clean_accuracy": 0.6747333333333333,
    "val_robustness_drop": null,
    "val_restoration_gain": null,
    "val_position_1_acc": 0.9212,
    "val_position_2_acc": 0.9026666666666666,
    "val_position_3_acc": 0.8866666666666667,
    "val_position_4_acc": 0.8938,
    "val_position_5_acc": 0.9214,
    "test_loss": 3.0040942455859896,
    "test_seq_acc": 0.6751333333333334,
    "test_char_acc": 0.90652,
    "test_edit_distance": 0.46553333333333335,
    "test_clean_accuracy": 0.6751333333333334,
    "test_robustness_drop": null,
    "test_restoration_gain": null,
    "test_position_1_acc": 0.9244666666666667,
    "test_position_2_acc": 0.8982,
    "test_position_3_acc": 0.8896,
    "test_position_4_acc": 0.9006,
    "test_position_5_acc": 0.9197333333333333
}