{
    "epoch": 92,
    "train_loss": 0.0072214183605935015,
    "pretrain_loss": null,
    "finetune_loss": 0.0019184484803423287,
    "pseudo_label_count": 20876,
    "pseudo_label_accept_rate": 0.9940952380952381,
    "mean_pseudo_confidence": 0.9995759705698657,
    "consistency_loss": 0.0,
    "encoder_stage": "semisupervised_with_pseudolabels",
    "stn_status": "disabled",
    "stn_regularization_loss": 0.0,
    "val_loss": 0.30205809301878617,
    "val_seq_acc": 0.9569333333333333,
    "val_char_acc": 0.9911333333333333,
    "val_edit_distance": 0.044333333333333336,
    "val_clean_accuracy": 0.9569333333333333,
    "val_robustness_drop": null,
    "val_restoration_gain": null,
    "val_position_1_acc": 0.9918666666666667,
    "val_position_2_acc": 0.9900666666666667,
    "val_position_3_acc": 0.991,
    "val_position_4_acc": 0.9902,
    "val_position_5_acc": 0.9925333333333334,
    "test_loss": 0.28527083486474014,
    "test_seq_acc": 0.9610666666666666,
    "test_char_acc": 0.9919866666666667,
    "test_edit_distance": 0.04,
    "test_clean_accuracy": 0.9610666666666666,
    "test_robustness_drop": null,
    "test_restoration_gain": null,
    "test_position_1_acc": 0.9929333333333333,
    "test_position_2_acc": 0.9903333333333333,
    "test_position_3_acc": 0.9919333333333333,
    "test_position_4_acc": 0.9925333333333334,
    "test_position_5_acc": 0.9922
}