{
    "epoch": 32,
    "train_loss": 0.188579096088613,
    "pretrain_loss": null,
    "finetune_loss": 0.13328558606321755,
    "pseudo_label_count": 19741,
    "pseudo_label_accept_rate": 0.940047619047619,
    "mean_pseudo_confidence": 0.996503424930703,
    "consistency_loss": 0.0,
    "encoder_stage": "semisupervised_with_pseudolabels",
    "stn_status": "disabled",
    "stn_regularization_loss": 0.0,
    "val_loss": 2.805298067914679,
    "val_seq_acc": 0.7707333333333334,
    "val_char_acc": 0.94728,
    "val_edit_distance": 0.26353333333333334,
    "val_clean_accuracy": 0.7707333333333334,
    "val_robustness_drop": null,
    "val_restoration_gain": null,
    "val_position_1_acc": 0.9488,
    "val_position_2_acc": 0.9402,
    "val_position_3_acc": 0.9408,
    "val_position_4_acc": 0.9444,
    "val_position_5_acc": 0.9622,
    "test_loss": 2.883870559550346,
    "test_seq_acc": 0.7611333333333333,
    "test_char_acc": 0.9457733333333334,
    "test_edit_distance": 0.271,
    "test_clean_accuracy": 0.7611333333333333,
    "test_robustness_drop": null,
    "test_restoration_gain": null,
    "test_position_1_acc": 0.9495333333333333,
    "test_position_2_acc": 0.9342,
    "test_position_3_acc": 0.9378666666666666,
    "test_position_4_acc": 0.9452666666666667,
    "test_position_5_acc": 0.962
}