{
    "epoch": 161,
    "train_loss": 0.003405411957082889,
    "pretrain_loss": null,
    "finetune_loss": 0.00032169672134504474,
    "pseudo_label_count": 20917,
    "pseudo_label_accept_rate": 0.9960476190476191,
    "mean_pseudo_confidence": 0.9997609995824518,
    "consistency_loss": 0.0,
    "encoder_stage": "semisupervised_with_pseudolabels",
    "stn_status": "disabled",
    "stn_regularization_loss": 0.0,
    "val_loss": 0.3010139661605361,
    "val_seq_acc": 0.9611333333333333,
    "val_char_acc": 0.9921066666666667,
    "val_edit_distance": 0.039466666666666664,
    "val_clean_accuracy": 0.9611333333333333,
    "val_robustness_drop": null,
    "val_restoration_gain": null,
    "val_position_1_acc": 0.9927333333333334,
    "val_position_2_acc": 0.9912,
    "val_position_3_acc": 0.992,
    "val_position_4_acc": 0.9912666666666666,
    "val_position_5_acc": 0.9933333333333333,
    "test_loss": 0.2952417333816714,
    "test_seq_acc": 0.9632666666666667,
    "test_char_acc": 0.9924666666666667,
    "test_edit_distance": 0.037533333333333335,
    "test_clean_accuracy": 0.9632666666666667,
    "test_robustness_drop": null,
    "test_restoration_gain": null,
    "test_position_1_acc": 0.9939333333333333,
    "test_position_2_acc": 0.9908666666666667,
    "test_position_3_acc": 0.9922,
    "test_position_4_acc": 0.9923333333333333,
    "test_position_5_acc": 0.993
}