{
    "epoch": 145,
    "train_loss": 0.0032875090093422875,
    "pretrain_loss": null,
    "finetune_loss": 0.0003964660263662453,
    "pseudo_label_count": 20925,
    "pseudo_label_accept_rate": 0.9964285714285714,
    "mean_pseudo_confidence": 0.9997769118323833,
    "consistency_loss": 0.0,
    "encoder_stage": "semisupervised_with_pseudolabels",
    "stn_status": "disabled",
    "stn_regularization_loss": 0.0,
    "val_loss": 0.2898987079049588,
    "val_seq_acc": 0.9612666666666667,
    "val_char_acc": 0.99212,
    "val_edit_distance": 0.0394,
    "val_clean_accuracy": 0.9612666666666667,
    "val_robustness_drop": null,
    "val_restoration_gain": null,
    "val_position_1_acc": 0.9927333333333334,
    "val_position_2_acc": 0.9911333333333333,
    "val_position_3_acc": 0.9921333333333333,
    "val_position_4_acc": 0.9913333333333333,
    "val_position_5_acc": 0.9932666666666666,
    "test_loss": 0.2851807197815512,
    "test_seq_acc": 0.9645333333333334,
    "test_char_acc": 0.99272,
    "test_edit_distance": 0.036333333333333336,
    "test_clean_accuracy": 0.9645333333333334,
    "test_robustness_drop": null,
    "test_restoration_gain": null,
    "test_position_1_acc": 0.9940666666666667,
    "test_position_2_acc": 0.9912,
    "test_position_3_acc": 0.9919333333333333,
    "test_position_4_acc": 0.9930666666666667,
    "test_position_5_acc": 0.9933333333333333
}