{
    "epoch": 37,
    "train_loss": 0.1712118795652813,
    "pretrain_loss": null,
    "finetune_loss": 0.11292146247712526,
    "pseudo_label_count": 19560,
    "pseudo_label_accept_rate": 0.9314285714285714,
    "mean_pseudo_confidence": 0.9963924834089533,
    "consistency_loss": 0.0,
    "encoder_stage": "semisupervised_with_pseudolabels",
    "stn_status": "disabled",
    "stn_regularization_loss": 0.0,
    "val_loss": 5.196903806037091,
    "val_seq_acc": 0.6474,
    "val_char_acc": 0.9125733333333333,
    "val_edit_distance": 0.4358666666666667,
    "val_clean_accuracy": 0.6474,
    "val_robustness_drop": null,
    "val_restoration_gain": null,
    "val_position_1_acc": 0.9228,
    "val_position_2_acc": 0.9006666666666666,
    "val_position_3_acc": 0.9096666666666666,
    "val_position_4_acc": 0.9082,
    "val_position_5_acc": 0.9215333333333333,
    "test_loss": 5.162420427038314,
    "test_seq_acc": 0.6442,
    "test_char_acc": 0.91276,
    "test_edit_distance": 0.43493333333333334,
    "test_clean_accuracy": 0.6442,
    "test_robustness_drop": null,
    "test_restoration_gain": null,
    "test_position_1_acc": 0.9254,
    "test_position_2_acc": 0.8966,
    "test_position_3_acc": 0.9098,
    "test_position_4_acc": 0.9100666666666667,
    "test_position_5_acc": 0.9219333333333334
}