{
    "epoch": 68,
    "train_loss": 0.01312931049840304,
    "pretrain_loss": null,
    "finetune_loss": 0.0034197093960808564,
    "pseudo_label_count": 20734,
    "pseudo_label_accept_rate": 0.9873333333333333,
    "mean_pseudo_confidence": 0.9993543135023996,
    "consistency_loss": 0.0,
    "encoder_stage": "semisupervised_with_pseudolabels",
    "stn_status": "disabled",
    "stn_regularization_loss": 0.0,
    "val_loss": 0.33163129997797597,
    "val_seq_acc": 0.9532666666666667,
    "val_char_acc": 0.9905066666666666,
    "val_edit_distance": 0.047466666666666664,
    "val_clean_accuracy": 0.9532666666666667,
    "val_robustness_drop": null,
    "val_restoration_gain": null,
    "val_position_1_acc": 0.9899333333333333,
    "val_position_2_acc": 0.991,
    "val_position_3_acc": 0.9908,
    "val_position_4_acc": 0.9895333333333334,
    "val_position_5_acc": 0.9912666666666666,
    "test_loss": 0.3121894747252651,
    "test_seq_acc": 0.9564,
    "test_char_acc": 0.9910133333333333,
    "test_edit_distance": 0.0448,
    "test_clean_accuracy": 0.9564,
    "test_robustness_drop": null,
    "test_restoration_gain": null,
    "test_position_1_acc": 0.9928666666666667,
    "test_position_2_acc": 0.9895333333333334,
    "test_position_3_acc": 0.991,
    "test_position_4_acc": 0.9908,
    "test_position_5_acc": 0.9908666666666667
}