{
    "epoch": 179,
    "train_loss": 0.0024441246947530543,
    "pretrain_loss": null,
    "finetune_loss": 0.00025039005202073914,
    "pseudo_label_count": 20929,
    "pseudo_label_accept_rate": 0.9966190476190476,
    "mean_pseudo_confidence": 0.9997845096579933,
    "consistency_loss": 0.0,
    "encoder_stage": "semisupervised_with_pseudolabels",
    "stn_status": "disabled",
    "stn_regularization_loss": 0.0,
    "val_loss": 0.29819488038166186,
    "val_seq_acc": 0.9611333333333333,
    "val_char_acc": 0.9921333333333333,
    "val_edit_distance": 0.03933333333333333,
    "val_clean_accuracy": 0.9611333333333333,
    "val_robustness_drop": null,
    "val_restoration_gain": null,
    "val_position_1_acc": 0.9924666666666667,
    "val_position_2_acc": 0.9910666666666667,
    "val_position_3_acc": 0.9922,
    "val_position_4_acc": 0.9914666666666667,
    "val_position_5_acc": 0.9934666666666667,
    "test_loss": 0.29098523674544224,
    "test_seq_acc": 0.9635333333333334,
    "test_char_acc": 0.99252,
    "test_edit_distance": 0.03726666666666666,
    "test_clean_accuracy": 0.9635333333333334,
    "test_robustness_drop": null,
    "test_restoration_gain": null,
    "test_position_1_acc": 0.9942666666666666,
    "test_position_2_acc": 0.9912,
    "test_position_3_acc": 0.9919333333333333,
    "test_position_4_acc": 0.9920666666666667,
    "test_position_5_acc": 0.9931333333333333
}