{
    "epoch": 36,
    "train_loss": 0.342344754442968,
    "pretrain_loss": null,
    "finetune_loss": 0.292324419420908,
    "pseudo_label_count": 19834,
    "pseudo_label_accept_rate": 0.9444761904761905,
    "mean_pseudo_confidence": 0.9967146507371658,
    "consistency_loss": 0.0,
    "encoder_stage": "semisupervised_with_pseudolabels",
    "stn_status": "disabled",
    "stn_regularization_loss": 0.0,
    "val_loss": 5.110996181914147,
    "val_seq_acc": 0.6427333333333334,
    "val_char_acc": 0.9149866666666666,
    "val_edit_distance": 0.425,
    "val_clean_accuracy": 0.6427333333333334,
    "val_robustness_drop": null,
    "val_restoration_gain": null,
    "val_position_1_acc": 0.9288666666666666,
    "val_position_2_acc": 0.9132,
    "val_position_3_acc": 0.9094,
    "val_position_4_acc": 0.9087333333333333,
    "val_position_5_acc": 0.9147333333333333,
    "test_loss": 5.133957670090046,
    "test_seq_acc": 0.6436,
    "test_char_acc": 0.9148,
    "test_edit_distance": 0.426,
    "test_clean_accuracy": 0.6436,
    "test_robustness_drop": null,
    "test_restoration_gain": null,
    "test_position_1_acc": 0.9292,
    "test_position_2_acc": 0.9110666666666667,
    "test_position_3_acc": 0.9096,
    "test_position_4_acc": 0.9122666666666667,
    "test_position_5_acc": 0.9118666666666667
}