{
    "epoch": 138,
    "train_loss": 0.0049776909839486785,
    "pretrain_loss": null,
    "finetune_loss": 0.0003470889878087004,
    "pseudo_label_count": 20928,
    "pseudo_label_accept_rate": 0.9965714285714286,
    "mean_pseudo_confidence": 0.9997257632445488,
    "consistency_loss": 0.0,
    "encoder_stage": "semisupervised_with_pseudolabels",
    "stn_status": "disabled",
    "stn_regularization_loss": 0.0,
    "val_loss": 0.29313407296549193,
    "val_seq_acc": 0.9613333333333334,
    "val_char_acc": 0.99212,
    "val_edit_distance": 0.0394,
    "val_clean_accuracy": 0.9613333333333334,
    "val_robustness_drop": null,
    "val_restoration_gain": null,
    "val_position_1_acc": 0.9929333333333333,
    "val_position_2_acc": 0.9909333333333333,
    "val_position_3_acc": 0.9919333333333333,
    "val_position_4_acc": 0.9913333333333333,
    "val_position_5_acc": 0.9934666666666667,
    "test_loss": 0.2843602755062711,
    "test_seq_acc": 0.964,
    "test_char_acc": 0.9926,
    "test_edit_distance": 0.036866666666666666,
    "test_clean_accuracy": 0.964,
    "test_robustness_drop": null,
    "test_restoration_gain": null,
    "test_position_1_acc": 0.9939333333333333,
    "test_position_2_acc": 0.9908666666666667,
    "test_position_3_acc": 0.9920666666666667,
    "test_position_4_acc": 0.9928666666666667,
    "test_position_5_acc": 0.9932666666666666
}