{
    "epoch": 29,
    "train_loss": 0.2218511828600068,
    "pretrain_loss": null,
    "finetune_loss": 0.16974493940227103,
    "pseudo_label_count": 19847,
    "pseudo_label_accept_rate": 0.9450952380952381,
    "mean_pseudo_confidence": 0.9964476097811558,
    "consistency_loss": 0.0,
    "encoder_stage": "semisupervised_with_pseudolabels",
    "stn_status": "disabled",
    "stn_regularization_loss": 0.0,
    "val_loss": 1.7110280877732216,
    "val_seq_acc": 0.8332,
    "val_char_acc": 0.9638266666666667,
    "val_edit_distance": 0.18086666666666668,
    "val_clean_accuracy": 0.8332,
    "val_robustness_drop": null,
    "val_restoration_gain": null,
    "val_position_1_acc": 0.9691333333333333,
    "val_position_2_acc": 0.9609333333333333,
    "val_position_3_acc": 0.9612666666666667,
    "val_position_4_acc": 0.9616666666666667,
    "val_position_5_acc": 0.9661333333333333,
    "test_loss": 1.707729627477362,
    "test_seq_acc": 0.8333333333333334,
    "test_char_acc": 0.96392,
    "test_edit_distance": 0.18033333333333335,
    "test_clean_accuracy": 0.8333333333333334,
    "test_robustness_drop": null,
    "test_restoration_gain": null,
    "test_position_1_acc": 0.9682666666666667,
    "test_position_2_acc": 0.9589333333333333,
    "test_position_3_acc": 0.9639333333333333,
    "test_position_4_acc": 0.9630666666666666,
    "test_position_5_acc": 0.9654
}