{
    "epoch": 114,
    "train_loss": 0.005836681721812898,
    "pretrain_loss": null,
    "finetune_loss": 0.0006757239324383649,
    "pseudo_label_count": 20896,
    "pseudo_label_accept_rate": 0.9950476190476191,
    "mean_pseudo_confidence": 0.9996741906515855,
    "consistency_loss": 0.0,
    "encoder_stage": "semisupervised_with_pseudolabels",
    "stn_status": "disabled",
    "stn_regularization_loss": 0.0,
    "val_loss": 0.29394837798392587,
    "val_seq_acc": 0.9596,
    "val_char_acc": 0.9918133333333333,
    "val_edit_distance": 0.040933333333333335,
    "val_clean_accuracy": 0.9596,
    "val_robustness_drop": null,
    "val_restoration_gain": null,
    "val_position_1_acc": 0.9924,
    "val_position_2_acc": 0.9909333333333333,
    "val_position_3_acc": 0.9918666666666667,
    "val_position_4_acc": 0.9906,
    "val_position_5_acc": 0.9932666666666666,
    "test_loss": 0.28828304384072173,
    "test_seq_acc": 0.9626666666666667,
    "test_char_acc": 0.99232,
    "test_edit_distance": 0.038266666666666664,
    "test_clean_accuracy": 0.9626666666666667,
    "test_robustness_drop": null,
    "test_restoration_gain": null,
    "test_position_1_acc": 0.9940666666666667,
    "test_position_2_acc": 0.9910666666666667,
    "test_position_3_acc": 0.992,
    "test_position_4_acc": 0.9919333333333333,
    "test_position_5_acc": 0.9925333333333334
}