{
    "epoch": 127,
    "train_loss": 0.004131655614756315,
    "pretrain_loss": null,
    "finetune_loss": 0.000492871130240489,
    "pseudo_label_count": 20918,
    "pseudo_label_accept_rate": 0.9960952380952381,
    "mean_pseudo_confidence": 0.9997264047986133,
    "consistency_loss": 0.0,
    "encoder_stage": "semisupervised_with_pseudolabels",
    "stn_status": "disabled",
    "stn_regularization_loss": 0.0,
    "val_loss": 0.2974126463012656,
    "val_seq_acc": 0.9608666666666666,
    "val_char_acc": 0.99208,
    "val_edit_distance": 0.0396,
    "val_clean_accuracy": 0.9608666666666666,
    "val_robustness_drop": null,
    "val_restoration_gain": null,
    "val_position_1_acc": 0.9921333333333333,
    "val_position_2_acc": 0.9909333333333333,
    "val_position_3_acc": 0.9924666666666667,
    "val_position_4_acc": 0.9911333333333333,
    "val_position_5_acc": 0.9937333333333334,
    "test_loss": 0.2871780496492028,
    "test_seq_acc": 0.9638666666666666,
    "test_char_acc": 0.9926266666666667,
    "test_edit_distance": 0.03673333333333333,
    "test_clean_accuracy": 0.9638666666666666,
    "test_robustness_drop": null,
    "test_restoration_gain": null,
    "test_position_1_acc": 0.9940666666666667,
    "test_position_2_acc": 0.991,
    "test_position_3_acc": 0.9918,
    "test_position_4_acc": 0.9927333333333334,
    "test_position_5_acc": 0.9935333333333334
}