{
    "epoch": 169,
    "train_loss": 0.003392892632410651,
    "pretrain_loss": null,
    "finetune_loss": 0.00033830042826004937,
    "pseudo_label_count": 20933,
    "pseudo_label_accept_rate": 0.9968095238095238,
    "mean_pseudo_confidence": 0.9997535366930702,
    "consistency_loss": 0.0,
    "encoder_stage": "semisupervised_with_pseudolabels",
    "stn_status": "disabled",
    "stn_regularization_loss": 0.0,
    "val_loss": 0.2999097609306115,
    "val_seq_acc": 0.961,
    "val_char_acc": 0.99208,
    "val_edit_distance": 0.0396,
    "val_clean_accuracy": 0.961,
    "val_robustness_drop": null,
    "val_restoration_gain": null,
    "val_position_1_acc": 0.9924,
    "val_position_2_acc": 0.9910666666666667,
    "val_position_3_acc": 0.9920666666666667,
    "val_position_4_acc": 0.9914666666666667,
    "val_position_5_acc": 0.9934,
    "test_loss": 0.29278916628687474,
    "test_seq_acc": 0.9639333333333333,
    "test_char_acc": 0.9925866666666666,
    "test_edit_distance": 0.03693333333333333,
    "test_clean_accuracy": 0.9639333333333333,
    "test_robustness_drop": null,
    "test_restoration_gain": null,
    "test_position_1_acc": 0.9942666666666666,
    "test_position_2_acc": 0.9912,
    "test_position_3_acc": 0.9919333333333333,
    "test_position_4_acc": 0.9922666666666666,
    "test_position_5_acc": 0.9932666666666666
}