{
    "epoch": 158,
    "train_loss": 0.004266527713421605,
    "pretrain_loss": null,
    "finetune_loss": 0.00028778257716022184,
    "pseudo_label_count": 20920,
    "pseudo_label_accept_rate": 0.9961904761904762,
    "mean_pseudo_confidence": 0.9997731335988236,
    "consistency_loss": 0.0,
    "encoder_stage": "semisupervised_with_pseudolabels",
    "stn_status": "disabled",
    "stn_regularization_loss": 0.0,
    "val_loss": 0.29127199939692683,
    "val_seq_acc": 0.9612666666666667,
    "val_char_acc": 0.9921333333333333,
    "val_edit_distance": 0.03933333333333333,
    "val_clean_accuracy": 0.9612666666666667,
    "val_robustness_drop": null,
    "val_restoration_gain": null,
    "val_position_1_acc": 0.9925333333333334,
    "val_position_2_acc": 0.9912,
    "val_position_3_acc": 0.9922,
    "val_position_4_acc": 0.9912666666666666,
    "val_position_5_acc": 0.9934666666666667,
    "test_loss": 0.28901859420538845,
    "test_seq_acc": 0.9634666666666667,
    "test_char_acc": 0.9925066666666666,
    "test_edit_distance": 0.037333333333333336,
    "test_clean_accuracy": 0.9634666666666667,
    "test_robustness_drop": null,
    "test_restoration_gain": null,
    "test_position_1_acc": 0.9941333333333333,
    "test_position_2_acc": 0.9914,
    "test_position_3_acc": 0.9918666666666667,
    "test_position_4_acc": 0.9922666666666666,
    "test_position_5_acc": 0.9928666666666667
}