{
    "epoch": 172,
    "train_loss": 0.0033586266740666805,
    "pretrain_loss": null,
    "finetune_loss": 0.00021731047070112995,
    "pseudo_label_count": 20942,
    "pseudo_label_accept_rate": 0.9972380952380953,
    "mean_pseudo_confidence": 0.9997594545750731,
    "consistency_loss": 0.0,
    "encoder_stage": "semisupervised_with_pseudolabels",
    "stn_status": "disabled",
    "stn_regularization_loss": 0.0,
    "val_loss": 0.30072507869493725,
    "val_seq_acc": 0.9610666666666666,
    "val_char_acc": 0.9920933333333334,
    "val_edit_distance": 0.03953333333333333,
    "val_clean_accuracy": 0.9610666666666666,
    "val_robustness_drop": null,
    "val_restoration_gain": null,
    "val_position_1_acc": 0.9925333333333334,
    "val_position_2_acc": 0.9910666666666667,
    "val_position_3_acc": 0.9919333333333333,
    "val_position_4_acc": 0.9912,
    "val_position_5_acc": 0.9937333333333334,
    "test_loss": 0.2949764224642577,
    "test_seq_acc": 0.9639333333333333,
    "test_char_acc": 0.99264,
    "test_edit_distance": 0.03673333333333333,
    "test_clean_accuracy": 0.9639333333333333,
    "test_robustness_drop": null,
    "test_restoration_gain": null,
    "test_position_1_acc": 0.9942666666666666,
    "test_position_2_acc": 0.9908666666666667,
    "test_position_3_acc": 0.992,
    "test_position_4_acc": 0.9928666666666667,
    "test_position_5_acc": 0.9932
}