{
    "epoch": 76,
    "train_loss": 0.011656759708258045,
    "pretrain_loss": null,
    "finetune_loss": 0.0034181216730565676,
    "pseudo_label_count": 20835,
    "pseudo_label_accept_rate": 0.9921428571428571,
    "mean_pseudo_confidence": 0.9994247588488819,
    "consistency_loss": 0.0,
    "encoder_stage": "semisupervised_with_pseudolabels",
    "stn_status": "disabled",
    "stn_regularization_loss": 0.0,
    "val_loss": 0.26645553628660174,
    "val_seq_acc": 0.9603333333333334,
    "val_char_acc": 0.9919066666666667,
    "val_edit_distance": 0.040466666666666665,
    "val_clean_accuracy": 0.9603333333333334,
    "val_robustness_drop": null,
    "val_restoration_gain": null,
    "val_position_1_acc": 0.9920666666666667,
    "val_position_2_acc": 0.9914666666666667,
    "val_position_3_acc": 0.9916666666666667,
    "val_position_4_acc": 0.9904666666666667,
    "val_position_5_acc": 0.9938666666666667,
    "test_loss": 0.2615377241664936,
    "test_seq_acc": 0.9613333333333334,
    "test_char_acc": 0.9920666666666667,
    "test_edit_distance": 0.0396,
    "test_clean_accuracy": 0.9613333333333334,
    "test_robustness_drop": null,
    "test_restoration_gain": null,
    "test_position_1_acc": 0.9929333333333333,
    "test_position_2_acc": 0.9902,
    "test_position_3_acc": 0.9922666666666666,
    "test_position_4_acc": 0.9918,
    "test_position_5_acc": 0.9931333333333333
}