{
    "epoch": 151,
    "train_loss": 0.004465845517099179,
    "pretrain_loss": null,
    "finetune_loss": 0.0004778409263977361,
    "pseudo_label_count": 20908,
    "pseudo_label_accept_rate": 0.9956190476190476,
    "mean_pseudo_confidence": 0.999728841582744,
    "consistency_loss": 0.0,
    "encoder_stage": "semisupervised_with_pseudolabels",
    "stn_status": "disabled",
    "stn_regularization_loss": 0.0,
    "val_loss": 0.2949101840236642,
    "val_seq_acc": 0.9610666666666666,
    "val_char_acc": 0.9921066666666667,
    "val_edit_distance": 0.039466666666666664,
    "val_clean_accuracy": 0.9610666666666666,
    "val_robustness_drop": null,
    "val_restoration_gain": null,
    "val_position_1_acc": 0.9923333333333333,
    "val_position_2_acc": 0.9912666666666666,
    "val_position_3_acc": 0.9923333333333333,
    "val_position_4_acc": 0.9913333333333333,
    "val_position_5_acc": 0.9932666666666666,
    "test_loss": 0.2920220025028957,
    "test_seq_acc": 0.963,
    "test_char_acc": 0.9924133333333334,
    "test_edit_distance": 0.0378,
    "test_clean_accuracy": 0.963,
    "test_robustness_drop": null,
    "test_restoration_gain": null,
    "test_position_1_acc": 0.9938666666666667,
    "test_position_2_acc": 0.9913333333333333,
    "test_position_3_acc": 0.9914666666666667,
    "test_position_4_acc": 0.9921333333333333,
    "test_position_5_acc": 0.9932666666666666
}