{
    "epoch": 121,
    "train_loss": 0.0049918190775453345,
    "pretrain_loss": null,
    "finetune_loss": 0.000466432776268949,
    "pseudo_label_count": 20904,
    "pseudo_label_accept_rate": 0.9954285714285714,
    "mean_pseudo_confidence": 0.9996997023103249,
    "consistency_loss": 0.0,
    "encoder_stage": "semisupervised_with_pseudolabels",
    "stn_status": "disabled",
    "stn_regularization_loss": 0.0,
    "val_loss": 0.2933955848592148,
    "val_seq_acc": 0.9604,
    "val_char_acc": 0.99196,
    "val_edit_distance": 0.0402,
    "val_clean_accuracy": 0.9604,
    "val_robustness_drop": null,
    "val_restoration_gain": null,
    "val_position_1_acc": 0.9923333333333333,
    "val_position_2_acc": 0.9906666666666667,
    "val_position_3_acc": 0.9922666666666666,
    "val_position_4_acc": 0.9909333333333333,
    "val_position_5_acc": 0.9936,
    "test_loss": 0.28500264359074906,
    "test_seq_acc": 0.9632666666666667,
    "test_char_acc": 0.9924666666666667,
    "test_edit_distance": 0.037533333333333335,
    "test_clean_accuracy": 0.9632666666666667,
    "test_robustness_drop": null,
    "test_restoration_gain": null,
    "test_position_1_acc": 0.9937333333333334,
    "test_position_2_acc": 0.9904666666666667,
    "test_position_3_acc": 0.992,
    "test_position_4_acc": 0.9924666666666667,
    "test_position_5_acc": 0.9936666666666667
}