{
    "epoch": 25,
    "train_loss": 0.42659926860509345,
    "pretrain_loss": null,
    "finetune_loss": 0.29080739790481314,
    "pseudo_label_count": 18029,
    "pseudo_label_accept_rate": 0.8585238095238096,
    "mean_pseudo_confidence": 0.9931967339782021,
    "consistency_loss": 0.0,
    "encoder_stage": "semisupervised_with_pseudolabels",
    "stn_status": "disabled",
    "stn_regularization_loss": 0.0,
    "val_loss": 6.8422360176735735,
    "val_seq_acc": 0.48606666666666665,
    "val_char_acc": 0.8631066666666667,
    "val_edit_distance": 0.6841333333333334,
    "val_clean_accuracy": 0.48606666666666665,
    "val_robustness_drop": null,
    "val_restoration_gain": null,
    "val_position_1_acc": 0.8763333333333333,
    "val_position_2_acc": 0.8547333333333333,
    "val_position_3_acc": 0.8696,
    "val_position_4_acc": 0.8737333333333334,
    "val_position_5_acc": 0.8411333333333333,
    "test_loss": 6.893508945627415,
    "test_seq_acc": 0.4806666666666667,
    "test_char_acc": 0.8624133333333334,
    "test_edit_distance": 0.6874,
    "test_clean_accuracy": 0.4806666666666667,
    "test_robustness_drop": null,
    "test_restoration_gain": null,
    "test_position_1_acc": 0.877,
    "test_position_2_acc": 0.8488,
    "test_position_3_acc": 0.8672,
    "test_position_4_acc": 0.8808666666666667,
    "test_position_5_acc": 0.8382
}