{
    "epoch": 61,
    "train_loss": 0.017331216879516477,
    "pretrain_loss": null,
    "finetune_loss": 0.004599013846113338,
    "pseudo_label_count": 20704,
    "pseudo_label_accept_rate": 0.985904761904762,
    "mean_pseudo_confidence": 0.9990858806432491,
    "consistency_loss": 0.0,
    "encoder_stage": "semisupervised_with_pseudolabels",
    "stn_status": "disabled",
    "stn_regularization_loss": 0.0,
    "val_loss": 0.24480208057332462,
    "val_seq_acc": 0.9587333333333333,
    "val_char_acc": 0.9915733333333333,
    "val_edit_distance": 0.042133333333333335,
    "val_clean_accuracy": 0.9587333333333333,
    "val_robustness_drop": null,
    "val_restoration_gain": null,
    "val_position_1_acc": 0.9919333333333333,
    "val_position_2_acc": 0.9907333333333334,
    "val_position_3_acc": 0.9911333333333333,
    "val_position_4_acc": 0.9913333333333333,
    "val_position_5_acc": 0.9927333333333334,
    "test_loss": 0.24989333253191595,
    "test_seq_acc": 0.9590666666666666,
    "test_char_acc": 0.9916,
    "test_edit_distance": 0.041933333333333336,
    "test_clean_accuracy": 0.9590666666666666,
    "test_robustness_drop": null,
    "test_restoration_gain": null,
    "test_position_1_acc": 0.9932,
    "test_position_2_acc": 0.9892666666666666,
    "test_position_3_acc": 0.9914,
    "test_position_4_acc": 0.9916,
    "test_position_5_acc": 0.9925333333333334
}