{
    "epoch": 72,
    "train_loss": 0.01223520594765581,
    "pretrain_loss": null,
    "finetune_loss": 0.0027994501962547292,
    "pseudo_label_count": 20793,
    "pseudo_label_accept_rate": 0.9901428571428571,
    "mean_pseudo_confidence": 0.9993760545079581,
    "consistency_loss": 0.0,
    "encoder_stage": "semisupervised_with_pseudolabels",
    "stn_status": "disabled",
    "stn_regularization_loss": 0.0,
    "val_loss": 0.2732220775701709,
    "val_seq_acc": 0.9584666666666667,
    "val_char_acc": 0.9914266666666667,
    "val_edit_distance": 0.042866666666666664,
    "val_clean_accuracy": 0.9584666666666667,
    "val_robustness_drop": null,
    "val_restoration_gain": null,
    "val_position_1_acc": 0.9922666666666666,
    "val_position_2_acc": 0.9908666666666667,
    "val_position_3_acc": 0.9907333333333334,
    "val_position_4_acc": 0.9906,
    "val_position_5_acc": 0.9926666666666667,
    "test_loss": 0.2646239698992546,
    "test_seq_acc": 0.9604666666666667,
    "test_char_acc": 0.9918666666666667,
    "test_edit_distance": 0.0406,
    "test_clean_accuracy": 0.9604666666666667,
    "test_robustness_drop": null,
    "test_restoration_gain": null,
    "test_position_1_acc": 0.9932,
    "test_position_2_acc": 0.9902666666666666,
    "test_position_3_acc": 0.9912666666666666,
    "test_position_4_acc": 0.9917333333333334,
    "test_position_5_acc": 0.9928666666666667
}