{
    "epoch": 9,
    "train_loss": 0.23719321463655865,
    "pretrain_loss": null,
    "finetune_loss": 0.23719321463655865,
    "pseudo_label_count": 0,
    "pseudo_label_accept_rate": 0.0,
    "mean_pseudo_confidence": 0.0,
    "consistency_loss": 0.0,
    "encoder_stage": "semisupervised_warmup",
    "stn_status": "disabled",
    "stn_regularization_loss": 0.0,
    "val_loss": 0.38562137326027485,
    "val_seq_acc": 0.9043333333333333,
    "val_char_acc": 0.9786133333333333,
    "val_edit_distance": 0.10593333333333334,
    "val_clean_accuracy": 0.9043333333333333,
    "val_robustness_drop": null,
    "val_restoration_gain": null,
    "val_position_1_acc": 0.9786,
    "val_position_2_acc": 0.9766666666666667,
    "val_position_3_acc": 0.9764,
    "val_position_4_acc": 0.9765333333333334,
    "val_position_5_acc": 0.9848666666666667,
    "test_loss": 0.3794339142898296,
    "test_seq_acc": 0.9024,
    "test_char_acc": 0.9784266666666667,
    "test_edit_distance": 0.10713333333333333,
    "test_clean_accuracy": 0.9024,
    "test_robustness_drop": null,
    "test_restoration_gain": null,
    "test_position_1_acc": 0.978,
    "test_position_2_acc": 0.9772,
    "test_position_3_acc": 0.9764666666666667,
    "test_position_4_acc": 0.9775333333333334,
    "test_position_5_acc": 0.9829333333333333
}