{
    "epoch": 197,
    "train_loss": 0.0025584270928113418,
    "pretrain_loss": null,
    "finetune_loss": 0.0001864005188491977,
    "pseudo_label_count": 20950,
    "pseudo_label_accept_rate": 0.9976190476190476,
    "mean_pseudo_confidence": 0.9997768286930349,
    "consistency_loss": 0.0,
    "encoder_stage": "semisupervised_with_pseudolabels",
    "stn_status": "disabled",
    "stn_regularization_loss": 0.0,
    "val_loss": 0.296502561209386,
    "val_seq_acc": 0.9602666666666667,
    "val_char_acc": 0.9919466666666666,
    "val_edit_distance": 0.040266666666666666,
    "val_clean_accuracy": 0.9602666666666667,
    "val_robustness_drop": null,
    "val_restoration_gain": null,
    "val_position_1_acc": 0.9922,
    "val_position_2_acc": 0.991,
    "val_position_3_acc": 0.9922666666666666,
    "val_position_4_acc": 0.991,
    "val_position_5_acc": 0.9932666666666666,
    "test_loss": 0.2900355876412582,
    "test_seq_acc": 0.9643333333333334,
    "test_char_acc": 0.99264,
    "test_edit_distance": 0.03666666666666667,
    "test_clean_accuracy": 0.9643333333333334,
    "test_robustness_drop": null,
    "test_restoration_gain": null,
    "test_position_1_acc": 0.9941333333333333,
    "test_position_2_acc": 0.9908666666666667,
    "test_position_3_acc": 0.9922,
    "test_position_4_acc": 0.9927333333333334,
    "test_position_5_acc": 0.9932666666666666
}