{
    "epoch": 93,
    "train_loss": 0.009867353943234647,
    "pretrain_loss": null,
    "finetune_loss": 0.0021916302004645533,
    "pseudo_label_count": 20852,
    "pseudo_label_accept_rate": 0.9929523809523809,
    "mean_pseudo_confidence": 0.9995580276600486,
    "consistency_loss": 0.0,
    "encoder_stage": "semisupervised_with_pseudolabels",
    "stn_status": "disabled",
    "stn_regularization_loss": 0.0,
    "val_loss": 0.3754428636507308,
    "val_seq_acc": 0.9516,
    "val_char_acc": 0.99004,
    "val_edit_distance": 0.0498,
    "val_clean_accuracy": 0.9516,
    "val_robustness_drop": null,
    "val_restoration_gain": null,
    "val_position_1_acc": 0.9908666666666667,
    "val_position_2_acc": 0.9888666666666667,
    "val_position_3_acc": 0.9900666666666667,
    "val_position_4_acc": 0.9885333333333334,
    "val_position_5_acc": 0.9918666666666667,
    "test_loss": 0.3511483049885546,
    "test_seq_acc": 0.9570666666666666,
    "test_char_acc": 0.9911333333333333,
    "test_edit_distance": 0.0442,
    "test_clean_accuracy": 0.9570666666666666,
    "test_robustness_drop": null,
    "test_restoration_gain": null,
    "test_position_1_acc": 0.9923333333333333,
    "test_position_2_acc": 0.9897333333333334,
    "test_position_3_acc": 0.9906,
    "test_position_4_acc": 0.9911333333333333,
    "test_position_5_acc": 0.9918666666666667
}