{
    "epoch": 126,
    "train_loss": 0.004265956442213903,
    "pretrain_loss": null,
    "finetune_loss": 0.00041953075991504413,
    "pseudo_label_count": 20905,
    "pseudo_label_accept_rate": 0.9954761904761905,
    "mean_pseudo_confidence": 0.9997097520844214,
    "consistency_loss": 0.0,
    "encoder_stage": "semisupervised_with_pseudolabels",
    "stn_status": "disabled",
    "stn_regularization_loss": 0.0,
    "val_loss": 0.2912300418364871,
    "val_seq_acc": 0.9614,
    "val_char_acc": 0.9921733333333334,
    "val_edit_distance": 0.03913333333333333,
    "val_clean_accuracy": 0.9614,
    "val_robustness_drop": null,
    "val_restoration_gain": null,
    "val_position_1_acc": 0.9925333333333334,
    "val_position_2_acc": 0.991,
    "val_position_3_acc": 0.9922,
    "val_position_4_acc": 0.9913333333333333,
    "val_position_5_acc": 0.9938,
    "test_loss": 0.28105144208081023,
    "test_seq_acc": 0.9648666666666667,
    "test_char_acc": 0.9928,
    "test_edit_distance": 0.035866666666666665,
    "test_clean_accuracy": 0.9648666666666667,
    "test_robustness_drop": null,
    "test_restoration_gain": null,
    "test_position_1_acc": 0.9940666666666667,
    "test_position_2_acc": 0.9910666666666667,
    "test_position_3_acc": 0.9924,
    "test_position_4_acc": 0.9928,
    "test_position_5_acc": 0.9936666666666667
}