{
    "epoch": 105,
    "train_loss": 0.0064881733876994835,
    "pretrain_loss": null,
    "finetune_loss": 0.0010796376762101025,
    "pseudo_label_count": 20898,
    "pseudo_label_accept_rate": 0.9951428571428571,
    "mean_pseudo_confidence": 0.9996540159206663,
    "consistency_loss": 0.0,
    "encoder_stage": "semisupervised_with_pseudolabels",
    "stn_status": "disabled",
    "stn_regularization_loss": 0.0,
    "val_loss": 0.301139754280136,
    "val_seq_acc": 0.959,
    "val_char_acc": 0.9916933333333333,
    "val_edit_distance": 0.04153333333333333,
    "val_clean_accuracy": 0.959,
    "val_robustness_drop": null,
    "val_restoration_gain": null,
    "val_position_1_acc": 0.9920666666666667,
    "val_position_2_acc": 0.9904666666666667,
    "val_position_3_acc": 0.9920666666666667,
    "val_position_4_acc": 0.9905333333333334,
    "val_position_5_acc": 0.9933333333333333,
    "test_loss": 0.2946738894126766,
    "test_seq_acc": 0.9597333333333333,
    "test_char_acc": 0.9917466666666667,
    "test_edit_distance": 0.041133333333333334,
    "test_clean_accuracy": 0.9597333333333333,
    "test_robustness_drop": null,
    "test_restoration_gain": null,
    "test_position_1_acc": 0.9936,
    "test_position_2_acc": 0.9898666666666667,
    "test_position_3_acc": 0.9914,
    "test_position_4_acc": 0.9916,
    "test_position_5_acc": 0.9922666666666666
}