{
    "epoch": 17,
    "train_loss": 0.13381046897855736,
    "pretrain_loss": null,
    "finetune_loss": 0.13381046897855736,
    "pseudo_label_count": 0,
    "pseudo_label_accept_rate": 0.0,
    "mean_pseudo_confidence": 0.0,
    "consistency_loss": 0.0,
    "encoder_stage": "semisupervised_warmup",
    "stn_status": "disabled",
    "stn_regularization_loss": 0.0,
    "val_loss": 0.22983770944732934,
    "val_seq_acc": 0.9397333333333333,
    "val_char_acc": 0.9874,
    "val_edit_distance": 0.06293333333333333,
    "val_clean_accuracy": 0.9397333333333333,
    "val_robustness_drop": null,
    "val_restoration_gain": null,
    "val_position_1_acc": 0.9891333333333333,
    "val_position_2_acc": 0.985,
    "val_position_3_acc": 0.9866666666666667,
    "val_position_4_acc": 0.9859333333333333,
    "val_position_5_acc": 0.9902666666666666,
    "test_loss": 0.23628803691331376,
    "test_seq_acc": 0.9391333333333334,
    "test_char_acc": 0.98728,
    "test_edit_distance": 0.06353333333333333,
    "test_clean_accuracy": 0.9391333333333334,
    "test_robustness_drop": null,
    "test_restoration_gain": null,
    "test_position_1_acc": 0.9898,
    "test_position_2_acc": 0.9831333333333333,
    "test_position_3_acc": 0.9854,
    "test_position_4_acc": 0.9877333333333334,
    "test_position_5_acc": 0.9903333333333333
}