{
    "epoch": 21,
    "train_loss": 0.4021659979241805,
    "pretrain_loss": null,
    "finetune_loss": 0.09857826276351613,
    "pseudo_label_count": 16815,
    "pseudo_label_accept_rate": 0.8007142857142857,
    "mean_pseudo_confidence": 0.9938340816049749,
    "consistency_loss": 0.0,
    "encoder_stage": "semisupervised_with_pseudolabels",
    "stn_status": "disabled",
    "stn_regularization_loss": 0.0,
    "val_loss": 164.06843696756565,
    "val_seq_acc": 0.0,
    "val_char_acc": 0.028533333333333334,
    "val_edit_distance": 4.8482,
    "val_clean_accuracy": 0.0,
    "val_robustness_drop": null,
    "val_restoration_gain": null,
    "val_position_1_acc": 0.026933333333333333,
    "val_position_2_acc": 0.03286666666666667,
    "val_position_3_acc": 0.028866666666666665,
    "val_position_4_acc": 0.024733333333333333,
    "val_position_5_acc": 0.029266666666666667,
    "test_loss": 162.0910096838119,
    "test_seq_acc": 0.0,
    "test_char_acc": 0.028093333333333335,
    "test_edit_distance": 4.849933333333333,
    "test_clean_accuracy": 0.0,
    "test_robustness_drop": null,
    "test_restoration_gain": null,
    "test_position_1_acc": 0.0266,
    "test_position_2_acc": 0.029933333333333333,
    "test_position_3_acc": 0.026533333333333332,
    "test_position_4_acc": 0.029466666666666665,
    "test_position_5_acc": 0.027933333333333334
}