{
    "epoch": 108,
    "train_loss": 0.006097463647420069,
    "pretrain_loss": null,
    "finetune_loss": 0.0007813511882775205,
    "pseudo_label_count": 20899,
    "pseudo_label_accept_rate": 0.9951904761904762,
    "mean_pseudo_confidence": 0.9996613618363444,
    "consistency_loss": 0.0,
    "encoder_stage": "semisupervised_with_pseudolabels",
    "stn_status": "disabled",
    "stn_regularization_loss": 0.0,
    "val_loss": 0.2963672669224639,
    "val_seq_acc": 0.9605333333333334,
    "val_char_acc": 0.992,
    "val_edit_distance": 0.04,
    "val_clean_accuracy": 0.9605333333333334,
    "val_robustness_drop": null,
    "val_restoration_gain": null,
    "val_position_1_acc": 0.9923333333333333,
    "val_position_2_acc": 0.9906,
    "val_position_3_acc": 0.9926666666666667,
    "val_position_4_acc": 0.9908,
    "val_position_5_acc": 0.9936,
    "test_loss": 0.28604977873469484,
    "test_seq_acc": 0.9624,
    "test_char_acc": 0.9922933333333334,
    "test_edit_distance": 0.0384,
    "test_clean_accuracy": 0.9624,
    "test_robustness_drop": null,
    "test_restoration_gain": null,
    "test_position_1_acc": 0.9937333333333334,
    "test_position_2_acc": 0.9906,
    "test_position_3_acc": 0.9920666666666667,
    "test_position_4_acc": 0.9924,
    "test_position_5_acc": 0.9926666666666667
}