{
    "epoch": 30,
    "train_loss": 0.21963046904063815,
    "pretrain_loss": null,
    "finetune_loss": 0.11496971626632285,
    "pseudo_label_count": 18707,
    "pseudo_label_accept_rate": 0.8908095238095238,
    "mean_pseudo_confidence": 0.9948468906477834,
    "consistency_loss": 0.0,
    "encoder_stage": "semisupervised_with_pseudolabels",
    "stn_status": "disabled",
    "stn_regularization_loss": 0.0,
    "val_loss": 14.331134021028559,
    "val_seq_acc": 0.2922,
    "val_char_acc": 0.7803333333333333,
    "val_edit_distance": 1.0980666666666667,
    "val_clean_accuracy": 0.2922,
    "val_robustness_drop": null,
    "val_restoration_gain": null,
    "val_position_1_acc": 0.7741333333333333,
    "val_position_2_acc": 0.7648666666666667,
    "val_position_3_acc": 0.7642,
    "val_position_4_acc": 0.7909333333333334,
    "val_position_5_acc": 0.8075333333333333,
    "test_loss": 14.036914484551613,
    "test_seq_acc": 0.2932,
    "test_char_acc": 0.7824266666666667,
    "test_edit_distance": 1.0876666666666666,
    "test_clean_accuracy": 0.2932,
    "test_robustness_drop": null,
    "test_restoration_gain": null,
    "test_position_1_acc": 0.7774666666666666,
    "test_position_2_acc": 0.7621333333333333,
    "test_position_3_acc": 0.7662,
    "test_position_4_acc": 0.7988,
    "test_position_5_acc": 0.8075333333333333
}