{
    "epoch": 27,
    "train_loss": 0.9651677045464706,
    "pretrain_loss": null,
    "finetune_loss": 0.9297120307691337,
    "pseudo_label_count": 20096,
    "pseudo_label_accept_rate": 0.956952380952381,
    "mean_pseudo_confidence": 0.9964480849967641,
    "consistency_loss": 0.0,
    "encoder_stage": "semisupervised_with_pseudolabels",
    "stn_status": "disabled",
    "stn_regularization_loss": 0.0,
    "val_loss": 1.5174291656372394,
    "val_seq_acc": 0.8531333333333333,
    "val_char_acc": 0.9686533333333334,
    "val_edit_distance": 0.15666666666666668,
    "val_clean_accuracy": 0.8531333333333333,
    "val_robustness_drop": null,
    "val_restoration_gain": null,
    "val_position_1_acc": 0.9706,
    "val_position_2_acc": 0.9650666666666666,
    "val_position_3_acc": 0.9692,
    "val_position_4_acc": 0.9672,
    "val_position_5_acc": 0.9712,
    "test_loss": 1.586451557215224,
    "test_seq_acc": 0.8464,
    "test_char_acc": 0.9669733333333334,
    "test_edit_distance": 0.165,
    "test_clean_accuracy": 0.8464,
    "test_robustness_drop": null,
    "test_restoration_gain": null,
    "test_position_1_acc": 0.9715333333333334,
    "test_position_2_acc": 0.9626,
    "test_position_3_acc": 0.9640666666666666,
    "test_position_4_acc": 0.9676,
    "test_position_5_acc": 0.9690666666666666
}