{
    "epoch": 80,
    "train_loss": 0.009448453839823283,
    "pretrain_loss": null,
    "finetune_loss": 0.002358974687796598,
    "pseudo_label_count": 20839,
    "pseudo_label_accept_rate": 0.9923333333333333,
    "mean_pseudo_confidence": 0.9994962818477632,
    "consistency_loss": 0.0,
    "encoder_stage": "semisupervised_with_pseudolabels",
    "stn_status": "disabled",
    "stn_regularization_loss": 0.0,
    "val_loss": 0.28825627306587387,
    "val_seq_acc": 0.9600666666666666,
    "val_char_acc": 0.9918266666666666,
    "val_edit_distance": 0.04086666666666667,
    "val_clean_accuracy": 0.9600666666666666,
    "val_robustness_drop": null,
    "val_restoration_gain": null,
    "val_position_1_acc": 0.9928,
    "val_position_2_acc": 0.9908666666666667,
    "val_position_3_acc": 0.9914,
    "val_position_4_acc": 0.9908666666666667,
    "val_position_5_acc": 0.9932,
    "test_loss": 0.2759714509896281,
    "test_seq_acc": 0.9623333333333334,
    "test_char_acc": 0.99228,
    "test_edit_distance": 0.038533333333333336,
    "test_clean_accuracy": 0.9623333333333334,
    "test_robustness_drop": null,
    "test_restoration_gain": null,
    "test_position_1_acc": 0.9936,
    "test_position_2_acc": 0.9910666666666667,
    "test_position_3_acc": 0.9917333333333334,
    "test_position_4_acc": 0.9916,
    "test_position_5_acc": 0.9934
}