{
    "epoch": 82,
    "train_loss": 0.010078789849249061,
    "pretrain_loss": null,
    "finetune_loss": 0.0021852010045448006,
    "pseudo_label_count": 20841,
    "pseudo_label_accept_rate": 0.9924285714285714,
    "mean_pseudo_confidence": 0.9994680984802378,
    "consistency_loss": 0.0,
    "encoder_stage": "semisupervised_with_pseudolabels",
    "stn_status": "disabled",
    "stn_regularization_loss": 0.0,
    "val_loss": 0.33627600399384083,
    "val_seq_acc": 0.9546666666666667,
    "val_char_acc": 0.9906666666666667,
    "val_edit_distance": 0.04666666666666667,
    "val_clean_accuracy": 0.9546666666666667,
    "val_robustness_drop": null,
    "val_restoration_gain": null,
    "val_position_1_acc": 0.9918,
    "val_position_2_acc": 0.9885333333333334,
    "val_position_3_acc": 0.9904666666666667,
    "val_position_4_acc": 0.9903333333333333,
    "val_position_5_acc": 0.9922,
    "test_loss": 0.3235292474922546,
    "test_seq_acc": 0.9566,
    "test_char_acc": 0.9910533333333333,
    "test_edit_distance": 0.0446,
    "test_clean_accuracy": 0.9566,
    "test_robustness_drop": null,
    "test_restoration_gain": null,
    "test_position_1_acc": 0.9922666666666666,
    "test_position_2_acc": 0.9887333333333334,
    "test_position_3_acc": 0.9911333333333333,
    "test_position_4_acc": 0.9910666666666667,
    "test_position_5_acc": 0.9920666666666667
}