{
    "epoch": 131,
    "train_loss": 0.004561853522652499,
    "pretrain_loss": null,
    "finetune_loss": 0.00039228951244844656,
    "pseudo_label_count": 20915,
    "pseudo_label_accept_rate": 0.9959523809523809,
    "mean_pseudo_confidence": 0.9997353811170563,
    "consistency_loss": 0.0,
    "encoder_stage": "semisupervised_with_pseudolabels",
    "stn_status": "disabled",
    "stn_regularization_loss": 0.0,
    "val_loss": 0.29658539100378994,
    "val_seq_acc": 0.9600666666666666,
    "val_char_acc": 0.99188,
    "val_edit_distance": 0.0406,
    "val_clean_accuracy": 0.9600666666666666,
    "val_robustness_drop": null,
    "val_restoration_gain": null,
    "val_position_1_acc": 0.9924666666666667,
    "val_position_2_acc": 0.9904,
    "val_position_3_acc": 0.9922,
    "val_position_4_acc": 0.9909333333333333,
    "val_position_5_acc": 0.9934,
    "test_loss": 0.28761068421138763,
    "test_seq_acc": 0.9632,
    "test_char_acc": 0.99244,
    "test_edit_distance": 0.03766666666666667,
    "test_clean_accuracy": 0.9632,
    "test_robustness_drop": null,
    "test_restoration_gain": null,
    "test_position_1_acc": 0.994,
    "test_position_2_acc": 0.9906666666666667,
    "test_position_3_acc": 0.9922,
    "test_position_4_acc": 0.9923333333333333,
    "test_position_5_acc": 0.993
}