{
    "epoch": 56,
    "train_loss": 0.023151996870391524,
    "pretrain_loss": null,
    "finetune_loss": 0.00822866099378837,
    "pseudo_label_count": 20602,
    "pseudo_label_accept_rate": 0.9810476190476191,
    "mean_pseudo_confidence": 0.9987670080995759,
    "consistency_loss": 0.0,
    "encoder_stage": "semisupervised_with_pseudolabels",
    "stn_status": "disabled",
    "stn_regularization_loss": 0.0,
    "val_loss": 0.24570496900334082,
    "val_seq_acc": 0.9572,
    "val_char_acc": 0.99128,
    "val_edit_distance": 0.0436,
    "val_clean_accuracy": 0.9572,
    "val_robustness_drop": null,
    "val_restoration_gain": null,
    "val_position_1_acc": 0.9922666666666666,
    "val_position_2_acc": 0.9903333333333333,
    "val_position_3_acc": 0.9908666666666667,
    "val_position_4_acc": 0.9901333333333333,
    "val_position_5_acc": 0.9928,
    "test_loss": 0.2380336097302906,
    "test_seq_acc": 0.9611333333333333,
    "test_char_acc": 0.9919466666666666,
    "test_edit_distance": 0.0402,
    "test_clean_accuracy": 0.9611333333333333,
    "test_robustness_drop": null,
    "test_restoration_gain": null,
    "test_position_1_acc": 0.9940666666666667,
    "test_position_2_acc": 0.9904,
    "test_position_3_acc": 0.9909333333333333,
    "test_position_4_acc": 0.9918,
    "test_position_5_acc": 0.9925333333333334
}