{
    "epoch": 199,
    "train_loss": 0.0017128147007498984,
    "pretrain_loss": null,
    "finetune_loss": 0.0001619148853064313,
    "pseudo_label_count": 20957,
    "pseudo_label_accept_rate": 0.9979523809523809,
    "mean_pseudo_confidence": 0.9998023359922414,
    "consistency_loss": 0.0,
    "encoder_stage": "semisupervised_with_pseudolabels",
    "stn_status": "disabled",
    "stn_regularization_loss": 0.0,
    "val_loss": 0.294991403946497,
    "val_seq_acc": 0.9616,
    "val_char_acc": 0.9922133333333333,
    "val_edit_distance": 0.038933333333333334,
    "val_clean_accuracy": 0.9616,
    "val_robustness_drop": null,
    "val_restoration_gain": null,
    "val_position_1_acc": 0.9922666666666666,
    "val_position_2_acc": 0.9911333333333333,
    "val_position_3_acc": 0.9923333333333333,
    "val_position_4_acc": 0.9916666666666667,
    "val_position_5_acc": 0.9936666666666667,
    "test_loss": 0.2886967113319576,
    "test_seq_acc": 0.9638,
    "test_char_acc": 0.9925466666666667,
    "test_edit_distance": 0.03713333333333333,
    "test_clean_accuracy": 0.9638,
    "test_robustness_drop": null,
    "test_restoration_gain": null,
    "test_position_1_acc": 0.9942666666666666,
    "test_position_2_acc": 0.9908,
    "test_position_3_acc": 0.9916666666666667,
    "test_position_4_acc": 0.9927333333333334,
    "test_position_5_acc": 0.9932666666666666
}