{
    "epoch": 174,
    "train_loss": 0.0031871943417804876,
    "pretrain_loss": null,
    "finetune_loss": 0.0002963052742791235,
    "pseudo_label_count": 20933,
    "pseudo_label_accept_rate": 0.9968095238095238,
    "mean_pseudo_confidence": 0.9997704887745492,
    "consistency_loss": 0.0,
    "encoder_stage": "semisupervised_with_pseudolabels",
    "stn_status": "disabled",
    "stn_regularization_loss": 0.0,
    "val_loss": 0.29800981872239335,
    "val_seq_acc": 0.9613333333333334,
    "val_char_acc": 0.9921466666666666,
    "val_edit_distance": 0.039266666666666665,
    "val_clean_accuracy": 0.9613333333333334,
    "val_robustness_drop": null,
    "val_restoration_gain": null,
    "val_position_1_acc": 0.993,
    "val_position_2_acc": 0.991,
    "val_position_3_acc": 0.9921333333333333,
    "val_position_4_acc": 0.991,
    "val_position_5_acc": 0.9936,
    "test_loss": 0.289736028533654,
    "test_seq_acc": 0.9643333333333334,
    "test_char_acc": 0.9926666666666667,
    "test_edit_distance": 0.036533333333333334,
    "test_clean_accuracy": 0.9643333333333334,
    "test_robustness_drop": null,
    "test_restoration_gain": null,
    "test_position_1_acc": 0.9941333333333333,
    "test_position_2_acc": 0.9908666666666667,
    "test_position_3_acc": 0.9924666666666667,
    "test_position_4_acc": 0.9927333333333334,
    "test_position_5_acc": 0.9931333333333333
}