{
    "epoch": 14,
    "train_loss": 0.16218825106754628,
    "pretrain_loss": null,
    "finetune_loss": 0.16218825106754628,
    "pseudo_label_count": 0,
    "pseudo_label_accept_rate": 0.0,
    "mean_pseudo_confidence": 0.0,
    "consistency_loss": 0.0,
    "encoder_stage": "semisupervised_warmup",
    "stn_status": "disabled",
    "stn_regularization_loss": 0.0,
    "val_loss": 0.22095877852766438,
    "val_seq_acc": 0.942,
    "val_char_acc": 0.9876266666666667,
    "val_edit_distance": 0.06186666666666667,
    "val_clean_accuracy": 0.942,
    "val_robustness_drop": null,
    "val_restoration_gain": null,
    "val_position_1_acc": 0.9910666666666667,
    "val_position_2_acc": 0.9842666666666666,
    "val_position_3_acc": 0.9868,
    "val_position_4_acc": 0.9854666666666667,
    "val_position_5_acc": 0.9905333333333334,
    "test_loss": 0.21464523994859228,
    "test_seq_acc": 0.9412,
    "test_char_acc": 0.9874933333333333,
    "test_edit_distance": 0.06253333333333333,
    "test_clean_accuracy": 0.9412,
    "test_robustness_drop": null,
    "test_restoration_gain": null,
    "test_position_1_acc": 0.9916666666666667,
    "test_position_2_acc": 0.9822,
    "test_position_3_acc": 0.9860666666666666,
    "test_position_4_acc": 0.9872666666666666,
    "test_position_5_acc": 0.9902666666666666
}