{
    "epoch": 39,
    "train_loss": 0.15146032989010585,
    "pretrain_loss": null,
    "finetune_loss": 0.11901903250826129,
    "pseudo_label_count": 20218,
    "pseudo_label_accept_rate": 0.9627619047619047,
    "mean_pseudo_confidence": 0.997615756662112,
    "consistency_loss": 0.0,
    "encoder_stage": "semisupervised_with_pseudolabels",
    "stn_status": "disabled",
    "stn_regularization_loss": 0.0,
    "val_loss": 1.312921788337383,
    "val_seq_acc": 0.8725333333333334,
    "val_char_acc": 0.9729466666666666,
    "val_edit_distance": 0.13526666666666667,
    "val_clean_accuracy": 0.8725333333333334,
    "val_robustness_drop": null,
    "val_restoration_gain": null,
    "val_position_1_acc": 0.9792666666666666,
    "val_position_2_acc": 0.9738666666666667,
    "val_position_3_acc": 0.9730666666666666,
    "val_position_4_acc": 0.9737333333333333,
    "val_position_5_acc": 0.9648,
    "test_loss": 1.365594624331657,
    "test_seq_acc": 0.8686666666666667,
    "test_char_acc": 0.9718133333333333,
    "test_edit_distance": 0.1408,
    "test_clean_accuracy": 0.8686666666666667,
    "test_robustness_drop": null,
    "test_restoration_gain": null,
    "test_position_1_acc": 0.9804,
    "test_position_2_acc": 0.9702,
    "test_position_3_acc": 0.9697333333333333,
    "test_position_4_acc": 0.9724,
    "test_position_5_acc": 0.9663333333333334
}