{
    "epoch": 104,
    "train_loss": 0.007293059623809731,
    "pretrain_loss": null,
    "finetune_loss": 0.0011136267579757867,
    "pseudo_label_count": 20899,
    "pseudo_label_accept_rate": 0.9951904761904762,
    "mean_pseudo_confidence": 0.9996420030782335,
    "consistency_loss": 0.0,
    "encoder_stage": "semisupervised_with_pseudolabels",
    "stn_status": "disabled",
    "stn_regularization_loss": 0.0,
    "val_loss": 0.2989709758993063,
    "val_seq_acc": 0.9588666666666666,
    "val_char_acc": 0.9916133333333333,
    "val_edit_distance": 0.041933333333333336,
    "val_clean_accuracy": 0.9588666666666666,
    "val_robustness_drop": null,
    "val_restoration_gain": null,
    "val_position_1_acc": 0.9921333333333333,
    "val_position_2_acc": 0.9896666666666667,
    "val_position_3_acc": 0.9922,
    "val_position_4_acc": 0.9908,
    "val_position_5_acc": 0.9932666666666666,
    "test_loss": 0.2929514661170849,
    "test_seq_acc": 0.9594666666666667,
    "test_char_acc": 0.99164,
    "test_edit_distance": 0.041666666666666664,
    "test_clean_accuracy": 0.9594666666666667,
    "test_robustness_drop": null,
    "test_restoration_gain": null,
    "test_position_1_acc": 0.9934666666666667,
    "test_position_2_acc": 0.9898,
    "test_position_3_acc": 0.991,
    "test_position_4_acc": 0.9912666666666666,
    "test_position_5_acc": 0.9926666666666667
}