{
    "epoch": 170,
    "train_loss": 0.002613905440360508,
    "pretrain_loss": null,
    "finetune_loss": 0.00021517152097601263,
    "pseudo_label_count": 20926,
    "pseudo_label_accept_rate": 0.9964761904761905,
    "mean_pseudo_confidence": 0.9997991529350059,
    "consistency_loss": 0.0,
    "encoder_stage": "semisupervised_with_pseudolabels",
    "stn_status": "disabled",
    "stn_regularization_loss": 0.0,
    "val_loss": 0.3058029632468575,
    "val_seq_acc": 0.9605333333333334,
    "val_char_acc": 0.9919866666666667,
    "val_edit_distance": 0.04006666666666667,
    "val_clean_accuracy": 0.9605333333333334,
    "val_robustness_drop": null,
    "val_restoration_gain": null,
    "val_position_1_acc": 0.9931333333333333,
    "val_position_2_acc": 0.9906666666666667,
    "val_position_3_acc": 0.9918,
    "val_position_4_acc": 0.991,
    "val_position_5_acc": 0.9933333333333333,
    "test_loss": 0.29494930076499704,
    "test_seq_acc": 0.9636666666666667,
    "test_char_acc": 0.9925466666666667,
    "test_edit_distance": 0.03713333333333333,
    "test_clean_accuracy": 0.9636666666666667,
    "test_robustness_drop": null,
    "test_restoration_gain": null,
    "test_position_1_acc": 0.994,
    "test_position_2_acc": 0.9910666666666667,
    "test_position_3_acc": 0.9920666666666667,
    "test_position_4_acc": 0.9924,
    "test_position_5_acc": 0.9932
}