{
    "epoch": 162,
    "train_loss": 0.0037788290165446186,
    "pretrain_loss": null,
    "finetune_loss": 0.00033666389935403196,
    "pseudo_label_count": 20920,
    "pseudo_label_accept_rate": 0.9961904761904762,
    "mean_pseudo_confidence": 0.9997823370802243,
    "consistency_loss": 0.0,
    "encoder_stage": "semisupervised_with_pseudolabels",
    "stn_status": "disabled",
    "stn_regularization_loss": 0.0,
    "val_loss": 0.2971157749083548,
    "val_seq_acc": 0.9609333333333333,
    "val_char_acc": 0.99204,
    "val_edit_distance": 0.0398,
    "val_clean_accuracy": 0.9609333333333333,
    "val_robustness_drop": null,
    "val_restoration_gain": null,
    "val_position_1_acc": 0.9930666666666667,
    "val_position_2_acc": 0.9909333333333333,
    "val_position_3_acc": 0.992,
    "val_position_4_acc": 0.9910666666666667,
    "val_position_5_acc": 0.9931333333333333,
    "test_loss": 0.29188788897738166,
    "test_seq_acc": 0.9633333333333334,
    "test_char_acc": 0.99248,
    "test_edit_distance": 0.03746666666666667,
    "test_clean_accuracy": 0.9633333333333334,
    "test_robustness_drop": null,
    "test_restoration_gain": null,
    "test_position_1_acc": 0.9938666666666667,
    "test_position_2_acc": 0.9906,
    "test_position_3_acc": 0.9924,
    "test_position_4_acc": 0.9926666666666667,
    "test_position_5_acc": 0.9928666666666667
}