{
    "epoch": 191,
    "train_loss": 0.0022929841816261005,
    "pretrain_loss": null,
    "finetune_loss": 0.00020839288044573773,
    "pseudo_label_count": 20942,
    "pseudo_label_accept_rate": 0.9972380952380953,
    "mean_pseudo_confidence": 0.9997987294991735,
    "consistency_loss": 0.0,
    "encoder_stage": "semisupervised_with_pseudolabels",
    "stn_status": "disabled",
    "stn_regularization_loss": 0.0,
    "val_loss": 0.29967059921517675,
    "val_seq_acc": 0.9616666666666667,
    "val_char_acc": 0.9922533333333333,
    "val_edit_distance": 0.038733333333333335,
    "val_clean_accuracy": 0.9616666666666667,
    "val_robustness_drop": null,
    "val_restoration_gain": null,
    "val_position_1_acc": 0.993,
    "val_position_2_acc": 0.9913333333333333,
    "val_position_3_acc": 0.9922666666666666,
    "val_position_4_acc": 0.9912666666666666,
    "val_position_5_acc": 0.9934,
    "test_loss": 0.2920330886611253,
    "test_seq_acc": 0.9644666666666667,
    "test_char_acc": 0.99272,
    "test_edit_distance": 0.03626666666666667,
    "test_clean_accuracy": 0.9644666666666667,
    "test_robustness_drop": null,
    "test_restoration_gain": null,
    "test_position_1_acc": 0.9940666666666667,
    "test_position_2_acc": 0.9911333333333333,
    "test_position_3_acc": 0.9924666666666667,
    "test_position_4_acc": 0.9928,
    "test_position_5_acc": 0.9931333333333333
}