{
    "epoch": 176,
    "train_loss": 0.0030727998456991502,
    "pretrain_loss": null,
    "finetune_loss": 0.00024303538191925423,
    "pseudo_label_count": 20940,
    "pseudo_label_accept_rate": 0.9971428571428571,
    "mean_pseudo_confidence": 0.9997637405322639,
    "consistency_loss": 0.0,
    "encoder_stage": "semisupervised_with_pseudolabels",
    "stn_status": "disabled",
    "stn_regularization_loss": 0.0,
    "val_loss": 0.29394011398608005,
    "val_seq_acc": 0.9610666666666666,
    "val_char_acc": 0.9921066666666667,
    "val_edit_distance": 0.039466666666666664,
    "val_clean_accuracy": 0.9610666666666666,
    "val_robustness_drop": null,
    "val_restoration_gain": null,
    "val_position_1_acc": 0.9924666666666667,
    "val_position_2_acc": 0.9911333333333333,
    "val_position_3_acc": 0.9922,
    "val_position_4_acc": 0.9912,
    "val_position_5_acc": 0.9935333333333334,
    "test_loss": 0.2862837070362381,
    "test_seq_acc": 0.9645333333333334,
    "test_char_acc": 0.9927066666666666,
    "test_edit_distance": 0.036333333333333336,
    "test_clean_accuracy": 0.9645333333333334,
    "test_robustness_drop": null,
    "test_restoration_gain": null,
    "test_position_1_acc": 0.9942,
    "test_position_2_acc": 0.9911333333333333,
    "test_position_3_acc": 0.9922,
    "test_position_4_acc": 0.9926,
    "test_position_5_acc": 0.9934
}