{
    "epoch": 129,
    "train_loss": 0.003351755795159355,
    "pretrain_loss": null,
    "finetune_loss": 0.00044512801438558776,
    "pseudo_label_count": 20910,
    "pseudo_label_accept_rate": 0.9957142857142857,
    "mean_pseudo_confidence": 0.9997313794081774,
    "consistency_loss": 0.0,
    "encoder_stage": "semisupervised_with_pseudolabels",
    "stn_status": "disabled",
    "stn_regularization_loss": 0.0,
    "val_loss": 0.2984057819094774,
    "val_seq_acc": 0.9601333333333333,
    "val_char_acc": 0.99196,
    "val_edit_distance": 0.0402,
    "val_clean_accuracy": 0.9601333333333333,
    "val_robustness_drop": null,
    "val_restoration_gain": null,
    "val_position_1_acc": 0.9915333333333334,
    "val_position_2_acc": 0.991,
    "val_position_3_acc": 0.9924666666666667,
    "val_position_4_acc": 0.9913333333333333,
    "val_position_5_acc": 0.9934666666666667,
    "test_loss": 0.2902158038002102,
    "test_seq_acc": 0.9624,
    "test_char_acc": 0.9923066666666667,
    "test_edit_distance": 0.03833333333333333,
    "test_clean_accuracy": 0.9624,
    "test_robustness_drop": null,
    "test_restoration_gain": null,
    "test_position_1_acc": 0.9939333333333333,
    "test_position_2_acc": 0.9906,
    "test_position_3_acc": 0.9918666666666667,
    "test_position_4_acc": 0.9919333333333333,
    "test_position_5_acc": 0.9932
}