{
    "epoch": 192,
    "train_loss": 0.0022832151646173895,
    "pretrain_loss": null,
    "finetune_loss": 0.00020926967020484016,
    "pseudo_label_count": 20958,
    "pseudo_label_accept_rate": 0.998,
    "mean_pseudo_confidence": 0.9997848714509416,
    "consistency_loss": 0.0,
    "encoder_stage": "semisupervised_with_pseudolabels",
    "stn_status": "disabled",
    "stn_regularization_loss": 0.0,
    "val_loss": 0.30188053310014745,
    "val_seq_acc": 0.9604,
    "val_char_acc": 0.9919333333333333,
    "val_edit_distance": 0.04033333333333333,
    "val_clean_accuracy": 0.9604,
    "val_robustness_drop": null,
    "val_restoration_gain": null,
    "val_position_1_acc": 0.9927333333333334,
    "val_position_2_acc": 0.9908,
    "val_position_3_acc": 0.9917333333333334,
    "val_position_4_acc": 0.9912666666666666,
    "val_position_5_acc": 0.9931333333333333,
    "test_loss": 0.29271890882694007,
    "test_seq_acc": 0.9635333333333334,
    "test_char_acc": 0.99252,
    "test_edit_distance": 0.03726666666666666,
    "test_clean_accuracy": 0.9635333333333334,
    "test_robustness_drop": null,
    "test_restoration_gain": null,
    "test_position_1_acc": 0.9941333333333333,
    "test_position_2_acc": 0.9905333333333334,
    "test_position_3_acc": 0.9921333333333333,
    "test_position_4_acc": 0.9926,
    "test_position_5_acc": 0.9932
}