{
    "epoch": 184,
    "train_loss": 0.0026140678546221806,
    "pretrain_loss": null,
    "finetune_loss": 0.0002365147714450791,
    "pseudo_label_count": 20929,
    "pseudo_label_accept_rate": 0.9966190476190476,
    "mean_pseudo_confidence": 0.999768947642511,
    "consistency_loss": 0.0,
    "encoder_stage": "semisupervised_with_pseudolabels",
    "stn_status": "disabled",
    "stn_regularization_loss": 0.0,
    "val_loss": 0.3020476696486746,
    "val_seq_acc": 0.9616666666666667,
    "val_char_acc": 0.9922266666666667,
    "val_edit_distance": 0.03886666666666667,
    "val_clean_accuracy": 0.9616666666666667,
    "val_robustness_drop": null,
    "val_restoration_gain": null,
    "val_position_1_acc": 0.9929333333333333,
    "val_position_2_acc": 0.9912,
    "val_position_3_acc": 0.9920666666666667,
    "val_position_4_acc": 0.9915333333333334,
    "val_position_5_acc": 0.9934,
    "test_loss": 0.2914206318157549,
    "test_seq_acc": 0.9642,
    "test_char_acc": 0.99264,
    "test_edit_distance": 0.03666666666666667,
    "test_clean_accuracy": 0.9642,
    "test_robustness_drop": null,
    "test_restoration_gain": null,
    "test_position_1_acc": 0.9942666666666666,
    "test_position_2_acc": 0.9912666666666666,
    "test_position_3_acc": 0.992,
    "test_position_4_acc": 0.9924,
    "test_position_5_acc": 0.9932666666666666
}