{
    "epoch": 119,
    "train_loss": 0.004299021663604924,
    "pretrain_loss": null,
    "finetune_loss": 0.0006297118108738281,
    "pseudo_label_count": 20894,
    "pseudo_label_accept_rate": 0.9949523809523809,
    "mean_pseudo_confidence": 0.9997207233868592,
    "consistency_loss": 0.0,
    "encoder_stage": "semisupervised_with_pseudolabels",
    "stn_status": "disabled",
    "stn_regularization_loss": 0.0,
    "val_loss": 0.29433842000147165,
    "val_seq_acc": 0.9600666666666666,
    "val_char_acc": 0.9918933333333333,
    "val_edit_distance": 0.04053333333333333,
    "val_clean_accuracy": 0.9600666666666666,
    "val_robustness_drop": null,
    "val_restoration_gain": null,
    "val_position_1_acc": 0.992,
    "val_position_2_acc": 0.9908,
    "val_position_3_acc": 0.9922,
    "val_position_4_acc": 0.9912,
    "val_position_5_acc": 0.9932666666666666,
    "test_loss": 0.2882806717069817,
    "test_seq_acc": 0.9633333333333334,
    "test_char_acc": 0.9924933333333333,
    "test_edit_distance": 0.0374,
    "test_clean_accuracy": 0.9633333333333334,
    "test_robustness_drop": null,
    "test_restoration_gain": null,
    "test_position_1_acc": 0.994,
    "test_position_2_acc": 0.991,
    "test_position_3_acc": 0.992,
    "test_position_4_acc": 0.9921333333333333,
    "test_position_5_acc": 0.9933333333333333
}