{
    "epoch": 13,
    "train_loss": 0.172146306903279,
    "pretrain_loss": null,
    "finetune_loss": 0.172146306903279,
    "pseudo_label_count": 0,
    "pseudo_label_accept_rate": 0.0,
    "mean_pseudo_confidence": 0.0,
    "consistency_loss": 0.0,
    "encoder_stage": "semisupervised_warmup",
    "stn_status": "disabled",
    "stn_regularization_loss": 0.0,
    "val_loss": 0.4165352894429197,
    "val_seq_acc": 0.9019333333333334,
    "val_char_acc": 0.9789066666666667,
    "val_edit_distance": 0.10546666666666667,
    "val_clean_accuracy": 0.9019333333333334,
    "val_robustness_drop": null,
    "val_restoration_gain": null,
    "val_position_1_acc": 0.9784,
    "val_position_2_acc": 0.9762666666666666,
    "val_position_3_acc": 0.9749333333333333,
    "val_position_4_acc": 0.9808666666666667,
    "val_position_5_acc": 0.9840666666666666,
    "test_loss": 0.4116621051697021,
    "test_seq_acc": 0.8973333333333333,
    "test_char_acc": 0.9780666666666666,
    "test_edit_distance": 0.10953333333333333,
    "test_clean_accuracy": 0.8973333333333333,
    "test_robustness_drop": null,
    "test_restoration_gain": null,
    "test_position_1_acc": 0.9799333333333333,
    "test_position_2_acc": 0.9710666666666666,
    "test_position_3_acc": 0.9735333333333334,
    "test_position_4_acc": 0.9825333333333334,
    "test_position_5_acc": 0.9832666666666666
}