{
    "epoch": 187,
    "train_loss": 0.0022377024489753585,
    "pretrain_loss": null,
    "finetune_loss": 0.00020246212630813917,
    "pseudo_label_count": 20945,
    "pseudo_label_accept_rate": 0.9973809523809524,
    "mean_pseudo_confidence": 0.999776223907325,
    "consistency_loss": 0.0,
    "encoder_stage": "semisupervised_with_pseudolabels",
    "stn_status": "disabled",
    "stn_regularization_loss": 0.0,
    "val_loss": 0.30670697596044794,
    "val_seq_acc": 0.9607333333333333,
    "val_char_acc": 0.992,
    "val_edit_distance": 0.04,
    "val_clean_accuracy": 0.9607333333333333,
    "val_robustness_drop": null,
    "val_restoration_gain": null,
    "val_position_1_acc": 0.9931333333333333,
    "val_position_2_acc": 0.9908,
    "val_position_3_acc": 0.9916666666666667,
    "val_position_4_acc": 0.9911333333333333,
    "val_position_5_acc": 0.9932666666666666,
    "test_loss": 0.2981913665288301,
    "test_seq_acc": 0.9642666666666667,
    "test_char_acc": 0.9926666666666667,
    "test_edit_distance": 0.036533333333333334,
    "test_clean_accuracy": 0.9642666666666667,
    "test_robustness_drop": null,
    "test_restoration_gain": null,
    "test_position_1_acc": 0.9940666666666667,
    "test_position_2_acc": 0.9912666666666666,
    "test_position_3_acc": 0.9921333333333333,
    "test_position_4_acc": 0.9927333333333334,
    "test_position_5_acc": 0.9931333333333333
}