{
    "epoch": 79,
    "train_loss": 0.009614976827773713,
    "pretrain_loss": null,
    "finetune_loss": 0.0031582845042052517,
    "pseudo_label_count": 20823,
    "pseudo_label_accept_rate": 0.9915714285714285,
    "mean_pseudo_confidence": 0.9995294772530418,
    "consistency_loss": 0.0,
    "encoder_stage": "semisupervised_with_pseudolabels",
    "stn_status": "disabled",
    "stn_regularization_loss": 0.0,
    "val_loss": 0.30868298762379515,
    "val_seq_acc": 0.9594666666666667,
    "val_char_acc": 0.99172,
    "val_edit_distance": 0.0414,
    "val_clean_accuracy": 0.9594666666666667,
    "val_robustness_drop": null,
    "val_restoration_gain": null,
    "val_position_1_acc": 0.9926666666666667,
    "val_position_2_acc": 0.9907333333333334,
    "val_position_3_acc": 0.9916,
    "val_position_4_acc": 0.9903333333333333,
    "val_position_5_acc": 0.9932666666666666,
    "test_loss": 0.29591311448804186,
    "test_seq_acc": 0.9614666666666667,
    "test_char_acc": 0.99208,
    "test_edit_distance": 0.039466666666666664,
    "test_clean_accuracy": 0.9614666666666667,
    "test_robustness_drop": null,
    "test_restoration_gain": null,
    "test_position_1_acc": 0.9929333333333333,
    "test_position_2_acc": 0.9908666666666667,
    "test_position_3_acc": 0.9915333333333334,
    "test_position_4_acc": 0.9924666666666667,
    "test_position_5_acc": 0.9926
}