{
    "epoch": 142,
    "train_loss": 0.003201342748753045,
    "pretrain_loss": null,
    "finetune_loss": 0.0003191184128932737,
    "pseudo_label_count": 20933,
    "pseudo_label_accept_rate": 0.9968095238095238,
    "mean_pseudo_confidence": 0.9997660458267308,
    "consistency_loss": 0.0,
    "encoder_stage": "semisupervised_with_pseudolabels",
    "stn_status": "disabled",
    "stn_regularization_loss": 0.0,
    "val_loss": 0.297464092749381,
    "val_seq_acc": 0.9596,
    "val_char_acc": 0.9917733333333333,
    "val_edit_distance": 0.041133333333333334,
    "val_clean_accuracy": 0.9596,
    "val_robustness_drop": null,
    "val_restoration_gain": null,
    "val_position_1_acc": 0.9926666666666667,
    "val_position_2_acc": 0.9907333333333334,
    "val_position_3_acc": 0.9914666666666667,
    "val_position_4_acc": 0.9910666666666667,
    "val_position_5_acc": 0.9929333333333333,
    "test_loss": 0.2899801203324813,
    "test_seq_acc": 0.9633333333333334,
    "test_char_acc": 0.99248,
    "test_edit_distance": 0.03746666666666667,
    "test_clean_accuracy": 0.9633333333333334,
    "test_robustness_drop": null,
    "test_restoration_gain": null,
    "test_position_1_acc": 0.9939333333333333,
    "test_position_2_acc": 0.9907333333333334,
    "test_position_3_acc": 0.992,
    "test_position_4_acc": 0.9925333333333334,
    "test_position_5_acc": 0.9932
}