{
    "epoch": 152,
    "train_loss": 0.003804141331482959,
    "pretrain_loss": null,
    "finetune_loss": 0.0004558030863735114,
    "pseudo_label_count": 20919,
    "pseudo_label_accept_rate": 0.9961428571428571,
    "mean_pseudo_confidence": 0.9997785084903728,
    "consistency_loss": 0.0,
    "encoder_stage": "semisupervised_with_pseudolabels",
    "stn_status": "disabled",
    "stn_regularization_loss": 0.0,
    "val_loss": 0.3004809766282864,
    "val_seq_acc": 0.9607333333333333,
    "val_char_acc": 0.9920133333333333,
    "val_edit_distance": 0.039933333333333335,
    "val_clean_accuracy": 0.9607333333333333,
    "val_robustness_drop": null,
    "val_restoration_gain": null,
    "val_position_1_acc": 0.9924,
    "val_position_2_acc": 0.991,
    "val_position_3_acc": 0.9919333333333333,
    "val_position_4_acc": 0.9914,
    "val_position_5_acc": 0.9933333333333333,
    "test_loss": 0.2950775872025607,
    "test_seq_acc": 0.9629333333333333,
    "test_char_acc": 0.9924133333333334,
    "test_edit_distance": 0.0378,
    "test_clean_accuracy": 0.9629333333333333,
    "test_robustness_drop": null,
    "test_restoration_gain": null,
    "test_position_1_acc": 0.9938,
    "test_position_2_acc": 0.9909333333333333,
    "test_position_3_acc": 0.9919333333333333,
    "test_position_4_acc": 0.9921333333333333,
    "test_position_5_acc": 0.9932666666666666
}