{
    "epoch": 96,
    "train_loss": 0.00804680881793748,
    "pretrain_loss": null,
    "finetune_loss": 0.0025664047859515282,
    "pseudo_label_count": 20891,
    "pseudo_label_accept_rate": 0.9948095238095238,
    "mean_pseudo_confidence": 0.9996181945176289,
    "consistency_loss": 0.0,
    "encoder_stage": "semisupervised_with_pseudolabels",
    "stn_status": "disabled",
    "stn_regularization_loss": 0.0,
    "val_loss": 0.30408651866206865,
    "val_seq_acc": 0.9602666666666667,
    "val_char_acc": 0.9918933333333333,
    "val_edit_distance": 0.04053333333333333,
    "val_clean_accuracy": 0.9602666666666667,
    "val_robustness_drop": null,
    "val_restoration_gain": null,
    "val_position_1_acc": 0.9928,
    "val_position_2_acc": 0.9910666666666667,
    "val_position_3_acc": 0.9908,
    "val_position_4_acc": 0.9916,
    "val_position_5_acc": 0.9932,
    "test_loss": 0.2999351681426831,
    "test_seq_acc": 0.9628,
    "test_char_acc": 0.9923866666666666,
    "test_edit_distance": 0.038,
    "test_clean_accuracy": 0.9628,
    "test_robustness_drop": null,
    "test_restoration_gain": null,
    "test_position_1_acc": 0.9941333333333333,
    "test_position_2_acc": 0.9903333333333333,
    "test_position_3_acc": 0.9920666666666667,
    "test_position_4_acc": 0.9922666666666666,
    "test_position_5_acc": 0.9931333333333333
}