{
    "epoch": 188,
    "train_loss": 0.002709985732609281,
    "pretrain_loss": null,
    "finetune_loss": 0.00022614432610768386,
    "pseudo_label_count": 20947,
    "pseudo_label_accept_rate": 0.9974761904761905,
    "mean_pseudo_confidence": 0.9997751809659822,
    "consistency_loss": 0.0,
    "encoder_stage": "semisupervised_with_pseudolabels",
    "stn_status": "disabled",
    "stn_regularization_loss": 0.0,
    "val_loss": 0.2955511203170569,
    "val_seq_acc": 0.9616666666666667,
    "val_char_acc": 0.9922,
    "val_edit_distance": 0.039,
    "val_clean_accuracy": 0.9616666666666667,
    "val_robustness_drop": null,
    "val_restoration_gain": null,
    "val_position_1_acc": 0.9932,
    "val_position_2_acc": 0.9909333333333333,
    "val_position_3_acc": 0.9922,
    "val_position_4_acc": 0.991,
    "val_position_5_acc": 0.9936666666666667,
    "test_loss": 0.287236822031972,
    "test_seq_acc": 0.9638666666666666,
    "test_char_acc": 0.9926133333333333,
    "test_edit_distance": 0.0368,
    "test_clean_accuracy": 0.9638666666666666,
    "test_robustness_drop": null,
    "test_restoration_gain": null,
    "test_position_1_acc": 0.9938666666666667,
    "test_position_2_acc": 0.9911333333333333,
    "test_position_3_acc": 0.992,
    "test_position_4_acc": 0.9926666666666667,
    "test_position_5_acc": 0.9934
}