{
    "epoch": 175,
    "train_loss": 0.004803773300659032,
    "pretrain_loss": null,
    "finetune_loss": 0.0002536597296375357,
    "pseudo_label_count": 20921,
    "pseudo_label_accept_rate": 0.9962380952380953,
    "mean_pseudo_confidence": 0.9997444880817253,
    "consistency_loss": 0.0,
    "encoder_stage": "semisupervised_with_pseudolabels",
    "stn_status": "disabled",
    "stn_regularization_loss": 0.0,
    "val_loss": 0.3056875646697935,
    "val_seq_acc": 0.9618,
    "val_char_acc": 0.9922533333333333,
    "val_edit_distance": 0.038733333333333335,
    "val_clean_accuracy": 0.9618,
    "val_robustness_drop": null,
    "val_restoration_gain": null,
    "val_position_1_acc": 0.9931333333333333,
    "val_position_2_acc": 0.9911333333333333,
    "val_position_3_acc": 0.9921333333333333,
    "val_position_4_acc": 0.9911333333333333,
    "val_position_5_acc": 0.9937333333333334,
    "test_loss": 0.29509892954990796,
    "test_seq_acc": 0.9644666666666667,
    "test_char_acc": 0.9927066666666666,
    "test_edit_distance": 0.036333333333333336,
    "test_clean_accuracy": 0.9644666666666667,
    "test_robustness_drop": null,
    "test_restoration_gain": null,
    "test_position_1_acc": 0.9942666666666666,
    "test_position_2_acc": 0.9911333333333333,
    "test_position_3_acc": 0.9923333333333333,
    "test_position_4_acc": 0.9925333333333334,
    "test_position_5_acc": 0.9932666666666666
}