{
    "epoch": 77,
    "train_loss": 0.010211055307746731,
    "pretrain_loss": null,
    "finetune_loss": 0.002898555263955108,
    "pseudo_label_count": 20832,
    "pseudo_label_accept_rate": 0.992,
    "mean_pseudo_confidence": 0.9994624133483605,
    "consistency_loss": 0.0,
    "encoder_stage": "semisupervised_with_pseudolabels",
    "stn_status": "disabled",
    "stn_regularization_loss": 0.0,
    "val_loss": 0.2928910874459147,
    "val_seq_acc": 0.9584666666666667,
    "val_char_acc": 0.9915733333333333,
    "val_edit_distance": 0.042133333333333335,
    "val_clean_accuracy": 0.9584666666666667,
    "val_robustness_drop": null,
    "val_restoration_gain": null,
    "val_position_1_acc": 0.9912,
    "val_position_2_acc": 0.9913333333333333,
    "val_position_3_acc": 0.9914,
    "val_position_4_acc": 0.9904666666666667,
    "val_position_5_acc": 0.9934666666666667,
    "test_loss": 0.2707240103143085,
    "test_seq_acc": 0.9618,
    "test_char_acc": 0.9921733333333334,
    "test_edit_distance": 0.039066666666666666,
    "test_clean_accuracy": 0.9618,
    "test_robustness_drop": null,
    "test_restoration_gain": null,
    "test_position_1_acc": 0.9934,
    "test_position_2_acc": 0.9908,
    "test_position_3_acc": 0.992,
    "test_position_4_acc": 0.9916666666666667,
    "test_position_5_acc": 0.993
}