{
    "epoch": 23,
    "train_loss": 17.912488120654235,
    "pretrain_loss": null,
    "finetune_loss": 17.912488120654235,
    "pseudo_label_count": 0,
    "pseudo_label_accept_rate": 0.0,
    "mean_pseudo_confidence": 0.0,
    "consistency_loss": 0.0,
    "encoder_stage": "semisupervised_with_pseudolabels",
    "stn_status": "disabled",
    "stn_regularization_loss": 0.0,
    "val_loss": 17.89596419638776,
    "val_seq_acc": 0.0,
    "val_char_acc": 0.030146666666666665,
    "val_edit_distance": 4.841733333333333,
    "val_clean_accuracy": 0.0,
    "val_robustness_drop": null,
    "val_restoration_gain": null,
    "val_position_1_acc": 0.0282,
    "val_position_2_acc": 0.030866666666666667,
    "val_position_3_acc": 0.0308,
    "val_position_4_acc": 0.0288,
    "val_position_5_acc": 0.03206666666666667,
    "test_loss": 17.893481120657412,
    "test_seq_acc": 0.0,
    "test_char_acc": 0.030533333333333332,
    "test_edit_distance": 4.837266666666666,
    "test_clean_accuracy": 0.0,
    "test_robustness_drop": null,
    "test_restoration_gain": null,
    "test_position_1_acc": 0.0312,
    "test_position_2_acc": 0.03133333333333333,
    "test_position_3_acc": 0.027933333333333334,
    "test_position_4_acc": 0.028933333333333332,
    "test_position_5_acc": 0.03326666666666667
}