{
    "epoch": 143,
    "train_loss": 0.003078543194798349,
    "pretrain_loss": null,
    "finetune_loss": 0.00039908659204818396,
    "pseudo_label_count": 20923,
    "pseudo_label_accept_rate": 0.9963333333333333,
    "mean_pseudo_confidence": 0.9997687569506872,
    "consistency_loss": 0.0,
    "encoder_stage": "semisupervised_with_pseudolabels",
    "stn_status": "disabled",
    "stn_regularization_loss": 0.0,
    "val_loss": 0.29753319581858645,
    "val_seq_acc": 0.9615333333333334,
    "val_char_acc": 0.9921866666666667,
    "val_edit_distance": 0.039066666666666666,
    "val_clean_accuracy": 0.9615333333333334,
    "val_robustness_drop": null,
    "val_restoration_gain": null,
    "val_position_1_acc": 0.9927333333333334,
    "val_position_2_acc": 0.9910666666666667,
    "val_position_3_acc": 0.9924666666666667,
    "val_position_4_acc": 0.9911333333333333,
    "val_position_5_acc": 0.9935333333333334,
    "test_loss": 0.2876359472057997,
    "test_seq_acc": 0.9632666666666667,
    "test_char_acc": 0.9924533333333333,
    "test_edit_distance": 0.0376,
    "test_clean_accuracy": 0.9632666666666667,
    "test_robustness_drop": null,
    "test_restoration_gain": null,
    "test_position_1_acc": 0.9939333333333333,
    "test_position_2_acc": 0.9906666666666667,
    "test_position_3_acc": 0.9918,
    "test_position_4_acc": 0.9927333333333334,
    "test_position_5_acc": 0.9931333333333333
}