{
    "epoch": 164,
    "train_loss": 0.004143740377582657,
    "pretrain_loss": null,
    "finetune_loss": 0.0002763716136746137,
    "pseudo_label_count": 20942,
    "pseudo_label_accept_rate": 0.9972380952380953,
    "mean_pseudo_confidence": 0.9997444722522877,
    "consistency_loss": 0.0,
    "encoder_stage": "semisupervised_with_pseudolabels",
    "stn_status": "disabled",
    "stn_regularization_loss": 0.0,
    "val_loss": 0.29398944774502334,
    "val_seq_acc": 0.9617333333333333,
    "val_char_acc": 0.99224,
    "val_edit_distance": 0.0388,
    "val_clean_accuracy": 0.9617333333333333,
    "val_robustness_drop": null,
    "val_restoration_gain": null,
    "val_position_1_acc": 0.9930666666666667,
    "val_position_2_acc": 0.9912,
    "val_position_3_acc": 0.992,
    "val_position_4_acc": 0.991,
    "val_position_5_acc": 0.9939333333333333,
    "test_loss": 0.29051382407981674,
    "test_seq_acc": 0.9647333333333333,
    "test_char_acc": 0.99276,
    "test_edit_distance": 0.036066666666666664,
    "test_clean_accuracy": 0.9647333333333333,
    "test_robustness_drop": null,
    "test_restoration_gain": null,
    "test_position_1_acc": 0.9943333333333333,
    "test_position_2_acc": 0.9912,
    "test_position_3_acc": 0.9921333333333333,
    "test_position_4_acc": 0.9927333333333334,
    "test_position_5_acc": 0.9934
}