{
    "epoch": 185,
    "train_loss": 0.0026563983284877304,
    "pretrain_loss": null,
    "finetune_loss": 0.00021049124727294023,
    "pseudo_label_count": 20937,
    "pseudo_label_accept_rate": 0.997,
    "mean_pseudo_confidence": 0.99981093722109,
    "consistency_loss": 0.0,
    "encoder_stage": "semisupervised_with_pseudolabels",
    "stn_status": "disabled",
    "stn_regularization_loss": 0.0,
    "val_loss": 0.2974923249118682,
    "val_seq_acc": 0.9608,
    "val_char_acc": 0.9920533333333333,
    "val_edit_distance": 0.039733333333333336,
    "val_clean_accuracy": 0.9608,
    "val_robustness_drop": null,
    "val_restoration_gain": null,
    "val_position_1_acc": 0.9927333333333334,
    "val_position_2_acc": 0.9911333333333333,
    "val_position_3_acc": 0.9922,
    "val_position_4_acc": 0.991,
    "val_position_5_acc": 0.9932,
    "test_loss": 0.2902088904557573,
    "test_seq_acc": 0.9640666666666666,
    "test_char_acc": 0.9926133333333333,
    "test_edit_distance": 0.036866666666666666,
    "test_clean_accuracy": 0.9640666666666666,
    "test_robustness_drop": null,
    "test_restoration_gain": null,
    "test_position_1_acc": 0.9939333333333333,
    "test_position_2_acc": 0.9910666666666667,
    "test_position_3_acc": 0.9918,
    "test_position_4_acc": 0.9929333333333333,
    "test_position_5_acc": 0.9933333333333333
}