{
    "epoch": 28,
    "train_loss": 0.1766347792531844,
    "pretrain_loss": null,
    "finetune_loss": 0.10739993036167779,
    "pseudo_label_count": 19312,
    "pseudo_label_accept_rate": 0.9196190476190477,
    "mean_pseudo_confidence": 0.9956284729824051,
    "consistency_loss": 0.0,
    "encoder_stage": "semisupervised_with_pseudolabels",
    "stn_status": "disabled",
    "stn_regularization_loss": 0.0,
    "val_loss": 11.398155752141426,
    "val_seq_acc": 0.32526666666666665,
    "val_char_acc": 0.7811733333333334,
    "val_edit_distance": 1.0797333333333334,
    "val_clean_accuracy": 0.32526666666666665,
    "val_robustness_drop": null,
    "val_restoration_gain": null,
    "val_position_1_acc": 0.7777333333333334,
    "val_position_2_acc": 0.8107333333333333,
    "val_position_3_acc": 0.809,
    "val_position_4_acc": 0.7690666666666667,
    "val_position_5_acc": 0.7393333333333333,
    "test_loss": 11.427301703108117,
    "test_seq_acc": 0.32166666666666666,
    "test_char_acc": 0.7794133333333333,
    "test_edit_distance": 1.0882,
    "test_clean_accuracy": 0.32166666666666666,
    "test_robustness_drop": null,
    "test_restoration_gain": null,
    "test_position_1_acc": 0.7776666666666666,
    "test_position_2_acc": 0.8128666666666666,
    "test_position_3_acc": 0.799,
    "test_position_4_acc": 0.7716,
    "test_position_5_acc": 0.7359333333333333
}