{
    "epoch": 120,
    "train_loss": 0.003999744345990889,
    "pretrain_loss": null,
    "finetune_loss": 0.0004812507716857431,
    "pseudo_label_count": 20905,
    "pseudo_label_accept_rate": 0.9954761904761905,
    "mean_pseudo_confidence": 0.999717935025193,
    "consistency_loss": 0.0,
    "encoder_stage": "semisupervised_with_pseudolabels",
    "stn_status": "disabled",
    "stn_regularization_loss": 0.0,
    "val_loss": 0.30518611997055445,
    "val_seq_acc": 0.9592,
    "val_char_acc": 0.99168,
    "val_edit_distance": 0.0416,
    "val_clean_accuracy": 0.9592,
    "val_robustness_drop": null,
    "val_restoration_gain": null,
    "val_position_1_acc": 0.9928,
    "val_position_2_acc": 0.9900666666666667,
    "val_position_3_acc": 0.9915333333333334,
    "val_position_4_acc": 0.9906666666666667,
    "val_position_5_acc": 0.9933333333333333,
    "test_loss": 0.29579608827973175,
    "test_seq_acc": 0.9626666666666667,
    "test_char_acc": 0.99236,
    "test_edit_distance": 0.038066666666666665,
    "test_clean_accuracy": 0.9626666666666667,
    "test_robustness_drop": null,
    "test_restoration_gain": null,
    "test_position_1_acc": 0.9939333333333333,
    "test_position_2_acc": 0.9903333333333333,
    "test_position_3_acc": 0.9923333333333333,
    "test_position_4_acc": 0.992,
    "test_position_5_acc": 0.9932
}