{
    "epoch": 40,
    "train_loss": 0.1304304211310299,
    "pretrain_loss": null,
    "finetune_loss": 0.07509467082235514,
    "pseudo_label_count": 19807,
    "pseudo_label_accept_rate": 0.9431904761904762,
    "mean_pseudo_confidence": 0.9968662044813844,
    "consistency_loss": 0.0,
    "encoder_stage": "semisupervised_with_pseudolabels",
    "stn_status": "disabled",
    "stn_regularization_loss": 0.0,
    "val_loss": 9.04175670704943,
    "val_seq_acc": 0.4438,
    "val_char_acc": 0.8493466666666667,
    "val_edit_distance": 0.753,
    "val_clean_accuracy": 0.4438,
    "val_robustness_drop": null,
    "val_restoration_gain": null,
    "val_position_1_acc": 0.8774666666666666,
    "val_position_2_acc": 0.8509333333333333,
    "val_position_3_acc": 0.8305333333333333,
    "val_position_4_acc": 0.8315333333333333,
    "val_position_5_acc": 0.8562666666666666,
    "test_loss": 9.12742434156702,
    "test_seq_acc": 0.44226666666666664,
    "test_char_acc": 0.84784,
    "test_edit_distance": 0.7606666666666667,
    "test_clean_accuracy": 0.44226666666666664,
    "test_robustness_drop": null,
    "test_restoration_gain": null,
    "test_position_1_acc": 0.8778666666666667,
    "test_position_2_acc": 0.8438,
    "test_position_3_acc": 0.8234,
    "test_position_4_acc": 0.8362,
    "test_position_5_acc": 0.8579333333333333
}