{
    "epoch": 123,
    "train_loss": 0.005365047809568611,
    "pretrain_loss": null,
    "finetune_loss": 0.0005735128962862419,
    "pseudo_label_count": 20920,
    "pseudo_label_accept_rate": 0.9961904761904762,
    "mean_pseudo_confidence": 0.999703453808852,
    "consistency_loss": 0.0,
    "encoder_stage": "semisupervised_with_pseudolabels",
    "stn_status": "disabled",
    "stn_regularization_loss": 0.0,
    "val_loss": 0.29385759019737345,
    "val_seq_acc": 0.9606,
    "val_char_acc": 0.9920266666666666,
    "val_edit_distance": 0.03986666666666667,
    "val_clean_accuracy": 0.9606,
    "val_robustness_drop": null,
    "val_restoration_gain": null,
    "val_position_1_acc": 0.9921333333333333,
    "val_position_2_acc": 0.991,
    "val_position_3_acc": 0.9926,
    "val_position_4_acc": 0.991,
    "val_position_5_acc": 0.9934,
    "test_loss": 0.2878581578090621,
    "test_seq_acc": 0.9631333333333333,
    "test_char_acc": 0.99244,
    "test_edit_distance": 0.03766666666666667,
    "test_clean_accuracy": 0.9631333333333333,
    "test_robustness_drop": null,
    "test_restoration_gain": null,
    "test_position_1_acc": 0.9938666666666667,
    "test_position_2_acc": 0.9908,
    "test_position_3_acc": 0.9918,
    "test_position_4_acc": 0.9922666666666666,
    "test_position_5_acc": 0.9934666666666667
}