{
    "epoch": 89,
    "train_loss": 0.009453531460659281,
    "pretrain_loss": null,
    "finetune_loss": 0.0028159395824664474,
    "pseudo_label_count": 20854,
    "pseudo_label_accept_rate": 0.9930476190476191,
    "mean_pseudo_confidence": 0.9995278907414421,
    "consistency_loss": 0.0,
    "encoder_stage": "semisupervised_with_pseudolabels",
    "stn_status": "disabled",
    "stn_regularization_loss": 0.0,
    "val_loss": 0.31500211003981254,
    "val_seq_acc": 0.956,
    "val_char_acc": 0.9909333333333333,
    "val_edit_distance": 0.04533333333333334,
    "val_clean_accuracy": 0.956,
    "val_robustness_drop": null,
    "val_restoration_gain": null,
    "val_position_1_acc": 0.9908666666666667,
    "val_position_2_acc": 0.9911333333333333,
    "val_position_3_acc": 0.9900666666666667,
    "val_position_4_acc": 0.9900666666666667,
    "val_position_5_acc": 0.9925333333333334,
    "test_loss": 0.31175430927787406,
    "test_seq_acc": 0.956,
    "test_char_acc": 0.99108,
    "test_edit_distance": 0.044533333333333334,
    "test_clean_accuracy": 0.956,
    "test_robustness_drop": null,
    "test_restoration_gain": null,
    "test_position_1_acc": 0.9925333333333334,
    "test_position_2_acc": 0.9890666666666666,
    "test_position_3_acc": 0.9908666666666667,
    "test_position_4_acc": 0.9908666666666667,
    "test_position_5_acc": 0.9920666666666667
}