{
    "epoch": 139,
    "train_loss": 0.003262019139301377,
    "pretrain_loss": null,
    "finetune_loss": 0.0002853998400375386,
    "pseudo_label_count": 20933,
    "pseudo_label_accept_rate": 0.9968095238095238,
    "mean_pseudo_confidence": 0.9997607613238569,
    "consistency_loss": 0.0,
    "encoder_stage": "semisupervised_with_pseudolabels",
    "stn_status": "disabled",
    "stn_regularization_loss": 0.0,
    "val_loss": 0.3039582479658264,
    "val_seq_acc": 0.9608666666666666,
    "val_char_acc": 0.9920533333333333,
    "val_edit_distance": 0.039733333333333336,
    "val_clean_accuracy": 0.9608666666666666,
    "val_robustness_drop": null,
    "val_restoration_gain": null,
    "val_position_1_acc": 0.993,
    "val_position_2_acc": 0.9909333333333333,
    "val_position_3_acc": 0.9918,
    "val_position_4_acc": 0.9911333333333333,
    "val_position_5_acc": 0.9934,
    "test_loss": 0.2937387975283661,
    "test_seq_acc": 0.9640666666666666,
    "test_char_acc": 0.9926266666666667,
    "test_edit_distance": 0.03673333333333333,
    "test_clean_accuracy": 0.9640666666666666,
    "test_robustness_drop": null,
    "test_restoration_gain": null,
    "test_position_1_acc": 0.9941333333333333,
    "test_position_2_acc": 0.9909333333333333,
    "test_position_3_acc": 0.9922666666666666,
    "test_position_4_acc": 0.9925333333333334,
    "test_position_5_acc": 0.9932666666666666
}