{
    "epoch": 166,
    "train_loss": 0.003353356206657447,
    "pretrain_loss": null,
    "finetune_loss": 0.0003062556744503566,
    "pseudo_label_count": 20945,
    "pseudo_label_accept_rate": 0.9973809523809524,
    "mean_pseudo_confidence": 0.999774978530239,
    "consistency_loss": 0.0,
    "encoder_stage": "semisupervised_with_pseudolabels",
    "stn_status": "disabled",
    "stn_regularization_loss": 0.0,
    "val_loss": 0.30249216450251587,
    "val_seq_acc": 0.9608,
    "val_char_acc": 0.9920666666666667,
    "val_edit_distance": 0.03966666666666667,
    "val_clean_accuracy": 0.9608,
    "val_robustness_drop": null,
    "val_restoration_gain": null,
    "val_position_1_acc": 0.9928666666666667,
    "val_position_2_acc": 0.9910666666666667,
    "val_position_3_acc": 0.9922,
    "val_position_4_acc": 0.9908666666666667,
    "val_position_5_acc": 0.9933333333333333,
    "test_loss": 0.2883928335914653,
    "test_seq_acc": 0.9645333333333334,
    "test_char_acc": 0.99272,
    "test_edit_distance": 0.03626666666666667,
    "test_clean_accuracy": 0.9645333333333334,
    "test_robustness_drop": null,
    "test_restoration_gain": null,
    "test_position_1_acc": 0.9944,
    "test_position_2_acc": 0.9910666666666667,
    "test_position_3_acc": 0.9924666666666667,
    "test_position_4_acc": 0.9924,
    "test_position_5_acc": 0.9932666666666666
}