{
    "epoch": 43,
    "train_loss": 0.1541453660770833,
    "pretrain_loss": null,
    "finetune_loss": 0.056810265348302615,
    "pseudo_label_count": 18946,
    "pseudo_label_accept_rate": 0.9021904761904762,
    "mean_pseudo_confidence": 0.9957363825721222,
    "consistency_loss": 0.0,
    "encoder_stage": "semisupervised_with_pseudolabels",
    "stn_status": "disabled",
    "stn_regularization_loss": 0.0,
    "val_loss": 13.53024293209644,
    "val_seq_acc": 0.3379333333333333,
    "val_char_acc": 0.8056133333333333,
    "val_edit_distance": 0.9717333333333333,
    "val_clean_accuracy": 0.3379333333333333,
    "val_robustness_drop": null,
    "val_restoration_gain": null,
    "val_position_1_acc": 0.7821333333333333,
    "val_position_2_acc": 0.7863333333333333,
    "val_position_3_acc": 0.8285333333333333,
    "val_position_4_acc": 0.7846666666666666,
    "val_position_5_acc": 0.8464,
    "test_loss": 13.564607466028091,
    "test_seq_acc": 0.3373333333333333,
    "test_char_acc": 0.8028666666666666,
    "test_edit_distance": 0.9853333333333333,
    "test_clean_accuracy": 0.3373333333333333,
    "test_robustness_drop": null,
    "test_restoration_gain": null,
    "test_position_1_acc": 0.785,
    "test_position_2_acc": 0.7842,
    "test_position_3_acc": 0.8178666666666666,
    "test_position_4_acc": 0.782,
    "test_position_5_acc": 0.8452666666666667
}