{
    "epoch": 128,
    "train_loss": 0.0041382139461127185,
    "pretrain_loss": null,
    "finetune_loss": 0.0004909861058200362,
    "pseudo_label_count": 20914,
    "pseudo_label_accept_rate": 0.995904761904762,
    "mean_pseudo_confidence": 0.9997138652380172,
    "consistency_loss": 0.0,
    "encoder_stage": "semisupervised_with_pseudolabels",
    "stn_status": "disabled",
    "stn_regularization_loss": 0.0,
    "val_loss": 0.29974702804766684,
    "val_seq_acc": 0.9604,
    "val_char_acc": 0.9919466666666666,
    "val_edit_distance": 0.040266666666666666,
    "val_clean_accuracy": 0.9604,
    "val_robustness_drop": null,
    "val_restoration_gain": null,
    "val_position_1_acc": 0.9927333333333334,
    "val_position_2_acc": 0.9909333333333333,
    "val_position_3_acc": 0.9919333333333333,
    "val_position_4_acc": 0.991,
    "val_position_5_acc": 0.9931333333333333,
    "test_loss": 0.2892331777597181,
    "test_seq_acc": 0.9642,
    "test_char_acc": 0.9926666666666667,
    "test_edit_distance": 0.036533333333333334,
    "test_clean_accuracy": 0.9642,
    "test_robustness_drop": null,
    "test_restoration_gain": null,
    "test_position_1_acc": 0.994,
    "test_position_2_acc": 0.9908666666666667,
    "test_position_3_acc": 0.9922666666666666,
    "test_position_4_acc": 0.9926666666666667,
    "test_position_5_acc": 0.9935333333333334
}