{
    "epoch": 84,
    "train_loss": 0.009344768913393982,
    "pretrain_loss": null,
    "finetune_loss": 0.002588471333209528,
    "pseudo_label_count": 20841,
    "pseudo_label_accept_rate": 0.9924285714285714,
    "mean_pseudo_confidence": 0.9995413425301506,
    "consistency_loss": 0.0,
    "encoder_stage": "semisupervised_with_pseudolabels",
    "stn_status": "disabled",
    "stn_regularization_loss": 0.0,
    "val_loss": 0.34078143951380896,
    "val_seq_acc": 0.9558666666666666,
    "val_char_acc": 0.99096,
    "val_edit_distance": 0.0452,
    "val_clean_accuracy": 0.9558666666666666,
    "val_robustness_drop": null,
    "val_restoration_gain": null,
    "val_position_1_acc": 0.9907333333333334,
    "val_position_2_acc": 0.9912666666666666,
    "val_position_3_acc": 0.991,
    "val_position_4_acc": 0.9894666666666667,
    "val_position_5_acc": 0.9923333333333333,
    "test_loss": 0.33172903457437297,
    "test_seq_acc": 0.9564,
    "test_char_acc": 0.9910666666666667,
    "test_edit_distance": 0.044533333333333334,
    "test_clean_accuracy": 0.9564,
    "test_robustness_drop": null,
    "test_restoration_gain": null,
    "test_position_1_acc": 0.993,
    "test_position_2_acc": 0.9896,
    "test_position_3_acc": 0.9906666666666667,
    "test_position_4_acc": 0.9896,
    "test_position_5_acc": 0.9924666666666667
}