{
    "epoch": 75,
    "train_loss": 0.01829279071883682,
    "pretrain_loss": null,
    "finetune_loss": 0.0010456872910526965,
    "pseudo_label_count": 20805,
    "pseudo_label_accept_rate": 0.9907142857142858,
    "mean_pseudo_confidence": 0.9993766486257981,
    "consistency_loss": 0.017247103427784124,
    "encoder_stage": "consistency",
    "stn_status": "disabled",
    "stn_regularization_loss": 0.0,
    "val_loss": 0.21930195687789508,
    "val_seq_acc": 0.9509333333333333,
    "val_char_acc": 0.9900266666666667,
    "val_edit_distance": 0.04986666666666666,
    "val_clean_accuracy": 0.9509333333333333,
    "val_robustness_drop": null,
    "val_restoration_gain": null,
    "val_position_1_acc": 0.9901333333333333,
    "val_position_2_acc": 0.989,
    "val_position_3_acc": 0.9899333333333333,
    "val_position_4_acc": 0.9896666666666667,
    "val_position_5_acc": 0.9914,
    "test_loss": 0.22154438071661292,
    "test_seq_acc": 0.9513333333333334,
    "test_char_acc": 0.9899866666666667,
    "test_edit_distance": 0.05,
    "test_clean_accuracy": 0.9513333333333334,
    "test_robustness_drop": null,
    "test_restoration_gain": null,
    "test_position_1_acc": 0.9909333333333333,
    "test_position_2_acc": 0.9882666666666666,
    "test_position_3_acc": 0.9902,
    "test_position_4_acc": 0.9891333333333333,
    "test_position_5_acc": 0.9914
}