{
    "epoch": 82,
    "train_loss": 0.016288713355975183,
    "pretrain_loss": null,
    "finetune_loss": 0.0008024577634551094,
    "pseudo_label_count": 20874,
    "pseudo_label_accept_rate": 0.994,
    "mean_pseudo_confidence": 0.9994820474356176,
    "consistency_loss": 0.015486255592520074,
    "encoder_stage": "consistency",
    "stn_status": "disabled",
    "stn_regularization_loss": 0.0,
    "val_loss": 0.22538430894578887,
    "val_seq_acc": 0.9506,
    "val_char_acc": 0.9899866666666667,
    "val_edit_distance": 0.05006666666666667,
    "val_clean_accuracy": 0.9506,
    "val_robustness_drop": null,
    "val_restoration_gain": null,
    "val_position_1_acc": 0.9902,
    "val_position_2_acc": 0.9884666666666667,
    "val_position_3_acc": 0.9892666666666666,
    "val_position_4_acc": 0.9903333333333333,
    "val_position_5_acc": 0.9916666666666667,
    "test_loss": 0.2358030107979504,
    "test_seq_acc": 0.9498,
    "test_char_acc": 0.98964,
    "test_edit_distance": 0.0516,
    "test_clean_accuracy": 0.9498,
    "test_robustness_drop": null,
    "test_restoration_gain": null,
    "test_position_1_acc": 0.991,
    "test_position_2_acc": 0.9874,
    "test_position_3_acc": 0.9905333333333334,
    "test_position_4_acc": 0.9887333333333334,
    "test_position_5_acc": 0.9905333333333334
}