{
    "epoch": 64,
    "train_loss": 0.02639645953195813,
    "pretrain_loss": null,
    "finetune_loss": 0.0015451403836226978,
    "pseudo_label_count": 20707,
    "pseudo_label_accept_rate": 0.9860476190476191,
    "mean_pseudo_confidence": 0.9990378083822123,
    "consistency_loss": 0.024851319148335434,
    "encoder_stage": "consistency",
    "stn_status": "disabled",
    "stn_regularization_loss": 0.0,
    "val_loss": 0.2009724493514365,
    "val_seq_acc": 0.9518,
    "val_char_acc": 0.9902,
    "val_edit_distance": 0.049,
    "val_clean_accuracy": 0.9518,
    "val_robustness_drop": null,
    "val_restoration_gain": null,
    "val_position_1_acc": 0.9900666666666667,
    "val_position_2_acc": 0.9894666666666667,
    "val_position_3_acc": 0.9902,
    "val_position_4_acc": 0.9895333333333334,
    "val_position_5_acc": 0.9917333333333334,
    "test_loss": 0.19941067279767286,
    "test_seq_acc": 0.9518666666666666,
    "test_char_acc": 0.9901333333333333,
    "test_edit_distance": 0.049133333333333334,
    "test_clean_accuracy": 0.9518666666666666,
    "test_robustness_drop": null,
    "test_restoration_gain": null,
    "test_position_1_acc": 0.9910666666666667,
    "test_position_2_acc": 0.9876,
    "test_position_3_acc": 0.9908,
    "test_position_4_acc": 0.9895333333333334,
    "test_position_5_acc": 0.9916666666666667
}