{
    "epoch": 167,
    "train_loss": 0.011254634378015032,
    "pretrain_loss": null,
    "finetune_loss": 0.0004988475597131561,
    "pseudo_label_count": 20952,
    "pseudo_label_accept_rate": 0.9977142857142857,
    "mean_pseudo_confidence": 0.9997556763962508,
    "consistency_loss": 0.010755786818301876,
    "encoder_stage": "consistency",
    "stn_status": "disabled",
    "stn_regularization_loss": 0.0,
    "val_loss": 0.24223553501160336,
    "val_seq_acc": 0.9541333333333334,
    "val_char_acc": 0.99064,
    "val_edit_distance": 0.046733333333333335,
    "val_clean_accuracy": 0.9541333333333334,
    "val_robustness_drop": null,
    "val_restoration_gain": null,
    "val_position_1_acc": 0.9904,
    "val_position_2_acc": 0.9895333333333334,
    "val_position_3_acc": 0.9898666666666667,
    "val_position_4_acc": 0.9906666666666667,
    "val_position_5_acc": 0.9927333333333334,
    "test_loss": 0.2515392907105644,
    "test_seq_acc": 0.9533333333333334,
    "test_char_acc": 0.9904,
    "test_edit_distance": 0.047933333333333335,
    "test_clean_accuracy": 0.9533333333333334,
    "test_robustness_drop": null,
    "test_restoration_gain": null,
    "test_position_1_acc": 0.9920666666666667,
    "test_position_2_acc": 0.9876666666666667,
    "test_position_3_acc": 0.9904,
    "test_position_4_acc": 0.9904,
    "test_position_5_acc": 0.9914666666666667
}