{
    "epoch": 179,
    "train_loss": 0.012683511378188352,
    "pretrain_loss": null,
    "finetune_loss": 0.00044685409957084593,
    "pseudo_label_count": 20943,
    "pseudo_label_accept_rate": 0.9972857142857143,
    "mean_pseudo_confidence": 0.9997702849342176,
    "consistency_loss": 0.012236657278617506,
    "encoder_stage": "consistency",
    "stn_status": "disabled",
    "stn_regularization_loss": 0.0,
    "val_loss": 0.24647635566845805,
    "val_seq_acc": 0.9525333333333333,
    "val_char_acc": 0.9903066666666667,
    "val_edit_distance": 0.0484,
    "val_clean_accuracy": 0.9525333333333333,
    "val_robustness_drop": null,
    "val_restoration_gain": null,
    "val_position_1_acc": 0.9902,
    "val_position_2_acc": 0.9890666666666666,
    "val_position_3_acc": 0.9896666666666667,
    "val_position_4_acc": 0.9904,
    "val_position_5_acc": 0.9922,
    "test_loss": 0.25282481838539966,
    "test_seq_acc": 0.9532666666666667,
    "test_char_acc": 0.9903466666666667,
    "test_edit_distance": 0.048133333333333334,
    "test_clean_accuracy": 0.9532666666666667,
    "test_robustness_drop": null,
    "test_restoration_gain": null,
    "test_position_1_acc": 0.9916666666666667,
    "test_position_2_acc": 0.9882,
    "test_position_3_acc": 0.9906,
    "test_position_4_acc": 0.9901333333333333,
    "test_position_5_acc": 0.9911333333333333
}