{
    "epoch": 187,
    "train_loss": 0.011587891509355547,
    "pretrain_loss": null,
    "finetune_loss": 0.0005730137147738146,
    "pseudo_label_count": 20948,
    "pseudo_label_accept_rate": 0.9975238095238095,
    "mean_pseudo_confidence": 0.9997306193744542,
    "consistency_loss": 0.011014877794581731,
    "encoder_stage": "consistency",
    "stn_status": "disabled",
    "stn_regularization_loss": 0.0,
    "val_loss": 0.24862269789427602,
    "val_seq_acc": 0.9521333333333334,
    "val_char_acc": 0.9902133333333333,
    "val_edit_distance": 0.04886666666666667,
    "val_clean_accuracy": 0.9521333333333334,
    "val_robustness_drop": null,
    "val_restoration_gain": null,
    "val_position_1_acc": 0.9898,
    "val_position_2_acc": 0.9892,
    "val_position_3_acc": 0.9897333333333334,
    "val_position_4_acc": 0.9902,
    "val_position_5_acc": 0.9921333333333333,
    "test_loss": 0.2562405152741959,
    "test_seq_acc": 0.952,
    "test_char_acc": 0.9900933333333334,
    "test_edit_distance": 0.0494,
    "test_clean_accuracy": 0.952,
    "test_robustness_drop": null,
    "test_restoration_gain": null,
    "test_position_1_acc": 0.9916666666666667,
    "test_position_2_acc": 0.9876666666666667,
    "test_position_3_acc": 0.9901333333333333,
    "test_position_4_acc": 0.9899333333333333,
    "test_position_5_acc": 0.9910666666666667
}