{
    "epoch": 32,
    "train_loss": 0.09260507765340587,
    "pretrain_loss": null,
    "finetune_loss": 0.04581916756963226,
    "pseudo_label_count": 20039,
    "pseudo_label_accept_rate": 0.9542380952380952,
    "mean_pseudo_confidence": 0.9973362853851996,
    "consistency_loss": 0.046785910083773606,
    "encoder_stage": "consistency",
    "stn_status": "disabled",
    "stn_regularization_loss": 0.0,
    "val_loss": 0.8475618459442829,
    "val_seq_acc": 0.8712666666666666,
    "val_char_acc": 0.97284,
    "val_edit_distance": 0.1358,
    "val_clean_accuracy": 0.8712666666666666,
    "val_robustness_drop": null,
    "val_restoration_gain": null,
    "val_position_1_acc": 0.9768,
    "val_position_2_acc": 0.9709333333333333,
    "val_position_3_acc": 0.9716666666666667,
    "val_position_4_acc": 0.9698,
    "val_position_5_acc": 0.975,
    "test_loss": 0.8845374996357775,
    "test_seq_acc": 0.8699333333333333,
    "test_char_acc": 0.9722,
    "test_edit_distance": 0.139,
    "test_clean_accuracy": 0.8699333333333333,
    "test_robustness_drop": null,
    "test_restoration_gain": null,
    "test_position_1_acc": 0.9794,
    "test_position_2_acc": 0.9707333333333333,
    "test_position_3_acc": 0.9675333333333334,
    "test_position_4_acc": 0.9706,
    "test_position_5_acc": 0.9727333333333333
}