{
    "epoch": 134,
    "train_loss": 0.009477426553478932,
    "pretrain_loss": null,
    "finetune_loss": 0.00016112901357226116,
    "pseudo_label_count": 20958,
    "pseudo_label_accept_rate": 0.998,
    "mean_pseudo_confidence": 0.9997896181398339,
    "consistency_loss": 0.009316297539906671,
    "encoder_stage": "consistency",
    "stn_status": "disabled",
    "stn_regularization_loss": 0.0,
    "val_loss": 0.23876060052920986,
    "val_seq_acc": 0.9528666666666666,
    "val_char_acc": 0.9904,
    "val_edit_distance": 0.047933333333333335,
    "val_clean_accuracy": 0.9528666666666666,
    "val_robustness_drop": null,
    "val_restoration_gain": null,
    "val_position_1_acc": 0.9902666666666666,
    "val_position_2_acc": 0.9891333333333333,
    "val_position_3_acc": 0.9904,
    "val_position_4_acc": 0.9898666666666667,
    "val_position_5_acc": 0.9923333333333333,
    "test_loss": 0.2495418856329126,
    "test_seq_acc": 0.9522,
    "test_char_acc": 0.9901733333333333,
    "test_edit_distance": 0.048933333333333336,
    "test_clean_accuracy": 0.9522,
    "test_robustness_drop": null,
    "test_restoration_gain": null,
    "test_position_1_acc": 0.9916,
    "test_position_2_acc": 0.9874666666666667,
    "test_position_3_acc": 0.9905333333333334,
    "test_position_4_acc": 0.9898666666666667,
    "test_position_5_acc": 0.9914
}