{
    "epoch": 125,
    "train_loss": 0.010347741204264604,
    "pretrain_loss": null,
    "finetune_loss": 0.00018249502812379465,
    "pseudo_label_count": 20965,
    "pseudo_label_accept_rate": 0.9983333333333333,
    "mean_pseudo_confidence": 0.9997621009721126,
    "consistency_loss": 0.01016524617614081,
    "encoder_stage": "consistency",
    "stn_status": "disabled",
    "stn_regularization_loss": 0.0,
    "val_loss": 0.24110071355491838,
    "val_seq_acc": 0.9528666666666666,
    "val_char_acc": 0.9904,
    "val_edit_distance": 0.048,
    "val_clean_accuracy": 0.9528666666666666,
    "val_robustness_drop": null,
    "val_restoration_gain": null,
    "val_position_1_acc": 0.9900666666666667,
    "val_position_2_acc": 0.9893333333333333,
    "val_position_3_acc": 0.9897333333333334,
    "val_position_4_acc": 0.9902666666666666,
    "val_position_5_acc": 0.9926,
    "test_loss": 0.2464214009557296,
    "test_seq_acc": 0.9530666666666666,
    "test_char_acc": 0.99032,
    "test_edit_distance": 0.048266666666666666,
    "test_clean_accuracy": 0.9530666666666666,
    "test_robustness_drop": null,
    "test_restoration_gain": null,
    "test_position_1_acc": 0.9917333333333334,
    "test_position_2_acc": 0.9878666666666667,
    "test_position_3_acc": 0.9904666666666667,
    "test_position_4_acc": 0.9899333333333333,
    "test_position_5_acc": 0.9916
}