{
    "epoch": 178,
    "train_loss": 0.00921572332092497,
    "pretrain_loss": null,
    "finetune_loss": 0.00034909921977636704,
    "pseudo_label_count": 20945,
    "pseudo_label_accept_rate": 0.9973809523809524,
    "mean_pseudo_confidence": 0.99975407220891,
    "consistency_loss": 0.008866624101148602,
    "encoder_stage": "consistency",
    "stn_status": "disabled",
    "stn_regularization_loss": 0.0,
    "val_loss": 0.23892476653333333,
    "val_seq_acc": 0.9535333333333333,
    "val_char_acc": 0.9905466666666667,
    "val_edit_distance": 0.0472,
    "val_clean_accuracy": 0.9535333333333333,
    "val_robustness_drop": null,
    "val_restoration_gain": null,
    "val_position_1_acc": 0.9905333333333334,
    "val_position_2_acc": 0.9891333333333333,
    "val_position_3_acc": 0.9901333333333333,
    "val_position_4_acc": 0.9906666666666667,
    "val_position_5_acc": 0.9922666666666666,
    "test_loss": 0.2504988349739277,
    "test_seq_acc": 0.9523333333333334,
    "test_char_acc": 0.9901733333333333,
    "test_edit_distance": 0.049,
    "test_clean_accuracy": 0.9523333333333334,
    "test_robustness_drop": null,
    "test_restoration_gain": null,
    "test_position_1_acc": 0.9915333333333334,
    "test_position_2_acc": 0.9878,
    "test_position_3_acc": 0.9901333333333333,
    "test_position_4_acc": 0.9899333333333333,
    "test_position_5_acc": 0.9914666666666667
}