{
    "epoch": 145,
    "train_loss": 0.010828659449275706,
    "pretrain_loss": null,
    "finetune_loss": 0.0001346203954809442,
    "pseudo_label_count": 20961,
    "pseudo_label_accept_rate": 0.9981428571428571,
    "mean_pseudo_confidence": 0.9997910741437773,
    "consistency_loss": 0.010694039053794763,
    "encoder_stage": "consistency",
    "stn_status": "disabled",
    "stn_regularization_loss": 0.0,
    "val_loss": 0.24288114238675299,
    "val_seq_acc": 0.9536666666666667,
    "val_char_acc": 0.9905733333333333,
    "val_edit_distance": 0.047066666666666666,
    "val_clean_accuracy": 0.9536666666666667,
    "val_robustness_drop": null,
    "val_restoration_gain": null,
    "val_position_1_acc": 0.9903333333333333,
    "val_position_2_acc": 0.9890666666666666,
    "val_position_3_acc": 0.9902,
    "val_position_4_acc": 0.9908,
    "val_position_5_acc": 0.9924666666666667,
    "test_loss": 0.2486694551097784,
    "test_seq_acc": 0.9537333333333333,
    "test_char_acc": 0.9904533333333333,
    "test_edit_distance": 0.0476,
    "test_clean_accuracy": 0.9537333333333333,
    "test_robustness_drop": null,
    "test_restoration_gain": null,
    "test_position_1_acc": 0.9921333333333333,
    "test_position_2_acc": 0.9881333333333333,
    "test_position_3_acc": 0.9903333333333333,
    "test_position_4_acc": 0.99,
    "test_position_5_acc": 0.9916666666666667
}