{
    "epoch": 50,
    "train_loss": 0.06435398943226447,
    "pretrain_loss": null,
    "finetune_loss": 0.020412226741149894,
    "pseudo_label_count": 20126,
    "pseudo_label_accept_rate": 0.9583809523809523,
    "mean_pseudo_confidence": 0.9977837920982606,
    "consistency_loss": 0.043941762691114584,
    "encoder_stage": "consistency",
    "stn_status": "disabled",
    "stn_regularization_loss": 0.0,
    "val_loss": 0.4391535088261391,
    "val_seq_acc": 0.9146666666666666,
    "val_char_acc": 0.9823333333333333,
    "val_edit_distance": 0.08833333333333333,
    "val_clean_accuracy": 0.9146666666666666,
    "val_robustness_drop": null,
    "val_restoration_gain": null,
    "val_position_1_acc": 0.9843333333333333,
    "val_position_2_acc": 0.9792666666666666,
    "val_position_3_acc": 0.9829333333333333,
    "val_position_4_acc": 0.979,
    "val_position_5_acc": 0.9861333333333333,
    "test_loss": 0.4278249201780938,
    "test_seq_acc": 0.9132666666666667,
    "test_char_acc": 0.9819733333333334,
    "test_edit_distance": 0.08993333333333334,
    "test_clean_accuracy": 0.9132666666666667,
    "test_robustness_drop": null,
    "test_restoration_gain": null,
    "test_position_1_acc": 0.9858666666666667,
    "test_position_2_acc": 0.9766666666666667,
    "test_position_3_acc": 0.9832,
    "test_position_4_acc": 0.9786,
    "test_position_5_acc": 0.9855333333333334
}