{
    "epoch": 104,
    "train_loss": 0.013195432481643187,
    "pretrain_loss": null,
    "finetune_loss": 0.00032798910267021054,
    "pseudo_label_count": 20947,
    "pseudo_label_accept_rate": 0.9974761904761905,
    "mean_pseudo_confidence": 0.999708265144398,
    "consistency_loss": 0.012867443378972977,
    "encoder_stage": "consistency",
    "stn_status": "disabled",
    "stn_regularization_loss": 0.0,
    "val_loss": 0.22984310235751376,
    "val_seq_acc": 0.9537333333333333,
    "val_char_acc": 0.99056,
    "val_edit_distance": 0.04713333333333333,
    "val_clean_accuracy": 0.9537333333333333,
    "val_robustness_drop": null,
    "val_restoration_gain": null,
    "val_position_1_acc": 0.9906,
    "val_position_2_acc": 0.9893333333333333,
    "val_position_3_acc": 0.99,
    "val_position_4_acc": 0.9904666666666667,
    "val_position_5_acc": 0.9924,
    "test_loss": 0.2425067605863776,
    "test_seq_acc": 0.9523333333333334,
    "test_char_acc": 0.9902,
    "test_edit_distance": 0.048933333333333336,
    "test_clean_accuracy": 0.9523333333333334,
    "test_robustness_drop": null,
    "test_restoration_gain": null,
    "test_position_1_acc": 0.9911333333333333,
    "test_position_2_acc": 0.9879333333333333,
    "test_position_3_acc": 0.9901333333333333,
    "test_position_4_acc": 0.9899333333333333,
    "test_position_5_acc": 0.9918666666666667
}