{
    "epoch": 172,
    "train_loss": 0.012223180940918437,
    "pretrain_loss": null,
    "finetune_loss": 0.0005320405480773838,
    "pseudo_label_count": 20951,
    "pseudo_label_accept_rate": 0.9976666666666667,
    "mean_pseudo_confidence": 0.9997562218905007,
    "consistency_loss": 0.011691140392841054,
    "encoder_stage": "consistency",
    "stn_status": "disabled",
    "stn_regularization_loss": 0.0,
    "val_loss": 0.24431684293283365,
    "val_seq_acc": 0.9531333333333334,
    "val_char_acc": 0.9904133333333334,
    "val_edit_distance": 0.04786666666666667,
    "val_clean_accuracy": 0.9531333333333334,
    "val_robustness_drop": null,
    "val_restoration_gain": null,
    "val_position_1_acc": 0.9904666666666667,
    "val_position_2_acc": 0.9891333333333333,
    "val_position_3_acc": 0.9899333333333333,
    "val_position_4_acc": 0.9903333333333333,
    "val_position_5_acc": 0.9922,
    "test_loss": 0.250026432365933,
    "test_seq_acc": 0.9528,
    "test_char_acc": 0.9903066666666667,
    "test_edit_distance": 0.04833333333333333,
    "test_clean_accuracy": 0.9528,
    "test_robustness_drop": null,
    "test_restoration_gain": null,
    "test_position_1_acc": 0.9916666666666667,
    "test_position_2_acc": 0.9880666666666666,
    "test_position_3_acc": 0.9903333333333333,
    "test_position_4_acc": 0.9897333333333334,
    "test_position_5_acc": 0.9917333333333334
}