{
    "epoch": 89,
    "train_loss": 0.014492245534747577,
    "pretrain_loss": null,
    "finetune_loss": 0.0007625317655043787,
    "pseudo_label_count": 20886,
    "pseudo_label_accept_rate": 0.9945714285714286,
    "mean_pseudo_confidence": 0.9995795070217519,
    "consistency_loss": 0.013729713769243198,
    "encoder_stage": "consistency",
    "stn_status": "disabled",
    "stn_regularization_loss": 0.0,
    "val_loss": 0.2380124991720027,
    "val_seq_acc": 0.948,
    "val_char_acc": 0.9893733333333333,
    "val_edit_distance": 0.05313333333333333,
    "val_clean_accuracy": 0.948,
    "val_robustness_drop": null,
    "val_restoration_gain": null,
    "val_position_1_acc": 0.9891333333333333,
    "val_position_2_acc": 0.988,
    "val_position_3_acc": 0.9891333333333333,
    "val_position_4_acc": 0.9896666666666667,
    "val_position_5_acc": 0.9909333333333333,
    "test_loss": 0.24143902006895934,
    "test_seq_acc": 0.9490666666666666,
    "test_char_acc": 0.9895333333333334,
    "test_edit_distance": 0.05213333333333333,
    "test_clean_accuracy": 0.9490666666666666,
    "test_robustness_drop": null,
    "test_restoration_gain": null,
    "test_position_1_acc": 0.991,
    "test_position_2_acc": 0.9872666666666666,
    "test_position_3_acc": 0.9896666666666667,
    "test_position_4_acc": 0.989,
    "test_position_5_acc": 0.9907333333333334
}