{
    "epoch": 158,
    "train_loss": 0.011877933252106143,
    "pretrain_loss": null,
    "finetune_loss": 0.00040448124422036734,
    "pseudo_label_count": 20954,
    "pseudo_label_accept_rate": 0.9978095238095238,
    "mean_pseudo_confidence": 0.999764322563245,
    "consistency_loss": 0.011473452007885776,
    "encoder_stage": "consistency",
    "stn_status": "disabled",
    "stn_regularization_loss": 0.0,
    "val_loss": 0.24381662572300736,
    "val_seq_acc": 0.9527333333333333,
    "val_char_acc": 0.9903866666666666,
    "val_edit_distance": 0.048,
    "val_clean_accuracy": 0.9527333333333333,
    "val_robustness_drop": null,
    "val_restoration_gain": null,
    "val_position_1_acc": 0.9902,
    "val_position_2_acc": 0.9888666666666667,
    "val_position_3_acc": 0.9898,
    "val_position_4_acc": 0.9906666666666667,
    "val_position_5_acc": 0.9924,
    "test_loss": 0.255347811464294,
    "test_seq_acc": 0.9531333333333334,
    "test_char_acc": 0.9903333333333333,
    "test_edit_distance": 0.048133333333333334,
    "test_clean_accuracy": 0.9531333333333334,
    "test_robustness_drop": null,
    "test_restoration_gain": null,
    "test_position_1_acc": 0.9918666666666667,
    "test_position_2_acc": 0.9878666666666667,
    "test_position_3_acc": 0.9904,
    "test_position_4_acc": 0.99,
    "test_position_5_acc": 0.9915333333333334
}