{
    "epoch": 11,
    "train_loss": 0.29414344376526075,
    "pretrain_loss": null,
    "finetune_loss": 0.21756818306245707,
    "pseudo_label_count": 19542,
    "pseudo_label_accept_rate": 0.9305714285714286,
    "mean_pseudo_confidence": 0.9946131730150413,
    "consistency_loss": 0.07657526070280368,
    "encoder_stage": "consistency",
    "stn_status": "disabled",
    "stn_regularization_loss": 0.0,
    "val_loss": 1.2749186447326173,
    "val_seq_acc": 0.8298666666666666,
    "val_char_acc": 0.9634266666666667,
    "val_edit_distance": 0.18286666666666668,
    "val_clean_accuracy": 0.8298666666666666,
    "val_robustness_drop": null,
    "val_restoration_gain": null,
    "val_position_1_acc": 0.9425333333333333,
    "val_position_2_acc": 0.9654,
    "val_position_3_acc": 0.9699333333333333,
    "val_position_4_acc": 0.9672,
    "val_position_5_acc": 0.9720666666666666,
    "test_loss": 1.329023455558939,
    "test_seq_acc": 0.8252,
    "test_char_acc": 0.9620266666666667,
    "test_edit_distance": 0.1898,
    "test_clean_accuracy": 0.8252,
    "test_robustness_drop": null,
    "test_restoration_gain": null,
    "test_position_1_acc": 0.9428666666666666,
    "test_position_2_acc": 0.9638666666666666,
    "test_position_3_acc": 0.965,
    "test_position_4_acc": 0.968,
    "test_position_5_acc": 0.9704
}