{
    "epoch": 96,
    "train_loss": 0.013773102868541305,
    "pretrain_loss": null,
    "finetune_loss": 0.0004641950266312184,
    "pseudo_label_count": 20938,
    "pseudo_label_accept_rate": 0.9970476190476191,
    "mean_pseudo_confidence": 0.9996235325316187,
    "consistency_loss": 0.013308907841910087,
    "encoder_stage": "consistency",
    "stn_status": "disabled",
    "stn_regularization_loss": 0.0,
    "val_loss": 0.23614683427620045,
    "val_seq_acc": 0.9501333333333334,
    "val_char_acc": 0.9898533333333334,
    "val_edit_distance": 0.050666666666666665,
    "val_clean_accuracy": 0.9501333333333334,
    "val_robustness_drop": null,
    "val_restoration_gain": null,
    "val_position_1_acc": 0.9896666666666667,
    "val_position_2_acc": 0.9882666666666666,
    "val_position_3_acc": 0.9894666666666667,
    "val_position_4_acc": 0.9894666666666667,
    "val_position_5_acc": 0.9924,
    "test_loss": 0.2452983669431365,
    "test_seq_acc": 0.9502,
    "test_char_acc": 0.9897466666666667,
    "test_edit_distance": 0.051,
    "test_clean_accuracy": 0.9502,
    "test_robustness_drop": null,
    "test_restoration_gain": null,
    "test_position_1_acc": 0.9912,
    "test_position_2_acc": 0.9868666666666667,
    "test_position_3_acc": 0.9904,
    "test_position_4_acc": 0.9894,
    "test_position_5_acc": 0.9908666666666667
}