{
    "epoch": 181,
    "train_loss": 0.01027421819087567,
    "pretrain_loss": null,
    "finetune_loss": 0.0004158243085556014,
    "pseudo_label_count": 20966,
    "pseudo_label_accept_rate": 0.9983809523809524,
    "mean_pseudo_confidence": 0.999751972035462,
    "consistency_loss": 0.009858393882320068,
    "encoder_stage": "consistency",
    "stn_status": "disabled",
    "stn_regularization_loss": 0.0,
    "val_loss": 0.23519780344788266,
    "val_seq_acc": 0.9533333333333334,
    "val_char_acc": 0.99048,
    "val_edit_distance": 0.04753333333333333,
    "val_clean_accuracy": 0.9533333333333334,
    "val_robustness_drop": null,
    "val_restoration_gain": null,
    "val_position_1_acc": 0.9901333333333333,
    "val_position_2_acc": 0.9893333333333333,
    "val_position_3_acc": 0.9896666666666667,
    "val_position_4_acc": 0.9908,
    "val_position_5_acc": 0.9924666666666667,
    "test_loss": 0.24389351947224594,
    "test_seq_acc": 0.9532666666666667,
    "test_char_acc": 0.99036,
    "test_edit_distance": 0.048,
    "test_clean_accuracy": 0.9532666666666667,
    "test_robustness_drop": null,
    "test_restoration_gain": null,
    "test_position_1_acc": 0.9915333333333334,
    "test_position_2_acc": 0.9879333333333333,
    "test_position_3_acc": 0.9904,
    "test_position_4_acc": 0.9902,
    "test_position_5_acc": 0.9917333333333334
}