{
    "epoch": 188,
    "train_loss": 0.009447150495618402,
    "pretrain_loss": null,
    "finetune_loss": 0.0003339000792637274,
    "pseudo_label_count": 20952,
    "pseudo_label_accept_rate": 0.9977142857142857,
    "mean_pseudo_confidence": 0.9997436332083605,
    "consistency_loss": 0.009113250416354675,
    "encoder_stage": "consistency",
    "stn_status": "disabled",
    "stn_regularization_loss": 0.0,
    "val_loss": 0.2488272326601198,
    "val_seq_acc": 0.9532,
    "val_char_acc": 0.9904666666666667,
    "val_edit_distance": 0.0476,
    "val_clean_accuracy": 0.9532,
    "val_robustness_drop": null,
    "val_restoration_gain": null,
    "val_position_1_acc": 0.9904,
    "val_position_2_acc": 0.9892666666666666,
    "val_position_3_acc": 0.9902666666666666,
    "val_position_4_acc": 0.9902,
    "val_position_5_acc": 0.9922,
    "test_loss": 0.25727165496037047,
    "test_seq_acc": 0.9527333333333333,
    "test_char_acc": 0.99028,
    "test_edit_distance": 0.048466666666666665,
    "test_clean_accuracy": 0.9527333333333333,
    "test_robustness_drop": null,
    "test_restoration_gain": null,
    "test_position_1_acc": 0.9918,
    "test_position_2_acc": 0.9878666666666667,
    "test_position_3_acc": 0.9904666666666667,
    "test_position_4_acc": 0.9897333333333334,
    "test_position_5_acc": 0.9915333333333334
}