{
    "epoch": 35,
    "train_loss": 0.11108408367891218,
    "pretrain_loss": null,
    "finetune_loss": 0.05767050817366884,
    "pseudo_label_count": 19836,
    "pseudo_label_accept_rate": 0.9445714285714286,
    "mean_pseudo_confidence": 0.9969268023042243,
    "consistency_loss": 0.05341357550524334,
    "encoder_stage": "consistency",
    "stn_status": "disabled",
    "stn_regularization_loss": 0.0,
    "val_loss": 0.46195713723910614,
    "val_seq_acc": 0.9054666666666666,
    "val_char_acc": 0.9804,
    "val_edit_distance": 0.098,
    "val_clean_accuracy": 0.9054666666666666,
    "val_robustness_drop": null,
    "val_restoration_gain": null,
    "val_position_1_acc": 0.9802666666666666,
    "val_position_2_acc": 0.9798666666666667,
    "val_position_3_acc": 0.9806,
    "val_position_4_acc": 0.9804666666666667,
    "val_position_5_acc": 0.9808,
    "test_loss": 0.4775477448042403,
    "test_seq_acc": 0.8996,
    "test_char_acc": 0.9788266666666666,
    "test_edit_distance": 0.1058,
    "test_clean_accuracy": 0.8996,
    "test_robustness_drop": null,
    "test_restoration_gain": null,
    "test_position_1_acc": 0.9816,
    "test_position_2_acc": 0.9778666666666667,
    "test_position_3_acc": 0.9761333333333333,
    "test_position_4_acc": 0.9796,
    "test_position_5_acc": 0.9789333333333333
}