{
    "epoch": 6,
    "train_loss": 0.4760675250606335,
    "pretrain_loss": null,
    "finetune_loss": 0.37869711171631404,
    "pseudo_label_count": 17464,
    "pseudo_label_accept_rate": 0.8316190476190476,
    "mean_pseudo_confidence": 0.9899272245930467,
    "consistency_loss": 0.09737041334431946,
    "encoder_stage": "consistency",
    "stn_status": "disabled",
    "stn_regularization_loss": 0.0,
    "val_loss": 0.6067280665991154,
    "val_seq_acc": 0.8556,
    "val_char_acc": 0.9692933333333333,
    "val_edit_distance": 0.15346666666666667,
    "val_clean_accuracy": 0.8556,
    "val_robustness_drop": null,
    "val_restoration_gain": null,
    "val_position_1_acc": 0.9719333333333333,
    "val_position_2_acc": 0.9618666666666666,
    "val_position_3_acc": 0.9678666666666667,
    "val_position_4_acc": 0.9648,
    "val_position_5_acc": 0.98,
    "test_loss": 0.6544478089885509,
    "test_seq_acc": 0.8509333333333333,
    "test_char_acc": 0.96804,
    "test_edit_distance": 0.1598,
    "test_clean_accuracy": 0.8509333333333333,
    "test_robustness_drop": null,
    "test_restoration_gain": null,
    "test_position_1_acc": 0.9709333333333333,
    "test_position_2_acc": 0.9598,
    "test_position_3_acc": 0.9619333333333333,
    "test_position_4_acc": 0.9654,
    "test_position_5_acc": 0.9821333333333333
}