{
    "epoch": 44,
    "train_loss": 0.08946872972401546,
    "pretrain_loss": null,
    "finetune_loss": 0.04843692218185118,
    "pseudo_label_count": 20163,
    "pseudo_label_accept_rate": 0.9601428571428572,
    "mean_pseudo_confidence": 0.9978441546220235,
    "consistency_loss": 0.041031807542164275,
    "encoder_stage": "consistency",
    "stn_status": "disabled",
    "stn_regularization_loss": 0.0,
    "val_loss": 0.8028243803280465,
    "val_seq_acc": 0.8784666666666666,
    "val_char_acc": 0.9745733333333333,
    "val_edit_distance": 0.12713333333333332,
    "val_clean_accuracy": 0.8784666666666666,
    "val_robustness_drop": null,
    "val_restoration_gain": null,
    "val_position_1_acc": 0.9772666666666666,
    "val_position_2_acc": 0.9689333333333333,
    "val_position_3_acc": 0.9768666666666667,
    "val_position_4_acc": 0.9715333333333334,
    "val_position_5_acc": 0.9782666666666666,
    "test_loss": 0.8435875666585374,
    "test_seq_acc": 0.8762666666666666,
    "test_char_acc": 0.9737333333333333,
    "test_edit_distance": 0.1312,
    "test_clean_accuracy": 0.8762666666666666,
    "test_robustness_drop": null,
    "test_restoration_gain": null,
    "test_position_1_acc": 0.9801333333333333,
    "test_position_2_acc": 0.9673333333333334,
    "test_position_3_acc": 0.9745333333333334,
    "test_position_4_acc": 0.9716666666666667,
    "test_position_5_acc": 0.975
}