{
    "epoch": 129,
    "train_loss": 0.01214841124851267,
    "pretrain_loss": null,
    "finetune_loss": 0.00017095912124812828,
    "pseudo_label_count": 20950,
    "pseudo_label_accept_rate": 0.9976190476190476,
    "mean_pseudo_confidence": 0.9997721115330808,
    "consistency_loss": 0.011977452127264542,
    "encoder_stage": "consistency",
    "stn_status": "disabled",
    "stn_regularization_loss": 0.0,
    "val_loss": 0.23775366072077303,
    "val_seq_acc": 0.9526,
    "val_char_acc": 0.99032,
    "val_edit_distance": 0.04833333333333333,
    "val_clean_accuracy": 0.9526,
    "val_robustness_drop": null,
    "val_restoration_gain": null,
    "val_position_1_acc": 0.9901333333333333,
    "val_position_2_acc": 0.9889333333333333,
    "val_position_3_acc": 0.9900666666666667,
    "val_position_4_acc": 0.9902,
    "val_position_5_acc": 0.9922666666666666,
    "test_loss": 0.24443474557898454,
    "test_seq_acc": 0.9534,
    "test_char_acc": 0.9903866666666666,
    "test_edit_distance": 0.047933333333333335,
    "test_clean_accuracy": 0.9534,
    "test_robustness_drop": null,
    "test_restoration_gain": null,
    "test_position_1_acc": 0.9914666666666667,
    "test_position_2_acc": 0.9878666666666667,
    "test_position_3_acc": 0.9908,
    "test_position_4_acc": 0.9902666666666666,
    "test_position_5_acc": 0.9915333333333334
}