{
    "epoch": 106,
    "train_loss": 0.011742751198023496,
    "pretrain_loss": null,
    "finetune_loss": 0.000315614274934676,
    "pseudo_label_count": 20955,
    "pseudo_label_accept_rate": 0.9978571428571429,
    "mean_pseudo_confidence": 0.9997348860492856,
    "consistency_loss": 0.01142713692308882,
    "encoder_stage": "consistency",
    "stn_status": "disabled",
    "stn_regularization_loss": 0.0,
    "val_loss": 0.23401325413761562,
    "val_seq_acc": 0.9537333333333333,
    "val_char_acc": 0.99056,
    "val_edit_distance": 0.04713333333333333,
    "val_clean_accuracy": 0.9537333333333333,
    "val_robustness_drop": null,
    "val_restoration_gain": null,
    "val_position_1_acc": 0.9905333333333334,
    "val_position_2_acc": 0.9894666666666667,
    "val_position_3_acc": 0.99,
    "val_position_4_acc": 0.9906666666666667,
    "val_position_5_acc": 0.9921333333333333,
    "test_loss": 0.24258186154592623,
    "test_seq_acc": 0.9522,
    "test_char_acc": 0.9901466666666666,
    "test_edit_distance": 0.04906666666666667,
    "test_clean_accuracy": 0.9522,
    "test_robustness_drop": null,
    "test_restoration_gain": null,
    "test_position_1_acc": 0.9916,
    "test_position_2_acc": 0.9876,
    "test_position_3_acc": 0.9898666666666667,
    "test_position_4_acc": 0.9902,
    "test_position_5_acc": 0.9914666666666667
}