{
    "epoch": 80,
    "train_loss": 0.015865048889240965,
    "pretrain_loss": null,
    "finetune_loss": 0.0006121802317862631,
    "pseudo_label_count": 20855,
    "pseudo_label_accept_rate": 0.9930952380952381,
    "mean_pseudo_confidence": 0.9994709243993912,
    "consistency_loss": 0.015252868657454701,
    "encoder_stage": "consistency",
    "stn_status": "disabled",
    "stn_regularization_loss": 0.0,
    "val_loss": 0.20848613491249668,
    "val_seq_acc": 0.9539333333333333,
    "val_char_acc": 0.99068,
    "val_edit_distance": 0.0466,
    "val_clean_accuracy": 0.9539333333333333,
    "val_robustness_drop": null,
    "val_restoration_gain": null,
    "val_position_1_acc": 0.9904666666666667,
    "val_position_2_acc": 0.9900666666666667,
    "val_position_3_acc": 0.9898666666666667,
    "val_position_4_acc": 0.9908666666666667,
    "val_position_5_acc": 0.9921333333333333,
    "test_loss": 0.22079150919515164,
    "test_seq_acc": 0.9519333333333333,
    "test_char_acc": 0.9900933333333334,
    "test_edit_distance": 0.0494,
    "test_clean_accuracy": 0.9519333333333333,
    "test_robustness_drop": null,
    "test_restoration_gain": null,
    "test_position_1_acc": 0.9916,
    "test_position_2_acc": 0.9876,
    "test_position_3_acc": 0.9902,
    "test_position_4_acc": 0.9896,
    "test_position_5_acc": 0.9914666666666667
}