{
    "epoch": 2,
    "train_loss": 3.0264271147280315,
    "pretrain_loss": null,
    "finetune_loss": 2.840967924764511,
    "pseudo_label_count": 13750,
    "pseudo_label_accept_rate": 0.6547619047619048,
    "mean_pseudo_confidence": 0.9963792283578352,
    "consistency_loss": 0.18545918996352045,
    "encoder_stage": "consistency",
    "stn_status": "disabled",
    "stn_regularization_loss": 0.0,
    "val_loss": 96.47825242712143,
    "val_seq_acc": 0.0,
    "val_char_acc": 0.02848,
    "val_edit_distance": 4.852266666666667,
    "val_clean_accuracy": 0.0,
    "val_robustness_drop": null,
    "val_restoration_gain": null,
    "val_position_1_acc": 0.0302,
    "val_position_2_acc": 0.0262,
    "val_position_3_acc": 0.028466666666666668,
    "val_position_4_acc": 0.029266666666666667,
    "val_position_5_acc": 0.028266666666666666,
    "test_loss": 96.48649775728266,
    "test_seq_acc": 0.0,
    "test_char_acc": 0.0284,
    "test_edit_distance": 4.854266666666667,
    "test_clean_accuracy": 0.0,
    "test_robustness_drop": null,
    "test_restoration_gain": null,
    "test_position_1_acc": 0.0276,
    "test_position_2_acc": 0.028933333333333332,
    "test_position_3_acc": 0.027933333333333334,
    "test_position_4_acc": 0.028533333333333334,
    "test_position_5_acc": 0.029
}