{
    "epoch": 43,
    "train_loss": 0.0871130364950516,
    "pretrain_loss": null,
    "finetune_loss": 0.03679867272065252,
    "pseudo_label_count": 19981,
    "pseudo_label_accept_rate": 0.9514761904761905,
    "mean_pseudo_confidence": 0.9972868637007449,
    "consistency_loss": 0.05031436377439908,
    "encoder_stage": "consistency",
    "stn_status": "disabled",
    "stn_regularization_loss": 0.0,
    "val_loss": 3.428017495540862,
    "val_seq_acc": 0.7706666666666667,
    "val_char_acc": 0.94924,
    "val_edit_distance": 0.2538,
    "val_clean_accuracy": 0.7706666666666667,
    "val_robustness_drop": null,
    "val_restoration_gain": null,
    "val_position_1_acc": 0.9486,
    "val_position_2_acc": 0.9452666666666667,
    "val_position_3_acc": 0.946,
    "val_position_4_acc": 0.9512,
    "val_position_5_acc": 0.9551333333333333,
    "test_loss": 3.3985474750082543,
    "test_seq_acc": 0.7709333333333334,
    "test_char_acc": 0.9493066666666666,
    "test_edit_distance": 0.2534,
    "test_clean_accuracy": 0.7709333333333334,
    "test_robustness_drop": null,
    "test_restoration_gain": null,
    "test_position_1_acc": 0.9533333333333334,
    "test_position_2_acc": 0.9440666666666667,
    "test_position_3_acc": 0.9455333333333333,
    "test_position_4_acc": 0.9496,
    "test_position_5_acc": 0.954
}