{
    "epoch": 97,
    "train_loss": 0.014578714051289505,
    "pretrain_loss": null,
    "finetune_loss": 0.0004025675965436087,
    "pseudo_label_count": 20922,
    "pseudo_label_accept_rate": 0.9962857142857143,
    "mean_pseudo_confidence": 0.9996202449681894,
    "consistency_loss": 0.014176146454745896,
    "encoder_stage": "consistency",
    "stn_status": "disabled",
    "stn_regularization_loss": 0.0,
    "val_loss": 0.2360822437176273,
    "val_seq_acc": 0.9513333333333334,
    "val_char_acc": 0.99012,
    "val_edit_distance": 0.04933333333333333,
    "val_clean_accuracy": 0.9513333333333334,
    "val_robustness_drop": null,
    "val_restoration_gain": null,
    "val_position_1_acc": 0.9904,
    "val_position_2_acc": 0.9888666666666667,
    "val_position_3_acc": 0.9896,
    "val_position_4_acc": 0.99,
    "val_position_5_acc": 0.9917333333333334,
    "test_loss": 0.23984350945077282,
    "test_seq_acc": 0.9526666666666667,
    "test_char_acc": 0.9902533333333333,
    "test_edit_distance": 0.0486,
    "test_clean_accuracy": 0.9526666666666667,
    "test_robustness_drop": null,
    "test_restoration_gain": null,
    "test_position_1_acc": 0.9912,
    "test_position_2_acc": 0.9874666666666667,
    "test_position_3_acc": 0.9908,
    "test_position_4_acc": 0.9902,
    "test_position_5_acc": 0.9916
}