{
    "epoch": 48,
    "train_loss": 0.0672782639810677,
    "pretrain_loss": null,
    "finetune_loss": 0.027047754434139804,
    "pseudo_label_count": 20086,
    "pseudo_label_accept_rate": 0.9564761904761905,
    "mean_pseudo_confidence": 0.997605132164025,
    "consistency_loss": 0.0402305095469279,
    "encoder_stage": "consistency",
    "stn_status": "disabled",
    "stn_regularization_loss": 0.0,
    "val_loss": 0.4011759105435711,
    "val_seq_acc": 0.9121333333333334,
    "val_char_acc": 0.9817866666666667,
    "val_edit_distance": 0.091,
    "val_clean_accuracy": 0.9121333333333334,
    "val_robustness_drop": null,
    "val_restoration_gain": null,
    "val_position_1_acc": 0.9836,
    "val_position_2_acc": 0.9802,
    "val_position_3_acc": 0.9810666666666666,
    "val_position_4_acc": 0.9794666666666667,
    "val_position_5_acc": 0.9846,
    "test_loss": 0.4142326262720088,
    "test_seq_acc": 0.9084,
    "test_char_acc": 0.9808533333333334,
    "test_edit_distance": 0.0956,
    "test_clean_accuracy": 0.9084,
    "test_robustness_drop": null,
    "test_restoration_gain": null,
    "test_position_1_acc": 0.9844666666666667,
    "test_position_2_acc": 0.9782,
    "test_position_3_acc": 0.9789333333333333,
    "test_position_4_acc": 0.9791333333333333,
    "test_position_5_acc": 0.9835333333333334
}