{
    "epoch": 53,
    "train_loss": 0.03569920737442409,
    "pretrain_loss": null,
    "finetune_loss": 0.004608113326964531,
    "pseudo_label_count": 20512,
    "pseudo_label_accept_rate": 0.9767619047619047,
    "mean_pseudo_confidence": 0.9986439899377257,
    "consistency_loss": 0.03109109404745956,
    "encoder_stage": "consistency",
    "stn_status": "disabled",
    "stn_regularization_loss": 0.0,
    "val_loss": 0.19463032617932186,
    "val_seq_acc": 0.9531333333333334,
    "val_char_acc": 0.9904,
    "val_edit_distance": 0.048,
    "val_clean_accuracy": 0.9531333333333334,
    "val_robustness_drop": null,
    "val_restoration_gain": null,
    "val_position_1_acc": 0.9902,
    "val_position_2_acc": 0.9896,
    "val_position_3_acc": 0.9899333333333333,
    "val_position_4_acc": 0.9906,
    "val_position_5_acc": 0.9916666666666667,
    "test_loss": 0.18748703191770202,
    "test_seq_acc": 0.9532666666666667,
    "test_char_acc": 0.99044,
    "test_edit_distance": 0.047733333333333336,
    "test_clean_accuracy": 0.9532666666666667,
    "test_robustness_drop": null,
    "test_restoration_gain": null,
    "test_position_1_acc": 0.9916,
    "test_position_2_acc": 0.9882,
    "test_position_3_acc": 0.99,
    "test_position_4_acc": 0.99,
    "test_position_5_acc": 0.9924
}