{
    "epoch": 62,
    "train_loss": 0.024820989627140917,
    "pretrain_loss": null,
    "finetune_loss": 0.002032448858948693,
    "pseudo_label_count": 20668,
    "pseudo_label_accept_rate": 0.9841904761904762,
    "mean_pseudo_confidence": 0.9988999395137925,
    "consistency_loss": 0.022788540768192225,
    "encoder_stage": "consistency",
    "stn_status": "disabled",
    "stn_regularization_loss": 0.0,
    "val_loss": 0.20141262448550093,
    "val_seq_acc": 0.9528666666666666,
    "val_char_acc": 0.99036,
    "val_edit_distance": 0.0482,
    "val_clean_accuracy": 0.9528666666666666,
    "val_robustness_drop": null,
    "val_restoration_gain": null,
    "val_position_1_acc": 0.9907333333333334,
    "val_position_2_acc": 0.9898,
    "val_position_3_acc": 0.9905333333333334,
    "val_position_4_acc": 0.9889333333333333,
    "val_position_5_acc": 0.9918,
    "test_loss": 0.18914595135132178,
    "test_seq_acc": 0.9530666666666666,
    "test_char_acc": 0.9903066666666667,
    "test_edit_distance": 0.048266666666666666,
    "test_clean_accuracy": 0.9530666666666666,
    "test_robustness_drop": null,
    "test_restoration_gain": null,
    "test_position_1_acc": 0.9915333333333334,
    "test_position_2_acc": 0.9881333333333333,
    "test_position_3_acc": 0.9908,
    "test_position_4_acc": 0.9893333333333333,
    "test_position_5_acc": 0.9917333333333334
}