{
    "epoch": 72,
    "train_loss": 0.01996285868183098,
    "pretrain_loss": null,
    "finetune_loss": 0.000925547855533234,
    "pseudo_label_count": 20798,
    "pseudo_label_accept_rate": 0.9903809523809524,
    "mean_pseudo_confidence": 0.9992904183680947,
    "consistency_loss": 0.019037310826297747,
    "encoder_stage": "consistency",
    "stn_status": "disabled",
    "stn_regularization_loss": 0.0,
    "val_loss": 0.2146745163420998,
    "val_seq_acc": 0.9522,
    "val_char_acc": 0.99028,
    "val_edit_distance": 0.0486,
    "val_clean_accuracy": 0.9522,
    "val_robustness_drop": null,
    "val_restoration_gain": null,
    "val_position_1_acc": 0.9905333333333334,
    "val_position_2_acc": 0.9891333333333333,
    "val_position_3_acc": 0.9892,
    "val_position_4_acc": 0.9906,
    "val_position_5_acc": 0.9919333333333333,
    "test_loss": 0.21439266974760338,
    "test_seq_acc": 0.9511333333333334,
    "test_char_acc": 0.99,
    "test_edit_distance": 0.0498,
    "test_clean_accuracy": 0.9511333333333334,
    "test_robustness_drop": null,
    "test_restoration_gain": null,
    "test_position_1_acc": 0.9906,
    "test_position_2_acc": 0.9878666666666667,
    "test_position_3_acc": 0.9903333333333333,
    "test_position_4_acc": 0.9898,
    "test_position_5_acc": 0.9914
}