{
    "epoch": 70,
    "train_loss": 0.017940583473260475,
    "pretrain_loss": null,
    "finetune_loss": 0.0011054438339149963,
    "pseudo_label_count": 20788,
    "pseudo_label_accept_rate": 0.989904761904762,
    "mean_pseudo_confidence": 0.9992532473195854,
    "consistency_loss": 0.01683513963934548,
    "encoder_stage": "consistency",
    "stn_status": "disabled",
    "stn_regularization_loss": 0.0,
    "val_loss": 0.2164632494604101,
    "val_seq_acc": 0.9503333333333334,
    "val_char_acc": 0.98988,
    "val_edit_distance": 0.0506,
    "val_clean_accuracy": 0.9503333333333334,
    "val_robustness_drop": null,
    "val_restoration_gain": null,
    "val_position_1_acc": 0.9901333333333333,
    "val_position_2_acc": 0.9884666666666667,
    "val_position_3_acc": 0.9893333333333333,
    "val_position_4_acc": 0.9892,
    "val_position_5_acc": 0.9922666666666666,
    "test_loss": 0.2114321939389598,
    "test_seq_acc": 0.9498,
    "test_char_acc": 0.98964,
    "test_edit_distance": 0.0516,
    "test_clean_accuracy": 0.9498,
    "test_robustness_drop": null,
    "test_restoration_gain": null,
    "test_position_1_acc": 0.9908666666666667,
    "test_position_2_acc": 0.9873333333333333,
    "test_position_3_acc": 0.9893333333333333,
    "test_position_4_acc": 0.9899333333333333,
    "test_position_5_acc": 0.9907333333333334
}