{
    "epoch": 27,
    "train_loss": 0.13014858749570873,
    "pretrain_loss": null,
    "finetune_loss": 0.07414192336005969,
    "pseudo_label_count": 19749,
    "pseudo_label_accept_rate": 0.9404285714285714,
    "mean_pseudo_confidence": 0.9966351083033754,
    "consistency_loss": 0.05600666413564903,
    "encoder_stage": "consistency",
    "stn_status": "disabled",
    "stn_regularization_loss": 0.0,
    "val_loss": 0.9832248161447809,
    "val_seq_acc": 0.8591333333333333,
    "val_char_acc": 0.97024,
    "val_edit_distance": 0.1488,
    "val_clean_accuracy": 0.8591333333333333,
    "val_robustness_drop": null,
    "val_restoration_gain": null,
    "val_position_1_acc": 0.9722666666666666,
    "val_position_2_acc": 0.9696666666666667,
    "val_position_3_acc": 0.9716,
    "val_position_4_acc": 0.9673333333333334,
    "val_position_5_acc": 0.9703333333333334,
    "test_loss": 0.9807266735016031,
    "test_seq_acc": 0.8576666666666667,
    "test_char_acc": 0.9695466666666667,
    "test_edit_distance": 0.15213333333333334,
    "test_clean_accuracy": 0.8576666666666667,
    "test_robustness_drop": null,
    "test_restoration_gain": null,
    "test_position_1_acc": 0.9740666666666666,
    "test_position_2_acc": 0.9685333333333334,
    "test_position_3_acc": 0.9678,
    "test_position_4_acc": 0.9690666666666666,
    "test_position_5_acc": 0.9682666666666667
}