{
    "epoch": 42,
    "train_loss": 0.08470033474249758,
    "pretrain_loss": null,
    "finetune_loss": 0.036536129581797916,
    "pseudo_label_count": 19906,
    "pseudo_label_accept_rate": 0.9479047619047619,
    "mean_pseudo_confidence": 0.9972216480043945,
    "consistency_loss": 0.04816420516069967,
    "encoder_stage": "consistency",
    "stn_status": "disabled",
    "stn_regularization_loss": 0.0,
    "val_loss": 0.29501719073333005,
    "val_seq_acc": 0.9254,
    "val_char_acc": 0.9846666666666667,
    "val_edit_distance": 0.07666666666666666,
    "val_clean_accuracy": 0.9254,
    "val_robustness_drop": null,
    "val_restoration_gain": null,
    "val_position_1_acc": 0.9866,
    "val_position_2_acc": 0.9838666666666667,
    "val_position_3_acc": 0.982,
    "val_position_4_acc": 0.9836666666666667,
    "val_position_5_acc": 0.9872,
    "test_loss": 0.29374775639239775,
    "test_seq_acc": 0.9283333333333333,
    "test_char_acc": 0.9850533333333333,
    "test_edit_distance": 0.07466666666666667,
    "test_clean_accuracy": 0.9283333333333333,
    "test_robustness_drop": null,
    "test_restoration_gain": null,
    "test_position_1_acc": 0.9892,
    "test_position_2_acc": 0.9833333333333333,
    "test_position_3_acc": 0.9828666666666667,
    "test_position_4_acc": 0.9819333333333333,
    "test_position_5_acc": 0.9879333333333333
}