{
    "epoch": 200,
    "train_loss": 0.01066336989230461,
    "pretrain_loss": null,
    "finetune_loss": 0.0003946879594019388,
    "pseudo_label_count": 20968,
    "pseudo_label_accept_rate": 0.9984761904761905,
    "mean_pseudo_confidence": 0.9997493699733104,
    "consistency_loss": 0.01026868193290267,
    "encoder_stage": "consistency",
    "stn_status": "disabled",
    "stn_regularization_loss": 0.0,
    "val_loss": 0.24509320545268704,
    "val_seq_acc": 0.9527333333333333,
    "val_char_acc": 0.9903466666666667,
    "val_edit_distance": 0.0482,
    "val_clean_accuracy": 0.9527333333333333,
    "val_robustness_drop": null,
    "val_restoration_gain": null,
    "val_position_1_acc": 0.9904666666666667,
    "val_position_2_acc": 0.9888666666666667,
    "val_position_3_acc": 0.99,
    "val_position_4_acc": 0.9904,
    "val_position_5_acc": 0.992,
    "test_loss": 0.25392882434721625,
    "test_seq_acc": 0.9529333333333333,
    "test_char_acc": 0.9902933333333334,
    "test_edit_distance": 0.04833333333333333,
    "test_clean_accuracy": 0.9529333333333333,
    "test_robustness_drop": null,
    "test_restoration_gain": null,
    "test_position_1_acc": 0.9917333333333334,
    "test_position_2_acc": 0.9875333333333334,
    "test_position_3_acc": 0.9905333333333334,
    "test_position_4_acc": 0.9899333333333333,
    "test_position_5_acc": 0.9917333333333334
}