{
    "epoch": 128,
    "train_loss": 0.008749962162734083,
    "pretrain_loss": null,
    "finetune_loss": 0.000217002618546639,
    "pseudo_label_count": 20956,
    "pseudo_label_accept_rate": 0.9979047619047619,
    "mean_pseudo_confidence": 0.9997858689882119,
    "consistency_loss": 0.008532959544187445,
    "encoder_stage": "consistency",
    "stn_status": "disabled",
    "stn_regularization_loss": 0.0,
    "val_loss": 0.23399958883999214,
    "val_seq_acc": 0.9526666666666667,
    "val_char_acc": 0.9903466666666667,
    "val_edit_distance": 0.0482,
    "val_clean_accuracy": 0.9526666666666667,
    "val_robustness_drop": null,
    "val_restoration_gain": null,
    "val_position_1_acc": 0.9902666666666666,
    "val_position_2_acc": 0.9891333333333333,
    "val_position_3_acc": 0.9898666666666667,
    "val_position_4_acc": 0.9902,
    "val_position_5_acc": 0.9922666666666666,
    "test_loss": 0.2455363730102421,
    "test_seq_acc": 0.9521333333333334,
    "test_char_acc": 0.9901466666666666,
    "test_edit_distance": 0.0492,
    "test_clean_accuracy": 0.9521333333333334,
    "test_robustness_drop": null,
    "test_restoration_gain": null,
    "test_position_1_acc": 0.9916,
    "test_position_2_acc": 0.9876666666666667,
    "test_position_3_acc": 0.9902,
    "test_position_4_acc": 0.9902666666666666,
    "test_position_5_acc": 0.991
}