{
    "epoch": 54,
    "train_loss": 0.03337784842850773,
    "pretrain_loss": null,
    "finetune_loss": 0.003842804880855926,
    "pseudo_label_count": 20544,
    "pseudo_label_accept_rate": 0.9782857142857143,
    "mean_pseudo_confidence": 0.9986688084784326,
    "consistency_loss": 0.029535043547651803,
    "encoder_stage": "consistency",
    "stn_status": "disabled",
    "stn_regularization_loss": 0.0,
    "val_loss": 0.20040174934200625,
    "val_seq_acc": 0.9525333333333333,
    "val_char_acc": 0.99028,
    "val_edit_distance": 0.0486,
    "val_clean_accuracy": 0.9525333333333333,
    "val_robustness_drop": null,
    "val_restoration_gain": null,
    "val_position_1_acc": 0.9900666666666667,
    "val_position_2_acc": 0.9896666666666667,
    "val_position_3_acc": 0.9904,
    "val_position_4_acc": 0.9895333333333334,
    "val_position_5_acc": 0.9917333333333334,
    "test_loss": 0.19124366188610092,
    "test_seq_acc": 0.9510666666666666,
    "test_char_acc": 0.9899866666666667,
    "test_edit_distance": 0.049933333333333337,
    "test_clean_accuracy": 0.9510666666666666,
    "test_robustness_drop": null,
    "test_restoration_gain": null,
    "test_position_1_acc": 0.9916666666666667,
    "test_position_2_acc": 0.9879333333333333,
    "test_position_3_acc": 0.9896,
    "test_position_4_acc": 0.9892,
    "test_position_5_acc": 0.9915333333333334
}