{
    "epoch": 132,
    "train_loss": 0.010873694201605038,
    "pretrain_loss": null,
    "finetune_loss": 0.000151234815459898,
    "pseudo_label_count": 20965,
    "pseudo_label_accept_rate": 0.9983333333333333,
    "mean_pseudo_confidence": 0.999785019928932,
    "consistency_loss": 0.01072245938614514,
    "encoder_stage": "consistency",
    "stn_status": "disabled",
    "stn_regularization_loss": 0.0,
    "val_loss": 0.23740493462004877,
    "val_seq_acc": 0.9529333333333333,
    "val_char_acc": 0.9904,
    "val_edit_distance": 0.047933333333333335,
    "val_clean_accuracy": 0.9529333333333333,
    "val_robustness_drop": null,
    "val_restoration_gain": null,
    "val_position_1_acc": 0.9900666666666667,
    "val_position_2_acc": 0.989,
    "val_position_3_acc": 0.9899333333333333,
    "val_position_4_acc": 0.9906,
    "val_position_5_acc": 0.9924,
    "test_loss": 0.25201386489206923,
    "test_seq_acc": 0.9515333333333333,
    "test_char_acc": 0.99004,
    "test_edit_distance": 0.04973333333333333,
    "test_clean_accuracy": 0.9515333333333333,
    "test_robustness_drop": null,
    "test_restoration_gain": null,
    "test_position_1_acc": 0.9914666666666667,
    "test_position_2_acc": 0.9876,
    "test_position_3_acc": 0.99,
    "test_position_4_acc": 0.9898,
    "test_position_5_acc": 0.9913333333333333
}