{
    "epoch": 12,
    "train_loss": 0.255342035928942,
    "pretrain_loss": null,
    "finetune_loss": 0.18359559556522817,
    "pseudo_label_count": 19632,
    "pseudo_label_accept_rate": 0.9348571428571428,
    "mean_pseudo_confidence": 0.995292405676045,
    "consistency_loss": 0.07174644036371386,
    "encoder_stage": "consistency",
    "stn_status": "disabled",
    "stn_regularization_loss": 0.0,
    "val_loss": 1.0741246068731267,
    "val_seq_acc": 0.8556,
    "val_char_acc": 0.9693466666666667,
    "val_edit_distance": 0.15326666666666666,
    "val_clean_accuracy": 0.8556,
    "val_robustness_drop": null,
    "val_restoration_gain": null,
    "val_position_1_acc": 0.9708666666666667,
    "val_position_2_acc": 0.9663333333333334,
    "val_position_3_acc": 0.9708,
    "val_position_4_acc": 0.9671333333333333,
    "val_position_5_acc": 0.9716,
    "test_loss": 1.1123059033713443,
    "test_seq_acc": 0.8520666666666666,
    "test_char_acc": 0.96828,
    "test_edit_distance": 0.15853333333333333,
    "test_clean_accuracy": 0.8520666666666666,
    "test_robustness_drop": null,
    "test_restoration_gain": null,
    "test_position_1_acc": 0.9731333333333333,
    "test_position_2_acc": 0.9644,
    "test_position_3_acc": 0.966,
    "test_position_4_acc": 0.9680666666666666,
    "test_position_5_acc": 0.9698
}