{
    "epoch": 16,
    "train_loss": 0.21298509449872866,
    "pretrain_loss": null,
    "finetune_loss": 0.14204999420295808,
    "pseudo_label_count": 19714,
    "pseudo_label_accept_rate": 0.9387619047619048,
    "mean_pseudo_confidence": 0.9958642827239399,
    "consistency_loss": 0.07093510029577059,
    "encoder_stage": "consistency",
    "stn_status": "disabled",
    "stn_regularization_loss": 0.0,
    "val_loss": 0.9692456887123433,
    "val_seq_acc": 0.8567333333333333,
    "val_char_acc": 0.9695066666666666,
    "val_edit_distance": 0.15246666666666667,
    "val_clean_accuracy": 0.8567333333333333,
    "val_robustness_drop": null,
    "val_restoration_gain": null,
    "val_position_1_acc": 0.9712666666666666,
    "val_position_2_acc": 0.9662666666666667,
    "val_position_3_acc": 0.9698666666666667,
    "val_position_4_acc": 0.9678,
    "val_position_5_acc": 0.9723333333333334,
    "test_loss": 0.9976155083230202,
    "test_seq_acc": 0.8525333333333334,
    "test_char_acc": 0.9682533333333333,
    "test_edit_distance": 0.15873333333333334,
    "test_clean_accuracy": 0.8525333333333334,
    "test_robustness_drop": null,
    "test_restoration_gain": null,
    "test_position_1_acc": 0.9724,
    "test_position_2_acc": 0.9656,
    "test_position_3_acc": 0.9656666666666667,
    "test_position_4_acc": 0.9672666666666667,
    "test_position_5_acc": 0.9703333333333334
}