{
    "epoch": 95,
    "train_loss": 0.015345714271687096,
    "pretrain_loss": null,
    "finetune_loss": 0.0005535701157556679,
    "pseudo_label_count": 20923,
    "pseudo_label_accept_rate": 0.9963333333333333,
    "mean_pseudo_confidence": 0.9996482100876694,
    "consistency_loss": 0.014792144155931428,
    "encoder_stage": "consistency",
    "stn_status": "disabled",
    "stn_regularization_loss": 0.0,
    "val_loss": 0.23940865165749664,
    "val_seq_acc": 0.9521333333333334,
    "val_char_acc": 0.9902533333333333,
    "val_edit_distance": 0.048666666666666664,
    "val_clean_accuracy": 0.9521333333333334,
    "val_robustness_drop": null,
    "val_restoration_gain": null,
    "val_position_1_acc": 0.9906,
    "val_position_2_acc": 0.9888,
    "val_position_3_acc": 0.9898666666666667,
    "val_position_4_acc": 0.9898,
    "val_position_5_acc": 0.9922,
    "test_loss": 0.2445359106888955,
    "test_seq_acc": 0.9522666666666667,
    "test_char_acc": 0.99016,
    "test_edit_distance": 0.049,
    "test_clean_accuracy": 0.9522666666666667,
    "test_robustness_drop": null,
    "test_restoration_gain": null,
    "test_position_1_acc": 0.992,
    "test_position_2_acc": 0.9877333333333334,
    "test_position_3_acc": 0.9904,
    "test_position_4_acc": 0.9894666666666667,
    "test_position_5_acc": 0.9912
}