{
    "epoch": 171,
    "train_loss": 0.012271126084432857,
    "pretrain_loss": null,
    "finetune_loss": 0.00040617515607744984,
    "pseudo_label_count": 20945,
    "pseudo_label_accept_rate": 0.9973809523809524,
    "mean_pseudo_confidence": 0.9997548295251223,
    "consistency_loss": 0.011864950928355407,
    "encoder_stage": "consistency",
    "stn_status": "disabled",
    "stn_regularization_loss": 0.0,
    "val_loss": 0.24782144074944967,
    "val_seq_acc": 0.9532,
    "val_char_acc": 0.99044,
    "val_edit_distance": 0.047733333333333336,
    "val_clean_accuracy": 0.9532,
    "val_robustness_drop": null,
    "val_restoration_gain": null,
    "val_position_1_acc": 0.9905333333333334,
    "val_position_2_acc": 0.9891333333333333,
    "val_position_3_acc": 0.9898,
    "val_position_4_acc": 0.9902666666666666,
    "val_position_5_acc": 0.9924666666666667,
    "test_loss": 0.25759648411163993,
    "test_seq_acc": 0.9527333333333333,
    "test_char_acc": 0.99024,
    "test_edit_distance": 0.0486,
    "test_clean_accuracy": 0.9527333333333333,
    "test_robustness_drop": null,
    "test_restoration_gain": null,
    "test_position_1_acc": 0.9914666666666667,
    "test_position_2_acc": 0.988,
    "test_position_3_acc": 0.9901333333333333,
    "test_position_4_acc": 0.9902,
    "test_position_5_acc": 0.9914
}