{
    "epoch": 175,
    "train_loss": 0.01086773433135496,
    "pretrain_loss": null,
    "finetune_loss": 0.00035005449992321495,
    "pseudo_label_count": 20952,
    "pseudo_label_accept_rate": 0.9977142857142857,
    "mean_pseudo_confidence": 0.9997710990468798,
    "consistency_loss": 0.010517679831431745,
    "encoder_stage": "consistency",
    "stn_status": "disabled",
    "stn_regularization_loss": 0.0,
    "val_loss": 0.2514136501722806,
    "val_seq_acc": 0.9530666666666666,
    "val_char_acc": 0.9904666666666667,
    "val_edit_distance": 0.04766666666666667,
    "val_clean_accuracy": 0.9530666666666666,
    "val_robustness_drop": null,
    "val_restoration_gain": null,
    "val_position_1_acc": 0.9904666666666667,
    "val_position_2_acc": 0.9888666666666667,
    "val_position_3_acc": 0.9899333333333333,
    "val_position_4_acc": 0.9904666666666667,
    "val_position_5_acc": 0.9926,
    "test_loss": 0.2561776113819339,
    "test_seq_acc": 0.9528666666666666,
    "test_char_acc": 0.9903066666666667,
    "test_edit_distance": 0.048266666666666666,
    "test_clean_accuracy": 0.9528666666666666,
    "test_robustness_drop": null,
    "test_restoration_gain": null,
    "test_position_1_acc": 0.9917333333333334,
    "test_position_2_acc": 0.988,
    "test_position_3_acc": 0.9906,
    "test_position_4_acc": 0.9897333333333334,
    "test_position_5_acc": 0.9914666666666667
}