{
    "epoch": 115,
    "train_loss": 0.010736097806009648,
    "pretrain_loss": null,
    "finetune_loss": 0.00021256836887382764,
    "pseudo_label_count": 20956,
    "pseudo_label_accept_rate": 0.9979047619047619,
    "mean_pseudo_confidence": 0.9997521759467536,
    "consistency_loss": 0.01052352943713582,
    "encoder_stage": "consistency",
    "stn_status": "disabled",
    "stn_regularization_loss": 0.0,
    "val_loss": 0.23282465730054414,
    "val_seq_acc": 0.9535333333333333,
    "val_char_acc": 0.9905333333333334,
    "val_edit_distance": 0.047266666666666665,
    "val_clean_accuracy": 0.9535333333333333,
    "val_robustness_drop": null,
    "val_restoration_gain": null,
    "val_position_1_acc": 0.9903333333333333,
    "val_position_2_acc": 0.9893333333333333,
    "val_position_3_acc": 0.9903333333333333,
    "val_position_4_acc": 0.9902,
    "val_position_5_acc": 0.9924666666666667,
    "test_loss": 0.24534478758268574,
    "test_seq_acc": 0.9528666666666666,
    "test_char_acc": 0.9902666666666666,
    "test_edit_distance": 0.04853333333333333,
    "test_clean_accuracy": 0.9528666666666666,
    "test_robustness_drop": null,
    "test_restoration_gain": null,
    "test_position_1_acc": 0.9917333333333334,
    "test_position_2_acc": 0.988,
    "test_position_3_acc": 0.9902,
    "test_position_4_acc": 0.9898666666666667,
    "test_position_5_acc": 0.9915333333333334
}