{
    "epoch": 195,
    "train_loss": 0.011804735450789975,
    "pretrain_loss": null,
    "finetune_loss": 0.0003572286179023317,
    "pseudo_label_count": 20952,
    "pseudo_label_accept_rate": 0.9977142857142857,
    "mean_pseudo_confidence": 0.9997469556609289,
    "consistency_loss": 0.011447506832887644,
    "encoder_stage": "consistency",
    "stn_status": "disabled",
    "stn_regularization_loss": 0.0,
    "val_loss": 0.2476579491047032,
    "val_seq_acc": 0.9533333333333334,
    "val_char_acc": 0.9904933333333333,
    "val_edit_distance": 0.047466666666666664,
    "val_clean_accuracy": 0.9533333333333334,
    "val_robustness_drop": null,
    "val_restoration_gain": null,
    "val_position_1_acc": 0.9904666666666667,
    "val_position_2_acc": 0.9888,
    "val_position_3_acc": 0.9902,
    "val_position_4_acc": 0.9907333333333334,
    "val_position_5_acc": 0.9922666666666666,
    "test_loss": 0.2531891094598505,
    "test_seq_acc": 0.9532,
    "test_char_acc": 0.99036,
    "test_edit_distance": 0.04806666666666667,
    "test_clean_accuracy": 0.9532,
    "test_robustness_drop": null,
    "test_restoration_gain": null,
    "test_position_1_acc": 0.9920666666666667,
    "test_position_2_acc": 0.9877333333333334,
    "test_position_3_acc": 0.9904,
    "test_position_4_acc": 0.9898666666666667,
    "test_position_5_acc": 0.9917333333333334
}