{
    "epoch": 21,
    "train_loss": 0.16267016715924498,
    "pretrain_loss": null,
    "finetune_loss": 0.09913802764915883,
    "pseudo_label_count": 20056,
    "pseudo_label_accept_rate": 0.955047619047619,
    "mean_pseudo_confidence": 0.996697232216347,
    "consistency_loss": 0.06353213951008616,
    "encoder_stage": "consistency",
    "stn_status": "disabled",
    "stn_regularization_loss": 0.0,
    "val_loss": 1.0570212920929523,
    "val_seq_acc": 0.8593333333333333,
    "val_char_acc": 0.9702266666666667,
    "val_edit_distance": 0.14886666666666667,
    "val_clean_accuracy": 0.8593333333333333,
    "val_robustness_drop": null,
    "val_restoration_gain": null,
    "val_position_1_acc": 0.9717333333333333,
    "val_position_2_acc": 0.9674666666666667,
    "val_position_3_acc": 0.9714,
    "val_position_4_acc": 0.9681333333333333,
    "val_position_5_acc": 0.9724,
    "test_loss": 1.0837459588304479,
    "test_seq_acc": 0.8558,
    "test_char_acc": 0.9691866666666666,
    "test_edit_distance": 0.154,
    "test_clean_accuracy": 0.8558,
    "test_robustness_drop": null,
    "test_restoration_gain": null,
    "test_position_1_acc": 0.9732,
    "test_position_2_acc": 0.9662,
    "test_position_3_acc": 0.9674,
    "test_position_4_acc": 0.9684,
    "test_position_5_acc": 0.9707333333333333
}