{
    "epoch": 174,
    "train_loss": 0.011090903502316389,
    "pretrain_loss": null,
    "finetune_loss": 0.0004796367652334345,
    "pseudo_label_count": 20962,
    "pseudo_label_accept_rate": 0.9981904761904762,
    "mean_pseudo_confidence": 0.9997439015265378,
    "consistency_loss": 0.010611266737082955,
    "encoder_stage": "consistency",
    "stn_status": "disabled",
    "stn_regularization_loss": 0.0,
    "val_loss": 0.24140007948613235,
    "val_seq_acc": 0.9532,
    "val_char_acc": 0.9904666666666667,
    "val_edit_distance": 0.0476,
    "val_clean_accuracy": 0.9532,
    "val_robustness_drop": null,
    "val_restoration_gain": null,
    "val_position_1_acc": 0.9907333333333334,
    "val_position_2_acc": 0.9887333333333334,
    "val_position_3_acc": 0.9900666666666667,
    "val_position_4_acc": 0.9905333333333334,
    "val_position_5_acc": 0.9922666666666666,
    "test_loss": 0.2494102720974237,
    "test_seq_acc": 0.9527333333333333,
    "test_char_acc": 0.9902533333333333,
    "test_edit_distance": 0.0486,
    "test_clean_accuracy": 0.9527333333333333,
    "test_robustness_drop": null,
    "test_restoration_gain": null,
    "test_position_1_acc": 0.9914,
    "test_position_2_acc": 0.9877333333333334,
    "test_position_3_acc": 0.9903333333333333,
    "test_position_4_acc": 0.9902,
    "test_position_5_acc": 0.9916
}