{
    "epoch": 148,
    "train_loss": 0.009867815392096385,
    "pretrain_loss": null,
    "finetune_loss": 0.00011470665087268078,
    "pseudo_label_count": 20969,
    "pseudo_label_accept_rate": 0.9985238095238095,
    "mean_pseudo_confidence": 0.9997836679022645,
    "consistency_loss": 0.009753108741223704,
    "encoder_stage": "consistency",
    "stn_status": "disabled",
    "stn_regularization_loss": 0.0,
    "val_loss": 0.2418195920159633,
    "val_seq_acc": 0.9516666666666667,
    "val_char_acc": 0.9901733333333333,
    "val_edit_distance": 0.04906666666666667,
    "val_clean_accuracy": 0.9516666666666667,
    "val_robustness_drop": null,
    "val_restoration_gain": null,
    "val_position_1_acc": 0.9904,
    "val_position_2_acc": 0.9886666666666667,
    "val_position_3_acc": 0.9897333333333334,
    "val_position_4_acc": 0.9901333333333333,
    "val_position_5_acc": 0.9919333333333333,
    "test_loss": 0.25847268975810445,
    "test_seq_acc": 0.9511333333333334,
    "test_char_acc": 0.98992,
    "test_edit_distance": 0.05026666666666667,
    "test_clean_accuracy": 0.9511333333333334,
    "test_robustness_drop": null,
    "test_restoration_gain": null,
    "test_position_1_acc": 0.9914,
    "test_position_2_acc": 0.9881333333333333,
    "test_position_3_acc": 0.9901333333333333,
    "test_position_4_acc": 0.9893333333333333,
    "test_position_5_acc": 0.9906
}