{
    "epoch": 196,
    "train_loss": 0.009807618034665847,
    "pretrain_loss": null,
    "finetune_loss": 0.0003706309269299217,
    "pseudo_label_count": 20959,
    "pseudo_label_accept_rate": 0.9980476190476191,
    "mean_pseudo_confidence": 0.9997529199067756,
    "consistency_loss": 0.009436987107735925,
    "encoder_stage": "consistency",
    "stn_status": "disabled",
    "stn_regularization_loss": 0.0,
    "val_loss": 0.24453694048568902,
    "val_seq_acc": 0.9526666666666667,
    "val_char_acc": 0.99036,
    "val_edit_distance": 0.048133333333333334,
    "val_clean_accuracy": 0.9526666666666667,
    "val_robustness_drop": null,
    "val_restoration_gain": null,
    "val_position_1_acc": 0.9904,
    "val_position_2_acc": 0.9889333333333333,
    "val_position_3_acc": 0.9898,
    "val_position_4_acc": 0.9904666666666667,
    "val_position_5_acc": 0.9922,
    "test_loss": 0.25439207694055793,
    "test_seq_acc": 0.9532666666666667,
    "test_char_acc": 0.99036,
    "test_edit_distance": 0.04806666666666667,
    "test_clean_accuracy": 0.9532666666666667,
    "test_robustness_drop": null,
    "test_restoration_gain": null,
    "test_position_1_acc": 0.9917333333333334,
    "test_position_2_acc": 0.9879333333333333,
    "test_position_3_acc": 0.9906,
    "test_position_4_acc": 0.9899333333333333,
    "test_position_5_acc": 0.9916
}