{
    "epoch": 162,
    "train_loss": 0.012319035757314772,
    "pretrain_loss": null,
    "finetune_loss": 0.000530876842594095,
    "pseudo_label_count": 20952,
    "pseudo_label_accept_rate": 0.9977142857142857,
    "mean_pseudo_confidence": 0.9997533823343213,
    "consistency_loss": 0.011788158914720678,
    "encoder_stage": "consistency",
    "stn_status": "disabled",
    "stn_regularization_loss": 0.0,
    "val_loss": 0.25155483481445684,
    "val_seq_acc": 0.9534,
    "val_char_acc": 0.9904933333333333,
    "val_edit_distance": 0.047466666666666664,
    "val_clean_accuracy": 0.9534,
    "val_robustness_drop": null,
    "val_restoration_gain": null,
    "val_position_1_acc": 0.9904,
    "val_position_2_acc": 0.9894,
    "val_position_3_acc": 0.9901333333333333,
    "val_position_4_acc": 0.9901333333333333,
    "val_position_5_acc": 0.9924,
    "test_loss": 0.2557897916444328,
    "test_seq_acc": 0.9526,
    "test_char_acc": 0.9902533333333333,
    "test_edit_distance": 0.0486,
    "test_clean_accuracy": 0.9526,
    "test_robustness_drop": null,
    "test_restoration_gain": null,
    "test_position_1_acc": 0.9918666666666667,
    "test_position_2_acc": 0.9881333333333333,
    "test_position_3_acc": 0.9900666666666667,
    "test_position_4_acc": 0.9893333333333333,
    "test_position_5_acc": 0.9918666666666667
}