{
    "epoch": 61,
    "train_loss": 0.027298063065529465,
    "pretrain_loss": null,
    "finetune_loss": 0.001951554095104772,
    "pseudo_label_count": 20634,
    "pseudo_label_accept_rate": 0.9825714285714285,
    "mean_pseudo_confidence": 0.9989654727368966,
    "consistency_loss": 0.025346508970424692,
    "encoder_stage": "consistency",
    "stn_status": "disabled",
    "stn_regularization_loss": 0.0,
    "val_loss": 0.1980887085018541,
    "val_seq_acc": 0.952,
    "val_char_acc": 0.9902,
    "val_edit_distance": 0.049,
    "val_clean_accuracy": 0.952,
    "val_robustness_drop": null,
    "val_restoration_gain": null,
    "val_position_1_acc": 0.9904,
    "val_position_2_acc": 0.9889333333333333,
    "val_position_3_acc": 0.9902666666666666,
    "val_position_4_acc": 0.99,
    "val_position_5_acc": 0.9914,
    "test_loss": 0.1893742863472769,
    "test_seq_acc": 0.9535333333333333,
    "test_char_acc": 0.9904133333333334,
    "test_edit_distance": 0.0478,
    "test_clean_accuracy": 0.9535333333333333,
    "test_robustness_drop": null,
    "test_restoration_gain": null,
    "test_position_1_acc": 0.9910666666666667,
    "test_position_2_acc": 0.988,
    "test_position_3_acc": 0.9910666666666667,
    "test_position_4_acc": 0.9903333333333333,
    "test_position_5_acc": 0.9916
}