{
    "epoch": 30,
    "train_loss": 0.11784888269232693,
    "pretrain_loss": null,
    "finetune_loss": 0.061175300719948394,
    "pseudo_label_count": 19799,
    "pseudo_label_accept_rate": 0.9428095238095238,
    "mean_pseudo_confidence": 0.996841927153684,
    "consistency_loss": 0.056673581972378546,
    "encoder_stage": "consistency",
    "stn_status": "disabled",
    "stn_regularization_loss": 0.0,
    "val_loss": 0.5715368667181502,
    "val_seq_acc": 0.89,
    "val_char_acc": 0.9770133333333333,
    "val_edit_distance": 0.11493333333333333,
    "val_clean_accuracy": 0.89,
    "val_robustness_drop": null,
    "val_restoration_gain": null,
    "val_position_1_acc": 0.9826,
    "val_position_2_acc": 0.9782666666666666,
    "val_position_3_acc": 0.9724,
    "val_position_4_acc": 0.9771333333333333,
    "val_position_5_acc": 0.9746666666666667,
    "test_loss": 0.5904583070506441,
    "test_seq_acc": 0.8853333333333333,
    "test_char_acc": 0.97568,
    "test_edit_distance": 0.1214,
    "test_clean_accuracy": 0.8853333333333333,
    "test_robustness_drop": null,
    "test_restoration_gain": null,
    "test_position_1_acc": 0.9845333333333334,
    "test_position_2_acc": 0.976,
    "test_position_3_acc": 0.9691333333333333,
    "test_position_4_acc": 0.9769333333333333,
    "test_position_5_acc": 0.9718
}