{
    "epoch": 110,
    "train_loss": 0.01274720057482388,
    "pretrain_loss": null,
    "finetune_loss": 0.00023391223947342646,
    "pseudo_label_count": 20956,
    "pseudo_label_accept_rate": 0.9979047619047619,
    "mean_pseudo_confidence": 0.9997393157013865,
    "consistency_loss": 0.012513288335350453,
    "encoder_stage": "consistency",
    "stn_status": "disabled",
    "stn_regularization_loss": 0.0,
    "val_loss": 0.22497766633391716,
    "val_seq_acc": 0.9536,
    "val_char_acc": 0.99052,
    "val_edit_distance": 0.04733333333333333,
    "val_clean_accuracy": 0.9536,
    "val_robustness_drop": null,
    "val_restoration_gain": null,
    "val_position_1_acc": 0.9903333333333333,
    "val_position_2_acc": 0.9892,
    "val_position_3_acc": 0.9898,
    "val_position_4_acc": 0.9907333333333334,
    "val_position_5_acc": 0.9925333333333334,
    "test_loss": 0.23597451817316123,
    "test_seq_acc": 0.9535333333333333,
    "test_char_acc": 0.9904266666666667,
    "test_edit_distance": 0.0478,
    "test_clean_accuracy": 0.9535333333333333,
    "test_robustness_drop": null,
    "test_restoration_gain": null,
    "test_position_1_acc": 0.9918666666666667,
    "test_position_2_acc": 0.988,
    "test_position_3_acc": 0.9904,
    "test_position_4_acc": 0.9902,
    "test_position_5_acc": 0.9916666666666667
}