{
    "epoch": 59,
    "train_loss": 0.025723378538777722,
    "pretrain_loss": null,
    "finetune_loss": 0.0018155691678769213,
    "pseudo_label_count": 20615,
    "pseudo_label_accept_rate": 0.9816666666666667,
    "mean_pseudo_confidence": 0.9989679341636581,
    "consistency_loss": 0.023907809370900802,
    "encoder_stage": "consistency",
    "stn_status": "disabled",
    "stn_regularization_loss": 0.0,
    "val_loss": 0.19474222864088742,
    "val_seq_acc": 0.9536,
    "val_char_acc": 0.9905333333333334,
    "val_edit_distance": 0.04733333333333333,
    "val_clean_accuracy": 0.9536,
    "val_robustness_drop": null,
    "val_restoration_gain": null,
    "val_position_1_acc": 0.991,
    "val_position_2_acc": 0.9895333333333334,
    "val_position_3_acc": 0.99,
    "val_position_4_acc": 0.9903333333333333,
    "val_position_5_acc": 0.9918,
    "test_loss": 0.18986673505231863,
    "test_seq_acc": 0.9542,
    "test_char_acc": 0.9905733333333333,
    "test_edit_distance": 0.046933333333333334,
    "test_clean_accuracy": 0.9542,
    "test_robustness_drop": null,
    "test_restoration_gain": null,
    "test_position_1_acc": 0.9919333333333333,
    "test_position_2_acc": 0.9886,
    "test_position_3_acc": 0.9907333333333334,
    "test_position_4_acc": 0.9897333333333334,
    "test_position_5_acc": 0.9918666666666667
}