{
    "epoch": 71,
    "train_loss": 0.021309862263370803,
    "pretrain_loss": null,
    "finetune_loss": 0.001408323995816061,
    "pseudo_label_count": 20795,
    "pseudo_label_accept_rate": 0.9902380952380953,
    "mean_pseudo_confidence": 0.9993071612270729,
    "consistency_loss": 0.019901538267554742,
    "encoder_stage": "consistency",
    "stn_status": "disabled",
    "stn_regularization_loss": 0.0,
    "val_loss": 0.210648761122324,
    "val_seq_acc": 0.9532,
    "val_char_acc": 0.99048,
    "val_edit_distance": 0.0476,
    "val_clean_accuracy": 0.9532,
    "val_robustness_drop": null,
    "val_restoration_gain": null,
    "val_position_1_acc": 0.9903333333333333,
    "val_position_2_acc": 0.9894,
    "val_position_3_acc": 0.9899333333333333,
    "val_position_4_acc": 0.9906,
    "val_position_5_acc": 0.9921333333333333,
    "test_loss": 0.21031312446228842,
    "test_seq_acc": 0.9539333333333333,
    "test_char_acc": 0.9905466666666667,
    "test_edit_distance": 0.04713333333333333,
    "test_clean_accuracy": 0.9539333333333333,
    "test_robustness_drop": null,
    "test_restoration_gain": null,
    "test_position_1_acc": 0.9914,
    "test_position_2_acc": 0.9884,
    "test_position_3_acc": 0.9908,
    "test_position_4_acc": 0.9903333333333333,
    "test_position_5_acc": 0.9918
}