{
    "epoch": 155,
    "train_loss": 0.013236584794736423,
    "pretrain_loss": null,
    "finetune_loss": 0.00040761559265105194,
    "pseudo_label_count": 20947,
    "pseudo_label_accept_rate": 0.9974761904761905,
    "mean_pseudo_confidence": 0.9997534156386286,
    "consistency_loss": 0.012828969202085372,
    "encoder_stage": "consistency",
    "stn_status": "disabled",
    "stn_regularization_loss": 0.0,
    "val_loss": 0.23928247540047362,
    "val_seq_acc": 0.9532666666666667,
    "val_char_acc": 0.9904666666666667,
    "val_edit_distance": 0.0476,
    "val_clean_accuracy": 0.9532666666666667,
    "val_robustness_drop": null,
    "val_restoration_gain": null,
    "val_position_1_acc": 0.9903333333333333,
    "val_position_2_acc": 0.9892,
    "val_position_3_acc": 0.9898,
    "val_position_4_acc": 0.9906666666666667,
    "val_position_5_acc": 0.9923333333333333,
    "test_loss": 0.2528520555408874,
    "test_seq_acc": 0.9526666666666667,
    "test_char_acc": 0.9902266666666667,
    "test_edit_distance": 0.04873333333333333,
    "test_clean_accuracy": 0.9526666666666667,
    "test_robustness_drop": null,
    "test_restoration_gain": null,
    "test_position_1_acc": 0.9916666666666667,
    "test_position_2_acc": 0.9877333333333334,
    "test_position_3_acc": 0.9902,
    "test_position_4_acc": 0.9901333333333333,
    "test_position_5_acc": 0.9914
}