{
    "epoch": 146,
    "train_loss": 0.0088956287885937,
    "pretrain_loss": null,
    "finetune_loss": 0.00012589406415582807,
    "pseudo_label_count": 20960,
    "pseudo_label_accept_rate": 0.9980952380952381,
    "mean_pseudo_confidence": 0.9997877374632668,
    "consistency_loss": 0.008769734724437872,
    "encoder_stage": "consistency",
    "stn_status": "disabled",
    "stn_regularization_loss": 0.0,
    "val_loss": 0.23953099453554272,
    "val_seq_acc": 0.9522666666666667,
    "val_char_acc": 0.99028,
    "val_edit_distance": 0.04853333333333333,
    "val_clean_accuracy": 0.9522666666666667,
    "val_robustness_drop": null,
    "val_restoration_gain": null,
    "val_position_1_acc": 0.9904,
    "val_position_2_acc": 0.9889333333333333,
    "val_position_3_acc": 0.9896,
    "val_position_4_acc": 0.9905333333333334,
    "val_position_5_acc": 0.9919333333333333,
    "test_loss": 0.24978917861788316,
    "test_seq_acc": 0.9527333333333333,
    "test_char_acc": 0.9902533333333333,
    "test_edit_distance": 0.0486,
    "test_clean_accuracy": 0.9527333333333333,
    "test_robustness_drop": null,
    "test_restoration_gain": null,
    "test_position_1_acc": 0.9915333333333334,
    "test_position_2_acc": 0.9875333333333334,
    "test_position_3_acc": 0.9904666666666667,
    "test_position_4_acc": 0.9903333333333333,
    "test_position_5_acc": 0.9914
}