{
    "epoch": 126,
    "train_loss": 0.011299897084573164,
    "pretrain_loss": null,
    "finetune_loss": 0.00019797338613150302,
    "pseudo_label_count": 20958,
    "pseudo_label_accept_rate": 0.998,
    "mean_pseudo_confidence": 0.9997833653799575,
    "consistency_loss": 0.011101923698441662,
    "encoder_stage": "consistency",
    "stn_status": "disabled",
    "stn_regularization_loss": 0.0,
    "val_loss": 0.23172705873631516,
    "val_seq_acc": 0.9538666666666666,
    "val_char_acc": 0.99064,
    "val_edit_distance": 0.046733333333333335,
    "val_clean_accuracy": 0.9538666666666666,
    "val_robustness_drop": null,
    "val_restoration_gain": null,
    "val_position_1_acc": 0.9906,
    "val_position_2_acc": 0.9891333333333333,
    "val_position_3_acc": 0.9900666666666667,
    "val_position_4_acc": 0.9907333333333334,
    "val_position_5_acc": 0.9926666666666667,
    "test_loss": 0.2422272464639428,
    "test_seq_acc": 0.9533333333333334,
    "test_char_acc": 0.99044,
    "test_edit_distance": 0.047733333333333336,
    "test_clean_accuracy": 0.9533333333333334,
    "test_robustness_drop": null,
    "test_restoration_gain": null,
    "test_position_1_acc": 0.9916666666666667,
    "test_position_2_acc": 0.9878666666666667,
    "test_position_3_acc": 0.9906666666666667,
    "test_position_4_acc": 0.9901333333333333,
    "test_position_5_acc": 0.9918666666666667
}