{
    "epoch": 69,
    "train_loss": 0.018722178941659028,
    "pretrain_loss": null,
    "finetune_loss": 0.001126959141079086,
    "pseudo_label_count": 20772,
    "pseudo_label_accept_rate": 0.9891428571428571,
    "mean_pseudo_confidence": 0.9992259345990303,
    "consistency_loss": 0.01759521980057994,
    "encoder_stage": "consistency",
    "stn_status": "disabled",
    "stn_regularization_loss": 0.0,
    "val_loss": 0.20584677624828282,
    "val_seq_acc": 0.9524,
    "val_char_acc": 0.9903333333333333,
    "val_edit_distance": 0.04833333333333333,
    "val_clean_accuracy": 0.9524,
    "val_robustness_drop": null,
    "val_restoration_gain": null,
    "val_position_1_acc": 0.9906,
    "val_position_2_acc": 0.9888666666666667,
    "val_position_3_acc": 0.9904,
    "val_position_4_acc": 0.9896,
    "val_position_5_acc": 0.9922,
    "test_loss": 0.2112061739047157,
    "test_seq_acc": 0.9508,
    "test_char_acc": 0.9899066666666667,
    "test_edit_distance": 0.05026666666666667,
    "test_clean_accuracy": 0.9508,
    "test_robustness_drop": null,
    "test_restoration_gain": null,
    "test_position_1_acc": 0.9912,
    "test_position_2_acc": 0.9871333333333333,
    "test_position_3_acc": 0.9908,
    "test_position_4_acc": 0.9894,
    "test_position_5_acc": 0.991
}