{
    "epoch": 81,
    "train_loss": 0.015706427024432833,
    "pretrain_loss": null,
    "finetune_loss": 0.000822089121442327,
    "pseudo_label_count": 20855,
    "pseudo_label_accept_rate": 0.9930952380952381,
    "mean_pseudo_confidence": 0.999480226050747,
    "consistency_loss": 0.014884337902990506,
    "encoder_stage": "consistency",
    "stn_status": "disabled",
    "stn_regularization_loss": 0.0,
    "val_loss": 0.21076548105722512,
    "val_seq_acc": 0.9523333333333334,
    "val_char_acc": 0.9903466666666667,
    "val_edit_distance": 0.048266666666666666,
    "val_clean_accuracy": 0.9523333333333334,
    "val_robustness_drop": null,
    "val_restoration_gain": null,
    "val_position_1_acc": 0.9902666666666666,
    "val_position_2_acc": 0.9892,
    "val_position_3_acc": 0.9894666666666667,
    "val_position_4_acc": 0.9907333333333334,
    "val_position_5_acc": 0.9920666666666667,
    "test_loss": 0.21552791161477527,
    "test_seq_acc": 0.9518666666666666,
    "test_char_acc": 0.99012,
    "test_edit_distance": 0.0492,
    "test_clean_accuracy": 0.9518666666666666,
    "test_robustness_drop": null,
    "test_restoration_gain": null,
    "test_position_1_acc": 0.9914666666666667,
    "test_position_2_acc": 0.9878666666666667,
    "test_position_3_acc": 0.9899333333333333,
    "test_position_4_acc": 0.9898666666666667,
    "test_position_5_acc": 0.9914666666666667
}