{
    "epoch": 1,
    "train_loss": 8.49208356783651,
    "pretrain_loss": null,
    "finetune_loss": 7.852862088393916,
    "pseudo_label_count": 2321,
    "pseudo_label_accept_rate": 0.11052380952380952,
    "mean_pseudo_confidence": 0.9963356378724584,
    "consistency_loss": 0.6392214794425934,
    "encoder_stage": "consistency",
    "stn_status": "disabled",
    "stn_regularization_loss": 0.0,
    "val_loss": 115.2456200782289,
    "val_seq_acc": 0.0,
    "val_char_acc": 0.027226666666666666,
    "val_edit_distance": 4.862466666666666,
    "val_clean_accuracy": 0.0,
    "val_robustness_drop": null,
    "val_restoration_gain": null,
    "val_position_1_acc": 0.026733333333333335,
    "val_position_2_acc": 0.027666666666666666,
    "val_position_3_acc": 0.028933333333333332,
    "val_position_4_acc": 0.024666666666666667,
    "val_position_5_acc": 0.028133333333333333,
    "test_loss": 115.22795799742353,
    "test_seq_acc": 0.0,
    "test_char_acc": 0.02708,
    "test_edit_distance": 4.862733333333333,
    "test_clean_accuracy": 0.0,
    "test_robustness_drop": null,
    "test_restoration_gain": null,
    "test_position_1_acc": 0.026866666666666667,
    "test_position_2_acc": 0.0266,
    "test_position_3_acc": 0.0282,
    "test_position_4_acc": 0.0258,
    "test_position_5_acc": 0.027933333333333334
}