{
    "epoch": 101,
    "train_loss": 0.013783987074735066,
    "pretrain_loss": null,
    "finetune_loss": 0.0003902871524661295,
    "pseudo_label_count": 20933,
    "pseudo_label_accept_rate": 0.9968095238095238,
    "mean_pseudo_confidence": 0.99971358449097,
    "consistency_loss": 0.013393699922268937,
    "encoder_stage": "consistency",
    "stn_status": "disabled",
    "stn_regularization_loss": 0.0,
    "val_loss": 0.23421803851255235,
    "val_seq_acc": 0.9521333333333334,
    "val_char_acc": 0.9902266666666667,
    "val_edit_distance": 0.0488,
    "val_clean_accuracy": 0.9521333333333334,
    "val_robustness_drop": null,
    "val_restoration_gain": null,
    "val_position_1_acc": 0.9895333333333334,
    "val_position_2_acc": 0.9892666666666666,
    "val_position_3_acc": 0.9898,
    "val_position_4_acc": 0.9902,
    "val_position_5_acc": 0.9923333333333333,
    "test_loss": 0.2453154128806497,
    "test_seq_acc": 0.9518666666666666,
    "test_char_acc": 0.9900933333333334,
    "test_edit_distance": 0.04933333333333333,
    "test_clean_accuracy": 0.9518666666666666,
    "test_robustness_drop": null,
    "test_restoration_gain": null,
    "test_position_1_acc": 0.9915333333333334,
    "test_position_2_acc": 0.9876,
    "test_position_3_acc": 0.9901333333333333,
    "test_position_4_acc": 0.9895333333333334,
    "test_position_5_acc": 0.9916666666666667
}