{
    "epoch": 28,
    "train_loss": 0.11841198197169023,
    "pretrain_loss": null,
    "finetune_loss": 0.06561487609783173,
    "pseudo_label_count": 19997,
    "pseudo_label_accept_rate": 0.9522380952380952,
    "mean_pseudo_confidence": 0.9971487571366067,
    "consistency_loss": 0.052797105873858496,
    "encoder_stage": "consistency",
    "stn_status": "disabled",
    "stn_regularization_loss": 0.0,
    "val_loss": 0.8947409951306404,
    "val_seq_acc": 0.8720666666666667,
    "val_char_acc": 0.9731333333333333,
    "val_edit_distance": 0.13433333333333333,
    "val_clean_accuracy": 0.8720666666666667,
    "val_robustness_drop": null,
    "val_restoration_gain": null,
    "val_position_1_acc": 0.9786666666666667,
    "val_position_2_acc": 0.9702666666666667,
    "val_position_3_acc": 0.972,
    "val_position_4_acc": 0.9706666666666667,
    "val_position_5_acc": 0.9740666666666666,
    "test_loss": 0.922391902068828,
    "test_seq_acc": 0.8701333333333333,
    "test_char_acc": 0.9723066666666667,
    "test_edit_distance": 0.13833333333333334,
    "test_clean_accuracy": 0.8701333333333333,
    "test_robustness_drop": null,
    "test_restoration_gain": null,
    "test_position_1_acc": 0.9819333333333333,
    "test_position_2_acc": 0.9679333333333333,
    "test_position_3_acc": 0.9690666666666666,
    "test_position_4_acc": 0.9702,
    "test_position_5_acc": 0.9724
}