{
    "epoch": 68,
    "train_loss": 0.020894913128499684,
    "pretrain_loss": null,
    "finetune_loss": 0.0015790978000052797,
    "pseudo_label_count": 20764,
    "pseudo_label_accept_rate": 0.9887619047619047,
    "mean_pseudo_confidence": 0.9991807448016589,
    "consistency_loss": 0.019315815328494405,
    "encoder_stage": "consistency",
    "stn_status": "disabled",
    "stn_regularization_loss": 0.0,
    "val_loss": 0.19605169726530725,
    "val_seq_acc": 0.9518,
    "val_char_acc": 0.9902133333333333,
    "val_edit_distance": 0.048933333333333336,
    "val_clean_accuracy": 0.9518,
    "val_robustness_drop": null,
    "val_restoration_gain": null,
    "val_position_1_acc": 0.9902666666666666,
    "val_position_2_acc": 0.9886,
    "val_position_3_acc": 0.9902,
    "val_position_4_acc": 0.9895333333333334,
    "val_position_5_acc": 0.9924666666666667,
    "test_loss": 0.19730650170785474,
    "test_seq_acc": 0.9521333333333334,
    "test_char_acc": 0.9901466666666666,
    "test_edit_distance": 0.04906666666666667,
    "test_clean_accuracy": 0.9521333333333334,
    "test_robustness_drop": null,
    "test_restoration_gain": null,
    "test_position_1_acc": 0.9912,
    "test_position_2_acc": 0.9875333333333334,
    "test_position_3_acc": 0.9905333333333334,
    "test_position_4_acc": 0.9900666666666667,
    "test_position_5_acc": 0.9914
}