{
    "epoch": 31,
    "train_loss": 0.1142605303032192,
    "pretrain_loss": null,
    "finetune_loss": 0.06012785654969747,
    "pseudo_label_count": 19762,
    "pseudo_label_accept_rate": 0.941047619047619,
    "mean_pseudo_confidence": 0.9969283431518079,
    "consistency_loss": 0.05413267375352172,
    "encoder_stage": "consistency",
    "stn_status": "disabled",
    "stn_regularization_loss": 0.0,
    "val_loss": 0.5505754079590452,
    "val_seq_acc": 0.8908,
    "val_char_acc": 0.9771066666666667,
    "val_edit_distance": 0.1142,
    "val_clean_accuracy": 0.8908,
    "val_robustness_drop": null,
    "val_restoration_gain": null,
    "val_position_1_acc": 0.9796,
    "val_position_2_acc": 0.9755333333333334,
    "val_position_3_acc": 0.9762,
    "val_position_4_acc": 0.9754666666666667,
    "val_position_5_acc": 0.9787333333333333,
    "test_loss": 0.5625646451369245,
    "test_seq_acc": 0.8858666666666667,
    "test_char_acc": 0.9758266666666666,
    "test_edit_distance": 0.12073333333333333,
    "test_clean_accuracy": 0.8858666666666667,
    "test_robustness_drop": null,
    "test_restoration_gain": null,
    "test_position_1_acc": 0.9808666666666667,
    "test_position_2_acc": 0.9736666666666667,
    "test_position_3_acc": 0.9720666666666666,
    "test_position_4_acc": 0.9743333333333334,
    "test_position_5_acc": 0.9782
}