{
    "epoch": 113,
    "train_loss": 0.011375543357688419,
    "pretrain_loss": null,
    "finetune_loss": 0.00023615848433071937,
    "pseudo_label_count": 20945,
    "pseudo_label_accept_rate": 0.9973809523809524,
    "mean_pseudo_confidence": 0.9997801910240117,
    "consistency_loss": 0.011139384873357699,
    "encoder_stage": "consistency",
    "stn_status": "disabled",
    "stn_regularization_loss": 0.0,
    "val_loss": 0.23892548159161148,
    "val_seq_acc": 0.9537333333333333,
    "val_char_acc": 0.9905733333333333,
    "val_edit_distance": 0.047066666666666666,
    "val_clean_accuracy": 0.9537333333333333,
    "val_robustness_drop": null,
    "val_restoration_gain": null,
    "val_position_1_acc": 0.9904,
    "val_position_2_acc": 0.9891333333333333,
    "val_position_3_acc": 0.9905333333333334,
    "val_position_4_acc": 0.9904,
    "val_position_5_acc": 0.9924,
    "test_loss": 0.2451951625818223,
    "test_seq_acc": 0.9538,
    "test_char_acc": 0.99048,
    "test_edit_distance": 0.047466666666666664,
    "test_clean_accuracy": 0.9538,
    "test_robustness_drop": null,
    "test_restoration_gain": null,
    "test_position_1_acc": 0.9919333333333333,
    "test_position_2_acc": 0.9877333333333334,
    "test_position_3_acc": 0.9908,
    "test_position_4_acc": 0.9900666666666667,
    "test_position_5_acc": 0.9918666666666667
}