{
    "epoch": 131,
    "train_loss": 0.009730499134949512,
    "pretrain_loss": null,
    "finetune_loss": 0.00017583275217599085,
    "pseudo_label_count": 20963,
    "pseudo_label_accept_rate": 0.9982380952380953,
    "mean_pseudo_confidence": 0.9997701814587162,
    "consistency_loss": 0.009554666382773521,
    "encoder_stage": "consistency",
    "stn_status": "disabled",
    "stn_regularization_loss": 0.0,
    "val_loss": 0.22927079522682534,
    "val_seq_acc": 0.9532666666666667,
    "val_char_acc": 0.9904533333333333,
    "val_edit_distance": 0.04766666666666667,
    "val_clean_accuracy": 0.9532666666666667,
    "val_robustness_drop": null,
    "val_restoration_gain": null,
    "val_position_1_acc": 0.99,
    "val_position_2_acc": 0.9894,
    "val_position_3_acc": 0.9897333333333334,
    "val_position_4_acc": 0.9906,
    "val_position_5_acc": 0.9925333333333334,
    "test_loss": 0.23916472301445654,
    "test_seq_acc": 0.9527333333333333,
    "test_char_acc": 0.9902533333333333,
    "test_edit_distance": 0.04853333333333333,
    "test_clean_accuracy": 0.9527333333333333,
    "test_robustness_drop": null,
    "test_restoration_gain": null,
    "test_position_1_acc": 0.9912666666666666,
    "test_position_2_acc": 0.9876,
    "test_position_3_acc": 0.9906666666666667,
    "test_position_4_acc": 0.9900666666666667,
    "test_position_5_acc": 0.9916666666666667
}