{
    "epoch": 14,
    "train_loss": 0.235716152088372,
    "pretrain_loss": null,
    "finetune_loss": 0.1666789232600023,
    "pseudo_label_count": 19627,
    "pseudo_label_accept_rate": 0.9346190476190476,
    "mean_pseudo_confidence": 0.995839636391554,
    "consistency_loss": 0.06903722882836967,
    "encoder_stage": "consistency",
    "stn_status": "disabled",
    "stn_regularization_loss": 0.0,
    "val_loss": 1.0162870636011692,
    "val_seq_acc": 0.8601333333333333,
    "val_char_acc": 0.97036,
    "val_edit_distance": 0.1482,
    "val_clean_accuracy": 0.8601333333333333,
    "val_robustness_drop": null,
    "val_restoration_gain": null,
    "val_position_1_acc": 0.9714,
    "val_position_2_acc": 0.9684666666666667,
    "val_position_3_acc": 0.9708,
    "val_position_4_acc": 0.9684666666666667,
    "val_position_5_acc": 0.9726666666666667,
    "test_loss": 1.053651693970599,
    "test_seq_acc": 0.8552666666666666,
    "test_char_acc": 0.9689733333333334,
    "test_edit_distance": 0.15506666666666666,
    "test_clean_accuracy": 0.8552666666666666,
    "test_robustness_drop": null,
    "test_restoration_gain": null,
    "test_position_1_acc": 0.9734,
    "test_position_2_acc": 0.9654,
    "test_position_3_acc": 0.9665333333333334,
    "test_position_4_acc": 0.9687333333333333,
    "test_position_5_acc": 0.9708
}