{
    "epoch": 22,
    "train_loss": 0.15876904171493209,
    "pretrain_loss": null,
    "finetune_loss": 0.10127835245815157,
    "pseudo_label_count": 19516,
    "pseudo_label_accept_rate": 0.9293333333333333,
    "mean_pseudo_confidence": 0.9962438549216494,
    "consistency_loss": 0.057490689256780504,
    "encoder_stage": "consistency",
    "stn_status": "disabled",
    "stn_regularization_loss": 0.0,
    "val_loss": 0.4349831002506804,
    "val_seq_acc": 0.8971333333333333,
    "val_char_acc": 0.97868,
    "val_edit_distance": 0.1066,
    "val_clean_accuracy": 0.8971333333333333,
    "val_robustness_drop": null,
    "val_restoration_gain": null,
    "val_position_1_acc": 0.9820666666666666,
    "val_position_2_acc": 0.9686666666666667,
    "val_position_3_acc": 0.9748,
    "val_position_4_acc": 0.9836,
    "val_position_5_acc": 0.9842666666666666,
    "test_loss": 0.4503538538166817,
    "test_seq_acc": 0.8922666666666667,
    "test_char_acc": 0.9774,
    "test_edit_distance": 0.11286666666666667,
    "test_clean_accuracy": 0.8922666666666667,
    "test_robustness_drop": null,
    "test_restoration_gain": null,
    "test_position_1_acc": 0.9836,
    "test_position_2_acc": 0.967,
    "test_position_3_acc": 0.9716,
    "test_position_4_acc": 0.9812,
    "test_position_5_acc": 0.9836
}