{
    "epoch": 94,
    "train_loss": 0.013009626528440489,
    "pretrain_loss": null,
    "finetune_loss": 0.0005484528743233969,
    "pseudo_label_count": 20920,
    "pseudo_label_accept_rate": 0.9961904761904762,
    "mean_pseudo_confidence": 0.9996118759333973,
    "consistency_loss": 0.012461173654117093,
    "encoder_stage": "consistency",
    "stn_status": "disabled",
    "stn_regularization_loss": 0.0,
    "val_loss": 0.2404324989277929,
    "val_seq_acc": 0.9492,
    "val_char_acc": 0.9896533333333334,
    "val_edit_distance": 0.051666666666666666,
    "val_clean_accuracy": 0.9492,
    "val_robustness_drop": null,
    "val_restoration_gain": null,
    "val_position_1_acc": 0.9899333333333333,
    "val_position_2_acc": 0.9883333333333333,
    "val_position_3_acc": 0.9894666666666667,
    "val_position_4_acc": 0.9891333333333333,
    "val_position_5_acc": 0.9914,
    "test_loss": 0.24785526564067348,
    "test_seq_acc": 0.9498666666666666,
    "test_char_acc": 0.9896533333333334,
    "test_edit_distance": 0.05146666666666667,
    "test_clean_accuracy": 0.9498666666666666,
    "test_robustness_drop": null,
    "test_restoration_gain": null,
    "test_position_1_acc": 0.9910666666666667,
    "test_position_2_acc": 0.9866666666666667,
    "test_position_3_acc": 0.9903333333333333,
    "test_position_4_acc": 0.989,
    "test_position_5_acc": 0.9912
}