{
    "epoch": 137,
    "train_loss": 0.010490973743512879,
    "pretrain_loss": null,
    "finetune_loss": 0.00014413486548308323,
    "pseudo_label_count": 20970,
    "pseudo_label_accept_rate": 0.9985714285714286,
    "mean_pseudo_confidence": 0.9997753508044358,
    "consistency_loss": 0.010346838878029795,
    "encoder_stage": "consistency",
    "stn_status": "disabled",
    "stn_regularization_loss": 0.0,
    "val_loss": 0.24198988818196937,
    "val_seq_acc": 0.9512666666666667,
    "val_char_acc": 0.9900666666666667,
    "val_edit_distance": 0.0496,
    "val_clean_accuracy": 0.9512666666666667,
    "val_robustness_drop": null,
    "val_restoration_gain": null,
    "val_position_1_acc": 0.9898666666666667,
    "val_position_2_acc": 0.9888666666666667,
    "val_position_3_acc": 0.9895333333333334,
    "val_position_4_acc": 0.9902666666666666,
    "val_position_5_acc": 0.9918,
    "test_loss": 0.25062441524375784,
    "test_seq_acc": 0.9513333333333334,
    "test_char_acc": 0.9899866666666667,
    "test_edit_distance": 0.049933333333333337,
    "test_clean_accuracy": 0.9513333333333334,
    "test_robustness_drop": null,
    "test_restoration_gain": null,
    "test_position_1_acc": 0.9912,
    "test_position_2_acc": 0.9874,
    "test_position_3_acc": 0.9901333333333333,
    "test_position_4_acc": 0.9901333333333333,
    "test_position_5_acc": 0.9910666666666667
}