{
    "epoch": 156,
    "train_loss": 0.01215209294628095,
    "pretrain_loss": null,
    "finetune_loss": 0.0004761772975381151,
    "pseudo_label_count": 20944,
    "pseudo_label_accept_rate": 0.9973333333333333,
    "mean_pseudo_confidence": 0.9997483905806078,
    "consistency_loss": 0.011675915648742834,
    "encoder_stage": "consistency",
    "stn_status": "disabled",
    "stn_regularization_loss": 0.0,
    "val_loss": 0.24606774968074066,
    "val_seq_acc": 0.9533333333333334,
    "val_char_acc": 0.99048,
    "val_edit_distance": 0.04753333333333333,
    "val_clean_accuracy": 0.9533333333333334,
    "val_robustness_drop": null,
    "val_restoration_gain": null,
    "val_position_1_acc": 0.9905333333333334,
    "val_position_2_acc": 0.989,
    "val_position_3_acc": 0.9898,
    "val_position_4_acc": 0.9908,
    "val_position_5_acc": 0.9922666666666666,
    "test_loss": 0.2553146672762988,
    "test_seq_acc": 0.9520666666666666,
    "test_char_acc": 0.9901333333333333,
    "test_edit_distance": 0.0492,
    "test_clean_accuracy": 0.9520666666666666,
    "test_robustness_drop": null,
    "test_restoration_gain": null,
    "test_position_1_acc": 0.9917333333333334,
    "test_position_2_acc": 0.9874666666666667,
    "test_position_3_acc": 0.9902,
    "test_position_4_acc": 0.99,
    "test_position_5_acc": 0.9912666666666666
}