{
    "epoch": 67,
    "train_loss": 0.019967444222927976,
    "pretrain_loss": null,
    "finetune_loss": 0.0011319257667668585,
    "pseudo_label_count": 20727,
    "pseudo_label_accept_rate": 0.987,
    "mean_pseudo_confidence": 0.999174350950729,
    "consistency_loss": 0.01883551845616112,
    "encoder_stage": "consistency",
    "stn_status": "disabled",
    "stn_regularization_loss": 0.0,
    "val_loss": 0.2022971545670558,
    "val_seq_acc": 0.9514666666666667,
    "val_char_acc": 0.9900666666666667,
    "val_edit_distance": 0.0496,
    "val_clean_accuracy": 0.9514666666666667,
    "val_robustness_drop": null,
    "val_restoration_gain": null,
    "val_position_1_acc": 0.9906,
    "val_position_2_acc": 0.9886,
    "val_position_3_acc": 0.9898,
    "val_position_4_acc": 0.9897333333333334,
    "val_position_5_acc": 0.9916,
    "test_loss": 0.20359136174740072,
    "test_seq_acc": 0.9504,
    "test_char_acc": 0.9898133333333333,
    "test_edit_distance": 0.05073333333333333,
    "test_clean_accuracy": 0.9504,
    "test_robustness_drop": null,
    "test_restoration_gain": null,
    "test_position_1_acc": 0.9911333333333333,
    "test_position_2_acc": 0.9875333333333334,
    "test_position_3_acc": 0.9901333333333333,
    "test_position_4_acc": 0.9894,
    "test_position_5_acc": 0.9908666666666667
}