{
    "epoch": 19,
    "train_loss": 0.17534715337656173,
    "pretrain_loss": null,
    "finetune_loss": 0.11665066552175787,
    "pseudo_label_count": 20026,
    "pseudo_label_accept_rate": 0.9536190476190476,
    "mean_pseudo_confidence": 0.9965069921869362,
    "consistency_loss": 0.05869648785480386,
    "encoder_stage": "consistency",
    "stn_status": "disabled",
    "stn_regularization_loss": 0.0,
    "val_loss": 1.3467549085617065,
    "val_seq_acc": 0.8361333333333333,
    "val_char_acc": 0.9649866666666667,
    "val_edit_distance": 0.17493333333333333,
    "val_clean_accuracy": 0.8361333333333333,
    "val_robustness_drop": null,
    "val_restoration_gain": null,
    "val_position_1_acc": 0.9709333333333333,
    "val_position_2_acc": 0.9672,
    "val_position_3_acc": 0.9691333333333333,
    "val_position_4_acc": 0.9449333333333333,
    "val_position_5_acc": 0.9727333333333333,
    "test_loss": 1.4085027803765966,
    "test_seq_acc": 0.8280666666666666,
    "test_char_acc": 0.96276,
    "test_edit_distance": 0.18613333333333335,
    "test_clean_accuracy": 0.8280666666666666,
    "test_robustness_drop": null,
    "test_restoration_gain": null,
    "test_position_1_acc": 0.9728,
    "test_position_2_acc": 0.9654,
    "test_position_3_acc": 0.9661333333333333,
    "test_position_4_acc": 0.9388,
    "test_position_5_acc": 0.9706666666666667
}