{
    "epoch": 100,
    "train_loss": 0.013332595849601463,
    "pretrain_loss": null,
    "finetune_loss": 0.0003495591596889692,
    "pseudo_label_count": 20936,
    "pseudo_label_accept_rate": 0.9969523809523809,
    "mean_pseudo_confidence": 0.9996908981471194,
    "consistency_loss": 0.012983036689912493,
    "encoder_stage": "consistency",
    "stn_status": "disabled",
    "stn_regularization_loss": 0.0,
    "val_loss": 0.2364110710390997,
    "val_seq_acc": 0.9517333333333333,
    "val_char_acc": 0.9901333333333333,
    "val_edit_distance": 0.04926666666666667,
    "val_clean_accuracy": 0.9517333333333333,
    "val_robustness_drop": null,
    "val_restoration_gain": null,
    "val_position_1_acc": 0.9896,
    "val_position_2_acc": 0.9888666666666667,
    "val_position_3_acc": 0.9898666666666667,
    "val_position_4_acc": 0.99,
    "val_position_5_acc": 0.9923333333333333,
    "test_loss": 0.2488331535653994,
    "test_seq_acc": 0.9506,
    "test_char_acc": 0.98984,
    "test_edit_distance": 0.050666666666666665,
    "test_clean_accuracy": 0.9506,
    "test_robustness_drop": null,
    "test_restoration_gain": null,
    "test_position_1_acc": 0.9910666666666667,
    "test_position_2_acc": 0.9870666666666666,
    "test_position_3_acc": 0.9902666666666666,
    "test_position_4_acc": 0.9893333333333333,
    "test_position_5_acc": 0.9914666666666667
}