{
    "epoch": 114,
    "train_loss": 0.013246105106808242,
    "pretrain_loss": null,
    "finetune_loss": 0.0001943953204469928,
    "pseudo_label_count": 20957,
    "pseudo_label_accept_rate": 0.9979523809523809,
    "mean_pseudo_confidence": 0.9997651093378261,
    "consistency_loss": 0.013051709786361249,
    "encoder_stage": "consistency",
    "stn_status": "disabled",
    "stn_regularization_loss": 0.0,
    "val_loss": 0.22905183184825062,
    "val_seq_acc": 0.9541333333333334,
    "val_char_acc": 0.99068,
    "val_edit_distance": 0.046533333333333336,
    "val_clean_accuracy": 0.9541333333333334,
    "val_robustness_drop": null,
    "val_restoration_gain": null,
    "val_position_1_acc": 0.9905333333333334,
    "val_position_2_acc": 0.9895333333333334,
    "val_position_3_acc": 0.9902666666666666,
    "val_position_4_acc": 0.9905333333333334,
    "val_position_5_acc": 0.9925333333333334,
    "test_loss": 0.24224012090026975,
    "test_seq_acc": 0.9528,
    "test_char_acc": 0.9902933333333334,
    "test_edit_distance": 0.0484,
    "test_clean_accuracy": 0.9528,
    "test_robustness_drop": null,
    "test_restoration_gain": null,
    "test_position_1_acc": 0.9913333333333333,
    "test_position_2_acc": 0.9881333333333333,
    "test_position_3_acc": 0.9900666666666667,
    "test_position_4_acc": 0.9900666666666667,
    "test_position_5_acc": 0.9918666666666667
}