{
    "epoch": 78,
    "train_loss": 0.0164843313136481,
    "pretrain_loss": null,
    "finetune_loss": 0.0011313444525612485,
    "pseudo_label_count": 20834,
    "pseudo_label_accept_rate": 0.9920952380952381,
    "mean_pseudo_confidence": 0.9994063036586223,
    "consistency_loss": 0.01535298686108685,
    "encoder_stage": "consistency",
    "stn_status": "disabled",
    "stn_regularization_loss": 0.0,
    "val_loss": 0.21083793206068568,
    "val_seq_acc": 0.9522,
    "val_char_acc": 0.99032,
    "val_edit_distance": 0.0484,
    "val_clean_accuracy": 0.9522,
    "val_robustness_drop": null,
    "val_restoration_gain": null,
    "val_position_1_acc": 0.9900666666666667,
    "val_position_2_acc": 0.9892,
    "val_position_3_acc": 0.9896666666666667,
    "val_position_4_acc": 0.9906,
    "val_position_5_acc": 0.9920666666666667,
    "test_loss": 0.21923458089586348,
    "test_seq_acc": 0.9526,
    "test_char_acc": 0.9902533333333333,
    "test_edit_distance": 0.0486,
    "test_clean_accuracy": 0.9526,
    "test_robustness_drop": null,
    "test_restoration_gain": null,
    "test_position_1_acc": 0.9912,
    "test_position_2_acc": 0.9882,
    "test_position_3_acc": 0.9907333333333334,
    "test_position_4_acc": 0.99,
    "test_position_5_acc": 0.9911333333333333
}