{
    "epoch": 109,
    "train_loss": 0.01193428597577158,
    "pretrain_loss": null,
    "finetune_loss": 0.00024097933091220047,
    "pseudo_label_count": 20938,
    "pseudo_label_accept_rate": 0.9970476190476191,
    "mean_pseudo_confidence": 0.9997456021153582,
    "consistency_loss": 0.011693306644859378,
    "encoder_stage": "consistency",
    "stn_status": "disabled",
    "stn_regularization_loss": 0.0,
    "val_loss": 0.23277481750193785,
    "val_seq_acc": 0.9535333333333333,
    "val_char_acc": 0.9905466666666667,
    "val_edit_distance": 0.0472,
    "val_clean_accuracy": 0.9535333333333333,
    "val_robustness_drop": null,
    "val_restoration_gain": null,
    "val_position_1_acc": 0.9904666666666667,
    "val_position_2_acc": 0.9894,
    "val_position_3_acc": 0.9901333333333333,
    "val_position_4_acc": 0.9904666666666667,
    "val_position_5_acc": 0.9922666666666666,
    "test_loss": 0.24333663328521032,
    "test_seq_acc": 0.9524666666666667,
    "test_char_acc": 0.9902133333333333,
    "test_edit_distance": 0.0488,
    "test_clean_accuracy": 0.9524666666666667,
    "test_robustness_drop": null,
    "test_restoration_gain": null,
    "test_position_1_acc": 0.9910666666666667,
    "test_position_2_acc": 0.9882,
    "test_position_3_acc": 0.9905333333333334,
    "test_position_4_acc": 0.9898666666666667,
    "test_position_5_acc": 0.9914
}