{
    "epoch": 161,
    "train_loss": 0.012690488428642375,
    "pretrain_loss": null,
    "finetune_loss": 0.0004780509480873514,
    "pseudo_label_count": 20959,
    "pseudo_label_accept_rate": 0.9980476190476191,
    "mean_pseudo_confidence": 0.9997556763208574,
    "consistency_loss": 0.012212437480555024,
    "encoder_stage": "consistency",
    "stn_status": "disabled",
    "stn_regularization_loss": 0.0,
    "val_loss": 0.2458741648036568,
    "val_seq_acc": 0.9540666666666666,
    "val_char_acc": 0.9906533333333334,
    "val_edit_distance": 0.04666666666666667,
    "val_clean_accuracy": 0.9540666666666666,
    "val_robustness_drop": null,
    "val_restoration_gain": null,
    "val_position_1_acc": 0.9906,
    "val_position_2_acc": 0.9888666666666667,
    "val_position_3_acc": 0.9905333333333334,
    "val_position_4_acc": 0.9906666666666667,
    "val_position_5_acc": 0.9926,
    "test_loss": 0.2552333440416289,
    "test_seq_acc": 0.9532666666666667,
    "test_char_acc": 0.9904266666666667,
    "test_edit_distance": 0.04766666666666667,
    "test_clean_accuracy": 0.9532666666666667,
    "test_robustness_drop": null,
    "test_restoration_gain": null,
    "test_position_1_acc": 0.9917333333333334,
    "test_position_2_acc": 0.9879333333333333,
    "test_position_3_acc": 0.9902666666666666,
    "test_position_4_acc": 0.9906,
    "test_position_5_acc": 0.9916
}