{
    "epoch": 117,
    "train_loss": 0.010402759806052046,
    "pretrain_loss": null,
    "finetune_loss": 0.00021589685197214125,
    "pseudo_label_count": 20951,
    "pseudo_label_accept_rate": 0.9976666666666667,
    "mean_pseudo_confidence": 0.9997771751863007,
    "consistency_loss": 0.010186862954079905,
    "encoder_stage": "consistency",
    "stn_status": "disabled",
    "stn_regularization_loss": 0.0,
    "val_loss": 0.22941798395427696,
    "val_seq_acc": 0.9542,
    "val_char_acc": 0.99068,
    "val_edit_distance": 0.046533333333333336,
    "val_clean_accuracy": 0.9542,
    "val_robustness_drop": null,
    "val_restoration_gain": null,
    "val_position_1_acc": 0.9904666666666667,
    "val_position_2_acc": 0.9894666666666667,
    "val_position_3_acc": 0.9900666666666667,
    "val_position_4_acc": 0.9906666666666667,
    "val_position_5_acc": 0.9927333333333334,
    "test_loss": 0.24044967171168846,
    "test_seq_acc": 0.954,
    "test_char_acc": 0.99056,
    "test_edit_distance": 0.04713333333333333,
    "test_clean_accuracy": 0.954,
    "test_robustness_drop": null,
    "test_restoration_gain": null,
    "test_position_1_acc": 0.9920666666666667,
    "test_position_2_acc": 0.9883333333333333,
    "test_position_3_acc": 0.9904,
    "test_position_4_acc": 0.9904,
    "test_position_5_acc": 0.9916
}