{
    "epoch": 56,
    "train_loss": 0.029899358811253853,
    "pretrain_loss": null,
    "finetune_loss": 0.002386784657393552,
    "pseudo_label_count": 20537,
    "pseudo_label_accept_rate": 0.9779523809523809,
    "mean_pseudo_confidence": 0.9987671111397056,
    "consistency_loss": 0.0275125741538603,
    "encoder_stage": "consistency",
    "stn_status": "disabled",
    "stn_regularization_loss": 0.0,
    "val_loss": 0.2021131447196859,
    "val_seq_acc": 0.9510666666666666,
    "val_char_acc": 0.9900266666666667,
    "val_edit_distance": 0.04986666666666666,
    "val_clean_accuracy": 0.9510666666666666,
    "val_robustness_drop": null,
    "val_restoration_gain": null,
    "val_position_1_acc": 0.9898666666666667,
    "val_position_2_acc": 0.989,
    "val_position_3_acc": 0.9904,
    "val_position_4_acc": 0.9894666666666667,
    "val_position_5_acc": 0.9914,
    "test_loss": 0.19325862421599674,
    "test_seq_acc": 0.9503333333333334,
    "test_char_acc": 0.9897866666666667,
    "test_edit_distance": 0.050866666666666664,
    "test_clean_accuracy": 0.9503333333333334,
    "test_robustness_drop": null,
    "test_restoration_gain": null,
    "test_position_1_acc": 0.9911333333333333,
    "test_position_2_acc": 0.9869333333333333,
    "test_position_3_acc": 0.9898666666666667,
    "test_position_4_acc": 0.9898,
    "test_position_5_acc": 0.9912
}