{
    "epoch": 38,
    "train_loss": 0.09113400484642992,
    "pretrain_loss": null,
    "finetune_loss": 0.043428490177136125,
    "pseudo_label_count": 19906,
    "pseudo_label_accept_rate": 0.9479047619047619,
    "mean_pseudo_confidence": 0.9972241658559818,
    "consistency_loss": 0.047705514669293785,
    "encoder_stage": "consistency",
    "stn_status": "disabled",
    "stn_regularization_loss": 0.0,
    "val_loss": 0.4049205705840537,
    "val_seq_acc": 0.9112666666666667,
    "val_char_acc": 0.9817066666666666,
    "val_edit_distance": 0.09146666666666667,
    "val_clean_accuracy": 0.9112666666666667,
    "val_robustness_drop": null,
    "val_restoration_gain": null,
    "val_position_1_acc": 0.9838666666666667,
    "val_position_2_acc": 0.9765333333333334,
    "val_position_3_acc": 0.981,
    "val_position_4_acc": 0.9814666666666667,
    "val_position_5_acc": 0.9856666666666667,
    "test_loss": 0.41088410087246846,
    "test_seq_acc": 0.9104666666666666,
    "test_char_acc": 0.9814133333333334,
    "test_edit_distance": 0.09293333333333334,
    "test_clean_accuracy": 0.9104666666666666,
    "test_robustness_drop": null,
    "test_restoration_gain": null,
    "test_position_1_acc": 0.9864,
    "test_position_2_acc": 0.9753333333333334,
    "test_position_3_acc": 0.9800666666666666,
    "test_position_4_acc": 0.9800666666666666,
    "test_position_5_acc": 0.9852
}