{
    "epoch": 164,
    "train_loss": 0.014177309171176922,
    "pretrain_loss": null,
    "finetune_loss": 0.0004490609480034633,
    "pseudo_label_count": 20965,
    "pseudo_label_accept_rate": 0.9983333333333333,
    "mean_pseudo_confidence": 0.9997235461461809,
    "consistency_loss": 0.013728248223173459,
    "encoder_stage": "consistency",
    "stn_status": "disabled",
    "stn_regularization_loss": 0.0,
    "val_loss": 0.24247860905394494,
    "val_seq_acc": 0.9536666666666667,
    "val_char_acc": 0.9905466666666667,
    "val_edit_distance": 0.0472,
    "val_clean_accuracy": 0.9536666666666667,
    "val_robustness_drop": null,
    "val_restoration_gain": null,
    "val_position_1_acc": 0.9904666666666667,
    "val_position_2_acc": 0.9891333333333333,
    "val_position_3_acc": 0.9902,
    "val_position_4_acc": 0.9904666666666667,
    "val_position_5_acc": 0.9924666666666667,
    "test_loss": 0.25351871406481896,
    "test_seq_acc": 0.9522,
    "test_char_acc": 0.9901466666666666,
    "test_edit_distance": 0.04906666666666667,
    "test_clean_accuracy": 0.9522,
    "test_robustness_drop": null,
    "test_restoration_gain": null,
    "test_position_1_acc": 0.9915333333333334,
    "test_position_2_acc": 0.9878,
    "test_position_3_acc": 0.9898666666666667,
    "test_position_4_acc": 0.9898,
    "test_position_5_acc": 0.9917333333333334
}