{
    "epoch": 74,
    "train_loss": 0.018723589613350227,
    "pretrain_loss": null,
    "finetune_loss": 0.0009954676477970464,
    "pseudo_label_count": 20820,
    "pseudo_label_accept_rate": 0.9914285714285714,
    "mean_pseudo_confidence": 0.9992955734132003,
    "consistency_loss": 0.017728121965553182,
    "encoder_stage": "consistency",
    "stn_status": "disabled",
    "stn_regularization_loss": 0.0,
    "val_loss": 0.21825066608887048,
    "val_seq_acc": 0.9496,
    "val_char_acc": 0.9897066666666666,
    "val_edit_distance": 0.05146666666666667,
    "val_clean_accuracy": 0.9496,
    "val_robustness_drop": null,
    "val_restoration_gain": null,
    "val_position_1_acc": 0.9898666666666667,
    "val_position_2_acc": 0.9882666666666666,
    "val_position_3_acc": 0.9890666666666666,
    "val_position_4_acc": 0.9897333333333334,
    "val_position_5_acc": 0.9916,
    "test_loss": 0.21550034380498084,
    "test_seq_acc": 0.9484666666666667,
    "test_char_acc": 0.9893866666666666,
    "test_edit_distance": 0.052866666666666666,
    "test_clean_accuracy": 0.9484666666666667,
    "test_robustness_drop": null,
    "test_restoration_gain": null,
    "test_position_1_acc": 0.9908,
    "test_position_2_acc": 0.9866,
    "test_position_3_acc": 0.9900666666666667,
    "test_position_4_acc": 0.9888666666666667,
    "test_position_5_acc": 0.9906
}