{
    "epoch": 142,
    "train_loss": 0.008732917551137413,
    "pretrain_loss": null,
    "finetune_loss": 0.0001327561077154167,
    "pseudo_label_count": 20957,
    "pseudo_label_accept_rate": 0.9979523809523809,
    "mean_pseudo_confidence": 0.999782751243283,
    "consistency_loss": 0.008600161443421997,
    "encoder_stage": "consistency",
    "stn_status": "disabled",
    "stn_regularization_loss": 0.0,
    "val_loss": 0.234767685458931,
    "val_seq_acc": 0.9537333333333333,
    "val_char_acc": 0.9905866666666666,
    "val_edit_distance": 0.047,
    "val_clean_accuracy": 0.9537333333333333,
    "val_robustness_drop": null,
    "val_restoration_gain": null,
    "val_position_1_acc": 0.9905333333333334,
    "val_position_2_acc": 0.9892,
    "val_position_3_acc": 0.9898,
    "val_position_4_acc": 0.9908666666666667,
    "val_position_5_acc": 0.9925333333333334,
    "test_loss": 0.24684276125552332,
    "test_seq_acc": 0.9519333333333333,
    "test_char_acc": 0.99008,
    "test_edit_distance": 0.0494,
    "test_clean_accuracy": 0.9519333333333333,
    "test_robustness_drop": null,
    "test_restoration_gain": null,
    "test_position_1_acc": 0.9916,
    "test_position_2_acc": 0.9875333333333334,
    "test_position_3_acc": 0.9901333333333333,
    "test_position_4_acc": 0.9897333333333334,
    "test_position_5_acc": 0.9914
}