{
    "epoch": 170,
    "train_loss": 0.009487940443413782,
    "pretrain_loss": null,
    "finetune_loss": 0.00042543685750048675,
    "pseudo_label_count": 20944,
    "pseudo_label_accept_rate": 0.9973333333333333,
    "mean_pseudo_confidence": 0.9997584157722246,
    "consistency_loss": 0.009062503585913295,
    "encoder_stage": "consistency",
    "stn_status": "disabled",
    "stn_regularization_loss": 0.0,
    "val_loss": 0.2498584266461986,
    "val_seq_acc": 0.9534666666666667,
    "val_char_acc": 0.9905066666666666,
    "val_edit_distance": 0.0474,
    "val_clean_accuracy": 0.9534666666666667,
    "val_robustness_drop": null,
    "val_restoration_gain": null,
    "val_position_1_acc": 0.9904,
    "val_position_2_acc": 0.9888666666666667,
    "val_position_3_acc": 0.9904666666666667,
    "val_position_4_acc": 0.9903333333333333,
    "val_position_5_acc": 0.9924666666666667,
    "test_loss": 0.25710906085166646,
    "test_seq_acc": 0.9521333333333334,
    "test_char_acc": 0.9901866666666667,
    "test_edit_distance": 0.048933333333333336,
    "test_clean_accuracy": 0.9521333333333334,
    "test_robustness_drop": null,
    "test_restoration_gain": null,
    "test_position_1_acc": 0.9918,
    "test_position_2_acc": 0.9876666666666667,
    "test_position_3_acc": 0.9901333333333333,
    "test_position_4_acc": 0.9897333333333334,
    "test_position_5_acc": 0.9916
}