{
    "epoch": 107,
    "train_loss": 0.010957024721085694,
    "pretrain_loss": null,
    "finetune_loss": 0.0003012708447274494,
    "pseudo_label_count": 20950,
    "pseudo_label_accept_rate": 0.9976190476190476,
    "mean_pseudo_confidence": 0.9997541322457761,
    "consistency_loss": 0.010655753876358245,
    "encoder_stage": "consistency",
    "stn_status": "disabled",
    "stn_regularization_loss": 0.0,
    "val_loss": 0.22687233931129858,
    "val_seq_acc": 0.9536,
    "val_char_acc": 0.99056,
    "val_edit_distance": 0.04713333333333333,
    "val_clean_accuracy": 0.9536,
    "val_robustness_drop": null,
    "val_restoration_gain": null,
    "val_position_1_acc": 0.9903333333333333,
    "val_position_2_acc": 0.9890666666666666,
    "val_position_3_acc": 0.9902,
    "val_position_4_acc": 0.9906,
    "val_position_5_acc": 0.9926,
    "test_loss": 0.24148415274598556,
    "test_seq_acc": 0.9526666666666667,
    "test_char_acc": 0.99028,
    "test_edit_distance": 0.04853333333333333,
    "test_clean_accuracy": 0.9526666666666667,
    "test_robustness_drop": null,
    "test_restoration_gain": null,
    "test_position_1_acc": 0.9914,
    "test_position_2_acc": 0.9882,
    "test_position_3_acc": 0.9903333333333333,
    "test_position_4_acc": 0.9898666666666667,
    "test_position_5_acc": 0.9916
}