{
    "epoch": 143,
    "train_loss": 0.010480241253846945,
    "pretrain_loss": null,
    "finetune_loss": 0.00012685335298012512,
    "pseudo_label_count": 20952,
    "pseudo_label_accept_rate": 0.9977142857142857,
    "mean_pseudo_confidence": 0.9997798233097771,
    "consistency_loss": 0.010353387900866819,
    "encoder_stage": "consistency",
    "stn_status": "disabled",
    "stn_regularization_loss": 0.0,
    "val_loss": 0.23982018124388946,
    "val_seq_acc": 0.9538,
    "val_char_acc": 0.9905866666666666,
    "val_edit_distance": 0.047,
    "val_clean_accuracy": 0.9538,
    "val_robustness_drop": null,
    "val_restoration_gain": null,
    "val_position_1_acc": 0.9904666666666667,
    "val_position_2_acc": 0.9891333333333333,
    "val_position_3_acc": 0.9904666666666667,
    "val_position_4_acc": 0.9903333333333333,
    "val_position_5_acc": 0.9925333333333334,
    "test_loss": 0.24710074275387747,
    "test_seq_acc": 0.9533333333333334,
    "test_char_acc": 0.99044,
    "test_edit_distance": 0.04766666666666667,
    "test_clean_accuracy": 0.9533333333333334,
    "test_robustness_drop": null,
    "test_restoration_gain": null,
    "test_position_1_acc": 0.9918,
    "test_position_2_acc": 0.9876666666666667,
    "test_position_3_acc": 0.9904666666666667,
    "test_position_4_acc": 0.9903333333333333,
    "test_position_5_acc": 0.9919333333333333
}