{
    "epoch": 90,
    "train_loss": 0.015695881198223946,
    "pretrain_loss": null,
    "finetune_loss": 0.0006535140805028263,
    "pseudo_label_count": 20900,
    "pseudo_label_accept_rate": 0.9952380952380953,
    "mean_pseudo_confidence": 0.9995707458742498,
    "consistency_loss": 0.01504236711772112,
    "encoder_stage": "consistency",
    "stn_status": "disabled",
    "stn_regularization_loss": 0.0,
    "val_loss": 0.22476059261788714,
    "val_seq_acc": 0.9539333333333333,
    "val_char_acc": 0.9906,
    "val_edit_distance": 0.047,
    "val_clean_accuracy": 0.9539333333333333,
    "val_robustness_drop": null,
    "val_restoration_gain": null,
    "val_position_1_acc": 0.9902666666666666,
    "val_position_2_acc": 0.9896666666666667,
    "val_position_3_acc": 0.9903333333333333,
    "val_position_4_acc": 0.9904,
    "val_position_5_acc": 0.9923333333333333,
    "test_loss": 0.23246101173671319,
    "test_seq_acc": 0.9525333333333333,
    "test_char_acc": 0.9902266666666667,
    "test_edit_distance": 0.04873333333333333,
    "test_clean_accuracy": 0.9525333333333333,
    "test_robustness_drop": null,
    "test_restoration_gain": null,
    "test_position_1_acc": 0.9915333333333334,
    "test_position_2_acc": 0.9885333333333334,
    "test_position_3_acc": 0.9906,
    "test_position_4_acc": 0.9894666666666667,
    "test_position_5_acc": 0.991
}