{
    "epoch": 185,
    "train_loss": 0.010455927844600817,
    "pretrain_loss": null,
    "finetune_loss": 0.00038904815808531065,
    "pseudo_label_count": 20945,
    "pseudo_label_accept_rate": 0.9973809523809524,
    "mean_pseudo_confidence": 0.9997402718426305,
    "consistency_loss": 0.010066879686515507,
    "encoder_stage": "consistency",
    "stn_status": "disabled",
    "stn_regularization_loss": 0.0,
    "val_loss": 0.23724662951836356,
    "val_seq_acc": 0.9536666666666667,
    "val_char_acc": 0.9905466666666667,
    "val_edit_distance": 0.0472,
    "val_clean_accuracy": 0.9536666666666667,
    "val_robustness_drop": null,
    "val_restoration_gain": null,
    "val_position_1_acc": 0.9905333333333334,
    "val_position_2_acc": 0.9891333333333333,
    "val_position_3_acc": 0.99,
    "val_position_4_acc": 0.9904,
    "val_position_5_acc": 0.9926666666666667,
    "test_loss": 0.2501030199211163,
    "test_seq_acc": 0.9528,
    "test_char_acc": 0.9902666666666666,
    "test_edit_distance": 0.04853333333333333,
    "test_clean_accuracy": 0.9528,
    "test_robustness_drop": null,
    "test_restoration_gain": null,
    "test_position_1_acc": 0.9916666666666667,
    "test_position_2_acc": 0.9880666666666666,
    "test_position_3_acc": 0.9903333333333333,
    "test_position_4_acc": 0.9896666666666667,
    "test_position_5_acc": 0.9916
}