{
    "epoch": 23,
    "train_loss": 0.13508282412900294,
    "pretrain_loss": null,
    "finetune_loss": 0.08359156614388327,
    "pseudo_label_count": 20151,
    "pseudo_label_accept_rate": 0.9595714285714285,
    "mean_pseudo_confidence": 0.9969795119714503,
    "consistency_loss": 0.05149125798511967,
    "encoder_stage": "consistency",
    "stn_status": "disabled",
    "stn_regularization_loss": 0.0,
    "val_loss": 1.064432501856317,
    "val_seq_acc": 0.8591333333333333,
    "val_char_acc": 0.9702,
    "val_edit_distance": 0.149,
    "val_clean_accuracy": 0.8591333333333333,
    "val_robustness_drop": null,
    "val_restoration_gain": null,
    "val_position_1_acc": 0.9719333333333333,
    "val_position_2_acc": 0.9674666666666667,
    "val_position_3_acc": 0.9716,
    "val_position_4_acc": 0.9682666666666667,
    "val_position_5_acc": 0.9717333333333333,
    "test_loss": 1.0879787872446345,
    "test_seq_acc": 0.8567333333333333,
    "test_char_acc": 0.9692533333333333,
    "test_edit_distance": 0.15353333333333333,
    "test_clean_accuracy": 0.8567333333333333,
    "test_robustness_drop": null,
    "test_restoration_gain": null,
    "test_position_1_acc": 0.9737333333333333,
    "test_position_2_acc": 0.9655333333333334,
    "test_position_3_acc": 0.9678666666666667,
    "test_position_4_acc": 0.9686,
    "test_position_5_acc": 0.9705333333333334
}