{
    "epoch": 180,
    "train_loss": 0.010579523685694285,
    "pretrain_loss": null,
    "finetune_loss": 0.00043366290162170684,
    "pseudo_label_count": 20962,
    "pseudo_label_accept_rate": 0.9981904761904762,
    "mean_pseudo_confidence": 0.9997571189375555,
    "consistency_loss": 0.010145860784072577,
    "encoder_stage": "consistency",
    "stn_status": "disabled",
    "stn_regularization_loss": 0.0,
    "val_loss": 0.2373453710761731,
    "val_seq_acc": 0.9532666666666667,
    "val_char_acc": 0.9904533333333333,
    "val_edit_distance": 0.04766666666666667,
    "val_clean_accuracy": 0.9532666666666667,
    "val_robustness_drop": null,
    "val_restoration_gain": null,
    "val_position_1_acc": 0.9900666666666667,
    "val_position_2_acc": 0.9892666666666666,
    "val_position_3_acc": 0.9900666666666667,
    "val_position_4_acc": 0.9908,
    "val_position_5_acc": 0.9920666666666667,
    "test_loss": 0.24998346986715977,
    "test_seq_acc": 0.9530666666666666,
    "test_char_acc": 0.9903333333333333,
    "test_edit_distance": 0.0482,
    "test_clean_accuracy": 0.9530666666666666,
    "test_robustness_drop": null,
    "test_restoration_gain": null,
    "test_position_1_acc": 0.9918666666666667,
    "test_position_2_acc": 0.988,
    "test_position_3_acc": 0.9902666666666666,
    "test_position_4_acc": 0.9897333333333334,
    "test_position_5_acc": 0.9918
}