{
    "epoch": 93,
    "train_loss": 0.015411085444433125,
    "pretrain_loss": null,
    "finetune_loss": 0.0005619007353539434,
    "pseudo_label_count": 20892,
    "pseudo_label_accept_rate": 0.9948571428571429,
    "mean_pseudo_confidence": 0.9996149816573316,
    "consistency_loss": 0.014849184709079182,
    "encoder_stage": "consistency",
    "stn_status": "disabled",
    "stn_regularization_loss": 0.0,
    "val_loss": 0.2375276927378009,
    "val_seq_acc": 0.9510666666666666,
    "val_char_acc": 0.99,
    "val_edit_distance": 0.049933333333333337,
    "val_clean_accuracy": 0.9510666666666666,
    "val_robustness_drop": null,
    "val_restoration_gain": null,
    "val_position_1_acc": 0.9900666666666667,
    "val_position_2_acc": 0.9887333333333334,
    "val_position_3_acc": 0.9897333333333334,
    "val_position_4_acc": 0.9898666666666667,
    "val_position_5_acc": 0.9916,
    "test_loss": 0.23860373802413729,
    "test_seq_acc": 0.9512666666666667,
    "test_char_acc": 0.9900133333333333,
    "test_edit_distance": 0.04973333333333333,
    "test_clean_accuracy": 0.9512666666666667,
    "test_robustness_drop": null,
    "test_restoration_gain": null,
    "test_position_1_acc": 0.9917333333333334,
    "test_position_2_acc": 0.9868666666666667,
    "test_position_3_acc": 0.9906,
    "test_position_4_acc": 0.9896,
    "test_position_5_acc": 0.9912666666666666
}