{
    "epoch": 173,
    "train_loss": 0.00957024789234433,
    "pretrain_loss": null,
    "finetune_loss": 0.0004157158691277064,
    "pseudo_label_count": 20955,
    "pseudo_label_accept_rate": 0.9978571428571429,
    "mean_pseudo_confidence": 0.9997501243585847,
    "consistency_loss": 0.009154532023216625,
    "encoder_stage": "consistency",
    "stn_status": "disabled",
    "stn_regularization_loss": 0.0,
    "val_loss": 0.23886068128442603,
    "val_seq_acc": 0.9531333333333334,
    "val_char_acc": 0.99048,
    "val_edit_distance": 0.04753333333333333,
    "val_clean_accuracy": 0.9531333333333334,
    "val_robustness_drop": null,
    "val_restoration_gain": null,
    "val_position_1_acc": 0.9904666666666667,
    "val_position_2_acc": 0.9893333333333333,
    "val_position_3_acc": 0.9895333333333334,
    "val_position_4_acc": 0.9907333333333334,
    "val_position_5_acc": 0.9923333333333333,
    "test_loss": 0.2515036086242113,
    "test_seq_acc": 0.954,
    "test_char_acc": 0.9905066666666666,
    "test_edit_distance": 0.0474,
    "test_clean_accuracy": 0.954,
    "test_robustness_drop": null,
    "test_restoration_gain": null,
    "test_position_1_acc": 0.9918,
    "test_position_2_acc": 0.9883333333333333,
    "test_position_3_acc": 0.9904666666666667,
    "test_position_4_acc": 0.9902,
    "test_position_5_acc": 0.9917333333333334
}