{
    "epoch": 153,
    "train_loss": 0.01336900648369359,
    "pretrain_loss": null,
    "finetune_loss": 0.0005050021764011235,
    "pseudo_label_count": 20956,
    "pseudo_label_accept_rate": 0.9979047619047619,
    "mean_pseudo_confidence": 0.9997609502647096,
    "consistency_loss": 0.012864004307292466,
    "encoder_stage": "consistency",
    "stn_status": "disabled",
    "stn_regularization_loss": 0.0,
    "val_loss": 0.2399747562231045,
    "val_seq_acc": 0.9532,
    "val_char_acc": 0.9904933333333333,
    "val_edit_distance": 0.047466666666666664,
    "val_clean_accuracy": 0.9532,
    "val_robustness_drop": null,
    "val_restoration_gain": null,
    "val_position_1_acc": 0.9904,
    "val_position_2_acc": 0.9890666666666666,
    "val_position_3_acc": 0.9896,
    "val_position_4_acc": 0.9909333333333333,
    "val_position_5_acc": 0.9924666666666667,
    "test_loss": 0.2518969977614351,
    "test_seq_acc": 0.9540666666666666,
    "test_char_acc": 0.9905333333333334,
    "test_edit_distance": 0.0472,
    "test_clean_accuracy": 0.9540666666666666,
    "test_robustness_drop": null,
    "test_restoration_gain": null,
    "test_position_1_acc": 0.9919333333333333,
    "test_position_2_acc": 0.9880666666666666,
    "test_position_3_acc": 0.9904666666666667,
    "test_position_4_acc": 0.9903333333333333,
    "test_position_5_acc": 0.9918666666666667
}