{
    "epoch": 144,
    "train_loss": 0.008574881852617497,
    "pretrain_loss": null,
    "finetune_loss": 0.00012768697406001316,
    "pseudo_label_count": 20956,
    "pseudo_label_accept_rate": 0.9979047619047619,
    "mean_pseudo_confidence": 0.9997882344472907,
    "consistency_loss": 0.008447194878557484,
    "encoder_stage": "consistency",
    "stn_status": "disabled",
    "stn_regularization_loss": 0.0,
    "val_loss": 0.24112835121464896,
    "val_seq_acc": 0.9518666666666666,
    "val_char_acc": 0.9901733333333333,
    "val_edit_distance": 0.04906666666666667,
    "val_clean_accuracy": 0.9518666666666666,
    "val_robustness_drop": null,
    "val_restoration_gain": null,
    "val_position_1_acc": 0.9900666666666667,
    "val_position_2_acc": 0.9886666666666667,
    "val_position_3_acc": 0.9900666666666667,
    "val_position_4_acc": 0.99,
    "val_position_5_acc": 0.9920666666666667,
    "test_loss": 0.2506466614913463,
    "test_seq_acc": 0.9520666666666666,
    "test_char_acc": 0.99012,
    "test_edit_distance": 0.04926666666666667,
    "test_clean_accuracy": 0.9520666666666666,
    "test_robustness_drop": null,
    "test_restoration_gain": null,
    "test_position_1_acc": 0.9914,
    "test_position_2_acc": 0.9874,
    "test_position_3_acc": 0.9904666666666667,
    "test_position_4_acc": 0.9897333333333334,
    "test_position_5_acc": 0.9916
}