{
    "epoch": 189,
    "train_loss": 0.010856161366238572,
    "pretrain_loss": null,
    "finetune_loss": 0.00039850858245535933,
    "pseudo_label_count": 20949,
    "pseudo_label_accept_rate": 0.9975714285714286,
    "mean_pseudo_confidence": 0.9997274932431585,
    "consistency_loss": 0.010457652783783213,
    "encoder_stage": "consistency",
    "stn_status": "disabled",
    "stn_regularization_loss": 0.0,
    "val_loss": 0.24842081885727615,
    "val_seq_acc": 0.9520666666666666,
    "val_char_acc": 0.9902,
    "val_edit_distance": 0.048933333333333336,
    "val_clean_accuracy": 0.9520666666666666,
    "val_robustness_drop": null,
    "val_restoration_gain": null,
    "val_position_1_acc": 0.99,
    "val_position_2_acc": 0.9888,
    "val_position_3_acc": 0.9898666666666667,
    "val_position_4_acc": 0.9905333333333334,
    "val_position_5_acc": 0.9918,
    "test_loss": 0.258212512316114,
    "test_seq_acc": 0.9519333333333333,
    "test_char_acc": 0.9901066666666667,
    "test_edit_distance": 0.04926666666666667,
    "test_clean_accuracy": 0.9519333333333333,
    "test_robustness_drop": null,
    "test_restoration_gain": null,
    "test_position_1_acc": 0.9915333333333334,
    "test_position_2_acc": 0.9876666666666667,
    "test_position_3_acc": 0.99,
    "test_position_4_acc": 0.9901333333333333,
    "test_position_5_acc": 0.9912
}