{
    "epoch": 29,
    "train_loss": 0.1176553781318511,
    "pretrain_loss": null,
    "finetune_loss": 0.06318318629157109,
    "pseudo_label_count": 19932,
    "pseudo_label_accept_rate": 0.9491428571428572,
    "mean_pseudo_confidence": 0.9969309152859224,
    "consistency_loss": 0.054472191840280015,
    "encoder_stage": "consistency",
    "stn_status": "disabled",
    "stn_regularization_loss": 0.0,
    "val_loss": 0.8916037331870261,
    "val_seq_acc": 0.8707333333333334,
    "val_char_acc": 0.9728,
    "val_edit_distance": 0.136,
    "val_clean_accuracy": 0.8707333333333334,
    "val_robustness_drop": null,
    "val_restoration_gain": null,
    "val_position_1_acc": 0.9747333333333333,
    "val_position_2_acc": 0.9722666666666666,
    "val_position_3_acc": 0.9718666666666667,
    "val_position_4_acc": 0.9702,
    "val_position_5_acc": 0.9749333333333333,
    "test_loss": 0.8975239850105123,
    "test_seq_acc": 0.8677333333333334,
    "test_char_acc": 0.9718266666666666,
    "test_edit_distance": 0.14073333333333332,
    "test_clean_accuracy": 0.8677333333333334,
    "test_robustness_drop": null,
    "test_restoration_gain": null,
    "test_position_1_acc": 0.9758,
    "test_position_2_acc": 0.9709333333333333,
    "test_position_3_acc": 0.9684,
    "test_position_4_acc": 0.9708666666666667,
    "test_position_5_acc": 0.9731333333333333
}