{
    "epoch": 5,
    "train_loss": 0.5208203372925713,
    "pretrain_loss": null,
    "finetune_loss": 0.40738867534514195,
    "pseudo_label_count": 17575,
    "pseudo_label_accept_rate": 0.8369047619047619,
    "mean_pseudo_confidence": 0.9885388225376351,
    "consistency_loss": 0.11343166194742936,
    "encoder_stage": "consistency",
    "stn_status": "disabled",
    "stn_regularization_loss": 0.0,
    "val_loss": 1.2067688893764577,
    "val_seq_acc": 0.7990666666666667,
    "val_char_acc": 0.9558933333333334,
    "val_edit_distance": 0.22046666666666667,
    "val_clean_accuracy": 0.7990666666666667,
    "val_robustness_drop": null,
    "val_restoration_gain": null,
    "val_position_1_acc": 0.9702,
    "val_position_2_acc": 0.9634,
    "val_position_3_acc": 0.9658666666666667,
    "val_position_4_acc": 0.9361333333333334,
    "val_position_5_acc": 0.9438666666666666,
    "test_loss": 1.253481587450555,
    "test_seq_acc": 0.7902,
    "test_char_acc": 0.9541066666666667,
    "test_edit_distance": 0.22946666666666668,
    "test_clean_accuracy": 0.7902,
    "test_robustness_drop": null,
    "test_restoration_gain": null,
    "test_position_1_acc": 0.9702666666666667,
    "test_position_2_acc": 0.9612666666666667,
    "test_position_3_acc": 0.9624666666666667,
    "test_position_4_acc": 0.9367333333333333,
    "test_position_5_acc": 0.9398
}