{
    "epoch": 91,
    "train_loss": 0.016470418959024218,
    "pretrain_loss": null,
    "finetune_loss": 0.0005482151644187676,
    "pseudo_label_count": 20908,
    "pseudo_label_accept_rate": 0.9956190476190476,
    "mean_pseudo_confidence": 0.999588181326169,
    "consistency_loss": 0.01592220379460545,
    "encoder_stage": "consistency",
    "stn_status": "disabled",
    "stn_regularization_loss": 0.0,
    "val_loss": 0.23614847171417577,
    "val_seq_acc": 0.9510666666666666,
    "val_char_acc": 0.99,
    "val_edit_distance": 0.05,
    "val_clean_accuracy": 0.9510666666666666,
    "val_robustness_drop": null,
    "val_restoration_gain": null,
    "val_position_1_acc": 0.9893333333333333,
    "val_position_2_acc": 0.9888666666666667,
    "val_position_3_acc": 0.9898,
    "val_position_4_acc": 0.9898,
    "val_position_5_acc": 0.9922,
    "test_loss": 0.23683141020443688,
    "test_seq_acc": 0.9508,
    "test_char_acc": 0.9898266666666666,
    "test_edit_distance": 0.050666666666666665,
    "test_clean_accuracy": 0.9508,
    "test_robustness_drop": null,
    "test_restoration_gain": null,
    "test_position_1_acc": 0.9909333333333333,
    "test_position_2_acc": 0.9875333333333334,
    "test_position_3_acc": 0.99,
    "test_position_4_acc": 0.9894666666666667,
    "test_position_5_acc": 0.9912
}