{
    "epoch": 39,
    "train_loss": 0.0875969595543993,
    "pretrain_loss": null,
    "finetune_loss": 0.03875295929419237,
    "pseudo_label_count": 19968,
    "pseudo_label_accept_rate": 0.9508571428571428,
    "mean_pseudo_confidence": 0.9972634000751452,
    "consistency_loss": 0.04884400026020693,
    "encoder_stage": "consistency",
    "stn_status": "disabled",
    "stn_regularization_loss": 0.0,
    "val_loss": 0.44670107791081387,
    "val_seq_acc": 0.9084,
    "val_char_acc": 0.9808133333333333,
    "val_edit_distance": 0.09586666666666667,
    "val_clean_accuracy": 0.9084,
    "val_robustness_drop": null,
    "val_restoration_gain": null,
    "val_position_1_acc": 0.9860666666666666,
    "val_position_2_acc": 0.9793333333333333,
    "val_position_3_acc": 0.9778,
    "val_position_4_acc": 0.9780666666666666,
    "val_position_5_acc": 0.9828,
    "test_loss": 0.44922601891324876,
    "test_seq_acc": 0.9057333333333333,
    "test_char_acc": 0.9802533333333333,
    "test_edit_distance": 0.09866666666666667,
    "test_clean_accuracy": 0.9057333333333333,
    "test_robustness_drop": null,
    "test_restoration_gain": null,
    "test_position_1_acc": 0.9884,
    "test_position_2_acc": 0.9787333333333333,
    "test_position_3_acc": 0.9744,
    "test_position_4_acc": 0.9788666666666667,
    "test_position_5_acc": 0.9808666666666667
}