{
    "epoch": 26,
    "train_loss": 0.13609461271758322,
    "pretrain_loss": null,
    "finetune_loss": 0.07921774848850624,
    "pseudo_label_count": 19805,
    "pseudo_label_accept_rate": 0.9430952380952381,
    "mean_pseudo_confidence": 0.9965527956066214,
    "consistency_loss": 0.05687686422907699,
    "encoder_stage": "consistency",
    "stn_status": "disabled",
    "stn_regularization_loss": 0.0,
    "val_loss": 0.7842520931616742,
    "val_seq_acc": 0.8716666666666667,
    "val_char_acc": 0.9731066666666667,
    "val_edit_distance": 0.13446666666666668,
    "val_clean_accuracy": 0.8716666666666667,
    "val_robustness_drop": null,
    "val_restoration_gain": null,
    "val_position_1_acc": 0.9738,
    "val_position_2_acc": 0.9754666666666667,
    "val_position_3_acc": 0.9731333333333333,
    "val_position_4_acc": 0.9692666666666667,
    "val_position_5_acc": 0.9738666666666667,
    "test_loss": 0.8005578777257433,
    "test_seq_acc": 0.8660666666666667,
    "test_char_acc": 0.9714533333333333,
    "test_edit_distance": 0.14273333333333332,
    "test_clean_accuracy": 0.8660666666666667,
    "test_robustness_drop": null,
    "test_restoration_gain": null,
    "test_position_1_acc": 0.9752,
    "test_position_2_acc": 0.9726,
    "test_position_3_acc": 0.9692,
    "test_position_4_acc": 0.9692,
    "test_position_5_acc": 0.9710666666666666
}