{
    "epoch": 46,
    "train_loss": 0.08054884669255055,
    "pretrain_loss": null,
    "finetune_loss": 0.033278181304998315,
    "pseudo_label_count": 20014,
    "pseudo_label_accept_rate": 0.953047619047619,
    "mean_pseudo_confidence": 0.9974499849979129,
    "consistency_loss": 0.047270665387552244,
    "encoder_stage": "consistency",
    "stn_status": "disabled",
    "stn_regularization_loss": 0.0,
    "val_loss": 0.28855552055100175,
    "val_seq_acc": 0.9295333333333333,
    "val_char_acc": 0.98536,
    "val_edit_distance": 0.0732,
    "val_clean_accuracy": 0.9295333333333333,
    "val_robustness_drop": null,
    "val_restoration_gain": null,
    "val_position_1_acc": 0.9882666666666666,
    "val_position_2_acc": 0.9818,
    "val_position_3_acc": 0.9845333333333334,
    "val_position_4_acc": 0.9842,
    "val_position_5_acc": 0.988,
    "test_loss": 0.30457685965489834,
    "test_seq_acc": 0.9282,
    "test_char_acc": 0.9850933333333334,
    "test_edit_distance": 0.0744,
    "test_clean_accuracy": 0.9282,
    "test_robustness_drop": null,
    "test_restoration_gain": null,
    "test_position_1_acc": 0.9887333333333334,
    "test_position_2_acc": 0.9807333333333333,
    "test_position_3_acc": 0.9842666666666666,
    "test_position_4_acc": 0.9836,
    "test_position_5_acc": 0.9881333333333333
}