{
    "epoch": 45,
    "train_loss": 0.07820973137736749,
    "pretrain_loss": null,
    "finetune_loss": 0.03120475552894671,
    "pseudo_label_count": 20000,
    "pseudo_label_accept_rate": 0.9523809523809523,
    "mean_pseudo_confidence": 0.9974512218952178,
    "consistency_loss": 0.047004975848420776,
    "encoder_stage": "consistency",
    "stn_status": "disabled",
    "stn_regularization_loss": 0.0,
    "val_loss": 0.4009087218249098,
    "val_seq_acc": 0.9142666666666667,
    "val_char_acc": 0.9823333333333333,
    "val_edit_distance": 0.08833333333333333,
    "val_clean_accuracy": 0.9142666666666667,
    "val_robustness_drop": null,
    "val_restoration_gain": null,
    "val_position_1_acc": 0.9840666666666666,
    "val_position_2_acc": 0.9822,
    "val_position_3_acc": 0.9818666666666667,
    "val_position_4_acc": 0.9783333333333334,
    "val_position_5_acc": 0.9852,
    "test_loss": 0.39744472666148173,
    "test_seq_acc": 0.9123333333333333,
    "test_char_acc": 0.98176,
    "test_edit_distance": 0.09106666666666667,
    "test_clean_accuracy": 0.9123333333333333,
    "test_robustness_drop": null,
    "test_restoration_gain": null,
    "test_position_1_acc": 0.9871333333333333,
    "test_position_2_acc": 0.9807333333333333,
    "test_position_3_acc": 0.9780666666666666,
    "test_position_4_acc": 0.9794,
    "test_position_5_acc": 0.9834666666666667
}