{
    "epoch": 8,
    "train_loss": 0.3805147128575046,
    "pretrain_loss": null,
    "finetune_loss": 0.29036676234932857,
    "pseudo_label_count": 18876,
    "pseudo_label_accept_rate": 0.8988571428571429,
    "mean_pseudo_confidence": 0.9926955413707208,
    "consistency_loss": 0.090147950508176,
    "encoder_stage": "consistency",
    "stn_status": "disabled",
    "stn_regularization_loss": 0.0,
    "val_loss": 0.9383690930427389,
    "val_seq_acc": 0.85,
    "val_char_acc": 0.9679066666666667,
    "val_edit_distance": 0.16046666666666667,
    "val_clean_accuracy": 0.85,
    "val_robustness_drop": null,
    "val_restoration_gain": null,
    "val_position_1_acc": 0.9701333333333333,
    "val_position_2_acc": 0.9637333333333333,
    "val_position_3_acc": 0.9676,
    "val_position_4_acc": 0.9665333333333334,
    "val_position_5_acc": 0.9715333333333334,
    "test_loss": 0.9715663714611784,
    "test_seq_acc": 0.8450666666666666,
    "test_char_acc": 0.9666133333333333,
    "test_edit_distance": 0.16686666666666666,
    "test_clean_accuracy": 0.8450666666666666,
    "test_robustness_drop": null,
    "test_restoration_gain": null,
    "test_position_1_acc": 0.9722666666666666,
    "test_position_2_acc": 0.9624,
    "test_position_3_acc": 0.9611333333333333,
    "test_position_4_acc": 0.9675333333333334,
    "test_position_5_acc": 0.9697333333333333
}