{
    "epoch": 76,
    "train_loss": 0.019026585427714425,
    "pretrain_loss": null,
    "finetune_loss": 0.0010081103414224307,
    "pseudo_label_count": 20812,
    "pseudo_label_accept_rate": 0.9910476190476191,
    "mean_pseudo_confidence": 0.9993621615201447,
    "consistency_loss": 0.018018475086291993,
    "encoder_stage": "consistency",
    "stn_status": "disabled",
    "stn_regularization_loss": 0.0,
    "val_loss": 0.20457439035018707,
    "val_seq_acc": 0.9512,
    "val_char_acc": 0.9900666666666667,
    "val_edit_distance": 0.0496,
    "val_clean_accuracy": 0.9512,
    "val_robustness_drop": null,
    "val_restoration_gain": null,
    "val_position_1_acc": 0.99,
    "val_position_2_acc": 0.989,
    "val_position_3_acc": 0.9899333333333333,
    "val_position_4_acc": 0.9896666666666667,
    "val_position_5_acc": 0.9917333333333334,
    "test_loss": 0.2131576811939359,
    "test_seq_acc": 0.9516,
    "test_char_acc": 0.9900533333333333,
    "test_edit_distance": 0.04953333333333333,
    "test_clean_accuracy": 0.9516,
    "test_robustness_drop": null,
    "test_restoration_gain": null,
    "test_position_1_acc": 0.9908,
    "test_position_2_acc": 0.9884666666666667,
    "test_position_3_acc": 0.9900666666666667,
    "test_position_4_acc": 0.9898666666666667,
    "test_position_5_acc": 0.9910666666666667
}