{
    "epoch": 34,
    "train_loss": 0.10933458951578305,
    "pretrain_loss": null,
    "finetune_loss": 0.04945336515934987,
    "pseudo_label_count": 19693,
    "pseudo_label_accept_rate": 0.9377619047619048,
    "mean_pseudo_confidence": 0.9966258579917214,
    "consistency_loss": 0.05988122435643318,
    "encoder_stage": "consistency",
    "stn_status": "disabled",
    "stn_regularization_loss": 0.0,
    "val_loss": 2.4017860214760964,
    "val_seq_acc": 0.7953333333333333,
    "val_char_acc": 0.95512,
    "val_edit_distance": 0.22433333333333333,
    "val_clean_accuracy": 0.7953333333333333,
    "val_robustness_drop": null,
    "val_restoration_gain": null,
    "val_position_1_acc": 0.9584,
    "val_position_2_acc": 0.9459333333333333,
    "val_position_3_acc": 0.9593333333333334,
    "val_position_4_acc": 0.9526666666666667,
    "val_position_5_acc": 0.9592666666666667,
    "test_loss": 2.3494637882455867,
    "test_seq_acc": 0.7962,
    "test_char_acc": 0.9554933333333333,
    "test_edit_distance": 0.22253333333333333,
    "test_clean_accuracy": 0.7962,
    "test_robustness_drop": null,
    "test_restoration_gain": null,
    "test_position_1_acc": 0.9600666666666666,
    "test_position_2_acc": 0.9498,
    "test_position_3_acc": 0.957,
    "test_position_4_acc": 0.9545333333333333,
    "test_position_5_acc": 0.9560666666666666
}