{
    "epoch": 169,
    "train_loss": 0.010352436486072017,
    "pretrain_loss": null,
    "finetune_loss": 0.0004027562110907308,
    "pseudo_label_count": 20947,
    "pseudo_label_accept_rate": 0.9974761904761905,
    "mean_pseudo_confidence": 0.9997669720232,
    "consistency_loss": 0.009949680274981287,
    "encoder_stage": "consistency",
    "stn_status": "disabled",
    "stn_regularization_loss": 0.0,
    "val_loss": 0.2451684609781455,
    "val_seq_acc": 0.9522666666666667,
    "val_char_acc": 0.99024,
    "val_edit_distance": 0.04873333333333333,
    "val_clean_accuracy": 0.9522666666666667,
    "val_robustness_drop": null,
    "val_restoration_gain": null,
    "val_position_1_acc": 0.9902,
    "val_position_2_acc": 0.9888,
    "val_position_3_acc": 0.9899333333333333,
    "val_position_4_acc": 0.9902666666666666,
    "val_position_5_acc": 0.992,
    "test_loss": 0.2555646508989546,
    "test_seq_acc": 0.9519333333333333,
    "test_char_acc": 0.99012,
    "test_edit_distance": 0.04933333333333333,
    "test_clean_accuracy": 0.9519333333333333,
    "test_robustness_drop": null,
    "test_restoration_gain": null,
    "test_position_1_acc": 0.9913333333333333,
    "test_position_2_acc": 0.9875333333333334,
    "test_position_3_acc": 0.9902,
    "test_position_4_acc": 0.9898666666666667,
    "test_position_5_acc": 0.9916666666666667
}