{
    "epoch": 127,
    "train_loss": 0.009069535647692912,
    "pretrain_loss": null,
    "finetune_loss": 0.00017318106625210047,
    "pseudo_label_count": 20956,
    "pseudo_label_accept_rate": 0.9979047619047619,
    "mean_pseudo_confidence": 0.9997689017222842,
    "consistency_loss": 0.00889635458144081,
    "encoder_stage": "consistency",
    "stn_status": "disabled",
    "stn_regularization_loss": 0.0,
    "val_loss": 0.23955788721275972,
    "val_seq_acc": 0.9527333333333333,
    "val_char_acc": 0.99036,
    "val_edit_distance": 0.048133333333333334,
    "val_clean_accuracy": 0.9527333333333333,
    "val_robustness_drop": null,
    "val_restoration_gain": null,
    "val_position_1_acc": 0.9902666666666666,
    "val_position_2_acc": 0.9891333333333333,
    "val_position_3_acc": 0.9898,
    "val_position_4_acc": 0.9904,
    "val_position_5_acc": 0.9922,
    "test_loss": 0.2509670085094106,
    "test_seq_acc": 0.9528,
    "test_char_acc": 0.9902533333333333,
    "test_edit_distance": 0.0486,
    "test_clean_accuracy": 0.9528,
    "test_robustness_drop": null,
    "test_restoration_gain": null,
    "test_position_1_acc": 0.9918666666666667,
    "test_position_2_acc": 0.9878,
    "test_position_3_acc": 0.9903333333333333,
    "test_position_4_acc": 0.9902666666666666,
    "test_position_5_acc": 0.991
}