{
    "epoch": 184,
    "train_loss": 0.010173380308197377,
    "pretrain_loss": null,
    "finetune_loss": 0.00046689727823903313,
    "pseudo_label_count": 20954,
    "pseudo_label_accept_rate": 0.9978095238095238,
    "mean_pseudo_confidence": 0.9997746285630328,
    "consistency_loss": 0.009706483029958343,
    "encoder_stage": "consistency",
    "stn_status": "disabled",
    "stn_regularization_loss": 0.0,
    "val_loss": 0.24844149998494586,
    "val_seq_acc": 0.9528,
    "val_char_acc": 0.99036,
    "val_edit_distance": 0.048133333333333334,
    "val_clean_accuracy": 0.9528,
    "val_robustness_drop": null,
    "val_restoration_gain": null,
    "val_position_1_acc": 0.9903333333333333,
    "val_position_2_acc": 0.9887333333333334,
    "val_position_3_acc": 0.9902666666666666,
    "val_position_4_acc": 0.9903333333333333,
    "val_position_5_acc": 0.9921333333333333,
    "test_loss": 0.25692012031917766,
    "test_seq_acc": 0.9519333333333333,
    "test_char_acc": 0.9901333333333333,
    "test_edit_distance": 0.04906666666666667,
    "test_clean_accuracy": 0.9519333333333333,
    "test_robustness_drop": null,
    "test_restoration_gain": null,
    "test_position_1_acc": 0.9916666666666667,
    "test_position_2_acc": 0.9876,
    "test_position_3_acc": 0.9906666666666667,
    "test_position_4_acc": 0.9895333333333334,
    "test_position_5_acc": 0.9912
}