{
    "epoch": 122,
    "train_loss": 0.011399570965083747,
    "pretrain_loss": null,
    "finetune_loss": 0.00020677196553104096,
    "pseudo_label_count": 20961,
    "pseudo_label_accept_rate": 0.9981428571428571,
    "mean_pseudo_confidence": 0.9997682417629387,
    "consistency_loss": 0.011192798999552707,
    "encoder_stage": "consistency",
    "stn_status": "disabled",
    "stn_regularization_loss": 0.0,
    "val_loss": 0.2327053826359259,
    "val_seq_acc": 0.9528666666666666,
    "val_char_acc": 0.9903866666666666,
    "val_edit_distance": 0.048,
    "val_clean_accuracy": 0.9528666666666666,
    "val_robustness_drop": null,
    "val_restoration_gain": null,
    "val_position_1_acc": 0.9900666666666667,
    "val_position_2_acc": 0.9896,
    "val_position_3_acc": 0.9894666666666667,
    "val_position_4_acc": 0.9902,
    "val_position_5_acc": 0.9926,
    "test_loss": 0.24016434956995888,
    "test_seq_acc": 0.9532666666666667,
    "test_char_acc": 0.99036,
    "test_edit_distance": 0.04806666666666667,
    "test_clean_accuracy": 0.9532666666666667,
    "test_robustness_drop": null,
    "test_restoration_gain": null,
    "test_position_1_acc": 0.9917333333333334,
    "test_position_2_acc": 0.9880666666666666,
    "test_position_3_acc": 0.9904666666666667,
    "test_position_4_acc": 0.9900666666666667,
    "test_position_5_acc": 0.9914666666666667
}