{
    "epoch": 111,
    "train_loss": 0.012832717834280591,
    "pretrain_loss": null,
    "finetune_loss": 0.00023025992417074443,
    "pseudo_label_count": 20958,
    "pseudo_label_accept_rate": 0.998,
    "mean_pseudo_confidence": 0.9997463508216078,
    "consistency_loss": 0.012602457910109846,
    "encoder_stage": "consistency",
    "stn_status": "disabled",
    "stn_regularization_loss": 0.0,
    "val_loss": 0.2327995538403171,
    "val_seq_acc": 0.9536,
    "val_char_acc": 0.9905466666666667,
    "val_edit_distance": 0.0472,
    "val_clean_accuracy": 0.9536,
    "val_robustness_drop": null,
    "val_restoration_gain": null,
    "val_position_1_acc": 0.9902,
    "val_position_2_acc": 0.9891333333333333,
    "val_position_3_acc": 0.9903333333333333,
    "val_position_4_acc": 0.9905333333333334,
    "val_position_5_acc": 0.9925333333333334,
    "test_loss": 0.2423791853278786,
    "test_seq_acc": 0.9539333333333333,
    "test_char_acc": 0.99056,
    "test_edit_distance": 0.047066666666666666,
    "test_clean_accuracy": 0.9539333333333333,
    "test_robustness_drop": null,
    "test_restoration_gain": null,
    "test_position_1_acc": 0.9919333333333333,
    "test_position_2_acc": 0.9878666666666667,
    "test_position_3_acc": 0.9907333333333334,
    "test_position_4_acc": 0.9906,
    "test_position_5_acc": 0.9916666666666667
}