{
    "epoch": 159,
    "train_loss": 0.012592990495872246,
    "pretrain_loss": null,
    "finetune_loss": 0.00043479194015369244,
    "pseudo_label_count": 20959,
    "pseudo_label_accept_rate": 0.9980476190476191,
    "mean_pseudo_confidence": 0.999745405495545,
    "consistency_loss": 0.012158198555718553,
    "encoder_stage": "consistency",
    "stn_status": "disabled",
    "stn_regularization_loss": 0.0,
    "val_loss": 0.2459718838089659,
    "val_seq_acc": 0.9532,
    "val_char_acc": 0.9904533333333333,
    "val_edit_distance": 0.04766666666666667,
    "val_clean_accuracy": 0.9532,
    "val_robustness_drop": null,
    "val_restoration_gain": null,
    "val_position_1_acc": 0.9902,
    "val_position_2_acc": 0.9892666666666666,
    "val_position_3_acc": 0.9902666666666666,
    "val_position_4_acc": 0.9902666666666666,
    "val_position_5_acc": 0.9922666666666666,
    "test_loss": 0.2556957376148279,
    "test_seq_acc": 0.9522666666666667,
    "test_char_acc": 0.9902,
    "test_edit_distance": 0.048933333333333336,
    "test_clean_accuracy": 0.9522666666666667,
    "test_robustness_drop": null,
    "test_restoration_gain": null,
    "test_position_1_acc": 0.9914666666666667,
    "test_position_2_acc": 0.988,
    "test_position_3_acc": 0.9904,
    "test_position_4_acc": 0.9896666666666667,
    "test_position_5_acc": 0.9914666666666667
}