{
    "epoch": 9,
    "train_loss": 0.32432554894125154,
    "pretrain_loss": null,
    "finetune_loss": 0.24294012960523134,
    "pseudo_label_count": 19381,
    "pseudo_label_accept_rate": 0.9229047619047619,
    "mean_pseudo_confidence": 0.9939208144614106,
    "consistency_loss": 0.08138541933602023,
    "encoder_stage": "consistency",
    "stn_status": "disabled",
    "stn_regularization_loss": 0.0,
    "val_loss": 0.9982781368367215,
    "val_seq_acc": 0.8466666666666667,
    "val_char_acc": 0.9672133333333334,
    "val_edit_distance": 0.16386666666666666,
    "val_clean_accuracy": 0.8466666666666667,
    "val_robustness_drop": null,
    "val_restoration_gain": null,
    "val_position_1_acc": 0.9702,
    "val_position_2_acc": 0.9654,
    "val_position_3_acc": 0.9668666666666667,
    "val_position_4_acc": 0.9636,
    "val_position_5_acc": 0.97,
    "test_loss": 1.0267149017212238,
    "test_seq_acc": 0.8417333333333333,
    "test_char_acc": 0.96592,
    "test_edit_distance": 0.1704,
    "test_clean_accuracy": 0.8417333333333333,
    "test_robustness_drop": null,
    "test_restoration_gain": null,
    "test_position_1_acc": 0.9708666666666667,
    "test_position_2_acc": 0.9620666666666666,
    "test_position_3_acc": 0.9637333333333333,
    "test_position_4_acc": 0.9645333333333334,
    "test_position_5_acc": 0.9684
}