{
    "epoch": 65,
    "train_loss": 0.021899866332342897,
    "pretrain_loss": null,
    "finetune_loss": 0.001260802390810112,
    "pseudo_label_count": 20712,
    "pseudo_label_accept_rate": 0.9862857142857143,
    "mean_pseudo_confidence": 0.9990282438122752,
    "consistency_loss": 0.020639063941532785,
    "encoder_stage": "consistency",
    "stn_status": "disabled",
    "stn_regularization_loss": 0.0,
    "val_loss": 0.20973057168575518,
    "val_seq_acc": 0.9510666666666666,
    "val_char_acc": 0.9900266666666667,
    "val_edit_distance": 0.04986666666666666,
    "val_clean_accuracy": 0.9510666666666666,
    "val_robustness_drop": null,
    "val_restoration_gain": null,
    "val_position_1_acc": 0.9905333333333334,
    "val_position_2_acc": 0.9888666666666667,
    "val_position_3_acc": 0.9897333333333334,
    "val_position_4_acc": 0.9893333333333333,
    "val_position_5_acc": 0.9916666666666667,
    "test_loss": 0.2084535455768383,
    "test_seq_acc": 0.9507333333333333,
    "test_char_acc": 0.98988,
    "test_edit_distance": 0.0504,
    "test_clean_accuracy": 0.9507333333333333,
    "test_robustness_drop": null,
    "test_restoration_gain": null,
    "test_position_1_acc": 0.9914666666666667,
    "test_position_2_acc": 0.9874,
    "test_position_3_acc": 0.9899333333333333,
    "test_position_4_acc": 0.9894666666666667,
    "test_position_5_acc": 0.9911333333333333
}