{
    "epoch": 133,
    "train_loss": 0.01144983795714948,
    "pretrain_loss": null,
    "finetune_loss": 0.0001646677081002571,
    "pseudo_label_count": 20957,
    "pseudo_label_accept_rate": 0.9979523809523809,
    "mean_pseudo_confidence": 0.999799550100098,
    "consistency_loss": 0.011285170249049223,
    "encoder_stage": "consistency",
    "stn_status": "disabled",
    "stn_regularization_loss": 0.0,
    "val_loss": 0.23768894674746874,
    "val_seq_acc": 0.9535333333333333,
    "val_char_acc": 0.9904933333333333,
    "val_edit_distance": 0.047466666666666664,
    "val_clean_accuracy": 0.9535333333333333,
    "val_robustness_drop": null,
    "val_restoration_gain": null,
    "val_position_1_acc": 0.9899333333333333,
    "val_position_2_acc": 0.9894,
    "val_position_3_acc": 0.9899333333333333,
    "val_position_4_acc": 0.9907333333333334,
    "val_position_5_acc": 0.9924666666666667,
    "test_loss": 0.25076263070681154,
    "test_seq_acc": 0.9530666666666666,
    "test_char_acc": 0.99032,
    "test_edit_distance": 0.048266666666666666,
    "test_clean_accuracy": 0.9530666666666666,
    "test_robustness_drop": null,
    "test_restoration_gain": null,
    "test_position_1_acc": 0.9915333333333334,
    "test_position_2_acc": 0.9874,
    "test_position_3_acc": 0.9906666666666667,
    "test_position_4_acc": 0.9900666666666667,
    "test_position_5_acc": 0.9919333333333333
}