{
    "epoch": 190,
    "train_loss": 0.010849576165522764,
    "pretrain_loss": null,
    "finetune_loss": 0.0003524850469590952,
    "pseudo_label_count": 20942,
    "pseudo_label_accept_rate": 0.9972380952380953,
    "mean_pseudo_confidence": 0.9997691119506154,
    "consistency_loss": 0.010497091118563668,
    "encoder_stage": "consistency",
    "stn_status": "disabled",
    "stn_regularization_loss": 0.0,
    "val_loss": 0.24188929484884195,
    "val_seq_acc": 0.9538666666666666,
    "val_char_acc": 0.9906133333333333,
    "val_edit_distance": 0.046933333333333334,
    "val_clean_accuracy": 0.9538666666666666,
    "val_robustness_drop": null,
    "val_restoration_gain": null,
    "val_position_1_acc": 0.9905333333333334,
    "val_position_2_acc": 0.9895333333333334,
    "val_position_3_acc": 0.9896,
    "val_position_4_acc": 0.9906666666666667,
    "val_position_5_acc": 0.9927333333333334,
    "test_loss": 0.2528423121323289,
    "test_seq_acc": 0.9536666666666667,
    "test_char_acc": 0.9904533333333333,
    "test_edit_distance": 0.04766666666666667,
    "test_clean_accuracy": 0.9536666666666667,
    "test_robustness_drop": null,
    "test_restoration_gain": null,
    "test_position_1_acc": 0.9919333333333333,
    "test_position_2_acc": 0.9881333333333333,
    "test_position_3_acc": 0.9906,
    "test_position_4_acc": 0.9902,
    "test_position_5_acc": 0.9914
}