{
    "epoch": 92,
    "train_loss": 0.013275649996366826,
    "pretrain_loss": null,
    "finetune_loss": 0.0005723116021301973,
    "pseudo_label_count": 20908,
    "pseudo_label_accept_rate": 0.9956190476190476,
    "mean_pseudo_confidence": 0.9995915812654205,
    "consistency_loss": 0.01270333839423663,
    "encoder_stage": "consistency",
    "stn_status": "disabled",
    "stn_regularization_loss": 0.0,
    "val_loss": 0.23740463277716387,
    "val_seq_acc": 0.9514,
    "val_char_acc": 0.9900533333333333,
    "val_edit_distance": 0.049666666666666665,
    "val_clean_accuracy": 0.9514,
    "val_robustness_drop": null,
    "val_restoration_gain": null,
    "val_position_1_acc": 0.9898666666666667,
    "val_position_2_acc": 0.9886666666666667,
    "val_position_3_acc": 0.9896,
    "val_position_4_acc": 0.9902666666666666,
    "val_position_5_acc": 0.9918666666666667,
    "test_loss": 0.24061742255543458,
    "test_seq_acc": 0.9501333333333334,
    "test_char_acc": 0.9896933333333333,
    "test_edit_distance": 0.051333333333333335,
    "test_clean_accuracy": 0.9501333333333334,
    "test_robustness_drop": null,
    "test_restoration_gain": null,
    "test_position_1_acc": 0.9911333333333333,
    "test_position_2_acc": 0.9872666666666666,
    "test_position_3_acc": 0.9899333333333333,
    "test_position_4_acc": 0.989,
    "test_position_5_acc": 0.9911333333333333
}