{
    "epoch": 124,
    "train_loss": 0.010578452619821006,
    "pretrain_loss": null,
    "finetune_loss": 0.00020573455234431005,
    "pseudo_label_count": 20962,
    "pseudo_label_accept_rate": 0.9981904761904762,
    "mean_pseudo_confidence": 0.9997748183721851,
    "consistency_loss": 0.010372718067476696,
    "encoder_stage": "consistency",
    "stn_status": "disabled",
    "stn_regularization_loss": 0.0,
    "val_loss": 0.23334861932052398,
    "val_seq_acc": 0.9534,
    "val_char_acc": 0.9905066666666666,
    "val_edit_distance": 0.0474,
    "val_clean_accuracy": 0.9534,
    "val_robustness_drop": null,
    "val_restoration_gain": null,
    "val_position_1_acc": 0.9906666666666667,
    "val_position_2_acc": 0.9894,
    "val_position_3_acc": 0.9898,
    "val_position_4_acc": 0.9902666666666666,
    "val_position_5_acc": 0.9924,
    "test_loss": 0.24193953991486156,
    "test_seq_acc": 0.9524666666666667,
    "test_char_acc": 0.9902,
    "test_edit_distance": 0.04886666666666667,
    "test_clean_accuracy": 0.9524666666666667,
    "test_robustness_drop": null,
    "test_restoration_gain": null,
    "test_position_1_acc": 0.9914,
    "test_position_2_acc": 0.9877333333333334,
    "test_position_3_acc": 0.9905333333333334,
    "test_position_4_acc": 0.9900666666666667,
    "test_position_5_acc": 0.9912666666666666
}