{
    "epoch": 140,
    "train_loss": 0.01014134714255145,
    "pretrain_loss": null,
    "finetune_loss": 0.0001437467305690049,
    "pseudo_label_count": 20964,
    "pseudo_label_accept_rate": 0.9982857142857143,
    "mean_pseudo_confidence": 0.9997827311868637,
    "consistency_loss": 0.009997600411982445,
    "encoder_stage": "consistency",
    "stn_status": "disabled",
    "stn_regularization_loss": 0.0,
    "val_loss": 0.23755984776288003,
    "val_seq_acc": 0.9536666666666667,
    "val_char_acc": 0.9906,
    "val_edit_distance": 0.046933333333333334,
    "val_clean_accuracy": 0.9536666666666667,
    "val_robustness_drop": null,
    "val_restoration_gain": null,
    "val_position_1_acc": 0.9902,
    "val_position_2_acc": 0.9893333333333333,
    "val_position_3_acc": 0.9898666666666667,
    "val_position_4_acc": 0.9907333333333334,
    "val_position_5_acc": 0.9928666666666667,
    "test_loss": 0.2478377204046565,
    "test_seq_acc": 0.9524,
    "test_char_acc": 0.9902133333333333,
    "test_edit_distance": 0.04886666666666667,
    "test_clean_accuracy": 0.9524,
    "test_robustness_drop": null,
    "test_restoration_gain": null,
    "test_position_1_acc": 0.9915333333333334,
    "test_position_2_acc": 0.9879333333333333,
    "test_position_3_acc": 0.9904,
    "test_position_4_acc": 0.99,
    "test_position_5_acc": 0.9912
}