{
    "epoch": 119,
    "train_loss": 0.009966748609773464,
    "pretrain_loss": null,
    "finetune_loss": 0.000221869267074706,
    "pseudo_label_count": 20955,
    "pseudo_label_accept_rate": 0.9978571428571429,
    "mean_pseudo_confidence": 0.9997588145365951,
    "consistency_loss": 0.009744879342698758,
    "encoder_stage": "consistency",
    "stn_status": "disabled",
    "stn_regularization_loss": 0.0,
    "val_loss": 0.2346982091893764,
    "val_seq_acc": 0.9524,
    "val_char_acc": 0.9902933333333334,
    "val_edit_distance": 0.048466666666666665,
    "val_clean_accuracy": 0.9524,
    "val_robustness_drop": null,
    "val_restoration_gain": null,
    "val_position_1_acc": 0.9898,
    "val_position_2_acc": 0.9890666666666666,
    "val_position_3_acc": 0.9900666666666667,
    "val_position_4_acc": 0.9902666666666666,
    "val_position_5_acc": 0.9922666666666666,
    "test_loss": 0.24756651412116046,
    "test_seq_acc": 0.9526666666666667,
    "test_char_acc": 0.9902533333333333,
    "test_edit_distance": 0.048666666666666664,
    "test_clean_accuracy": 0.9526666666666667,
    "test_robustness_drop": null,
    "test_restoration_gain": null,
    "test_position_1_acc": 0.9915333333333334,
    "test_position_2_acc": 0.9875333333333334,
    "test_position_3_acc": 0.9905333333333334,
    "test_position_4_acc": 0.9895333333333334,
    "test_position_5_acc": 0.9921333333333333
}