{
    "epoch": 99,
    "train_loss": 0.013856894755839282,
    "pretrain_loss": null,
    "finetune_loss": 0.0006954028030937081,
    "pseudo_label_count": 20932,
    "pseudo_label_accept_rate": 0.9967619047619047,
    "mean_pseudo_confidence": 0.9996550294333746,
    "consistency_loss": 0.013161491952745574,
    "encoder_stage": "consistency",
    "stn_status": "disabled",
    "stn_regularization_loss": 0.0,
    "val_loss": 0.23505579877224939,
    "val_seq_acc": 0.9530666666666666,
    "val_char_acc": 0.99048,
    "val_edit_distance": 0.04753333333333333,
    "val_clean_accuracy": 0.9530666666666666,
    "val_robustness_drop": null,
    "val_restoration_gain": null,
    "val_position_1_acc": 0.9908666666666667,
    "val_position_2_acc": 0.9894666666666667,
    "val_position_3_acc": 0.9898666666666667,
    "val_position_4_acc": 0.9901333333333333,
    "val_position_5_acc": 0.9920666666666667,
    "test_loss": 0.24953670215946522,
    "test_seq_acc": 0.9514666666666667,
    "test_char_acc": 0.98996,
    "test_edit_distance": 0.05,
    "test_clean_accuracy": 0.9514666666666667,
    "test_robustness_drop": null,
    "test_restoration_gain": null,
    "test_position_1_acc": 0.9914,
    "test_position_2_acc": 0.9871333333333333,
    "test_position_3_acc": 0.9908666666666667,
    "test_position_4_acc": 0.9895333333333334,
    "test_position_5_acc": 0.9908666666666667
}