{
    "epoch": 88,
    "train_loss": 0.014267890193146247,
    "pretrain_loss": null,
    "finetune_loss": 0.0006417973816748384,
    "pseudo_label_count": 20868,
    "pseudo_label_accept_rate": 0.9937142857142857,
    "mean_pseudo_confidence": 0.9995700452938742,
    "consistency_loss": 0.013626092811471409,
    "encoder_stage": "consistency",
    "stn_status": "disabled",
    "stn_regularization_loss": 0.0,
    "val_loss": 0.23216216339224435,
    "val_seq_acc": 0.9497333333333333,
    "val_char_acc": 0.9897466666666667,
    "val_edit_distance": 0.05126666666666667,
    "val_clean_accuracy": 0.9497333333333333,
    "val_robustness_drop": null,
    "val_restoration_gain": null,
    "val_position_1_acc": 0.989,
    "val_position_2_acc": 0.9883333333333333,
    "val_position_3_acc": 0.9895333333333334,
    "val_position_4_acc": 0.9901333333333333,
    "val_position_5_acc": 0.9917333333333334,
    "test_loss": 0.2360925718923991,
    "test_seq_acc": 0.9501333333333334,
    "test_char_acc": 0.9897733333333333,
    "test_edit_distance": 0.051,
    "test_clean_accuracy": 0.9501333333333334,
    "test_robustness_drop": null,
    "test_restoration_gain": null,
    "test_position_1_acc": 0.9911333333333333,
    "test_position_2_acc": 0.9874,
    "test_position_3_acc": 0.9899333333333333,
    "test_position_4_acc": 0.9887333333333334,
    "test_position_5_acc": 0.9916666666666667
}