{
    "epoch": 84,
    "train_loss": 0.015352797245721455,
    "pretrain_loss": null,
    "finetune_loss": 0.0006813351234589868,
    "pseudo_label_count": 20882,
    "pseudo_label_accept_rate": 0.9943809523809524,
    "mean_pseudo_confidence": 0.9994790091641093,
    "consistency_loss": 0.014671462122262469,
    "encoder_stage": "consistency",
    "stn_status": "disabled",
    "stn_regularization_loss": 0.0,
    "val_loss": 0.22509854939763752,
    "val_seq_acc": 0.9513333333333334,
    "val_char_acc": 0.99012,
    "val_edit_distance": 0.0494,
    "val_clean_accuracy": 0.9513333333333334,
    "val_robustness_drop": null,
    "val_restoration_gain": null,
    "val_position_1_acc": 0.9892,
    "val_position_2_acc": 0.9886,
    "val_position_3_acc": 0.99,
    "val_position_4_acc": 0.9908,
    "val_position_5_acc": 0.992,
    "test_loss": 0.23033639136057824,
    "test_seq_acc": 0.9507333333333333,
    "test_char_acc": 0.98992,
    "test_edit_distance": 0.05026666666666667,
    "test_clean_accuracy": 0.9507333333333333,
    "test_robustness_drop": null,
    "test_restoration_gain": null,
    "test_position_1_acc": 0.9907333333333334,
    "test_position_2_acc": 0.9884,
    "test_position_3_acc": 0.9894666666666667,
    "test_position_4_acc": 0.9896,
    "test_position_5_acc": 0.9914
}