{
    "epoch": 60,
    "train_loss": 0.02636278887376992,
    "pretrain_loss": null,
    "finetune_loss": 0.0018688039693451916,
    "pseudo_label_count": 20596,
    "pseudo_label_accept_rate": 0.9807619047619047,
    "mean_pseudo_confidence": 0.9988755950605459,
    "consistency_loss": 0.024493984904424726,
    "encoder_stage": "consistency",
    "stn_status": "disabled",
    "stn_regularization_loss": 0.0,
    "val_loss": 0.19425576689090837,
    "val_seq_acc": 0.9527333333333333,
    "val_char_acc": 0.99036,
    "val_edit_distance": 0.0482,
    "val_clean_accuracy": 0.9527333333333333,
    "val_robustness_drop": null,
    "val_restoration_gain": null,
    "val_position_1_acc": 0.9911333333333333,
    "val_position_2_acc": 0.9895333333333334,
    "val_position_3_acc": 0.9896,
    "val_position_4_acc": 0.9897333333333334,
    "val_position_5_acc": 0.9918,
    "test_loss": 0.18521744615616317,
    "test_seq_acc": 0.9525333333333333,
    "test_char_acc": 0.9902666666666666,
    "test_edit_distance": 0.04853333333333333,
    "test_clean_accuracy": 0.9525333333333333,
    "test_robustness_drop": null,
    "test_restoration_gain": null,
    "test_position_1_acc": 0.991,
    "test_position_2_acc": 0.9886666666666667,
    "test_position_3_acc": 0.9906666666666667,
    "test_position_4_acc": 0.9896666666666667,
    "test_position_5_acc": 0.9913333333333333
}