{
    "epoch": 108,
    "train_loss": 0.01176034644459254,
    "pretrain_loss": null,
    "finetune_loss": 0.00026547645427488453,
    "pseudo_label_count": 20957,
    "pseudo_label_accept_rate": 0.9979523809523809,
    "mean_pseudo_confidence": 0.9997423344647753,
    "consistency_loss": 0.011494869990317656,
    "encoder_stage": "consistency",
    "stn_status": "disabled",
    "stn_regularization_loss": 0.0,
    "val_loss": 0.23226396035609836,
    "val_seq_acc": 0.9532666666666667,
    "val_char_acc": 0.9904666666666667,
    "val_edit_distance": 0.0476,
    "val_clean_accuracy": 0.9532666666666667,
    "val_robustness_drop": null,
    "val_restoration_gain": null,
    "val_position_1_acc": 0.9905333333333334,
    "val_position_2_acc": 0.9894666666666667,
    "val_position_3_acc": 0.99,
    "val_position_4_acc": 0.9902666666666666,
    "val_position_5_acc": 0.9920666666666667,
    "test_loss": 0.24212740636765065,
    "test_seq_acc": 0.9528,
    "test_char_acc": 0.99028,
    "test_edit_distance": 0.0484,
    "test_clean_accuracy": 0.9528,
    "test_robustness_drop": null,
    "test_restoration_gain": null,
    "test_position_1_acc": 0.9915333333333334,
    "test_position_2_acc": 0.9876666666666667,
    "test_position_3_acc": 0.9904666666666667,
    "test_position_4_acc": 0.9901333333333333,
    "test_position_5_acc": 0.9916
}