{
    "epoch": 139,
    "train_loss": 0.009405156542449361,
    "pretrain_loss": null,
    "finetune_loss": 0.00014057729578647728,
    "pseudo_label_count": 20969,
    "pseudo_label_accept_rate": 0.9985238095238095,
    "mean_pseudo_confidence": 0.9997764907855834,
    "consistency_loss": 0.009264579246662883,
    "encoder_stage": "consistency",
    "stn_status": "disabled",
    "stn_regularization_loss": 0.0,
    "val_loss": 0.2450698687561213,
    "val_seq_acc": 0.9517333333333333,
    "val_char_acc": 0.9901333333333333,
    "val_edit_distance": 0.04926666666666667,
    "val_clean_accuracy": 0.9517333333333333,
    "val_robustness_drop": null,
    "val_restoration_gain": null,
    "val_position_1_acc": 0.99,
    "val_position_2_acc": 0.9889333333333333,
    "val_position_3_acc": 0.9898,
    "val_position_4_acc": 0.9900666666666667,
    "val_position_5_acc": 0.9918666666666667,
    "test_loss": 0.2537333100235357,
    "test_seq_acc": 0.9512,
    "test_char_acc": 0.9899866666666667,
    "test_edit_distance": 0.049933333333333337,
    "test_clean_accuracy": 0.9512,
    "test_robustness_drop": null,
    "test_restoration_gain": null,
    "test_position_1_acc": 0.9912666666666666,
    "test_position_2_acc": 0.9878,
    "test_position_3_acc": 0.9899333333333333,
    "test_position_4_acc": 0.9898666666666667,
    "test_position_5_acc": 0.9910666666666667
}