{
    "epoch": 102,
    "train_loss": 0.01231504645203001,
    "pretrain_loss": null,
    "finetune_loss": 0.0004330821676440333,
    "pseudo_label_count": 20937,
    "pseudo_label_accept_rate": 0.997,
    "mean_pseudo_confidence": 0.9997139894877475,
    "consistency_loss": 0.011881964284385977,
    "encoder_stage": "consistency",
    "stn_status": "disabled",
    "stn_regularization_loss": 0.0,
    "val_loss": 0.2337704570924348,
    "val_seq_acc": 0.9528666666666666,
    "val_char_acc": 0.9903866666666666,
    "val_edit_distance": 0.048,
    "val_clean_accuracy": 0.9528666666666666,
    "val_robustness_drop": null,
    "val_restoration_gain": null,
    "val_position_1_acc": 0.9903333333333333,
    "val_position_2_acc": 0.9892,
    "val_position_3_acc": 0.9898,
    "val_position_4_acc": 0.9902666666666666,
    "val_position_5_acc": 0.9923333333333333,
    "test_loss": 0.2458770798162577,
    "test_seq_acc": 0.9520666666666666,
    "test_char_acc": 0.9901466666666666,
    "test_edit_distance": 0.049133333333333334,
    "test_clean_accuracy": 0.9520666666666666,
    "test_robustness_drop": null,
    "test_restoration_gain": null,
    "test_position_1_acc": 0.9913333333333333,
    "test_position_2_acc": 0.9877333333333334,
    "test_position_3_acc": 0.9905333333333334,
    "test_position_4_acc": 0.9893333333333333,
    "test_position_5_acc": 0.9918
}