{
    "epoch": 116,
    "train_loss": 0.011111420661924857,
    "pretrain_loss": null,
    "finetune_loss": 0.00024186828041124488,
    "pseudo_label_count": 20933,
    "pseudo_label_accept_rate": 0.9968095238095238,
    "mean_pseudo_confidence": 0.99978697782307,
    "consistency_loss": 0.010869552381513612,
    "encoder_stage": "consistency",
    "stn_status": "disabled",
    "stn_regularization_loss": 0.0,
    "val_loss": 0.22954382441586202,
    "val_seq_acc": 0.9534666666666667,
    "val_char_acc": 0.9905333333333334,
    "val_edit_distance": 0.047266666666666665,
    "val_clean_accuracy": 0.9534666666666667,
    "val_robustness_drop": null,
    "val_restoration_gain": null,
    "val_position_1_acc": 0.9902,
    "val_position_2_acc": 0.9896,
    "val_position_3_acc": 0.9897333333333334,
    "val_position_4_acc": 0.9906,
    "val_position_5_acc": 0.9925333333333334,
    "test_loss": 0.240411989901839,
    "test_seq_acc": 0.9536,
    "test_char_acc": 0.9904666666666667,
    "test_edit_distance": 0.0476,
    "test_clean_accuracy": 0.9536,
    "test_robustness_drop": null,
    "test_restoration_gain": null,
    "test_position_1_acc": 0.9918666666666667,
    "test_position_2_acc": 0.988,
    "test_position_3_acc": 0.9903333333333333,
    "test_position_4_acc": 0.9902666666666666,
    "test_position_5_acc": 0.9918666666666667
}