{
    "epoch": 17,
    "train_loss": 0.19278842842751848,
    "pretrain_loss": null,
    "finetune_loss": 0.13604255362022327,
    "pseudo_label_count": 19929,
    "pseudo_label_accept_rate": 0.949,
    "mean_pseudo_confidence": 0.9964410163687597,
    "consistency_loss": 0.05674587480729519,
    "encoder_stage": "consistency",
    "stn_status": "disabled",
    "stn_regularization_loss": 0.0,
    "val_loss": 1.0398852667275895,
    "val_seq_acc": 0.8611333333333333,
    "val_char_acc": 0.97068,
    "val_edit_distance": 0.1466,
    "val_clean_accuracy": 0.8611333333333333,
    "val_robustness_drop": null,
    "val_restoration_gain": null,
    "val_position_1_acc": 0.9719333333333333,
    "val_position_2_acc": 0.9681333333333333,
    "val_position_3_acc": 0.9714666666666667,
    "val_position_4_acc": 0.9693333333333334,
    "val_position_5_acc": 0.9725333333333334,
    "test_loss": 1.0603384813729753,
    "test_seq_acc": 0.8576,
    "test_char_acc": 0.96944,
    "test_edit_distance": 0.15273333333333333,
    "test_clean_accuracy": 0.8576,
    "test_robustness_drop": null,
    "test_restoration_gain": null,
    "test_position_1_acc": 0.9726666666666667,
    "test_position_2_acc": 0.9664666666666667,
    "test_position_3_acc": 0.9672666666666667,
    "test_position_4_acc": 0.9697333333333333,
    "test_position_5_acc": 0.9710666666666666
}