{
    "epoch": 20,
    "train_loss": 0.16685165138564845,
    "pretrain_loss": null,
    "finetune_loss": 0.10788604055285726,
    "pseudo_label_count": 19825,
    "pseudo_label_accept_rate": 0.944047619047619,
    "mean_pseudo_confidence": 0.9963189062525014,
    "consistency_loss": 0.0589656108327912,
    "encoder_stage": "consistency",
    "stn_status": "disabled",
    "stn_regularization_loss": 0.0,
    "val_loss": 1.045737293806482,
    "val_seq_acc": 0.8616666666666667,
    "val_char_acc": 0.9708,
    "val_edit_distance": 0.146,
    "val_clean_accuracy": 0.8616666666666667,
    "val_robustness_drop": null,
    "val_restoration_gain": null,
    "val_position_1_acc": 0.9729333333333333,
    "val_position_2_acc": 0.9688666666666667,
    "val_position_3_acc": 0.9709333333333333,
    "val_position_4_acc": 0.9686,
    "val_position_5_acc": 0.9726666666666667,
    "test_loss": 1.0653604666603373,
    "test_seq_acc": 0.8584,
    "test_char_acc": 0.9696133333333333,
    "test_edit_distance": 0.15186666666666668,
    "test_clean_accuracy": 0.8584,
    "test_robustness_drop": null,
    "test_restoration_gain": null,
    "test_position_1_acc": 0.9734666666666667,
    "test_position_2_acc": 0.968,
    "test_position_3_acc": 0.9666,
    "test_position_4_acc": 0.9692,
    "test_position_5_acc": 0.9708
}