{
    "epoch": 10,
    "train_loss": 0.3146564803264515,
    "pretrain_loss": null,
    "finetune_loss": 0.23957580651883667,
    "pseudo_label_count": 18742,
    "pseudo_label_accept_rate": 0.8924761904761904,
    "mean_pseudo_confidence": 0.9940231266964107,
    "consistency_loss": 0.07508067380761484,
    "encoder_stage": "consistency",
    "stn_status": "disabled",
    "stn_regularization_loss": 0.0,
    "val_loss": 0.6085298322458217,
    "val_seq_acc": 0.8565333333333334,
    "val_char_acc": 0.96956,
    "val_edit_distance": 0.1522,
    "val_clean_accuracy": 0.8565333333333334,
    "val_robustness_drop": null,
    "val_restoration_gain": null,
    "val_position_1_acc": 0.9713333333333334,
    "val_position_2_acc": 0.9664666666666667,
    "val_position_3_acc": 0.9692666666666667,
    "val_position_4_acc": 0.9685333333333334,
    "val_position_5_acc": 0.9722,
    "test_loss": 0.6273362337908847,
    "test_seq_acc": 0.8516666666666667,
    "test_char_acc": 0.9682533333333333,
    "test_edit_distance": 0.15866666666666668,
    "test_clean_accuracy": 0.8516666666666667,
    "test_robustness_drop": null,
    "test_restoration_gain": null,
    "test_position_1_acc": 0.9725333333333334,
    "test_position_2_acc": 0.9648,
    "test_position_3_acc": 0.965,
    "test_position_4_acc": 0.9688,
    "test_position_5_acc": 0.9701333333333333
}