{
    "epoch": 118,
    "train_loss": 0.010489485816472384,
    "pretrain_loss": null,
    "finetune_loss": 0.0002261799240449537,
    "pseudo_label_count": 20955,
    "pseudo_label_accept_rate": 0.9978571428571429,
    "mean_pseudo_confidence": 0.9997473284840385,
    "consistency_loss": 0.010263305892427431,
    "encoder_stage": "consistency",
    "stn_status": "disabled",
    "stn_regularization_loss": 0.0,
    "val_loss": 0.23180599475646035,
    "val_seq_acc": 0.9526666666666667,
    "val_char_acc": 0.9903333333333333,
    "val_edit_distance": 0.048266666666666666,
    "val_clean_accuracy": 0.9526666666666667,
    "val_robustness_drop": null,
    "val_restoration_gain": null,
    "val_position_1_acc": 0.9902,
    "val_position_2_acc": 0.9892666666666666,
    "val_position_3_acc": 0.99,
    "val_position_4_acc": 0.9901333333333333,
    "val_position_5_acc": 0.9920666666666667,
    "test_loss": 0.24132649352281116,
    "test_seq_acc": 0.9522,
    "test_char_acc": 0.9901866666666667,
    "test_edit_distance": 0.048933333333333336,
    "test_clean_accuracy": 0.9522,
    "test_robustness_drop": null,
    "test_restoration_gain": null,
    "test_position_1_acc": 0.9914,
    "test_position_2_acc": 0.9876,
    "test_position_3_acc": 0.9904666666666667,
    "test_position_4_acc": 0.9894,
    "test_position_5_acc": 0.9920666666666667
}