{
    "epoch": 193,
    "train_loss": 0.011360742037118662,
    "pretrain_loss": null,
    "finetune_loss": 0.0003905157014295708,
    "pseudo_label_count": 20948,
    "pseudo_label_accept_rate": 0.9975238095238095,
    "mean_pseudo_confidence": 0.99973349239345,
    "consistency_loss": 0.010970226335689092,
    "encoder_stage": "consistency",
    "stn_status": "disabled",
    "stn_regularization_loss": 0.0,
    "val_loss": 0.24340623132715428,
    "val_seq_acc": 0.9538666666666666,
    "val_char_acc": 0.99056,
    "val_edit_distance": 0.04713333333333333,
    "val_clean_accuracy": 0.9538666666666666,
    "val_robustness_drop": null,
    "val_restoration_gain": null,
    "val_position_1_acc": 0.9903333333333333,
    "val_position_2_acc": 0.989,
    "val_position_3_acc": 0.9905333333333334,
    "val_position_4_acc": 0.9906,
    "val_position_5_acc": 0.9923333333333333,
    "test_loss": 0.2528363946926947,
    "test_seq_acc": 0.9533333333333334,
    "test_char_acc": 0.9904133333333334,
    "test_edit_distance": 0.0478,
    "test_clean_accuracy": 0.9533333333333334,
    "test_robustness_drop": null,
    "test_restoration_gain": null,
    "test_position_1_acc": 0.9917333333333334,
    "test_position_2_acc": 0.9876666666666667,
    "test_position_3_acc": 0.9906,
    "test_position_4_acc": 0.9904,
    "test_position_5_acc": 0.9916666666666667
}