{
    "epoch": 37,
    "train_loss": 0.0947969207616951,
    "pretrain_loss": null,
    "finetune_loss": 0.043435966650111596,
    "pseudo_label_count": 19919,
    "pseudo_label_accept_rate": 0.9485238095238095,
    "mean_pseudo_confidence": 0.997130470945208,
    "consistency_loss": 0.05136095411158351,
    "encoder_stage": "consistency",
    "stn_status": "disabled",
    "stn_regularization_loss": 0.0,
    "val_loss": 0.5415914953706112,
    "val_seq_acc": 0.8944,
    "val_char_acc": 0.9779333333333333,
    "val_edit_distance": 0.11033333333333334,
    "val_clean_accuracy": 0.8944,
    "val_robustness_drop": null,
    "val_restoration_gain": null,
    "val_position_1_acc": 0.9818,
    "val_position_2_acc": 0.9763333333333334,
    "val_position_3_acc": 0.9759333333333333,
    "val_position_4_acc": 0.9748,
    "val_position_5_acc": 0.9808,
    "test_loss": 0.5505794878652756,
    "test_seq_acc": 0.8888,
    "test_char_acc": 0.9764133333333334,
    "test_edit_distance": 0.11786666666666666,
    "test_clean_accuracy": 0.8888,
    "test_robustness_drop": null,
    "test_restoration_gain": null,
    "test_position_1_acc": 0.9818666666666667,
    "test_position_2_acc": 0.9746,
    "test_position_3_acc": 0.9737333333333333,
    "test_position_4_acc": 0.9740666666666666,
    "test_position_5_acc": 0.9778
}