{
    "epoch": 186,
    "train_loss": 0.01020571888854512,
    "pretrain_loss": null,
    "finetune_loss": 0.0004297927187498823,
    "pseudo_label_count": 20957,
    "pseudo_label_accept_rate": 0.9979523809523809,
    "mean_pseudo_confidence": 0.9997398379923318,
    "consistency_loss": 0.009775926169795238,
    "encoder_stage": "consistency",
    "stn_status": "disabled",
    "stn_regularization_loss": 0.0,
    "val_loss": 0.2502121537630377,
    "val_seq_acc": 0.9526,
    "val_char_acc": 0.99032,
    "val_edit_distance": 0.04833333333333333,
    "val_clean_accuracy": 0.9526,
    "val_robustness_drop": null,
    "val_restoration_gain": null,
    "val_position_1_acc": 0.9902666666666666,
    "val_position_2_acc": 0.9888666666666667,
    "val_position_3_acc": 0.9898666666666667,
    "val_position_4_acc": 0.9905333333333334,
    "val_position_5_acc": 0.9920666666666667,
    "test_loss": 0.2593959860506559,
    "test_seq_acc": 0.9522,
    "test_char_acc": 0.99016,
    "test_edit_distance": 0.04906666666666667,
    "test_clean_accuracy": 0.9522,
    "test_robustness_drop": null,
    "test_restoration_gain": null,
    "test_position_1_acc": 0.9914666666666667,
    "test_position_2_acc": 0.9878,
    "test_position_3_acc": 0.9902666666666666,
    "test_position_4_acc": 0.9898,
    "test_position_5_acc": 0.9914666666666667
}