{
    "epoch": 105,
    "train_loss": 0.013043904057364962,
    "pretrain_loss": null,
    "finetune_loss": 0.0003557396392058072,
    "pseudo_label_count": 20943,
    "pseudo_label_accept_rate": 0.9972857142857143,
    "mean_pseudo_confidence": 0.999742293775648,
    "consistency_loss": 0.012688164418159155,
    "encoder_stage": "consistency",
    "stn_status": "disabled",
    "stn_regularization_loss": 0.0,
    "val_loss": 0.2282777941541776,
    "val_seq_acc": 0.9538,
    "val_char_acc": 0.99056,
    "val_edit_distance": 0.04713333333333333,
    "val_clean_accuracy": 0.9538,
    "val_robustness_drop": null,
    "val_restoration_gain": null,
    "val_position_1_acc": 0.9903333333333333,
    "val_position_2_acc": 0.9893333333333333,
    "val_position_3_acc": 0.9898,
    "val_position_4_acc": 0.9904666666666667,
    "val_position_5_acc": 0.9928666666666667,
    "test_loss": 0.24124055066603567,
    "test_seq_acc": 0.9521333333333334,
    "test_char_acc": 0.9901466666666666,
    "test_edit_distance": 0.049133333333333334,
    "test_clean_accuracy": 0.9521333333333334,
    "test_robustness_drop": null,
    "test_restoration_gain": null,
    "test_position_1_acc": 0.9912666666666666,
    "test_position_2_acc": 0.988,
    "test_position_3_acc": 0.9904,
    "test_position_4_acc": 0.9896,
    "test_position_5_acc": 0.9914666666666667
}