{
    "epoch": 36,
    "train_loss": 0.09319475799764537,
    "pretrain_loss": null,
    "finetune_loss": 0.04757814928305678,
    "pseudo_label_count": 20043,
    "pseudo_label_accept_rate": 0.9544285714285714,
    "mean_pseudo_confidence": 0.9972852246939633,
    "consistency_loss": 0.0456166087145886,
    "encoder_stage": "consistency",
    "stn_status": "disabled",
    "stn_regularization_loss": 0.0,
    "val_loss": 0.5952548098849489,
    "val_seq_acc": 0.8927333333333334,
    "val_char_acc": 0.9775066666666666,
    "val_edit_distance": 0.11246666666666667,
    "val_clean_accuracy": 0.8927333333333334,
    "val_robustness_drop": null,
    "val_restoration_gain": null,
    "val_position_1_acc": 0.9811333333333333,
    "val_position_2_acc": 0.9731333333333333,
    "val_position_3_acc": 0.9778666666666667,
    "val_position_4_acc": 0.9765333333333334,
    "val_position_5_acc": 0.9788666666666667,
    "test_loss": 0.6010782319021986,
    "test_seq_acc": 0.8864666666666666,
    "test_char_acc": 0.9760533333333333,
    "test_edit_distance": 0.11966666666666667,
    "test_clean_accuracy": 0.8864666666666666,
    "test_robustness_drop": null,
    "test_restoration_gain": null,
    "test_position_1_acc": 0.9813333333333333,
    "test_position_2_acc": 0.9716,
    "test_position_3_acc": 0.9756,
    "test_position_4_acc": 0.9746666666666667,
    "test_position_5_acc": 0.9770666666666666
}