{
    "epoch": 160,
    "train_loss": 0.013260377215420656,
    "pretrain_loss": null,
    "finetune_loss": 0.0004904557285372278,
    "pseudo_label_count": 20963,
    "pseudo_label_accept_rate": 0.9982380952380953,
    "mean_pseudo_confidence": 0.9997390730829234,
    "consistency_loss": 0.012769921486883428,
    "encoder_stage": "consistency",
    "stn_status": "disabled",
    "stn_regularization_loss": 0.0,
    "val_loss": 0.23719860510333438,
    "val_seq_acc": 0.9535333333333333,
    "val_char_acc": 0.9905066666666666,
    "val_edit_distance": 0.0474,
    "val_clean_accuracy": 0.9535333333333333,
    "val_robustness_drop": null,
    "val_restoration_gain": null,
    "val_position_1_acc": 0.9903333333333333,
    "val_position_2_acc": 0.9889333333333333,
    "val_position_3_acc": 0.9897333333333334,
    "val_position_4_acc": 0.9909333333333333,
    "val_position_5_acc": 0.9926,
    "test_loss": 0.24726996489807634,
    "test_seq_acc": 0.9535333333333333,
    "test_char_acc": 0.99044,
    "test_edit_distance": 0.047733333333333336,
    "test_clean_accuracy": 0.9535333333333333,
    "test_robustness_drop": null,
    "test_restoration_gain": null,
    "test_position_1_acc": 0.9918,
    "test_position_2_acc": 0.9884,
    "test_position_3_acc": 0.9902666666666666,
    "test_position_4_acc": 0.9902,
    "test_position_5_acc": 0.9915333333333334
}