{
    "epoch": 198,
    "train_loss": 0.010461560307193349,
    "pretrain_loss": null,
    "finetune_loss": 0.00039144636494644957,
    "pseudo_label_count": 20960,
    "pseudo_label_accept_rate": 0.9980952380952381,
    "mean_pseudo_confidence": 0.9997586441176538,
    "consistency_loss": 0.010070113942246899,
    "encoder_stage": "consistency",
    "stn_status": "disabled",
    "stn_regularization_loss": 0.0,
    "val_loss": 0.23971010856134664,
    "val_seq_acc": 0.9539333333333333,
    "val_char_acc": 0.99064,
    "val_edit_distance": 0.046733333333333335,
    "val_clean_accuracy": 0.9539333333333333,
    "val_robustness_drop": null,
    "val_restoration_gain": null,
    "val_position_1_acc": 0.9904,
    "val_position_2_acc": 0.9892,
    "val_position_3_acc": 0.9902,
    "val_position_4_acc": 0.9909333333333333,
    "val_position_5_acc": 0.9924666666666667,
    "test_loss": 0.253890335464189,
    "test_seq_acc": 0.9531333333333334,
    "test_char_acc": 0.99032,
    "test_edit_distance": 0.048266666666666666,
    "test_clean_accuracy": 0.9531333333333334,
    "test_robustness_drop": null,
    "test_restoration_gain": null,
    "test_position_1_acc": 0.9918,
    "test_position_2_acc": 0.9879333333333333,
    "test_position_3_acc": 0.9904666666666667,
    "test_position_4_acc": 0.9902,
    "test_position_5_acc": 0.9912
}