{
    "epoch": 138,
    "train_loss": 0.008304866234689814,
    "pretrain_loss": null,
    "finetune_loss": 0.0001561656546422284,
    "pseudo_label_count": 20949,
    "pseudo_label_accept_rate": 0.9975714285714286,
    "mean_pseudo_confidence": 0.9998002548969823,
    "consistency_loss": 0.008148700580047585,
    "encoder_stage": "consistency",
    "stn_status": "disabled",
    "stn_regularization_loss": 0.0,
    "val_loss": 0.2424626702296627,
    "val_seq_acc": 0.9529333333333333,
    "val_char_acc": 0.9904,
    "val_edit_distance": 0.047933333333333335,
    "val_clean_accuracy": 0.9529333333333333,
    "val_robustness_drop": null,
    "val_restoration_gain": null,
    "val_position_1_acc": 0.99,
    "val_position_2_acc": 0.9895333333333334,
    "val_position_3_acc": 0.9900666666666667,
    "val_position_4_acc": 0.9902,
    "val_position_5_acc": 0.9922,
    "test_loss": 0.250678582889018,
    "test_seq_acc": 0.9518666666666666,
    "test_char_acc": 0.99012,
    "test_edit_distance": 0.04926666666666667,
    "test_clean_accuracy": 0.9518666666666666,
    "test_robustness_drop": null,
    "test_restoration_gain": null,
    "test_position_1_acc": 0.9914666666666667,
    "test_position_2_acc": 0.9876666666666667,
    "test_position_3_acc": 0.9902,
    "test_position_4_acc": 0.9898666666666667,
    "test_position_5_acc": 0.9914
}