{
    "epoch": 73,
    "train_loss": 0.015937422781140898,
    "pretrain_loss": null,
    "finetune_loss": 0.0009262816851280658,
    "pseudo_label_count": 20813,
    "pseudo_label_accept_rate": 0.9910952380952381,
    "mean_pseudo_confidence": 0.9993016471582368,
    "consistency_loss": 0.015011141096012834,
    "encoder_stage": "consistency",
    "stn_status": "disabled",
    "stn_regularization_loss": 0.0,
    "val_loss": 0.21021800649382094,
    "val_seq_acc": 0.9528666666666666,
    "val_char_acc": 0.9904133333333334,
    "val_edit_distance": 0.047933333333333335,
    "val_clean_accuracy": 0.9528666666666666,
    "val_robustness_drop": null,
    "val_restoration_gain": null,
    "val_position_1_acc": 0.9906,
    "val_position_2_acc": 0.9896,
    "val_position_3_acc": 0.9899333333333333,
    "val_position_4_acc": 0.9898666666666667,
    "val_position_5_acc": 0.9920666666666667,
    "test_loss": 0.21263633612159422,
    "test_seq_acc": 0.9522666666666667,
    "test_char_acc": 0.9902,
    "test_edit_distance": 0.04886666666666667,
    "test_clean_accuracy": 0.9522666666666667,
    "test_robustness_drop": null,
    "test_restoration_gain": null,
    "test_position_1_acc": 0.9916,
    "test_position_2_acc": 0.9878,
    "test_position_3_acc": 0.9901333333333333,
    "test_position_4_acc": 0.9901333333333333,
    "test_position_5_acc": 0.9913333333333333
}