{
    "epoch": 182,
    "train_loss": 0.012338580798124471,
    "pretrain_loss": null,
    "finetune_loss": 0.0004523568754135986,
    "pseudo_label_count": 20963,
    "pseudo_label_accept_rate": 0.9982380952380953,
    "mean_pseudo_confidence": 0.9997513787025248,
    "consistency_loss": 0.011886223922710873,
    "encoder_stage": "consistency",
    "stn_status": "disabled",
    "stn_regularization_loss": 0.0,
    "val_loss": 0.24257385484399738,
    "val_seq_acc": 0.9532666666666667,
    "val_char_acc": 0.99044,
    "val_edit_distance": 0.047733333333333336,
    "val_clean_accuracy": 0.9532666666666667,
    "val_robustness_drop": null,
    "val_restoration_gain": null,
    "val_position_1_acc": 0.9903333333333333,
    "val_position_2_acc": 0.9892,
    "val_position_3_acc": 0.9897333333333334,
    "val_position_4_acc": 0.9906,
    "val_position_5_acc": 0.9923333333333333,
    "test_loss": 0.25718529532355155,
    "test_seq_acc": 0.9521333333333334,
    "test_char_acc": 0.9901333333333333,
    "test_edit_distance": 0.04926666666666667,
    "test_clean_accuracy": 0.9521333333333334,
    "test_robustness_drop": null,
    "test_restoration_gain": null,
    "test_position_1_acc": 0.9916666666666667,
    "test_position_2_acc": 0.9877333333333334,
    "test_position_3_acc": 0.9901333333333333,
    "test_position_4_acc": 0.9898666666666667,
    "test_position_5_acc": 0.9912666666666666
}