{
    "epoch": 165,
    "train_loss": 0.011161854990144863,
    "pretrain_loss": null,
    "finetune_loss": 0.0003942010078623917,
    "pseudo_label_count": 20951,
    "pseudo_label_accept_rate": 0.9976666666666667,
    "mean_pseudo_confidence": 0.9997530934873341,
    "consistency_loss": 0.010767653982282471,
    "encoder_stage": "consistency",
    "stn_status": "disabled",
    "stn_regularization_loss": 0.0,
    "val_loss": 0.24698364374092263,
    "val_seq_acc": 0.9533333333333334,
    "val_char_acc": 0.9904933333333333,
    "val_edit_distance": 0.047466666666666664,
    "val_clean_accuracy": 0.9533333333333334,
    "val_robustness_drop": null,
    "val_restoration_gain": null,
    "val_position_1_acc": 0.9905333333333334,
    "val_position_2_acc": 0.9889333333333333,
    "val_position_3_acc": 0.99,
    "val_position_4_acc": 0.9905333333333334,
    "val_position_5_acc": 0.9924666666666667,
    "test_loss": 0.2583660642248181,
    "test_seq_acc": 0.9528666666666666,
    "test_char_acc": 0.9903066666666667,
    "test_edit_distance": 0.04833333333333333,
    "test_clean_accuracy": 0.9528666666666666,
    "test_robustness_drop": null,
    "test_restoration_gain": null,
    "test_position_1_acc": 0.9918,
    "test_position_2_acc": 0.988,
    "test_position_3_acc": 0.9902666666666666,
    "test_position_4_acc": 0.9901333333333333,
    "test_position_5_acc": 0.9913333333333333
}