{
    "epoch": 86,
    "train_loss": 0.014807833136071535,
    "pretrain_loss": null,
    "finetune_loss": 0.001176112084770326,
    "pseudo_label_count": 20899,
    "pseudo_label_accept_rate": 0.9951904761904762,
    "mean_pseudo_confidence": 0.9995257983715821,
    "consistency_loss": 0.01363172105130121,
    "encoder_stage": "consistency",
    "stn_status": "disabled",
    "stn_regularization_loss": 0.0,
    "val_loss": 0.2272966449358253,
    "val_seq_acc": 0.9503333333333334,
    "val_char_acc": 0.9898666666666667,
    "val_edit_distance": 0.050666666666666665,
    "val_clean_accuracy": 0.9503333333333334,
    "val_robustness_drop": null,
    "val_restoration_gain": null,
    "val_position_1_acc": 0.9893333333333333,
    "val_position_2_acc": 0.9884,
    "val_position_3_acc": 0.9894,
    "val_position_4_acc": 0.9903333333333333,
    "val_position_5_acc": 0.9918666666666667,
    "test_loss": 0.23168897388299847,
    "test_seq_acc": 0.9509333333333333,
    "test_char_acc": 0.9899066666666667,
    "test_edit_distance": 0.050333333333333334,
    "test_clean_accuracy": 0.9509333333333333,
    "test_robustness_drop": null,
    "test_restoration_gain": null,
    "test_position_1_acc": 0.9912,
    "test_position_2_acc": 0.9880666666666666,
    "test_position_3_acc": 0.9901333333333333,
    "test_position_4_acc": 0.9896,
    "test_position_5_acc": 0.9905333333333334
}