{
    "epoch": 191,
    "train_loss": 0.011348336278447403,
    "pretrain_loss": null,
    "finetune_loss": 0.000421500663096547,
    "pseudo_label_count": 20948,
    "pseudo_label_accept_rate": 0.9975238095238095,
    "mean_pseudo_confidence": 0.9997477940709987,
    "consistency_loss": 0.010926835615350856,
    "encoder_stage": "consistency",
    "stn_status": "disabled",
    "stn_regularization_loss": 0.0,
    "val_loss": 0.24192402435431107,
    "val_seq_acc": 0.9543333333333334,
    "val_char_acc": 0.99072,
    "val_edit_distance": 0.0464,
    "val_clean_accuracy": 0.9543333333333334,
    "val_robustness_drop": null,
    "val_restoration_gain": null,
    "val_position_1_acc": 0.9904666666666667,
    "val_position_2_acc": 0.9894,
    "val_position_3_acc": 0.9903333333333333,
    "val_position_4_acc": 0.9908,
    "val_position_5_acc": 0.9926,
    "test_loss": 0.252709024814437,
    "test_seq_acc": 0.9532666666666667,
    "test_char_acc": 0.9903733333333333,
    "test_edit_distance": 0.048,
    "test_clean_accuracy": 0.9532666666666667,
    "test_robustness_drop": null,
    "test_restoration_gain": null,
    "test_position_1_acc": 0.9914666666666667,
    "test_position_2_acc": 0.9881333333333333,
    "test_position_3_acc": 0.9905333333333334,
    "test_position_4_acc": 0.9902,
    "test_position_5_acc": 0.9915333333333334
}