{
    "epoch": 135,
    "train_loss": 0.00990870051839365,
    "pretrain_loss": null,
    "finetune_loss": 0.00019232285873600896,
    "pseudo_label_count": 20952,
    "pseudo_label_accept_rate": 0.9977142857142857,
    "mean_pseudo_confidence": 0.9997853302418526,
    "consistency_loss": 0.009716377659657641,
    "encoder_stage": "consistency",
    "stn_status": "disabled",
    "stn_regularization_loss": 0.0,
    "val_loss": 0.23185543261482033,
    "val_seq_acc": 0.9539333333333333,
    "val_char_acc": 0.99064,
    "val_edit_distance": 0.046733333333333335,
    "val_clean_accuracy": 0.9539333333333333,
    "val_robustness_drop": null,
    "val_restoration_gain": null,
    "val_position_1_acc": 0.9905333333333334,
    "val_position_2_acc": 0.9892666666666666,
    "val_position_3_acc": 0.9898,
    "val_position_4_acc": 0.9909333333333333,
    "val_position_5_acc": 0.9926666666666667,
    "test_loss": 0.24726863301289764,
    "test_seq_acc": 0.9524666666666667,
    "test_char_acc": 0.9901866666666667,
    "test_edit_distance": 0.048933333333333336,
    "test_clean_accuracy": 0.9524666666666667,
    "test_robustness_drop": null,
    "test_restoration_gain": null,
    "test_position_1_acc": 0.9913333333333333,
    "test_position_2_acc": 0.9878666666666667,
    "test_position_3_acc": 0.9904666666666667,
    "test_position_4_acc": 0.9899333333333333,
    "test_position_5_acc": 0.9913333333333333
}