{
    "epoch": 83,
    "train_loss": 0.01843512345398947,
    "pretrain_loss": null,
    "finetune_loss": 0.0007134262127941976,
    "pseudo_label_count": 20867,
    "pseudo_label_accept_rate": 0.9936666666666667,
    "mean_pseudo_confidence": 0.9995233859614601,
    "consistency_loss": 0.01772169724119527,
    "encoder_stage": "consistency",
    "stn_status": "disabled",
    "stn_regularization_loss": 0.0,
    "val_loss": 0.22313042342491904,
    "val_seq_acc": 0.9520666666666666,
    "val_char_acc": 0.9902666666666666,
    "val_edit_distance": 0.048666666666666664,
    "val_clean_accuracy": 0.9520666666666666,
    "val_robustness_drop": null,
    "val_restoration_gain": null,
    "val_position_1_acc": 0.9906666666666667,
    "val_position_2_acc": 0.9886666666666667,
    "val_position_3_acc": 0.9896666666666667,
    "val_position_4_acc": 0.9908,
    "val_position_5_acc": 0.9915333333333334,
    "test_loss": 0.2319386416072759,
    "test_seq_acc": 0.9507333333333333,
    "test_char_acc": 0.9898666666666667,
    "test_edit_distance": 0.05046666666666667,
    "test_clean_accuracy": 0.9507333333333333,
    "test_robustness_drop": null,
    "test_restoration_gain": null,
    "test_position_1_acc": 0.9911333333333333,
    "test_position_2_acc": 0.9877333333333334,
    "test_position_3_acc": 0.9896666666666667,
    "test_position_4_acc": 0.9897333333333334,
    "test_position_5_acc": 0.9910666666666667
}