{
    "epoch": 151,
    "train_loss": 0.01343874237634347,
    "pretrain_loss": null,
    "finetune_loss": 0.0004648395093769619,
    "pseudo_label_count": 20950,
    "pseudo_label_accept_rate": 0.9976190476190476,
    "mean_pseudo_confidence": 0.9997078478137178,
    "consistency_loss": 0.012973902866966508,
    "encoder_stage": "consistency",
    "stn_status": "disabled",
    "stn_regularization_loss": 0.0,
    "val_loss": 0.23948839305531064,
    "val_seq_acc": 0.9531333333333334,
    "val_char_acc": 0.9904133333333334,
    "val_edit_distance": 0.04786666666666667,
    "val_clean_accuracy": 0.9531333333333334,
    "val_robustness_drop": null,
    "val_restoration_gain": null,
    "val_position_1_acc": 0.99,
    "val_position_2_acc": 0.9888,
    "val_position_3_acc": 0.9901333333333333,
    "val_position_4_acc": 0.9906666666666667,
    "val_position_5_acc": 0.9924666666666667,
    "test_loss": 0.25200294620275976,
    "test_seq_acc": 0.9530666666666666,
    "test_char_acc": 0.9903066666666667,
    "test_edit_distance": 0.04833333333333333,
    "test_clean_accuracy": 0.9530666666666666,
    "test_robustness_drop": null,
    "test_restoration_gain": null,
    "test_position_1_acc": 0.9916666666666667,
    "test_position_2_acc": 0.9879333333333333,
    "test_position_3_acc": 0.9904666666666667,
    "test_position_4_acc": 0.9900666666666667,
    "test_position_5_acc": 0.9914
}