{
    "epoch": 15,
    "train_loss": 0.22765700708894926,
    "pretrain_loss": null,
    "finetune_loss": 0.15957578731209585,
    "pseudo_label_count": 19592,
    "pseudo_label_accept_rate": 0.932952380952381,
    "mean_pseudo_confidence": 0.9955421073332569,
    "consistency_loss": 0.06808121977685343,
    "encoder_stage": "consistency",
    "stn_status": "disabled",
    "stn_regularization_loss": 0.0,
    "val_loss": 1.0752563677569653,
    "val_seq_acc": 0.8593333333333333,
    "val_char_acc": 0.9702133333333334,
    "val_edit_distance": 0.14893333333333333,
    "val_clean_accuracy": 0.8593333333333333,
    "val_robustness_drop": null,
    "val_restoration_gain": null,
    "val_position_1_acc": 0.9713333333333334,
    "val_position_2_acc": 0.9672666666666667,
    "val_position_3_acc": 0.9710666666666666,
    "val_position_4_acc": 0.969,
    "val_position_5_acc": 0.9724,
    "test_loss": 1.1176856125922914,
    "test_seq_acc": 0.8541333333333333,
    "test_char_acc": 0.9687066666666667,
    "test_edit_distance": 0.15633333333333332,
    "test_clean_accuracy": 0.8541333333333333,
    "test_robustness_drop": null,
    "test_restoration_gain": null,
    "test_position_1_acc": 0.9727333333333333,
    "test_position_2_acc": 0.9651333333333333,
    "test_position_3_acc": 0.9665333333333334,
    "test_position_4_acc": 0.9688666666666667,
    "test_position_5_acc": 0.9702666666666667
}