{
    "epoch": 123,
    "train_loss": 0.008712820749891966,
    "pretrain_loss": null,
    "finetune_loss": 0.00017558808184191832,
    "pseudo_label_count": 20955,
    "pseudo_label_accept_rate": 0.9978571428571429,
    "mean_pseudo_confidence": 0.9997721136626069,
    "consistency_loss": 0.008537232668050048,
    "encoder_stage": "consistency",
    "stn_status": "disabled",
    "stn_regularization_loss": 0.0,
    "val_loss": 0.2324610268724389,
    "val_seq_acc": 0.9523333333333334,
    "val_char_acc": 0.9902666666666666,
    "val_edit_distance": 0.0486,
    "val_clean_accuracy": 0.9523333333333334,
    "val_robustness_drop": null,
    "val_restoration_gain": null,
    "val_position_1_acc": 0.9902666666666666,
    "val_position_2_acc": 0.9891333333333333,
    "val_position_3_acc": 0.9894,
    "val_position_4_acc": 0.9899333333333333,
    "val_position_5_acc": 0.9926,
    "test_loss": 0.24485292529038333,
    "test_seq_acc": 0.9544666666666667,
    "test_char_acc": 0.9906133333333333,
    "test_edit_distance": 0.04686666666666667,
    "test_clean_accuracy": 0.9544666666666667,
    "test_robustness_drop": null,
    "test_restoration_gain": null,
    "test_position_1_acc": 0.9921333333333333,
    "test_position_2_acc": 0.9882,
    "test_position_3_acc": 0.9908,
    "test_position_4_acc": 0.9901333333333333,
    "test_position_5_acc": 0.9918
}