{
    "epoch": 47,
    "train_loss": 0.08081936327145225,
    "pretrain_loss": null,
    "finetune_loss": 0.03228645958447119,
    "pseudo_label_count": 20037,
    "pseudo_label_accept_rate": 0.9541428571428572,
    "mean_pseudo_confidence": 0.9974838213428692,
    "consistency_loss": 0.04853290368698107,
    "encoder_stage": "consistency",
    "stn_status": "disabled",
    "stn_regularization_loss": 0.0,
    "val_loss": 0.5267121607081053,
    "val_seq_acc": 0.9044,
    "val_char_acc": 0.98004,
    "val_edit_distance": 0.09973333333333333,
    "val_clean_accuracy": 0.9044,
    "val_robustness_drop": null,
    "val_restoration_gain": null,
    "val_position_1_acc": 0.9827333333333333,
    "val_position_2_acc": 0.9783333333333334,
    "val_position_3_acc": 0.9845333333333334,
    "val_position_4_acc": 0.9756,
    "val_position_5_acc": 0.979,
    "test_loss": 0.5212778036264663,
    "test_seq_acc": 0.9,
    "test_char_acc": 0.9788933333333333,
    "test_edit_distance": 0.10546666666666667,
    "test_clean_accuracy": 0.9,
    "test_robustness_drop": null,
    "test_restoration_gain": null,
    "test_position_1_acc": 0.9853333333333333,
    "test_position_2_acc": 0.9757333333333333,
    "test_position_3_acc": 0.9813333333333333,
    "test_position_4_acc": 0.9748666666666667,
    "test_position_5_acc": 0.9772
}