{
    "epoch": 176,
    "train_loss": 0.012840229651630343,
    "pretrain_loss": null,
    "finetune_loss": 0.0005394251992650522,
    "pseudo_label_count": 20955,
    "pseudo_label_accept_rate": 0.9978571428571429,
    "mean_pseudo_confidence": 0.9997425782939353,
    "consistency_loss": 0.012300804452365291,
    "encoder_stage": "consistency",
    "stn_status": "disabled",
    "stn_regularization_loss": 0.0,
    "val_loss": 0.23923316658592042,
    "val_seq_acc": 0.9542666666666667,
    "val_char_acc": 0.9906933333333333,
    "val_edit_distance": 0.04646666666666667,
    "val_clean_accuracy": 0.9542666666666667,
    "val_robustness_drop": null,
    "val_restoration_gain": null,
    "val_position_1_acc": 0.9907333333333334,
    "val_position_2_acc": 0.9890666666666666,
    "val_position_3_acc": 0.9902666666666666,
    "val_position_4_acc": 0.9907333333333334,
    "val_position_5_acc": 0.9926666666666667,
    "test_loss": 0.2496183385209365,
    "test_seq_acc": 0.9538,
    "test_char_acc": 0.9905333333333334,
    "test_edit_distance": 0.047266666666666665,
    "test_clean_accuracy": 0.9538,
    "test_robustness_drop": null,
    "test_restoration_gain": null,
    "test_position_1_acc": 0.9916666666666667,
    "test_position_2_acc": 0.988,
    "test_position_3_acc": 0.9907333333333334,
    "test_position_4_acc": 0.9904,
    "test_position_5_acc": 0.9918666666666667
}