{
    "epoch": 55,
    "train_loss": 0.030408552750059967,
    "pretrain_loss": null,
    "finetune_loss": 0.0029232116333192566,
    "pseudo_label_count": 20560,
    "pseudo_label_accept_rate": 0.979047619047619,
    "mean_pseudo_confidence": 0.9987846239995399,
    "consistency_loss": 0.02748534111674071,
    "encoder_stage": "consistency",
    "stn_status": "disabled",
    "stn_regularization_loss": 0.0,
    "val_loss": 0.19210405413772258,
    "val_seq_acc": 0.9542,
    "val_char_acc": 0.9906133333333333,
    "val_edit_distance": 0.046933333333333334,
    "val_clean_accuracy": 0.9542,
    "val_robustness_drop": null,
    "val_restoration_gain": null,
    "val_position_1_acc": 0.9905333333333334,
    "val_position_2_acc": 0.9897333333333334,
    "val_position_3_acc": 0.9906,
    "val_position_4_acc": 0.9905333333333334,
    "val_position_5_acc": 0.9916666666666667,
    "test_loss": 0.17857754768362824,
    "test_seq_acc": 0.9554666666666667,
    "test_char_acc": 0.9908933333333333,
    "test_edit_distance": 0.04546666666666667,
    "test_clean_accuracy": 0.9554666666666667,
    "test_robustness_drop": null,
    "test_restoration_gain": null,
    "test_position_1_acc": 0.992,
    "test_position_2_acc": 0.9888666666666667,
    "test_position_3_acc": 0.991,
    "test_position_4_acc": 0.9904666666666667,
    "test_position_5_acc": 0.9921333333333333
}