{
    "epoch": 199,
    "train_loss": 0.010692762891226653,
    "pretrain_loss": null,
    "finetune_loss": 0.00041210699085504366,
    "pseudo_label_count": 20959,
    "pseudo_label_accept_rate": 0.9980476190476191,
    "mean_pseudo_confidence": 0.9997615708189558,
    "consistency_loss": 0.010280655900371609,
    "encoder_stage": "consistency",
    "stn_status": "disabled",
    "stn_regularization_loss": 0.0,
    "val_loss": 0.24051891696590558,
    "val_seq_acc": 0.9538,
    "val_char_acc": 0.9905733333333333,
    "val_edit_distance": 0.047066666666666666,
    "val_clean_accuracy": 0.9538,
    "val_robustness_drop": null,
    "val_restoration_gain": null,
    "val_position_1_acc": 0.9907333333333334,
    "val_position_2_acc": 0.9888,
    "val_position_3_acc": 0.9898,
    "val_position_4_acc": 0.9907333333333334,
    "val_position_5_acc": 0.9928,
    "test_loss": 0.25450666447194265,
    "test_seq_acc": 0.9527333333333333,
    "test_char_acc": 0.9902933333333334,
    "test_edit_distance": 0.048466666666666665,
    "test_clean_accuracy": 0.9527333333333333,
    "test_robustness_drop": null,
    "test_restoration_gain": null,
    "test_position_1_acc": 0.9916,
    "test_position_2_acc": 0.9882,
    "test_position_3_acc": 0.9905333333333334,
    "test_position_4_acc": 0.9898,
    "test_position_5_acc": 0.9913333333333333
}