{
    "epoch": 51,
    "train_loss": 0.04547774797366061,
    "pretrain_loss": null,
    "finetune_loss": 0.013615628772590907,
    "pseudo_label_count": 20430,
    "pseudo_label_accept_rate": 0.9728571428571429,
    "mean_pseudo_confidence": 0.9983820287374906,
    "consistency_loss": 0.031862119201069704,
    "encoder_stage": "consistency",
    "stn_status": "disabled",
    "stn_regularization_loss": 0.0,
    "val_loss": 0.22737969319346024,
    "val_seq_acc": 0.9474,
    "val_char_acc": 0.98924,
    "val_edit_distance": 0.0538,
    "val_clean_accuracy": 0.9474,
    "val_robustness_drop": null,
    "val_restoration_gain": null,
    "val_position_1_acc": 0.9892,
    "val_position_2_acc": 0.9883333333333333,
    "val_position_3_acc": 0.9890666666666666,
    "val_position_4_acc": 0.9887333333333334,
    "val_position_5_acc": 0.9908666666666667,
    "test_loss": 0.21249791842716884,
    "test_seq_acc": 0.9474,
    "test_char_acc": 0.9892266666666667,
    "test_edit_distance": 0.0538,
    "test_clean_accuracy": 0.9474,
    "test_robustness_drop": null,
    "test_restoration_gain": null,
    "test_position_1_acc": 0.9908,
    "test_position_2_acc": 0.9876,
    "test_position_3_acc": 0.9882,
    "test_position_4_acc": 0.9883333333333333,
    "test_position_5_acc": 0.9912
}