{
    "epoch": 77,
    "train_loss": 0.016960940480913022,
    "pretrain_loss": null,
    "finetune_loss": 0.0007966222127936154,
    "pseudo_label_count": 20836,
    "pseudo_label_accept_rate": 0.9921904761904762,
    "mean_pseudo_confidence": 0.9993812492745557,
    "consistency_loss": 0.016164318268119406,
    "encoder_stage": "consistency",
    "stn_status": "disabled",
    "stn_regularization_loss": 0.0,
    "val_loss": 0.2170154277486058,
    "val_seq_acc": 0.9514,
    "val_char_acc": 0.99012,
    "val_edit_distance": 0.0494,
    "val_clean_accuracy": 0.9514,
    "val_robustness_drop": null,
    "val_restoration_gain": null,
    "val_position_1_acc": 0.9902,
    "val_position_2_acc": 0.9887333333333334,
    "val_position_3_acc": 0.9903333333333333,
    "val_position_4_acc": 0.9899333333333333,
    "val_position_5_acc": 0.9914,
    "test_loss": 0.2244115908352777,
    "test_seq_acc": 0.952,
    "test_char_acc": 0.9900533333333333,
    "test_edit_distance": 0.04953333333333333,
    "test_clean_accuracy": 0.952,
    "test_robustness_drop": null,
    "test_restoration_gain": null,
    "test_position_1_acc": 0.9915333333333334,
    "test_position_2_acc": 0.9878,
    "test_position_3_acc": 0.9905333333333334,
    "test_position_4_acc": 0.9898,
    "test_position_5_acc": 0.9906
}