{
    "epoch": 112,
    "train_loss": 0.011630422962229128,
    "pretrain_loss": null,
    "finetune_loss": 0.0002628566976965301,
    "pseudo_label_count": 20956,
    "pseudo_label_accept_rate": 0.9979047619047619,
    "mean_pseudo_confidence": 0.9997567817395279,
    "consistency_loss": 0.011367566264532598,
    "encoder_stage": "consistency",
    "stn_status": "disabled",
    "stn_regularization_loss": 0.0,
    "val_loss": 0.23316485670684994,
    "val_seq_acc": 0.9537333333333333,
    "val_char_acc": 0.9905866666666666,
    "val_edit_distance": 0.047,
    "val_clean_accuracy": 0.9537333333333333,
    "val_robustness_drop": null,
    "val_restoration_gain": null,
    "val_position_1_acc": 0.9904,
    "val_position_2_acc": 0.9892666666666666,
    "val_position_3_acc": 0.9903333333333333,
    "val_position_4_acc": 0.9903333333333333,
    "val_position_5_acc": 0.9926,
    "test_loss": 0.2396719651101058,
    "test_seq_acc": 0.9534,
    "test_char_acc": 0.9904266666666667,
    "test_edit_distance": 0.0478,
    "test_clean_accuracy": 0.9534,
    "test_robustness_drop": null,
    "test_restoration_gain": null,
    "test_position_1_acc": 0.9918,
    "test_position_2_acc": 0.9882666666666666,
    "test_position_3_acc": 0.9906666666666667,
    "test_position_4_acc": 0.9896,
    "test_position_5_acc": 0.9918
}