{
    "epoch": 166,
    "train_loss": 0.011583736470269326,
    "pretrain_loss": null,
    "finetune_loss": 0.00044096561500689657,
    "pseudo_label_count": 20948,
    "pseudo_label_accept_rate": 0.9975238095238095,
    "mean_pseudo_confidence": 0.999743699549445,
    "consistency_loss": 0.01114277085526243,
    "encoder_stage": "consistency",
    "stn_status": "disabled",
    "stn_regularization_loss": 0.0,
    "val_loss": 0.2409514884098223,
    "val_seq_acc": 0.9534666666666667,
    "val_char_acc": 0.99052,
    "val_edit_distance": 0.04733333333333333,
    "val_clean_accuracy": 0.9534666666666667,
    "val_robustness_drop": null,
    "val_restoration_gain": null,
    "val_position_1_acc": 0.9902,
    "val_position_2_acc": 0.9894,
    "val_position_3_acc": 0.9899333333333333,
    "val_position_4_acc": 0.9904666666666667,
    "val_position_5_acc": 0.9926,
    "test_loss": 0.24964272122460335,
    "test_seq_acc": 0.953,
    "test_char_acc": 0.99036,
    "test_edit_distance": 0.048133333333333334,
    "test_clean_accuracy": 0.953,
    "test_robustness_drop": null,
    "test_restoration_gain": null,
    "test_position_1_acc": 0.9918,
    "test_position_2_acc": 0.9878,
    "test_position_3_acc": 0.9904666666666667,
    "test_position_4_acc": 0.9902,
    "test_position_5_acc": 0.9915333333333334
}