{
    "epoch": 79,
    "train_loss": 0.01896075234931686,
    "pretrain_loss": null,
    "finetune_loss": 0.0007728162637907405,
    "pseudo_label_count": 20850,
    "pseudo_label_accept_rate": 0.9928571428571429,
    "mean_pseudo_confidence": 0.9994520903662812,
    "consistency_loss": 0.01818793608552612,
    "encoder_stage": "consistency",
    "stn_status": "disabled",
    "stn_regularization_loss": 0.0,
    "val_loss": 0.21169605997683322,
    "val_seq_acc": 0.9528,
    "val_char_acc": 0.9904,
    "val_edit_distance": 0.048,
    "val_clean_accuracy": 0.9528,
    "val_robustness_drop": null,
    "val_restoration_gain": null,
    "val_position_1_acc": 0.9899333333333333,
    "val_position_2_acc": 0.9895333333333334,
    "val_position_3_acc": 0.9897333333333334,
    "val_position_4_acc": 0.9902,
    "val_position_5_acc": 0.9926,
    "test_loss": 0.22039159542231998,
    "test_seq_acc": 0.9526666666666667,
    "test_char_acc": 0.99028,
    "test_edit_distance": 0.0484,
    "test_clean_accuracy": 0.9526666666666667,
    "test_robustness_drop": null,
    "test_restoration_gain": null,
    "test_position_1_acc": 0.9910666666666667,
    "test_position_2_acc": 0.9878666666666667,
    "test_position_3_acc": 0.9904,
    "test_position_4_acc": 0.9900666666666667,
    "test_position_5_acc": 0.992
}