{
    "epoch": 168,
    "train_loss": 0.011624180199890477,
    "pretrain_loss": null,
    "finetune_loss": 0.0005800866863386446,
    "pseudo_label_count": 20952,
    "pseudo_label_accept_rate": 0.9977142857142857,
    "mean_pseudo_confidence": 0.9997408533196451,
    "consistency_loss": 0.011044093513551833,
    "encoder_stage": "consistency",
    "stn_status": "disabled",
    "stn_regularization_loss": 0.0,
    "val_loss": 0.2421870172001766,
    "val_seq_acc": 0.9528,
    "val_char_acc": 0.99036,
    "val_edit_distance": 0.048133333333333334,
    "val_clean_accuracy": 0.9528,
    "val_robustness_drop": null,
    "val_restoration_gain": null,
    "val_position_1_acc": 0.9903333333333333,
    "val_position_2_acc": 0.9891333333333333,
    "val_position_3_acc": 0.9899333333333333,
    "val_position_4_acc": 0.9902666666666666,
    "val_position_5_acc": 0.9921333333333333,
    "test_loss": 0.2502504412148789,
    "test_seq_acc": 0.9519333333333333,
    "test_char_acc": 0.9901066666666667,
    "test_edit_distance": 0.04926666666666667,
    "test_clean_accuracy": 0.9519333333333333,
    "test_robustness_drop": null,
    "test_restoration_gain": null,
    "test_position_1_acc": 0.9918,
    "test_position_2_acc": 0.9874666666666667,
    "test_position_3_acc": 0.9902,
    "test_position_4_acc": 0.9894666666666667,
    "test_position_5_acc": 0.9916
}