{
    "epoch": 120,
    "train_loss": 0.009057959789555805,
    "pretrain_loss": null,
    "finetune_loss": 0.00019880721137514166,
    "pseudo_label_count": 20961,
    "pseudo_label_accept_rate": 0.9981428571428571,
    "mean_pseudo_confidence": 0.999771262277578,
    "consistency_loss": 0.008859152578180663,
    "encoder_stage": "consistency",
    "stn_status": "disabled",
    "stn_regularization_loss": 0.0,
    "val_loss": 0.23735837206254376,
    "val_seq_acc": 0.9529333333333333,
    "val_char_acc": 0.9903866666666666,
    "val_edit_distance": 0.048,
    "val_clean_accuracy": 0.9529333333333333,
    "val_robustness_drop": null,
    "val_restoration_gain": null,
    "val_position_1_acc": 0.9902,
    "val_position_2_acc": 0.9889333333333333,
    "val_position_3_acc": 0.9902,
    "val_position_4_acc": 0.9902,
    "val_position_5_acc": 0.9924,
    "test_loss": 0.24520898698268712,
    "test_seq_acc": 0.9519333333333333,
    "test_char_acc": 0.9901333333333333,
    "test_edit_distance": 0.0492,
    "test_clean_accuracy": 0.9519333333333333,
    "test_robustness_drop": null,
    "test_restoration_gain": null,
    "test_position_1_acc": 0.9916,
    "test_position_2_acc": 0.9874,
    "test_position_3_acc": 0.9900666666666667,
    "test_position_4_acc": 0.9896,
    "test_position_5_acc": 0.992
}