{
    "epoch": 87,
    "train_loss": 0.016009998179429833,
    "pretrain_loss": null,
    "finetune_loss": 0.0006464880379937014,
    "pseudo_label_count": 20889,
    "pseudo_label_accept_rate": 0.9947142857142857,
    "mean_pseudo_confidence": 0.9995415067939808,
    "consistency_loss": 0.015363510141436132,
    "encoder_stage": "consistency",
    "stn_status": "disabled",
    "stn_regularization_loss": 0.0,
    "val_loss": 0.22436733293183583,
    "val_seq_acc": 0.9504,
    "val_char_acc": 0.9898266666666666,
    "val_edit_distance": 0.050866666666666664,
    "val_clean_accuracy": 0.9504,
    "val_robustness_drop": null,
    "val_restoration_gain": null,
    "val_position_1_acc": 0.9892,
    "val_position_2_acc": 0.9886666666666667,
    "val_position_3_acc": 0.9892,
    "val_position_4_acc": 0.9901333333333333,
    "val_position_5_acc": 0.9919333333333333,
    "test_loss": 0.23094398697090157,
    "test_seq_acc": 0.9514,
    "test_char_acc": 0.9900133333333333,
    "test_edit_distance": 0.0498,
    "test_clean_accuracy": 0.9514,
    "test_robustness_drop": null,
    "test_restoration_gain": null,
    "test_position_1_acc": 0.9913333333333333,
    "test_position_2_acc": 0.9881333333333333,
    "test_position_3_acc": 0.9904,
    "test_position_4_acc": 0.9897333333333334,
    "test_position_5_acc": 0.9904666666666667
}