{
    "epoch": 98,
    "train_loss": 0.01396281093828532,
    "pretrain_loss": null,
    "finetune_loss": 0.0004261439566649006,
    "pseudo_label_count": 20924,
    "pseudo_label_accept_rate": 0.9963809523809524,
    "mean_pseudo_confidence": 0.999675400123567,
    "consistency_loss": 0.01353666698162042,
    "encoder_stage": "consistency",
    "stn_status": "disabled",
    "stn_regularization_loss": 0.0,
    "val_loss": 0.23993644272676976,
    "val_seq_acc": 0.9500666666666666,
    "val_char_acc": 0.9898133333333333,
    "val_edit_distance": 0.050866666666666664,
    "val_clean_accuracy": 0.9500666666666666,
    "val_robustness_drop": null,
    "val_restoration_gain": null,
    "val_position_1_acc": 0.9904666666666667,
    "val_position_2_acc": 0.988,
    "val_position_3_acc": 0.99,
    "val_position_4_acc": 0.9888,
    "val_position_5_acc": 0.9918,
    "test_loss": 0.25239689221774086,
    "test_seq_acc": 0.9486666666666667,
    "test_char_acc": 0.9894,
    "test_edit_distance": 0.0528,
    "test_clean_accuracy": 0.9486666666666667,
    "test_robustness_drop": null,
    "test_restoration_gain": null,
    "test_position_1_acc": 0.9912666666666666,
    "test_position_2_acc": 0.9872,
    "test_position_3_acc": 0.9898,
    "test_position_4_acc": 0.9885333333333334,
    "test_position_5_acc": 0.9902
}