{
    "epoch": 121,
    "train_loss": 0.01161416329114695,
    "pretrain_loss": null,
    "finetune_loss": 0.00021669941244728368,
    "pseudo_label_count": 20952,
    "pseudo_label_accept_rate": 0.9977142857142857,
    "mean_pseudo_confidence": 0.9997703847242431,
    "consistency_loss": 0.011397463878699667,
    "encoder_stage": "consistency",
    "stn_status": "disabled",
    "stn_regularization_loss": 0.0,
    "val_loss": 0.23803532789349854,
    "val_seq_acc": 0.9526666666666667,
    "val_char_acc": 0.9903466666666667,
    "val_edit_distance": 0.0482,
    "val_clean_accuracy": 0.9526666666666667,
    "val_robustness_drop": null,
    "val_restoration_gain": null,
    "val_position_1_acc": 0.9902,
    "val_position_2_acc": 0.9890666666666666,
    "val_position_3_acc": 0.9900666666666667,
    "val_position_4_acc": 0.9902666666666666,
    "val_position_5_acc": 0.9921333333333333,
    "test_loss": 0.24651636693458212,
    "test_seq_acc": 0.953,
    "test_char_acc": 0.99032,
    "test_edit_distance": 0.048266666666666666,
    "test_clean_accuracy": 0.953,
    "test_robustness_drop": null,
    "test_restoration_gain": null,
    "test_position_1_acc": 0.9914,
    "test_position_2_acc": 0.9879333333333333,
    "test_position_3_acc": 0.9904,
    "test_position_4_acc": 0.9904,
    "test_position_5_acc": 0.9914666666666667
}