{
    "epoch": 147,
    "train_loss": 0.009962406719202347,
    "pretrain_loss": null,
    "finetune_loss": 0.00012900247014361034,
    "pseudo_label_count": 20954,
    "pseudo_label_accept_rate": 0.9978095238095238,
    "mean_pseudo_confidence": 0.9998048189499457,
    "consistency_loss": 0.009833404249058736,
    "encoder_stage": "consistency",
    "stn_status": "disabled",
    "stn_regularization_loss": 0.0,
    "val_loss": 0.23613046158837064,
    "val_seq_acc": 0.9538,
    "val_char_acc": 0.9906266666666667,
    "val_edit_distance": 0.0468,
    "val_clean_accuracy": 0.9538,
    "val_robustness_drop": null,
    "val_restoration_gain": null,
    "val_position_1_acc": 0.9905333333333334,
    "val_position_2_acc": 0.9892666666666666,
    "val_position_3_acc": 0.9899333333333333,
    "val_position_4_acc": 0.9908,
    "val_position_5_acc": 0.9926,
    "test_loss": 0.2451195020533905,
    "test_seq_acc": 0.9530666666666666,
    "test_char_acc": 0.99036,
    "test_edit_distance": 0.048133333333333334,
    "test_clean_accuracy": 0.9530666666666666,
    "test_robustness_drop": null,
    "test_restoration_gain": null,
    "test_position_1_acc": 0.9916666666666667,
    "test_position_2_acc": 0.9875333333333334,
    "test_position_3_acc": 0.9902666666666666,
    "test_position_4_acc": 0.9904,
    "test_position_5_acc": 0.9919333333333333
}