{
    "epoch": 24,
    "train_loss": 0.14261678092334226,
    "pretrain_loss": null,
    "finetune_loss": 0.08449353956843558,
    "pseudo_label_count": 19920,
    "pseudo_label_accept_rate": 0.9485714285714286,
    "mean_pseudo_confidence": 0.9967784506489474,
    "consistency_loss": 0.05812324135490668,
    "encoder_stage": "consistency",
    "stn_status": "disabled",
    "stn_regularization_loss": 0.0,
    "val_loss": 0.8230503015695734,
    "val_seq_acc": 0.8680666666666667,
    "val_char_acc": 0.9723066666666667,
    "val_edit_distance": 0.13846666666666665,
    "val_clean_accuracy": 0.8680666666666667,
    "val_robustness_drop": null,
    "val_restoration_gain": null,
    "val_position_1_acc": 0.9733333333333334,
    "val_position_2_acc": 0.9725333333333334,
    "val_position_3_acc": 0.9722,
    "val_position_4_acc": 0.9698666666666667,
    "val_position_5_acc": 0.9736,
    "test_loss": 0.8212878853716749,
    "test_seq_acc": 0.8672,
    "test_char_acc": 0.9718266666666666,
    "test_edit_distance": 0.1406,
    "test_clean_accuracy": 0.8672,
    "test_robustness_drop": null,
    "test_restoration_gain": null,
    "test_position_1_acc": 0.9752,
    "test_position_2_acc": 0.9724666666666667,
    "test_position_3_acc": 0.9681333333333333,
    "test_position_4_acc": 0.9704666666666667,
    "test_position_5_acc": 0.9728666666666667
}