{
    "epoch": 154,
    "train_loss": 0.013381460271582324,
    "pretrain_loss": null,
    "finetune_loss": 0.00041919771762709046,
    "pseudo_label_count": 20954,
    "pseudo_label_accept_rate": 0.9978095238095238,
    "mean_pseudo_confidence": 0.9997207106690126,
    "consistency_loss": 0.012962262553955233,
    "encoder_stage": "consistency",
    "stn_status": "disabled",
    "stn_regularization_loss": 0.0,
    "val_loss": 0.23974440624994625,
    "val_seq_acc": 0.9534,
    "val_char_acc": 0.9904666666666667,
    "val_edit_distance": 0.0476,
    "val_clean_accuracy": 0.9534,
    "val_robustness_drop": null,
    "val_restoration_gain": null,
    "val_position_1_acc": 0.9901333333333333,
    "val_position_2_acc": 0.9892,
    "val_position_3_acc": 0.9896666666666667,
    "val_position_4_acc": 0.9906666666666667,
    "val_position_5_acc": 0.9926666666666667,
    "test_loss": 0.2520664282719367,
    "test_seq_acc": 0.9525333333333333,
    "test_char_acc": 0.99024,
    "test_edit_distance": 0.04873333333333333,
    "test_clean_accuracy": 0.9525333333333333,
    "test_robustness_drop": null,
    "test_restoration_gain": null,
    "test_position_1_acc": 0.9914666666666667,
    "test_position_2_acc": 0.988,
    "test_position_3_acc": 0.9901333333333333,
    "test_position_4_acc": 0.9898666666666667,
    "test_position_5_acc": 0.9917333333333334
}