{
    "epoch": 58,
    "train_loss": 0.026559999088509728,
    "pretrain_loss": null,
    "finetune_loss": 0.0023284306946779266,
    "pseudo_label_count": 20589,
    "pseudo_label_accept_rate": 0.9804285714285714,
    "mean_pseudo_confidence": 0.9988626953674166,
    "consistency_loss": 0.024231568393831802,
    "encoder_stage": "consistency",
    "stn_status": "disabled",
    "stn_regularization_loss": 0.0,
    "val_loss": 0.19713057975713263,
    "val_seq_acc": 0.9527333333333333,
    "val_char_acc": 0.99036,
    "val_edit_distance": 0.0482,
    "val_clean_accuracy": 0.9527333333333333,
    "val_robustness_drop": null,
    "val_restoration_gain": null,
    "val_position_1_acc": 0.9907333333333334,
    "val_position_2_acc": 0.9890666666666666,
    "val_position_3_acc": 0.9902666666666666,
    "val_position_4_acc": 0.9899333333333333,
    "val_position_5_acc": 0.9918,
    "test_loss": 0.19210817978322317,
    "test_seq_acc": 0.9536666666666667,
    "test_char_acc": 0.9904666666666667,
    "test_edit_distance": 0.047466666666666664,
    "test_clean_accuracy": 0.9536666666666667,
    "test_robustness_drop": null,
    "test_restoration_gain": null,
    "test_position_1_acc": 0.9912666666666666,
    "test_position_2_acc": 0.9882666666666666,
    "test_position_3_acc": 0.991,
    "test_position_4_acc": 0.9898,
    "test_position_5_acc": 0.992
}