{
    "epoch": 52,
    "train_loss": 0.037385467912251405,
    "pretrain_loss": null,
    "finetune_loss": 0.005969027081682583,
    "pseudo_label_count": 20470,
    "pseudo_label_accept_rate": 0.9747619047619047,
    "mean_pseudo_confidence": 0.9984443902386999,
    "consistency_loss": 0.03141644083056882,
    "encoder_stage": "consistency",
    "stn_status": "disabled",
    "stn_regularization_loss": 0.0,
    "val_loss": 0.2096807602456117,
    "val_seq_acc": 0.9505333333333333,
    "val_char_acc": 0.9898933333333333,
    "val_edit_distance": 0.05053333333333333,
    "val_clean_accuracy": 0.9505333333333333,
    "val_robustness_drop": null,
    "val_restoration_gain": null,
    "val_position_1_acc": 0.9897333333333334,
    "val_position_2_acc": 0.9890666666666666,
    "val_position_3_acc": 0.9902,
    "val_position_4_acc": 0.9893333333333333,
    "val_position_5_acc": 0.9911333333333333,
    "test_loss": 0.19710284235213507,
    "test_seq_acc": 0.9504666666666667,
    "test_char_acc": 0.9899066666666667,
    "test_edit_distance": 0.05046666666666667,
    "test_clean_accuracy": 0.9504666666666667,
    "test_robustness_drop": null,
    "test_restoration_gain": null,
    "test_position_1_acc": 0.9911333333333333,
    "test_position_2_acc": 0.9883333333333333,
    "test_position_3_acc": 0.9896,
    "test_position_4_acc": 0.9890666666666666,
    "test_position_5_acc": 0.9914
}