{
    "epoch": 63,
    "train_loss": 0.023777823250432074,
    "pretrain_loss": null,
    "finetune_loss": 0.0014003478278246083,
    "pseudo_label_count": 20703,
    "pseudo_label_accept_rate": 0.9858571428571429,
    "mean_pseudo_confidence": 0.9989892186124918,
    "consistency_loss": 0.022377475422607467,
    "encoder_stage": "consistency",
    "stn_status": "disabled",
    "stn_regularization_loss": 0.0,
    "val_loss": 0.20241701193896935,
    "val_seq_acc": 0.9548,
    "val_char_acc": 0.9908266666666666,
    "val_edit_distance": 0.04586666666666667,
    "val_clean_accuracy": 0.9548,
    "val_robustness_drop": null,
    "val_restoration_gain": null,
    "val_position_1_acc": 0.9914666666666667,
    "val_position_2_acc": 0.9894666666666667,
    "val_position_3_acc": 0.9908,
    "val_position_4_acc": 0.9904,
    "val_position_5_acc": 0.992,
    "test_loss": 0.1943190120798387,
    "test_seq_acc": 0.9542666666666667,
    "test_char_acc": 0.99056,
    "test_edit_distance": 0.047,
    "test_clean_accuracy": 0.9542666666666667,
    "test_robustness_drop": null,
    "test_restoration_gain": null,
    "test_position_1_acc": 0.9919333333333333,
    "test_position_2_acc": 0.9882666666666666,
    "test_position_3_acc": 0.9905333333333334,
    "test_position_4_acc": 0.9904666666666667,
    "test_position_5_acc": 0.9916
}