{
    "epoch": 4,
    "train_loss": 0.6009472413919297,
    "pretrain_loss": null,
    "finetune_loss": 0.4884287813975045,
    "pseudo_label_count": 16256,
    "pseudo_label_accept_rate": 0.7740952380952381,
    "mean_pseudo_confidence": 0.9859345473539759,
    "consistency_loss": 0.11251845999442517,
    "encoder_stage": "consistency",
    "stn_status": "disabled",
    "stn_regularization_loss": 0.0,
    "val_loss": 1.173373969057773,
    "val_seq_acc": 0.7527333333333334,
    "val_char_acc": 0.9424533333333334,
    "val_edit_distance": 0.2876666666666667,
    "val_clean_accuracy": 0.7527333333333334,
    "val_robustness_drop": null,
    "val_restoration_gain": null,
    "val_position_1_acc": 0.9516666666666667,
    "val_position_2_acc": 0.9374666666666667,
    "val_position_3_acc": 0.9428,
    "val_position_4_acc": 0.9371333333333334,
    "val_position_5_acc": 0.9432,
    "test_loss": 1.2085757542163769,
    "test_seq_acc": 0.7459333333333333,
    "test_char_acc": 0.94052,
    "test_edit_distance": 0.29713333333333336,
    "test_clean_accuracy": 0.7459333333333333,
    "test_robustness_drop": null,
    "test_restoration_gain": null,
    "test_position_1_acc": 0.9511333333333334,
    "test_position_2_acc": 0.9336,
    "test_position_3_acc": 0.9381333333333334,
    "test_position_4_acc": 0.937,
    "test_position_5_acc": 0.9427333333333333
}