{
    "epoch": 13,
    "train_loss": 0.2597420852974659,
    "pretrain_loss": null,
    "finetune_loss": 0.18982872815788104,
    "pseudo_label_count": 19740,
    "pseudo_label_accept_rate": 0.94,
    "mean_pseudo_confidence": 0.9955011843185657,
    "consistency_loss": 0.06991335713958487,
    "encoder_stage": "consistency",
    "stn_status": "disabled",
    "stn_regularization_loss": 0.0,
    "val_loss": 0.9762878203645665,
    "val_seq_acc": 0.8559333333333333,
    "val_char_acc": 0.9692666666666667,
    "val_edit_distance": 0.15366666666666667,
    "val_clean_accuracy": 0.8559333333333333,
    "val_robustness_drop": null,
    "val_restoration_gain": null,
    "val_position_1_acc": 0.9707333333333333,
    "val_position_2_acc": 0.9662666666666667,
    "val_position_3_acc": 0.9706666666666667,
    "val_position_4_acc": 0.9672666666666667,
    "val_position_5_acc": 0.9714,
    "test_loss": 1.0172333371131979,
    "test_seq_acc": 0.8508666666666667,
    "test_char_acc": 0.9679066666666667,
    "test_edit_distance": 0.16033333333333333,
    "test_clean_accuracy": 0.8508666666666667,
    "test_robustness_drop": null,
    "test_restoration_gain": null,
    "test_position_1_acc": 0.9728666666666667,
    "test_position_2_acc": 0.9644666666666667,
    "test_position_3_acc": 0.9648,
    "test_position_4_acc": 0.9676666666666667,
    "test_position_5_acc": 0.9697333333333333
}