{
    "epoch": 130,
    "train_loss": 0.01004999654199404,
    "pretrain_loss": null,
    "finetune_loss": 0.00015933137956024762,
    "pseudo_label_count": 20957,
    "pseudo_label_accept_rate": 0.9979523809523809,
    "mean_pseudo_confidence": 0.9997997536040129,
    "consistency_loss": 0.009890665162433792,
    "encoder_stage": "consistency",
    "stn_status": "disabled",
    "stn_regularization_loss": 0.0,
    "val_loss": 0.23097101108225537,
    "val_seq_acc": 0.9531333333333334,
    "val_char_acc": 0.9904133333333334,
    "val_edit_distance": 0.04786666666666667,
    "val_clean_accuracy": 0.9531333333333334,
    "val_robustness_drop": null,
    "val_restoration_gain": null,
    "val_position_1_acc": 0.9898,
    "val_position_2_acc": 0.9894666666666667,
    "val_position_3_acc": 0.99,
    "val_position_4_acc": 0.9906,
    "val_position_5_acc": 0.9922,
    "test_loss": 0.24365913144936982,
    "test_seq_acc": 0.9517333333333333,
    "test_char_acc": 0.9900533333333333,
    "test_edit_distance": 0.0496,
    "test_clean_accuracy": 0.9517333333333333,
    "test_robustness_drop": null,
    "test_restoration_gain": null,
    "test_position_1_acc": 0.9914,
    "test_position_2_acc": 0.9875333333333334,
    "test_position_3_acc": 0.99,
    "test_position_4_acc": 0.9895333333333334,
    "test_position_5_acc": 0.9918
}