{
    "epoch": 66,
    "train_loss": 0.022637663584983064,
    "pretrain_loss": null,
    "finetune_loss": 0.0013138702000274297,
    "pseudo_label_count": 20726,
    "pseudo_label_accept_rate": 0.9869523809523809,
    "mean_pseudo_confidence": 0.9991097844131295,
    "consistency_loss": 0.021323793384955634,
    "encoder_stage": "consistency",
    "stn_status": "disabled",
    "stn_regularization_loss": 0.0,
    "val_loss": 0.20823258623887012,
    "val_seq_acc": 0.9506,
    "val_char_acc": 0.9899466666666666,
    "val_edit_distance": 0.05026666666666667,
    "val_clean_accuracy": 0.9506,
    "val_robustness_drop": null,
    "val_restoration_gain": null,
    "val_position_1_acc": 0.9903333333333333,
    "val_position_2_acc": 0.989,
    "val_position_3_acc": 0.9896,
    "val_position_4_acc": 0.9899333333333333,
    "val_position_5_acc": 0.9908666666666667,
    "test_loss": 0.20910495051797084,
    "test_seq_acc": 0.9519333333333333,
    "test_char_acc": 0.9901466666666666,
    "test_edit_distance": 0.04906666666666667,
    "test_clean_accuracy": 0.9519333333333333,
    "test_robustness_drop": null,
    "test_restoration_gain": null,
    "test_position_1_acc": 0.9915333333333334,
    "test_position_2_acc": 0.9873333333333333,
    "test_position_3_acc": 0.9907333333333334,
    "test_position_4_acc": 0.9902666666666666,
    "test_position_5_acc": 0.9908666666666667
}