{
    "epoch": 33,
    "train_loss": 0.11272063969338729,
    "pretrain_loss": null,
    "finetune_loss": 0.05624655727236277,
    "pseudo_label_count": 19764,
    "pseudo_label_accept_rate": 0.9411428571428572,
    "mean_pseudo_confidence": 0.9968505044669619,
    "consistency_loss": 0.05647408242102452,
    "encoder_stage": "consistency",
    "stn_status": "disabled",
    "stn_regularization_loss": 0.0,
    "val_loss": 0.5948616882905047,
    "val_seq_acc": 0.8891333333333333,
    "val_char_acc": 0.97684,
    "val_edit_distance": 0.1158,
    "val_clean_accuracy": 0.8891333333333333,
    "val_robustness_drop": null,
    "val_restoration_gain": null,
    "val_position_1_acc": 0.9716,
    "val_position_2_acc": 0.9811333333333333,
    "val_position_3_acc": 0.9826,
    "val_position_4_acc": 0.9702666666666667,
    "val_position_5_acc": 0.9786,
    "test_loss": 0.5841393284975214,
    "test_seq_acc": 0.8878,
    "test_char_acc": 0.9763333333333334,
    "test_edit_distance": 0.11806666666666667,
    "test_clean_accuracy": 0.8878,
    "test_robustness_drop": null,
    "test_restoration_gain": null,
    "test_position_1_acc": 0.9735333333333334,
    "test_position_2_acc": 0.9794,
    "test_position_3_acc": 0.9804,
    "test_position_4_acc": 0.9712666666666666,
    "test_position_5_acc": 0.9770666666666666
}