{
    "epoch": 177,
    "train_loss": 0.009624169863381748,
    "pretrain_loss": null,
    "finetune_loss": 0.00036602026121743873,
    "pseudo_label_count": 20959,
    "pseudo_label_accept_rate": 0.9980476190476191,
    "mean_pseudo_confidence": 0.9997421175282707,
    "consistency_loss": 0.00925814960216431,
    "encoder_stage": "consistency",
    "stn_status": "disabled",
    "stn_regularization_loss": 0.0,
    "val_loss": 0.2472140632182206,
    "val_seq_acc": 0.9532,
    "val_char_acc": 0.9904266666666667,
    "val_edit_distance": 0.0478,
    "val_clean_accuracy": 0.9532,
    "val_robustness_drop": null,
    "val_restoration_gain": null,
    "val_position_1_acc": 0.9902666666666666,
    "val_position_2_acc": 0.9892,
    "val_position_3_acc": 0.9896666666666667,
    "val_position_4_acc": 0.9906666666666667,
    "val_position_5_acc": 0.9923333333333333,
    "test_loss": 0.25981659229049275,
    "test_seq_acc": 0.9529333333333333,
    "test_char_acc": 0.99028,
    "test_edit_distance": 0.0484,
    "test_clean_accuracy": 0.9529333333333333,
    "test_robustness_drop": null,
    "test_restoration_gain": null,
    "test_position_1_acc": 0.9918,
    "test_position_2_acc": 0.9880666666666666,
    "test_position_3_acc": 0.9904,
    "test_position_4_acc": 0.9902666666666666,
    "test_position_5_acc": 0.9908666666666667
}