{
    "epoch": 149,
    "train_loss": 0.009543776816964469,
    "pretrain_loss": null,
    "finetune_loss": 0.00012406716647144495,
    "pseudo_label_count": 20954,
    "pseudo_label_accept_rate": 0.9978095238095238,
    "mean_pseudo_confidence": 0.9998023286739174,
    "consistency_loss": 0.009419709650493024,
    "encoder_stage": "consistency",
    "stn_status": "disabled",
    "stn_regularization_loss": 0.0,
    "val_loss": 0.23970168835060557,
    "val_seq_acc": 0.9522,
    "val_char_acc": 0.9902933333333334,
    "val_edit_distance": 0.048466666666666665,
    "val_clean_accuracy": 0.9522,
    "val_robustness_drop": null,
    "val_restoration_gain": null,
    "val_position_1_acc": 0.9904,
    "val_position_2_acc": 0.9887333333333334,
    "val_position_3_acc": 0.9894666666666667,
    "val_position_4_acc": 0.9906666666666667,
    "val_position_5_acc": 0.9922,
    "test_loss": 0.25471481505281074,
    "test_seq_acc": 0.9514666666666667,
    "test_char_acc": 0.99,
    "test_edit_distance": 0.04986666666666666,
    "test_clean_accuracy": 0.9514666666666667,
    "test_robustness_drop": null,
    "test_restoration_gain": null,
    "test_position_1_acc": 0.9912,
    "test_position_2_acc": 0.9876666666666667,
    "test_position_3_acc": 0.9903333333333333,
    "test_position_4_acc": 0.9896666666666667,
    "test_position_5_acc": 0.9911333333333333
}