{
    "epoch": 49,
    "train_loss": 0.08850034235736273,
    "pretrain_loss": null,
    "finetune_loss": 0.04115315957855696,
    "pseudo_label_count": 20114,
    "pseudo_label_accept_rate": 0.9578095238095238,
    "mean_pseudo_confidence": 0.9975545985496955,
    "consistency_loss": 0.047347182778805764,
    "encoder_stage": "consistency",
    "stn_status": "disabled",
    "stn_regularization_loss": 0.0,
    "val_loss": 0.27720605572487445,
    "val_seq_acc": 0.9318,
    "val_char_acc": 0.9860133333333333,
    "val_edit_distance": 0.06993333333333333,
    "val_clean_accuracy": 0.9318,
    "val_robustness_drop": null,
    "val_restoration_gain": null,
    "val_position_1_acc": 0.9866666666666667,
    "val_position_2_acc": 0.9866,
    "val_position_3_acc": 0.9855333333333334,
    "val_position_4_acc": 0.9817333333333333,
    "val_position_5_acc": 0.9895333333333334,
    "test_loss": 0.26250969288434756,
    "test_seq_acc": 0.9316666666666666,
    "test_char_acc": 0.98584,
    "test_edit_distance": 0.0708,
    "test_clean_accuracy": 0.9316666666666666,
    "test_robustness_drop": null,
    "test_restoration_gain": null,
    "test_position_1_acc": 0.9882,
    "test_position_2_acc": 0.985,
    "test_position_3_acc": 0.9850666666666666,
    "test_position_4_acc": 0.9826,
    "test_position_5_acc": 0.9883333333333333
}