{
    "epoch": 194,
    "train_loss": 0.009422598550356825,
    "pretrain_loss": null,
    "finetune_loss": 0.0003891453028184897,
    "pseudo_label_count": 20951,
    "pseudo_label_accept_rate": 0.9976666666666667,
    "mean_pseudo_confidence": 0.9997454198025489,
    "consistency_loss": 0.009033453247538336,
    "encoder_stage": "consistency",
    "stn_status": "disabled",
    "stn_regularization_loss": 0.0,
    "val_loss": 0.2455790641359137,
    "val_seq_acc": 0.9525333333333333,
    "val_char_acc": 0.99032,
    "val_edit_distance": 0.04833333333333333,
    "val_clean_accuracy": 0.9525333333333333,
    "val_robustness_drop": null,
    "val_restoration_gain": null,
    "val_position_1_acc": 0.9902,
    "val_position_2_acc": 0.9890666666666666,
    "val_position_3_acc": 0.9902,
    "val_position_4_acc": 0.9902,
    "val_position_5_acc": 0.9919333333333333,
    "test_loss": 0.25571910662596553,
    "test_seq_acc": 0.9518666666666666,
    "test_char_acc": 0.9900933333333334,
    "test_edit_distance": 0.0494,
    "test_clean_accuracy": 0.9518666666666666,
    "test_robustness_drop": null,
    "test_restoration_gain": null,
    "test_position_1_acc": 0.9916666666666667,
    "test_position_2_acc": 0.9873333333333333,
    "test_position_3_acc": 0.9904,
    "test_position_4_acc": 0.9895333333333334,
    "test_position_5_acc": 0.9915333333333334
}