{
    "epoch": 192,
    "train_loss": 0.009627516835666693,
    "pretrain_loss": null,
    "finetune_loss": 0.0003332681427397443,
    "pseudo_label_count": 20964,
    "pseudo_label_accept_rate": 0.9982857142857143,
    "mean_pseudo_confidence": 0.9997530960213294,
    "consistency_loss": 0.009294248692926948,
    "encoder_stage": "consistency",
    "stn_status": "disabled",
    "stn_regularization_loss": 0.0,
    "val_loss": 0.23800476399118567,
    "val_seq_acc": 0.9538,
    "val_char_acc": 0.9906,
    "val_edit_distance": 0.046933333333333334,
    "val_clean_accuracy": 0.9538,
    "val_robustness_drop": null,
    "val_restoration_gain": null,
    "val_position_1_acc": 0.9904666666666667,
    "val_position_2_acc": 0.9890666666666666,
    "val_position_3_acc": 0.99,
    "val_position_4_acc": 0.9909333333333333,
    "val_position_5_acc": 0.9925333333333334,
    "test_loss": 0.2507497453361231,
    "test_seq_acc": 0.9530666666666666,
    "test_char_acc": 0.9903066666666667,
    "test_edit_distance": 0.048266666666666666,
    "test_clean_accuracy": 0.9530666666666666,
    "test_robustness_drop": null,
    "test_restoration_gain": null,
    "test_position_1_acc": 0.9915333333333334,
    "test_position_2_acc": 0.9880666666666666,
    "test_position_3_acc": 0.9904666666666667,
    "test_position_4_acc": 0.99,
    "test_position_5_acc": 0.9914666666666667
}