{
    "epoch": 157,
    "train_loss": 0.010851949809248437,
    "pretrain_loss": null,
    "finetune_loss": 0.0004690354488715167,
    "pseudo_label_count": 20953,
    "pseudo_label_accept_rate": 0.9977619047619047,
    "mean_pseudo_confidence": 0.9997463642779963,
    "consistency_loss": 0.010382914360376921,
    "encoder_stage": "consistency",
    "stn_status": "disabled",
    "stn_regularization_loss": 0.0,
    "val_loss": 0.23872784446159934,
    "val_seq_acc": 0.9538,
    "val_char_acc": 0.9905733333333333,
    "val_edit_distance": 0.047066666666666666,
    "val_clean_accuracy": 0.9538,
    "val_robustness_drop": null,
    "val_restoration_gain": null,
    "val_position_1_acc": 0.9900666666666667,
    "val_position_2_acc": 0.9890666666666666,
    "val_position_3_acc": 0.9902,
    "val_position_4_acc": 0.9909333333333333,
    "val_position_5_acc": 0.9926,
    "test_loss": 0.25518677631162123,
    "test_seq_acc": 0.9521333333333334,
    "test_char_acc": 0.9901333333333333,
    "test_edit_distance": 0.04926666666666667,
    "test_clean_accuracy": 0.9521333333333334,
    "test_robustness_drop": null,
    "test_restoration_gain": null,
    "test_position_1_acc": 0.9914,
    "test_position_2_acc": 0.9876,
    "test_position_3_acc": 0.9902,
    "test_position_4_acc": 0.9902,
    "test_position_5_acc": 0.9912666666666666
}