{
    "epoch": 57,
    "train_loss": 0.027857060429721314,
    "pretrain_loss": null,
    "finetune_loss": 0.00262006634041453,
    "pseudo_label_count": 20589,
    "pseudo_label_accept_rate": 0.9804285714285714,
    "mean_pseudo_confidence": 0.9987690640408345,
    "consistency_loss": 0.025236994089306783,
    "encoder_stage": "consistency",
    "stn_status": "disabled",
    "stn_regularization_loss": 0.0,
    "val_loss": 0.18962276858337065,
    "val_seq_acc": 0.9519333333333333,
    "val_char_acc": 0.9902133333333333,
    "val_edit_distance": 0.048933333333333336,
    "val_clean_accuracy": 0.9519333333333333,
    "val_robustness_drop": null,
    "val_restoration_gain": null,
    "val_position_1_acc": 0.9907333333333334,
    "val_position_2_acc": 0.9887333333333334,
    "val_position_3_acc": 0.9899333333333333,
    "val_position_4_acc": 0.99,
    "val_position_5_acc": 0.9916666666666667,
    "test_loss": 0.18584407814629772,
    "test_seq_acc": 0.9524,
    "test_char_acc": 0.9901866666666667,
    "test_edit_distance": 0.04886666666666667,
    "test_clean_accuracy": 0.9524,
    "test_robustness_drop": null,
    "test_restoration_gain": null,
    "test_position_1_acc": 0.9912,
    "test_position_2_acc": 0.9881333333333333,
    "test_position_3_acc": 0.9902,
    "test_position_4_acc": 0.9895333333333334,
    "test_position_5_acc": 0.9918666666666667
}