{
    "epoch": 150,
    "train_loss": 0.009461382800032595,
    "pretrain_loss": null,
    "finetune_loss": 0.00011724541227688649,
    "pseudo_label_count": 20948,
    "pseudo_label_accept_rate": 0.9975238095238095,
    "mean_pseudo_confidence": 0.9997949729057721,
    "consistency_loss": 0.009344137387755708,
    "encoder_stage": "consistency",
    "stn_status": "disabled",
    "stn_regularization_loss": 0.0,
    "val_loss": 0.2411852341620846,
    "val_seq_acc": 0.9525333333333333,
    "val_char_acc": 0.99032,
    "val_edit_distance": 0.04833333333333333,
    "val_clean_accuracy": 0.9525333333333333,
    "val_robustness_drop": null,
    "val_restoration_gain": null,
    "val_position_1_acc": 0.9901333333333333,
    "val_position_2_acc": 0.9888,
    "val_position_3_acc": 0.9900666666666667,
    "val_position_4_acc": 0.9903333333333333,
    "val_position_5_acc": 0.9922666666666666,
    "test_loss": 0.25210445501836654,
    "test_seq_acc": 0.953,
    "test_char_acc": 0.99028,
    "test_edit_distance": 0.0484,
    "test_clean_accuracy": 0.953,
    "test_robustness_drop": null,
    "test_restoration_gain": null,
    "test_position_1_acc": 0.9919333333333333,
    "test_position_2_acc": 0.9876666666666667,
    "test_position_3_acc": 0.9904666666666667,
    "test_position_4_acc": 0.9897333333333334,
    "test_position_5_acc": 0.9916
}