{
    "epoch": 7,
    "train_loss": 0.405063307056166,
    "pretrain_loss": null,
    "finetune_loss": 0.3118250769691897,
    "pseudo_label_count": 18425,
    "pseudo_label_accept_rate": 0.8773809523809524,
    "mean_pseudo_confidence": 0.9919773920905477,
    "consistency_loss": 0.09323823008697626,
    "encoder_stage": "consistency",
    "stn_status": "disabled",
    "stn_regularization_loss": 0.0,
    "val_loss": 0.8836497620065161,
    "val_seq_acc": 0.8459333333333333,
    "val_char_acc": 0.9673466666666667,
    "val_edit_distance": 0.16326666666666667,
    "val_clean_accuracy": 0.8459333333333333,
    "val_robustness_drop": null,
    "val_restoration_gain": null,
    "val_position_1_acc": 0.9704,
    "val_position_2_acc": 0.9646,
    "val_position_3_acc": 0.9675333333333334,
    "val_position_4_acc": 0.9628,
    "val_position_5_acc": 0.9714,
    "test_loss": 0.9065528963474517,
    "test_seq_acc": 0.8429333333333333,
    "test_char_acc": 0.9662533333333333,
    "test_edit_distance": 0.16873333333333335,
    "test_clean_accuracy": 0.8429333333333333,
    "test_robustness_drop": null,
    "test_restoration_gain": null,
    "test_position_1_acc": 0.9719333333333333,
    "test_position_2_acc": 0.9626,
    "test_position_3_acc": 0.9628666666666666,
    "test_position_4_acc": 0.9648666666666667,
    "test_position_5_acc": 0.969
}