{
    "epoch": 25,
    "train_loss": 0.13583321150701638,
    "pretrain_loss": null,
    "finetune_loss": 0.07944379942297118,
    "pseudo_label_count": 20009,
    "pseudo_label_accept_rate": 0.9528095238095238,
    "mean_pseudo_confidence": 0.9968695772826758,
    "consistency_loss": 0.0563894120840452,
    "encoder_stage": "consistency",
    "stn_status": "disabled",
    "stn_regularization_loss": 0.0,
    "val_loss": 1.2388197675664374,
    "val_seq_acc": 0.8554666666666667,
    "val_char_acc": 0.9693066666666666,
    "val_edit_distance": 0.1534,
    "val_clean_accuracy": 0.8554666666666667,
    "val_robustness_drop": null,
    "val_restoration_gain": null,
    "val_position_1_acc": 0.9712,
    "val_position_2_acc": 0.9673333333333334,
    "val_position_3_acc": 0.9698,
    "val_position_4_acc": 0.9677333333333333,
    "val_position_5_acc": 0.9704666666666667,
    "test_loss": 1.3027966394069348,
    "test_seq_acc": 0.8526,
    "test_char_acc": 0.9678666666666667,
    "test_edit_distance": 0.1604,
    "test_clean_accuracy": 0.8526,
    "test_robustness_drop": null,
    "test_restoration_gain": null,
    "test_position_1_acc": 0.9722,
    "test_position_2_acc": 0.9644666666666667,
    "test_position_3_acc": 0.9647333333333333,
    "test_position_4_acc": 0.9685333333333334,
    "test_position_5_acc": 0.9694
}