{
    "epoch": 3,
    "train_loss": 1.6274040282266393,
    "pretrain_loss": null,
    "finetune_loss": 1.4906831344409648,
    "pseudo_label_count": 13635,
    "pseudo_label_accept_rate": 0.6492857142857142,
    "mean_pseudo_confidence": 0.9802459024185219,
    "consistency_loss": 0.1367208937856745,
    "encoder_stage": "consistency",
    "stn_status": "disabled",
    "stn_regularization_loss": 0.0,
    "val_loss": 0.8967486238225978,
    "val_seq_acc": 0.7829333333333334,
    "val_char_acc": 0.94852,
    "val_edit_distance": 0.2548,
    "val_clean_accuracy": 0.7829333333333334,
    "val_robustness_drop": null,
    "val_restoration_gain": null,
    "val_position_1_acc": 0.9517333333333333,
    "val_position_2_acc": 0.9416666666666667,
    "val_position_3_acc": 0.9443333333333334,
    "val_position_4_acc": 0.9464666666666667,
    "val_position_5_acc": 0.9584,
    "test_loss": 0.8959583352220819,
    "test_seq_acc": 0.7837333333333333,
    "test_char_acc": 0.9489466666666667,
    "test_edit_distance": 0.25366666666666665,
    "test_clean_accuracy": 0.7837333333333333,
    "test_robustness_drop": null,
    "test_restoration_gain": null,
    "test_position_1_acc": 0.9514,
    "test_position_2_acc": 0.9415333333333333,
    "test_position_3_acc": 0.9489333333333333,
    "test_position_4_acc": 0.9458,
    "test_position_5_acc": 0.9570666666666666
}