{
    "epoch": 197,
    "train_loss": 0.010904117810023001,
    "pretrain_loss": null,
    "finetune_loss": 0.000368902608500608,
    "pseudo_label_count": 20954,
    "pseudo_label_accept_rate": 0.9978095238095238,
    "mean_pseudo_confidence": 0.9997776238486161,
    "consistency_loss": 0.010535215201522393,
    "encoder_stage": "consistency",
    "stn_status": "disabled",
    "stn_regularization_loss": 0.0,
    "val_loss": 0.23927213350491006,
    "val_seq_acc": 0.9543333333333334,
    "val_char_acc": 0.99068,
    "val_edit_distance": 0.046533333333333336,
    "val_clean_accuracy": 0.9543333333333334,
    "val_robustness_drop": null,
    "val_restoration_gain": null,
    "val_position_1_acc": 0.9906,
    "val_position_2_acc": 0.9892,
    "val_position_3_acc": 0.9904,
    "val_position_4_acc": 0.9906666666666667,
    "val_position_5_acc": 0.9925333333333334,
    "test_loss": 0.2462037645675396,
    "test_seq_acc": 0.9539333333333333,
    "test_char_acc": 0.9905333333333334,
    "test_edit_distance": 0.047266666666666665,
    "test_clean_accuracy": 0.9539333333333333,
    "test_robustness_drop": null,
    "test_restoration_gain": null,
    "test_position_1_acc": 0.9919333333333333,
    "test_position_2_acc": 0.9880666666666666,
    "test_position_3_acc": 0.9906,
    "test_position_4_acc": 0.99,
    "test_position_5_acc": 0.9920666666666667
}