{
    "epoch": 18,
    "train_loss": 0.1885317218555851,
    "pretrain_loss": null,
    "finetune_loss": 0.12269411273252015,
    "pseudo_label_count": 19928,
    "pseudo_label_accept_rate": 0.948952380952381,
    "mean_pseudo_confidence": 0.9961118014736474,
    "consistency_loss": 0.06583760912306494,
    "encoder_stage": "consistency",
    "stn_status": "disabled",
    "stn_regularization_loss": 0.0,
    "val_loss": 1.200303190566124,
    "val_seq_acc": 0.8584,
    "val_char_acc": 0.9698933333333334,
    "val_edit_distance": 0.15053333333333332,
    "val_clean_accuracy": 0.8584,
    "val_robustness_drop": null,
    "val_restoration_gain": null,
    "val_position_1_acc": 0.9708666666666667,
    "val_position_2_acc": 0.967,
    "val_position_3_acc": 0.9704666666666667,
    "val_position_4_acc": 0.9691333333333333,
    "val_position_5_acc": 0.972,
    "test_loss": 1.2439398849264105,
    "test_seq_acc": 0.8551333333333333,
    "test_char_acc": 0.96892,
    "test_edit_distance": 0.1554,
    "test_clean_accuracy": 0.8551333333333333,
    "test_robustness_drop": null,
    "test_restoration_gain": null,
    "test_position_1_acc": 0.9726,
    "test_position_2_acc": 0.9644,
    "test_position_3_acc": 0.9672666666666667,
    "test_position_4_acc": 0.9693333333333334,
    "test_position_5_acc": 0.971
}