{
    "epoch": 103,
    "train_loss": 0.013782874594171414,
    "pretrain_loss": null,
    "finetune_loss": 0.00041964229533711204,
    "pseudo_label_count": 20958,
    "pseudo_label_accept_rate": 0.998,
    "mean_pseudo_confidence": 0.9997318025103552,
    "consistency_loss": 0.013363232298834302,
    "encoder_stage": "consistency",
    "stn_status": "disabled",
    "stn_regularization_loss": 0.0,
    "val_loss": 0.22991692653567372,
    "val_seq_acc": 0.9534666666666667,
    "val_char_acc": 0.99052,
    "val_edit_distance": 0.04733333333333333,
    "val_clean_accuracy": 0.9534666666666667,
    "val_robustness_drop": null,
    "val_restoration_gain": null,
    "val_position_1_acc": 0.9904,
    "val_position_2_acc": 0.9893333333333333,
    "val_position_3_acc": 0.9898666666666667,
    "val_position_4_acc": 0.9906666666666667,
    "val_position_5_acc": 0.9923333333333333,
    "test_loss": 0.24082645670030306,
    "test_seq_acc": 0.9526,
    "test_char_acc": 0.9902533333333333,
    "test_edit_distance": 0.048666666666666664,
    "test_clean_accuracy": 0.9526,
    "test_robustness_drop": null,
    "test_restoration_gain": null,
    "test_position_1_acc": 0.9915333333333334,
    "test_position_2_acc": 0.9875333333333334,
    "test_position_3_acc": 0.9905333333333334,
    "test_position_4_acc": 0.9898,
    "test_position_5_acc": 0.9918666666666667
}