{
    "epoch": 85,
    "train_loss": 0.01562551882004728,
    "pretrain_loss": null,
    "finetune_loss": 0.0007582633737645276,
    "pseudo_label_count": 20875,
    "pseudo_label_accept_rate": 0.9940476190476191,
    "mean_pseudo_confidence": 0.9995518917152267,
    "consistency_loss": 0.014867255446282753,
    "encoder_stage": "consistency",
    "stn_status": "disabled",
    "stn_regularization_loss": 0.0,
    "val_loss": 0.22472849661890576,
    "val_seq_acc": 0.9518666666666666,
    "val_char_acc": 0.9901866666666667,
    "val_edit_distance": 0.049,
    "val_clean_accuracy": 0.9518666666666666,
    "val_robustness_drop": null,
    "val_restoration_gain": null,
    "val_position_1_acc": 0.99,
    "val_position_2_acc": 0.9892,
    "val_position_3_acc": 0.9898666666666667,
    "val_position_4_acc": 0.9900666666666667,
    "val_position_5_acc": 0.9918,
    "test_loss": 0.2295770735266876,
    "test_seq_acc": 0.9503333333333334,
    "test_char_acc": 0.9897866666666667,
    "test_edit_distance": 0.05093333333333333,
    "test_clean_accuracy": 0.9503333333333334,
    "test_robustness_drop": null,
    "test_restoration_gain": null,
    "test_position_1_acc": 0.9909333333333333,
    "test_position_2_acc": 0.988,
    "test_position_3_acc": 0.9901333333333333,
    "test_position_4_acc": 0.9892666666666666,
    "test_position_5_acc": 0.9906
}