{
    "epoch": 136,
    "train_loss": 0.009100914368793915,
    "pretrain_loss": null,
    "finetune_loss": 0.00014634677056079459,
    "pseudo_label_count": 20964,
    "pseudo_label_accept_rate": 0.9982857142857143,
    "mean_pseudo_confidence": 0.9997861342583875,
    "consistency_loss": 0.008954567598233121,
    "encoder_stage": "consistency",
    "stn_status": "disabled",
    "stn_regularization_loss": 0.0,
    "val_loss": 0.24201866957579463,
    "val_seq_acc": 0.953,
    "val_char_acc": 0.9904,
    "val_edit_distance": 0.047933333333333335,
    "val_clean_accuracy": 0.953,
    "val_robustness_drop": null,
    "val_restoration_gain": null,
    "val_position_1_acc": 0.9902,
    "val_position_2_acc": 0.9891333333333333,
    "val_position_3_acc": 0.9898666666666667,
    "val_position_4_acc": 0.9904666666666667,
    "val_position_5_acc": 0.9923333333333333,
    "test_loss": 0.2523244754679407,
    "test_seq_acc": 0.9519333333333333,
    "test_char_acc": 0.99008,
    "test_edit_distance": 0.0494,
    "test_clean_accuracy": 0.9519333333333333,
    "test_robustness_drop": null,
    "test_restoration_gain": null,
    "test_position_1_acc": 0.9912,
    "test_position_2_acc": 0.9876666666666667,
    "test_position_3_acc": 0.9902666666666666,
    "test_position_4_acc": 0.9902,
    "test_position_5_acc": 0.9910666666666667
}