{
    "epoch": 41,
    "train_loss": 0.08736122871858407,
    "pretrain_loss": null,
    "finetune_loss": 0.03937764263951388,
    "pseudo_label_count": 20020,
    "pseudo_label_accept_rate": 0.9533333333333334,
    "mean_pseudo_confidence": 0.9975218004756398,
    "consistency_loss": 0.04798358607907018,
    "encoder_stage": "consistency",
    "stn_status": "disabled",
    "stn_regularization_loss": 0.0,
    "val_loss": 0.4662508972306201,
    "val_seq_acc": 0.9062666666666667,
    "val_char_acc": 0.9805466666666667,
    "val_edit_distance": 0.09726666666666667,
    "val_clean_accuracy": 0.9062666666666667,
    "val_robustness_drop": null,
    "val_restoration_gain": null,
    "val_position_1_acc": 0.9853333333333333,
    "val_position_2_acc": 0.9774,
    "val_position_3_acc": 0.9861333333333333,
    "val_position_4_acc": 0.9777333333333333,
    "val_position_5_acc": 0.9761333333333333,
    "test_loss": 0.46487257041512653,
    "test_seq_acc": 0.905,
    "test_char_acc": 0.9800533333333333,
    "test_edit_distance": 0.09966666666666667,
    "test_clean_accuracy": 0.905,
    "test_robustness_drop": null,
    "test_restoration_gain": null,
    "test_position_1_acc": 0.9866,
    "test_position_2_acc": 0.9772,
    "test_position_3_acc": 0.9848,
    "test_position_4_acc": 0.9774666666666667,
    "test_position_5_acc": 0.9742
}