{
    "epoch": 40,
    "train_loss": 0.09081129767883545,
    "pretrain_loss": null,
    "finetune_loss": 0.04203664826356268,
    "pseudo_label_count": 20017,
    "pseudo_label_accept_rate": 0.9531904761904761,
    "mean_pseudo_confidence": 0.9973399068959414,
    "consistency_loss": 0.04877464941527276,
    "encoder_stage": "consistency",
    "stn_status": "disabled",
    "stn_regularization_loss": 0.0,
    "val_loss": 0.6891032602875791,
    "val_seq_acc": 0.885,
    "val_char_acc": 0.9753333333333334,
    "val_edit_distance": 0.12266666666666666,
    "val_clean_accuracy": 0.885,
    "val_robustness_drop": null,
    "val_restoration_gain": null,
    "val_position_1_acc": 0.9778,
    "val_position_2_acc": 0.9712666666666666,
    "val_position_3_acc": 0.9769333333333333,
    "val_position_4_acc": 0.9743333333333334,
    "val_position_5_acc": 0.9763333333333334,
    "test_loss": 0.6889810526941685,
    "test_seq_acc": 0.8816,
    "test_char_acc": 0.97452,
    "test_edit_distance": 0.12686666666666666,
    "test_clean_accuracy": 0.8816,
    "test_robustness_drop": null,
    "test_restoration_gain": null,
    "test_position_1_acc": 0.9791333333333333,
    "test_position_2_acc": 0.9698666666666667,
    "test_position_3_acc": 0.9732666666666666,
    "test_position_4_acc": 0.9752666666666666,
    "test_position_5_acc": 0.9750666666666666
}