{
    "epoch": 141,
    "train_loss": 0.010573161488196342,
    "pretrain_loss": null,
    "finetune_loss": 0.00013937881594899097,
    "pseudo_label_count": 20968,
    "pseudo_label_accept_rate": 0.9984761904761905,
    "mean_pseudo_confidence": 0.999794138269268,
    "consistency_loss": 0.01043378267224735,
    "encoder_stage": "consistency",
    "stn_status": "disabled",
    "stn_regularization_loss": 0.0,
    "val_loss": 0.23757603434112637,
    "val_seq_acc": 0.9534666666666667,
    "val_char_acc": 0.99056,
    "val_edit_distance": 0.04713333333333333,
    "val_clean_accuracy": 0.9534666666666667,
    "val_robustness_drop": null,
    "val_restoration_gain": null,
    "val_position_1_acc": 0.9901333333333333,
    "val_position_2_acc": 0.9893333333333333,
    "val_position_3_acc": 0.9897333333333334,
    "val_position_4_acc": 0.991,
    "val_position_5_acc": 0.9926,
    "test_loss": 0.2488558188804049,
    "test_seq_acc": 0.9532666666666667,
    "test_char_acc": 0.9903733333333333,
    "test_edit_distance": 0.04806666666666667,
    "test_clean_accuracy": 0.9532666666666667,
    "test_robustness_drop": null,
    "test_restoration_gain": null,
    "test_position_1_acc": 0.9915333333333334,
    "test_position_2_acc": 0.9880666666666666,
    "test_position_3_acc": 0.9906666666666667,
    "test_position_4_acc": 0.9900666666666667,
    "test_position_5_acc": 0.9915333333333334
}