{
    "epoch": 152,
    "train_loss": 0.011662054370534468,
    "pretrain_loss": null,
    "finetune_loss": 0.00043676896507409104,
    "pseudo_label_count": 20949,
    "pseudo_label_accept_rate": 0.9975714285714286,
    "mean_pseudo_confidence": 0.9997330107969556,
    "consistency_loss": 0.011225285405460377,
    "encoder_stage": "consistency",
    "stn_status": "disabled",
    "stn_regularization_loss": 0.0,
    "val_loss": 0.2433332557886622,
    "val_seq_acc": 0.954,
    "val_char_acc": 0.9906266666666667,
    "val_edit_distance": 0.0468,
    "val_clean_accuracy": 0.954,
    "val_robustness_drop": null,
    "val_restoration_gain": null,
    "val_position_1_acc": 0.9904,
    "val_position_2_acc": 0.9892666666666666,
    "val_position_3_acc": 0.9900666666666667,
    "val_position_4_acc": 0.9908,
    "val_position_5_acc": 0.9926,
    "test_loss": 0.25765445107250395,
    "test_seq_acc": 0.9528666666666666,
    "test_char_acc": 0.99028,
    "test_edit_distance": 0.048466666666666665,
    "test_clean_accuracy": 0.9528666666666666,
    "test_robustness_drop": null,
    "test_restoration_gain": null,
    "test_position_1_acc": 0.9918666666666667,
    "test_position_2_acc": 0.9878,
    "test_position_3_acc": 0.9904666666666667,
    "test_position_4_acc": 0.9898666666666667,
    "test_position_5_acc": 0.9914
}