{
    "epoch": 163,
    "train_loss": 0.011823332369799508,
    "pretrain_loss": null,
    "finetune_loss": 0.0004419196857329802,
    "pseudo_label_count": 20953,
    "pseudo_label_accept_rate": 0.9977619047619047,
    "mean_pseudo_confidence": 0.9997363183593168,
    "consistency_loss": 0.011381412684066528,
    "encoder_stage": "consistency",
    "stn_status": "disabled",
    "stn_regularization_loss": 0.0,
    "val_loss": 0.25426481565824477,
    "val_seq_acc": 0.9535333333333333,
    "val_char_acc": 0.99052,
    "val_edit_distance": 0.04733333333333333,
    "val_clean_accuracy": 0.9535333333333333,
    "val_robustness_drop": null,
    "val_restoration_gain": null,
    "val_position_1_acc": 0.9906,
    "val_position_2_acc": 0.9889333333333333,
    "val_position_3_acc": 0.9902666666666666,
    "val_position_4_acc": 0.9905333333333334,
    "val_position_5_acc": 0.9922666666666666,
    "test_loss": 0.26019880177212673,
    "test_seq_acc": 0.9526666666666667,
    "test_char_acc": 0.9902533333333333,
    "test_edit_distance": 0.04853333333333333,
    "test_clean_accuracy": 0.9526666666666667,
    "test_robustness_drop": null,
    "test_restoration_gain": null,
    "test_position_1_acc": 0.9920666666666667,
    "test_position_2_acc": 0.9874666666666667,
    "test_position_3_acc": 0.9906,
    "test_position_4_acc": 0.9898,
    "test_position_5_acc": 0.9913333333333333
}