{
    "epoch": 183,
    "train_loss": 0.01246693431071982,
    "pretrain_loss": null,
    "finetune_loss": 0.00041367707742350873,
    "pseudo_label_count": 20954,
    "pseudo_label_accept_rate": 0.9978095238095238,
    "mean_pseudo_confidence": 0.9997577264448426,
    "consistency_loss": 0.012053257233296312,
    "encoder_stage": "consistency",
    "stn_status": "disabled",
    "stn_regularization_loss": 0.0,
    "val_loss": 0.2436283473644288,
    "val_seq_acc": 0.9534666666666667,
    "val_char_acc": 0.99052,
    "val_edit_distance": 0.04733333333333333,
    "val_clean_accuracy": 0.9534666666666667,
    "val_robustness_drop": null,
    "val_restoration_gain": null,
    "val_position_1_acc": 0.9900666666666667,
    "val_position_2_acc": 0.9894,
    "val_position_3_acc": 0.9899333333333333,
    "val_position_4_acc": 0.9908,
    "val_position_5_acc": 0.9924,
    "test_loss": 0.25499026524249746,
    "test_seq_acc": 0.9536666666666667,
    "test_char_acc": 0.9904533333333333,
    "test_edit_distance": 0.0476,
    "test_clean_accuracy": 0.9536666666666667,
    "test_robustness_drop": null,
    "test_restoration_gain": null,
    "test_position_1_acc": 0.9918666666666667,
    "test_position_2_acc": 0.9879333333333333,
    "test_position_3_acc": 0.9905333333333334,
    "test_position_4_acc": 0.9900666666666667,
    "test_position_5_acc": 0.9918666666666667
}