{
    "epoch": 160,
    "train_loss": 0.004246097694129452,
    "pretrain_loss": null,
    "finetune_loss": 0.0003686925507191321,
    "pseudo_label_count": 20936,
    "pseudo_label_accept_rate": 0.9969523809523809,
    "mean_pseudo_confidence": 0.9997133907808983,
    "consistency_loss": 0.0,
    "encoder_stage": "semisupervised_with_pseudolabels",
    "stn_status": "trainable",
    "stn_regularization_loss": 2.0174978113427083e-07,
    "val_loss": 0.2959121209944529,
    "val_seq_acc": 0.9616666666666667,
    "val_char_acc": 0.9922266666666667,
    "val_edit_distance": 0.03886666666666667,
    "val_clean_accuracy": 0.9616666666666667,
    "val_robustness_drop": null,
    "val_restoration_gain": null,
    "val_position_1_acc": 0.992,
    "val_position_2_acc": 0.9908,
    "val_position_3_acc": 0.9922666666666666,
    "val_position_4_acc": 0.9921333333333333,
    "val_position_5_acc": 0.9939333333333333,
    "test_loss": 0.29360668301981585,
    "test_seq_acc": 0.9625333333333334,
    "test_char_acc": 0.99232,
    "test_edit_distance": 0.0382,
    "test_clean_accuracy": 0.9625333333333334,
    "test_robustness_drop": null,
    "test_restoration_gain": null,
    "test_position_1_acc": 0.9941333333333333,
    "test_position_2_acc": 0.9903333333333333,
    "test_position_3_acc": 0.9916,
    "test_position_4_acc": 0.9922,
    "test_position_5_acc": 0.9933333333333333
}