{
    "epoch": 74,
    "train_loss": 0.014900546542719578,
    "pretrain_loss": null,
    "finetune_loss": 0.003924793876725335,
    "pseudo_label_count": 20771,
    "pseudo_label_accept_rate": 0.9890952380952381,
    "mean_pseudo_confidence": 0.999324417913157,
    "consistency_loss": 0.0,
    "encoder_stage": "semisupervised_with_pseudolabels",
    "stn_status": "trainable",
    "stn_regularization_loss": 4.1549159589908904e-07,
    "val_loss": 0.3937067461748077,
    "val_seq_acc": 0.9496666666666667,
    "val_char_acc": 0.9897733333333333,
    "val_edit_distance": 0.051133333333333336,
    "val_clean_accuracy": 0.9496666666666667,
    "val_robustness_drop": null,
    "val_restoration_gain": null,
    "val_position_1_acc": 0.9901333333333333,
    "val_position_2_acc": 0.9890666666666666,
    "val_position_3_acc": 0.9896666666666667,
    "val_position_4_acc": 0.9882,
    "val_position_5_acc": 0.9918,
    "test_loss": 0.3767725712604396,
    "test_seq_acc": 0.9511333333333334,
    "test_char_acc": 0.9899066666666667,
    "test_edit_distance": 0.05026666666666667,
    "test_clean_accuracy": 0.9511333333333334,
    "test_robustness_drop": null,
    "test_restoration_gain": null,
    "test_position_1_acc": 0.9930666666666667,
    "test_position_2_acc": 0.9871333333333333,
    "test_position_3_acc": 0.989,
    "test_position_4_acc": 0.9898666666666667,
    "test_position_5_acc": 0.9904666666666667
}