{
    "epoch": 10,
    "train_loss": 0.2244589719337754,
    "pretrain_loss": null,
    "finetune_loss": 0.2244589719337754,
    "pseudo_label_count": 0,
    "pseudo_label_accept_rate": 0.0,
    "mean_pseudo_confidence": 0.0,
    "consistency_loss": 0.0,
    "encoder_stage": "semisupervised_warmup",
    "stn_status": "frozen",
    "stn_regularization_loss": 0.0,
    "val_loss": 2.0771724736436883,
    "val_seq_acc": 0.7374666666666667,
    "val_char_acc": 0.9238666666666666,
    "val_edit_distance": 0.3671333333333333,
    "val_clean_accuracy": 0.7374666666666667,
    "val_robustness_drop": null,
    "val_restoration_gain": null,
    "val_position_1_acc": 0.9294666666666667,
    "val_position_2_acc": 0.9223333333333333,
    "val_position_3_acc": 0.9234666666666667,
    "val_position_4_acc": 0.9212,
    "val_position_5_acc": 0.9228666666666666,
    "test_loss": 2.0730259905470176,
    "test_seq_acc": 0.7366666666666667,
    "test_char_acc": 0.92296,
    "test_edit_distance": 0.37206666666666666,
    "test_clean_accuracy": 0.7366666666666667,
    "test_robustness_drop": null,
    "test_restoration_gain": null,
    "test_position_1_acc": 0.9292666666666667,
    "test_position_2_acc": 0.9188,
    "test_position_3_acc": 0.925,
    "test_position_4_acc": 0.9238,
    "test_position_5_acc": 0.9179333333333334
}