{
    "epoch": 11,
    "train_loss": 0.20134194044508139,
    "pretrain_loss": null,
    "finetune_loss": 0.20134194044508139,
    "pseudo_label_count": 0,
    "pseudo_label_accept_rate": 0.0,
    "mean_pseudo_confidence": 0.0,
    "consistency_loss": 0.0,
    "encoder_stage": "semisupervised_warmup",
    "stn_status": "frozen",
    "stn_regularization_loss": 0.0,
    "val_loss": 0.27451470085281005,
    "val_seq_acc": 0.9198,
    "val_char_acc": 0.9830133333333333,
    "val_edit_distance": 0.08486666666666667,
    "val_clean_accuracy": 0.9198,
    "val_robustness_drop": null,
    "val_restoration_gain": null,
    "val_position_1_acc": 0.9832,
    "val_position_2_acc": 0.9806,
    "val_position_3_acc": 0.9802,
    "val_position_4_acc": 0.9823333333333333,
    "val_position_5_acc": 0.9887333333333334,
    "test_loss": 0.28955136572426937,
    "test_seq_acc": 0.9184666666666667,
    "test_char_acc": 0.98276,
    "test_edit_distance": 0.08613333333333334,
    "test_clean_accuracy": 0.9184666666666667,
    "test_robustness_drop": null,
    "test_restoration_gain": null,
    "test_position_1_acc": 0.9856666666666667,
    "test_position_2_acc": 0.9785333333333334,
    "test_position_3_acc": 0.981,
    "test_position_4_acc": 0.9818,
    "test_position_5_acc": 0.9868
}