{
    "epoch": 196,
    "train_loss": 0.002175769180920447,
    "pretrain_loss": null,
    "finetune_loss": 0.00021435653331249407,
    "pseudo_label_count": 20946,
    "pseudo_label_accept_rate": 0.9974285714285714,
    "mean_pseudo_confidence": 0.9998050490229722,
    "consistency_loss": 0.0,
    "encoder_stage": "semisupervised_with_pseudolabels",
    "stn_status": "trainable",
    "stn_regularization_loss": 1.9843591894888436e-07,
    "val_loss": 0.2863667528322115,
    "val_seq_acc": 0.9629333333333333,
    "val_char_acc": 0.9924933333333333,
    "val_edit_distance": 0.037533333333333335,
    "val_clean_accuracy": 0.9629333333333333,
    "val_robustness_drop": null,
    "val_restoration_gain": null,
    "val_position_1_acc": 0.9932,
    "val_position_2_acc": 0.9910666666666667,
    "val_position_3_acc": 0.9921333333333333,
    "val_position_4_acc": 0.9924,
    "val_position_5_acc": 0.9936666666666667,
    "test_loss": 0.2918624472044959,
    "test_seq_acc": 0.9612,
    "test_char_acc": 0.99204,
    "test_edit_distance": 0.03966666666666667,
    "test_clean_accuracy": 0.9612,
    "test_robustness_drop": null,
    "test_restoration_gain": null,
    "test_position_1_acc": 0.9933333333333333,
    "test_position_2_acc": 0.9903333333333333,
    "test_position_3_acc": 0.9914,
    "test_position_4_acc": 0.9922,
    "test_position_5_acc": 0.9929333333333333
}