{
    "epoch": 148,
    "train_loss": 0.003642334871784771,
    "pretrain_loss": null,
    "finetune_loss": 0.00040768377156840795,
    "pseudo_label_count": 20916,
    "pseudo_label_accept_rate": 0.996,
    "mean_pseudo_confidence": 0.9997618608525798,
    "consistency_loss": 0.0,
    "encoder_stage": "semisupervised_with_pseudolabels",
    "stn_status": "trainable",
    "stn_regularization_loss": 2.0282848351466373e-07,
    "val_loss": 0.2904032118558423,
    "val_seq_acc": 0.9624,
    "val_char_acc": 0.9923466666666667,
    "val_edit_distance": 0.038266666666666664,
    "val_clean_accuracy": 0.9624,
    "val_robustness_drop": null,
    "val_restoration_gain": null,
    "val_position_1_acc": 0.9932666666666666,
    "val_position_2_acc": 0.9908666666666667,
    "val_position_3_acc": 0.9920666666666667,
    "val_position_4_acc": 0.9923333333333333,
    "val_position_5_acc": 0.9932,
    "test_loss": 0.2983522508129198,
    "test_seq_acc": 0.9608,
    "test_char_acc": 0.99196,
    "test_edit_distance": 0.04006666666666667,
    "test_clean_accuracy": 0.9608,
    "test_robustness_drop": null,
    "test_restoration_gain": null,
    "test_position_1_acc": 0.9938,
    "test_position_2_acc": 0.9899333333333333,
    "test_position_3_acc": 0.9912666666666666,
    "test_position_4_acc": 0.992,
    "test_position_5_acc": 0.9928
}