{
    "epoch": 130,
    "train_loss": 0.003963305333322181,
    "pretrain_loss": null,
    "finetune_loss": 0.0004213415647069036,
    "pseudo_label_count": 20913,
    "pseudo_label_accept_rate": 0.9958571428571429,
    "mean_pseudo_confidence": 0.9997214631428252,
    "consistency_loss": 0.0,
    "encoder_stage": "semisupervised_with_pseudolabels",
    "stn_status": "trainable",
    "stn_regularization_loss": 2.1739827790354127e-07,
    "val_loss": 0.29162253176519753,
    "val_seq_acc": 0.9615333333333334,
    "val_char_acc": 0.9921466666666666,
    "val_edit_distance": 0.039266666666666665,
    "val_clean_accuracy": 0.9615333333333334,
    "val_robustness_drop": null,
    "val_restoration_gain": null,
    "val_position_1_acc": 0.9926666666666667,
    "val_position_2_acc": 0.9905333333333334,
    "val_position_3_acc": 0.9918,
    "val_position_4_acc": 0.9921333333333333,
    "val_position_5_acc": 0.9936,
    "test_loss": 0.2993154482423729,
    "test_seq_acc": 0.961,
    "test_char_acc": 0.9919733333333334,
    "test_edit_distance": 0.04,
    "test_clean_accuracy": 0.961,
    "test_robustness_drop": null,
    "test_restoration_gain": null,
    "test_position_1_acc": 0.9936,
    "test_position_2_acc": 0.9903333333333333,
    "test_position_3_acc": 0.9915333333333334,
    "test_position_4_acc": 0.9916666666666667,
    "test_position_5_acc": 0.9927333333333334
}