{
    "epoch": 192,
    "train_loss": 0.003122528449654155,
    "pretrain_loss": null,
    "finetune_loss": 0.0002573777452963196,
    "pseudo_label_count": 20935,
    "pseudo_label_accept_rate": 0.996904761904762,
    "mean_pseudo_confidence": 0.9997691213016952,
    "consistency_loss": 0.0,
    "encoder_stage": "semisupervised_with_pseudolabels",
    "stn_status": "trainable",
    "stn_regularization_loss": 1.9750393158844748e-07,
    "val_loss": 0.29291691027363104,
    "val_seq_acc": 0.962,
    "val_char_acc": 0.99224,
    "val_edit_distance": 0.0388,
    "val_clean_accuracy": 0.962,
    "val_robustness_drop": null,
    "val_restoration_gain": null,
    "val_position_1_acc": 0.9925333333333334,
    "val_position_2_acc": 0.9909333333333333,
    "val_position_3_acc": 0.9919333333333333,
    "val_position_4_acc": 0.9924666666666667,
    "val_position_5_acc": 0.9933333333333333,
    "test_loss": 0.30316045109895173,
    "test_seq_acc": 0.9609333333333333,
    "test_char_acc": 0.9920133333333333,
    "test_edit_distance": 0.0398,
    "test_clean_accuracy": 0.9609333333333333,
    "test_robustness_drop": null,
    "test_restoration_gain": null,
    "test_position_1_acc": 0.9938,
    "test_position_2_acc": 0.99,
    "test_position_3_acc": 0.9916,
    "test_position_4_acc": 0.9918666666666667,
    "test_position_5_acc": 0.9928
}