{
    "epoch": 166,
    "train_loss": 0.0041498837373514655,
    "pretrain_loss": null,
    "finetune_loss": 0.00026264382527532314,
    "pseudo_label_count": 20933,
    "pseudo_label_accept_rate": 0.9968095238095238,
    "mean_pseudo_confidence": 0.999750796331585,
    "consistency_loss": 0.0,
    "encoder_stage": "semisupervised_with_pseudolabels",
    "stn_status": "trainable",
    "stn_regularization_loss": 2.0184631114917765e-07,
    "val_loss": 0.2897569637686792,
    "val_seq_acc": 0.9617333333333333,
    "val_char_acc": 0.9922,
    "val_edit_distance": 0.039,
    "val_clean_accuracy": 0.9617333333333333,
    "val_robustness_drop": null,
    "val_restoration_gain": null,
    "val_position_1_acc": 0.9926,
    "val_position_2_acc": 0.9906,
    "val_position_3_acc": 0.9919333333333333,
    "val_position_4_acc": 0.9922,
    "val_position_5_acc": 0.9936666666666667,
    "test_loss": 0.29596967596141655,
    "test_seq_acc": 0.9612666666666667,
    "test_char_acc": 0.99204,
    "test_edit_distance": 0.03966666666666667,
    "test_clean_accuracy": 0.9612666666666667,
    "test_robustness_drop": null,
    "test_restoration_gain": null,
    "test_position_1_acc": 0.9938,
    "test_position_2_acc": 0.9903333333333333,
    "test_position_3_acc": 0.9912,
    "test_position_4_acc": 0.9919333333333333,
    "test_position_5_acc": 0.9929333333333333
}