{
    "epoch": 200,
    "train_loss": 0.001766283714532572,
    "pretrain_loss": null,
    "finetune_loss": 0.0001964471226747454,
    "pseudo_label_count": 20934,
    "pseudo_label_accept_rate": 0.9968571428571429,
    "mean_pseudo_confidence": 0.9998064215845873,
    "consistency_loss": 0.0,
    "encoder_stage": "semisupervised_with_pseudolabels",
    "stn_status": "trainable",
    "stn_regularization_loss": 1.9783935016140456e-07,
    "val_loss": 0.29371472772314866,
    "val_seq_acc": 0.9626666666666667,
    "val_char_acc": 0.9924133333333334,
    "val_edit_distance": 0.03793333333333333,
    "val_clean_accuracy": 0.9626666666666667,
    "val_robustness_drop": null,
    "val_restoration_gain": null,
    "val_position_1_acc": 0.9924666666666667,
    "val_position_2_acc": 0.9909333333333333,
    "val_position_3_acc": 0.9922,
    "val_position_4_acc": 0.9926,
    "val_position_5_acc": 0.9938666666666667,
    "test_loss": 0.2948956028584941,
    "test_seq_acc": 0.9622,
    "test_char_acc": 0.99224,
    "test_edit_distance": 0.03866666666666667,
    "test_clean_accuracy": 0.9622,
    "test_robustness_drop": null,
    "test_restoration_gain": null,
    "test_position_1_acc": 0.9939333333333333,
    "test_position_2_acc": 0.9907333333333334,
    "test_position_3_acc": 0.9913333333333333,
    "test_position_4_acc": 0.9920666666666667,
    "test_position_5_acc": 0.9931333333333333
}