{
    "epoch": 193,
    "train_loss": 0.002337037864575179,
    "pretrain_loss": null,
    "finetune_loss": 0.00023175906286701498,
    "pseudo_label_count": 20945,
    "pseudo_label_accept_rate": 0.9973809523809524,
    "mean_pseudo_confidence": 0.9997849325770608,
    "consistency_loss": 0.0,
    "encoder_stage": "semisupervised_with_pseudolabels",
    "stn_status": "trainable",
    "stn_regularization_loss": 1.98246036487085e-07,
    "val_loss": 0.2986004129112537,
    "val_seq_acc": 0.9624,
    "val_char_acc": 0.9923333333333333,
    "val_edit_distance": 0.03833333333333333,
    "val_clean_accuracy": 0.9624,
    "val_robustness_drop": null,
    "val_restoration_gain": null,
    "val_position_1_acc": 0.9928,
    "val_position_2_acc": 0.9908,
    "val_position_3_acc": 0.9916,
    "val_position_4_acc": 0.9926,
    "val_position_5_acc": 0.9938666666666667,
    "test_loss": 0.3021532802783982,
    "test_seq_acc": 0.9612,
    "test_char_acc": 0.9920266666666666,
    "test_edit_distance": 0.039733333333333336,
    "test_clean_accuracy": 0.9612,
    "test_robustness_drop": null,
    "test_restoration_gain": null,
    "test_position_1_acc": 0.9934,
    "test_position_2_acc": 0.9902666666666666,
    "test_position_3_acc": 0.9912,
    "test_position_4_acc": 0.9920666666666667,
    "test_position_5_acc": 0.9932
}