{
    "epoch": 165,
    "train_loss": 0.003911260473991907,
    "pretrain_loss": null,
    "finetune_loss": 0.0002627259799222357,
    "pseudo_label_count": 20938,
    "pseudo_label_accept_rate": 0.9970476190476191,
    "mean_pseudo_confidence": 0.9997640146613861,
    "consistency_loss": 0.0,
    "encoder_stage": "semisupervised_with_pseudolabels",
    "stn_status": "trainable",
    "stn_regularization_loss": 2.0120891746514492e-07,
    "val_loss": 0.29239999334906236,
    "val_seq_acc": 0.9629333333333333,
    "val_char_acc": 0.9924666666666667,
    "val_edit_distance": 0.03766666666666667,
    "val_clean_accuracy": 0.9629333333333333,
    "val_robustness_drop": null,
    "val_restoration_gain": null,
    "val_position_1_acc": 0.9928666666666667,
    "val_position_2_acc": 0.9910666666666667,
    "val_position_3_acc": 0.992,
    "val_position_4_acc": 0.9926,
    "val_position_5_acc": 0.9938,
    "test_loss": 0.2990400511340514,
    "test_seq_acc": 0.9618666666666666,
    "test_char_acc": 0.9921466666666666,
    "test_edit_distance": 0.039066666666666666,
    "test_clean_accuracy": 0.9618666666666666,
    "test_robustness_drop": null,
    "test_restoration_gain": null,
    "test_position_1_acc": 0.9942,
    "test_position_2_acc": 0.9903333333333333,
    "test_position_3_acc": 0.9914,
    "test_position_4_acc": 0.9917333333333334,
    "test_position_5_acc": 0.9930666666666667
}