{
    "epoch": 40,
    "train_loss": 0.18003109596082628,
    "pretrain_loss": null,
    "finetune_loss": 0.1297556649080135,
    "pseudo_label_count": 19884,
    "pseudo_label_accept_rate": 0.9468571428571428,
    "mean_pseudo_confidence": 0.9970642244568823,
    "consistency_loss": 0.0,
    "encoder_stage": "semisupervised_with_pseudolabels",
    "stn_status": "trainable",
    "stn_regularization_loss": 4.45411743792845e-07,
    "val_loss": 5.142975753418943,
    "val_seq_acc": 0.6687333333333333,
    "val_char_acc": 0.9221866666666667,
    "val_edit_distance": 0.38893333333333335,
    "val_clean_accuracy": 0.6687333333333333,
    "val_robustness_drop": null,
    "val_restoration_gain": null,
    "val_position_1_acc": 0.8872,
    "val_position_2_acc": 0.9288,
    "val_position_3_acc": 0.9300666666666667,
    "val_position_4_acc": 0.929,
    "val_position_5_acc": 0.9358666666666666,
    "test_loss": 5.063264727085195,
    "test_seq_acc": 0.6678666666666667,
    "test_char_acc": 0.9219333333333334,
    "test_edit_distance": 0.3903333333333333,
    "test_clean_accuracy": 0.6678666666666667,
    "test_robustness_drop": null,
    "test_restoration_gain": null,
    "test_position_1_acc": 0.8896,
    "test_position_2_acc": 0.9272,
    "test_position_3_acc": 0.9292666666666667,
    "test_position_4_acc": 0.9298,
    "test_position_5_acc": 0.9338
}