{
    "epoch": 27,
    "train_loss": 0.28199175461987247,
    "pretrain_loss": null,
    "finetune_loss": 0.21494607216321107,
    "pseudo_label_count": 19381,
    "pseudo_label_accept_rate": 0.9229047619047619,
    "mean_pseudo_confidence": 0.9954236901388911,
    "consistency_loss": 0.0,
    "encoder_stage": "semisupervised_with_pseudolabels",
    "stn_status": "trainable",
    "stn_regularization_loss": 2.5937852380066544e-07,
    "val_loss": 4.233928452146814,
    "val_seq_acc": 0.6427333333333334,
    "val_char_acc": 0.9147733333333333,
    "val_edit_distance": 0.4258,
    "val_clean_accuracy": 0.6427333333333334,
    "val_robustness_drop": null,
    "val_restoration_gain": null,
    "val_position_1_acc": 0.9134,
    "val_position_2_acc": 0.9182,
    "val_position_3_acc": 0.9158,
    "val_position_4_acc": 0.9190666666666667,
    "val_position_5_acc": 0.9074,
    "test_loss": 4.26162143869603,
    "test_seq_acc": 0.6409333333333334,
    "test_char_acc": 0.91396,
    "test_edit_distance": 0.43006666666666665,
    "test_clean_accuracy": 0.6409333333333334,
    "test_robustness_drop": null,
    "test_restoration_gain": null,
    "test_position_1_acc": 0.9170666666666667,
    "test_position_2_acc": 0.9134,
    "test_position_3_acc": 0.9120666666666667,
    "test_position_4_acc": 0.9226,
    "test_position_5_acc": 0.9046666666666666
}