{
    "epoch": 177,
    "train_loss": 0.0030753755876094324,
    "pretrain_loss": null,
    "finetune_loss": 0.0002633838880885316,
    "pseudo_label_count": 20930,
    "pseudo_label_accept_rate": 0.9966666666666667,
    "mean_pseudo_confidence": 0.9997558504442706,
    "consistency_loss": 0.0,
    "encoder_stage": "semisupervised_with_pseudolabels",
    "stn_status": "trainable",
    "stn_regularization_loss": 2.0113511977742785e-07,
    "val_loss": 0.2882687291804765,
    "val_seq_acc": 0.9630666666666666,
    "val_char_acc": 0.9924666666666667,
    "val_edit_distance": 0.03766666666666667,
    "val_clean_accuracy": 0.9630666666666666,
    "val_robustness_drop": null,
    "val_restoration_gain": null,
    "val_position_1_acc": 0.9930666666666667,
    "val_position_2_acc": 0.9909333333333333,
    "val_position_3_acc": 0.9923333333333333,
    "val_position_4_acc": 0.9924666666666667,
    "val_position_5_acc": 0.9935333333333334,
    "test_loss": 0.2966727375709292,
    "test_seq_acc": 0.9615333333333334,
    "test_char_acc": 0.9921066666666667,
    "test_edit_distance": 0.039266666666666665,
    "test_clean_accuracy": 0.9615333333333334,
    "test_robustness_drop": null,
    "test_restoration_gain": null,
    "test_position_1_acc": 0.9932666666666666,
    "test_position_2_acc": 0.9904,
    "test_position_3_acc": 0.9918666666666667,
    "test_position_4_acc": 0.9918666666666667,
    "test_position_5_acc": 0.9931333333333333
}