{
    "epoch": 93,
    "train_loss": 0.011502642766209725,
    "pretrain_loss": null,
    "finetune_loss": 0.0031667638768886285,
    "pseudo_label_count": 20848,
    "pseudo_label_accept_rate": 0.9927619047619047,
    "mean_pseudo_confidence": 0.9995041200269302,
    "consistency_loss": 0.0,
    "encoder_stage": "semisupervised_with_pseudolabels",
    "stn_status": "trainable",
    "stn_regularization_loss": 3.1278481428325085e-07,
    "val_loss": 0.35420855551919694,
    "val_seq_acc": 0.9557333333333333,
    "val_char_acc": 0.9909733333333334,
    "val_edit_distance": 0.04513333333333333,
    "val_clean_accuracy": 0.9557333333333333,
    "val_robustness_drop": null,
    "val_restoration_gain": null,
    "val_position_1_acc": 0.9924666666666667,
    "val_position_2_acc": 0.9888666666666667,
    "val_position_3_acc": 0.9901333333333333,
    "val_position_4_acc": 0.9906666666666667,
    "val_position_5_acc": 0.9927333333333334,
    "test_loss": 0.3469769228284465,
    "test_seq_acc": 0.9552,
    "test_char_acc": 0.9908,
    "test_edit_distance": 0.04586666666666667,
    "test_clean_accuracy": 0.9552,
    "test_robustness_drop": null,
    "test_restoration_gain": null,
    "test_position_1_acc": 0.9925333333333334,
    "test_position_2_acc": 0.9883333333333333,
    "test_position_3_acc": 0.9904666666666667,
    "test_position_4_acc": 0.991,
    "test_position_5_acc": 0.9916666666666667
}