{
    "epoch": 92,
    "train_loss": 0.010802946830602605,
    "pretrain_loss": null,
    "finetune_loss": 0.002662968282386379,
    "pseudo_label_count": 20847,
    "pseudo_label_accept_rate": 0.9927142857142857,
    "mean_pseudo_confidence": 0.9995257048753947,
    "consistency_loss": 0.0,
    "encoder_stage": "semisupervised_with_pseudolabels",
    "stn_status": "trainable",
    "stn_regularization_loss": 2.5858229862787503e-07,
    "val_loss": 0.35030378154745234,
    "val_seq_acc": 0.9584,
    "val_char_acc": 0.9914266666666667,
    "val_edit_distance": 0.042866666666666664,
    "val_clean_accuracy": 0.9584,
    "val_robustness_drop": null,
    "val_restoration_gain": null,
    "val_position_1_acc": 0.9927333333333334,
    "val_position_2_acc": 0.9899333333333333,
    "val_position_3_acc": 0.9908,
    "val_position_4_acc": 0.991,
    "val_position_5_acc": 0.9926666666666667,
    "test_loss": 0.3501944720777287,
    "test_seq_acc": 0.9570666666666666,
    "test_char_acc": 0.9912266666666667,
    "test_edit_distance": 0.0436,
    "test_clean_accuracy": 0.9570666666666666,
    "test_robustness_drop": null,
    "test_restoration_gain": null,
    "test_position_1_acc": 0.9942666666666666,
    "test_position_2_acc": 0.9885333333333334,
    "test_position_3_acc": 0.9900666666666667,
    "test_position_4_acc": 0.9910666666666667,
    "test_position_5_acc": 0.9922
}