{
    "epoch": 45,
    "train_loss": 0.13160891515803788,
    "pretrain_loss": null,
    "finetune_loss": 0.06604789014736691,
    "pseudo_label_count": 19617,
    "pseudo_label_accept_rate": 0.9341428571428572,
    "mean_pseudo_confidence": 0.9963955870703856,
    "consistency_loss": 0.0,
    "encoder_stage": "semisupervised_with_pseudolabels",
    "stn_status": "trainable",
    "stn_regularization_loss": 9.398063312612511e-07,
    "val_loss": 2.873670209722316,
    "val_seq_acc": 0.7255333333333334,
    "val_char_acc": 0.93516,
    "val_edit_distance": 0.3234,
    "val_clean_accuracy": 0.7255333333333334,
    "val_robustness_drop": null,
    "val_restoration_gain": null,
    "val_position_1_acc": 0.9530666666666666,
    "val_position_2_acc": 0.9258666666666666,
    "val_position_3_acc": 0.9258666666666666,
    "val_position_4_acc": 0.9242,
    "val_position_5_acc": 0.9468,
    "test_loss": 2.778805484163,
    "test_seq_acc": 0.7304666666666667,
    "test_char_acc": 0.937,
    "test_edit_distance": 0.3142666666666667,
    "test_clean_accuracy": 0.7304666666666667,
    "test_robustness_drop": null,
    "test_restoration_gain": null,
    "test_position_1_acc": 0.9523333333333334,
    "test_position_2_acc": 0.9278,
    "test_position_3_acc": 0.9276,
    "test_position_4_acc": 0.934,
    "test_position_5_acc": 0.9432666666666667
}