{
    "epoch": 8,
    "train_loss": 0.2686483623221633,
    "pretrain_loss": null,
    "finetune_loss": 0.2686483623221633,
    "pseudo_label_count": 0,
    "pseudo_label_accept_rate": 0.0,
    "mean_pseudo_confidence": 0.0,
    "consistency_loss": 0.0,
    "encoder_stage": "semisupervised_warmup",
    "stn_status": "frozen",
    "stn_regularization_loss": 0.0,
    "val_loss": 9.765120903989102,
    "val_seq_acc": 0.2978,
    "val_char_acc": 0.7249066666666667,
    "val_edit_distance": 1.3242,
    "val_clean_accuracy": 0.2978,
    "val_robustness_drop": null,
    "val_restoration_gain": null,
    "val_position_1_acc": 0.6968666666666666,
    "val_position_2_acc": 0.7282666666666666,
    "val_position_3_acc": 0.7735333333333333,
    "val_position_4_acc": 0.7543333333333333,
    "val_position_5_acc": 0.6715333333333333,
    "test_loss": 9.693419953610034,
    "test_seq_acc": 0.3038666666666667,
    "test_char_acc": 0.7254533333333333,
    "test_edit_distance": 1.3243333333333334,
    "test_clean_accuracy": 0.3038666666666667,
    "test_robustness_drop": null,
    "test_restoration_gain": null,
    "test_position_1_acc": 0.7091333333333333,
    "test_position_2_acc": 0.7315333333333334,
    "test_position_3_acc": 0.7685333333333333,
    "test_position_4_acc": 0.7553333333333333,
    "test_position_5_acc": 0.6627333333333333
}