{
    "epoch": 179,
    "train_loss": 0.002928948316010207,
    "pretrain_loss": null,
    "finetune_loss": 0.00028260266891899963,
    "pseudo_label_count": 20945,
    "pseudo_label_accept_rate": 0.9973809523809524,
    "mean_pseudo_confidence": 0.9997788797389012,
    "consistency_loss": 0.0,
    "encoder_stage": "semisupervised_with_pseudolabels",
    "stn_status": "trainable",
    "stn_regularization_loss": 2.0023998499237742e-07,
    "val_loss": 0.2879127075638067,
    "val_seq_acc": 0.9621333333333333,
    "val_char_acc": 0.9922933333333334,
    "val_edit_distance": 0.038533333333333336,
    "val_clean_accuracy": 0.9621333333333333,
    "val_robustness_drop": null,
    "val_restoration_gain": null,
    "val_position_1_acc": 0.9928,
    "val_position_2_acc": 0.9905333333333334,
    "val_position_3_acc": 0.992,
    "val_position_4_acc": 0.9923333333333333,
    "val_position_5_acc": 0.9938,
    "test_loss": 0.29440840877568336,
    "test_seq_acc": 0.9612666666666667,
    "test_char_acc": 0.99208,
    "test_edit_distance": 0.039466666666666664,
    "test_clean_accuracy": 0.9612666666666667,
    "test_robustness_drop": null,
    "test_restoration_gain": null,
    "test_position_1_acc": 0.9936666666666667,
    "test_position_2_acc": 0.9904,
    "test_position_3_acc": 0.9913333333333333,
    "test_position_4_acc": 0.9919333333333333,
    "test_position_5_acc": 0.9930666666666667
}