{
    "epoch": 67,
    "train_loss": 0.015322324795744555,
    "pretrain_loss": null,
    "finetune_loss": 0.004752884770327281,
    "pseudo_label_count": 20743,
    "pseudo_label_accept_rate": 0.9877619047619047,
    "mean_pseudo_confidence": 0.9992412027061913,
    "consistency_loss": 0.0,
    "encoder_stage": "semisupervised_with_pseudolabels",
    "stn_status": "trainable",
    "stn_regularization_loss": 1.6276067407974195e-07,
    "val_loss": 0.24910080503202364,
    "val_seq_acc": 0.9614666666666667,
    "val_char_acc": 0.9921866666666667,
    "val_edit_distance": 0.039066666666666666,
    "val_clean_accuracy": 0.9614666666666667,
    "val_robustness_drop": null,
    "val_restoration_gain": null,
    "val_position_1_acc": 0.9926,
    "val_position_2_acc": 0.9911333333333333,
    "val_position_3_acc": 0.9920666666666667,
    "val_position_4_acc": 0.9914,
    "val_position_5_acc": 0.9937333333333334,
    "test_loss": 0.26603135581199433,
    "test_seq_acc": 0.9602,
    "test_char_acc": 0.9919333333333333,
    "test_edit_distance": 0.0402,
    "test_clean_accuracy": 0.9602,
    "test_robustness_drop": null,
    "test_restoration_gain": null,
    "test_position_1_acc": 0.9929333333333333,
    "test_position_2_acc": 0.9902666666666666,
    "test_position_3_acc": 0.9912,
    "test_position_4_acc": 0.9922666666666666,
    "test_position_5_acc": 0.993
}