{
    "epoch": 3,
    "train_loss": 0.5646853915393819,
    "pretrain_loss": null,
    "finetune_loss": 0.5646853915393819,
    "pseudo_label_count": 0,
    "pseudo_label_accept_rate": 0.0,
    "mean_pseudo_confidence": 0.0,
    "consistency_loss": 0.0,
    "encoder_stage": "semisupervised_warmup",
    "stn_status": "frozen",
    "stn_regularization_loss": 0.0,
    "val_loss": 4.026938131007743,
    "val_seq_acc": 0.4594666666666667,
    "val_char_acc": 0.8188266666666667,
    "val_edit_distance": 0.8946,
    "val_clean_accuracy": 0.4594666666666667,
    "val_robustness_drop": null,
    "val_restoration_gain": null,
    "val_position_1_acc": 0.8808,
    "val_position_2_acc": 0.8342666666666667,
    "val_position_3_acc": 0.799,
    "val_position_4_acc": 0.7882666666666667,
    "val_position_5_acc": 0.7918,
    "test_loss": 4.121119387606357,
    "test_seq_acc": 0.4517333333333333,
    "test_char_acc": 0.8163333333333334,
    "test_edit_distance": 0.9056,
    "test_clean_accuracy": 0.4517333333333333,
    "test_robustness_drop": null,
    "test_restoration_gain": null,
    "test_position_1_acc": 0.884,
    "test_position_2_acc": 0.8196666666666667,
    "test_position_3_acc": 0.7954666666666667,
    "test_position_4_acc": 0.7887333333333333,
    "test_position_5_acc": 0.7938
}