{
    "epoch": 71,
    "train_loss": 0.013379703612382544,
    "pretrain_loss": null,
    "finetune_loss": 0.0026004890736107205,
    "pseudo_label_count": 20777,
    "pseudo_label_accept_rate": 0.9893809523809524,
    "mean_pseudo_confidence": 0.9992978915607309,
    "consistency_loss": 0.0,
    "encoder_stage": "semisupervised_with_pseudolabels",
    "stn_status": "trainable",
    "stn_regularization_loss": 2.390073424659952e-07,
    "val_loss": 0.285626268471598,
    "val_seq_acc": 0.9577333333333333,
    "val_char_acc": 0.9913466666666667,
    "val_edit_distance": 0.04326666666666667,
    "val_clean_accuracy": 0.9577333333333333,
    "val_robustness_drop": null,
    "val_restoration_gain": null,
    "val_position_1_acc": 0.9930666666666667,
    "val_position_2_acc": 0.9894666666666667,
    "val_position_3_acc": 0.991,
    "val_position_4_acc": 0.9908,
    "val_position_5_acc": 0.9924,
    "test_loss": 0.3196718950719979,
    "test_seq_acc": 0.9548666666666666,
    "test_char_acc": 0.9907866666666667,
    "test_edit_distance": 0.04586666666666667,
    "test_clean_accuracy": 0.9548666666666666,
    "test_robustness_drop": null,
    "test_restoration_gain": null,
    "test_position_1_acc": 0.9926,
    "test_position_2_acc": 0.9884666666666667,
    "test_position_3_acc": 0.9896,
    "test_position_4_acc": 0.9914,
    "test_position_5_acc": 0.9918666666666667
}