{
    "epoch": 73,
    "train_loss": 0.013275983931138418,
    "pretrain_loss": null,
    "finetune_loss": 0.003900617960537343,
    "pseudo_label_count": 20764,
    "pseudo_label_accept_rate": 0.9887619047619047,
    "mean_pseudo_confidence": 0.9993353731897244,
    "consistency_loss": 0.0,
    "encoder_stage": "semisupervised_with_pseudolabels",
    "stn_status": "trainable",
    "stn_regularization_loss": 3.5195469690541656e-07,
    "val_loss": 0.433827780937018,
    "val_seq_acc": 0.9457333333333333,
    "val_char_acc": 0.9888666666666667,
    "val_edit_distance": 0.05566666666666667,
    "val_clean_accuracy": 0.9457333333333333,
    "val_robustness_drop": null,
    "val_restoration_gain": null,
    "val_position_1_acc": 0.9915333333333334,
    "val_position_2_acc": 0.9877333333333334,
    "val_position_3_acc": 0.9888,
    "val_position_4_acc": 0.9879333333333333,
    "val_position_5_acc": 0.9883333333333333,
    "test_loss": 0.4602139222722976,
    "test_seq_acc": 0.9435333333333333,
    "test_char_acc": 0.9884133333333334,
    "test_edit_distance": 0.05773333333333333,
    "test_clean_accuracy": 0.9435333333333333,
    "test_robustness_drop": null,
    "test_restoration_gain": null,
    "test_position_1_acc": 0.9909333333333333,
    "test_position_2_acc": 0.9872,
    "test_position_3_acc": 0.9886,
    "test_position_4_acc": 0.9883333333333333,
    "test_position_5_acc": 0.987
}