{
    "epoch": 107,
    "train_loss": 0.00524471380811848,
    "pretrain_loss": null,
    "finetune_loss": 0.0008125360675807572,
    "pseudo_label_count": 20869,
    "pseudo_label_accept_rate": 0.9937619047619047,
    "mean_pseudo_confidence": 0.9996921776342851,
    "consistency_loss": 0.0,
    "encoder_stage": "semisupervised_with_pseudolabels",
    "stn_status": "trainable",
    "stn_regularization_loss": 1.619198862419995e-07,
    "val_loss": 0.2910261722755906,
    "val_seq_acc": 0.9614,
    "val_char_acc": 0.9921733333333334,
    "val_edit_distance": 0.03913333333333333,
    "val_clean_accuracy": 0.9614,
    "val_robustness_drop": null,
    "val_restoration_gain": null,
    "val_position_1_acc": 0.9924666666666667,
    "val_position_2_acc": 0.9905333333333334,
    "val_position_3_acc": 0.9920666666666667,
    "val_position_4_acc": 0.9922666666666666,
    "val_position_5_acc": 0.9935333333333334,
    "test_loss": 0.29413302989471163,
    "test_seq_acc": 0.9611333333333333,
    "test_char_acc": 0.99204,
    "test_edit_distance": 0.03966666666666667,
    "test_clean_accuracy": 0.9611333333333333,
    "test_robustness_drop": null,
    "test_restoration_gain": null,
    "test_position_1_acc": 0.9936,
    "test_position_2_acc": 0.9905333333333334,
    "test_position_3_acc": 0.9914666666666667,
    "test_position_4_acc": 0.9920666666666667,
    "test_position_5_acc": 0.9925333333333334
}