{
    "epoch": 153,
    "train_loss": 0.004757009075966509,
    "pretrain_loss": null,
    "finetune_loss": 0.0005910906118529661,
    "pseudo_label_count": 20922,
    "pseudo_label_accept_rate": 0.9962857142857143,
    "mean_pseudo_confidence": 0.9997426523850965,
    "consistency_loss": 0.0,
    "encoder_stage": "semisupervised_with_pseudolabels",
    "stn_status": "trainable",
    "stn_regularization_loss": 2.0086053943086243e-07,
    "val_loss": 0.29033810091136825,
    "val_seq_acc": 0.9626,
    "val_char_acc": 0.9924,
    "val_edit_distance": 0.038,
    "val_clean_accuracy": 0.9626,
    "val_robustness_drop": null,
    "val_restoration_gain": null,
    "val_position_1_acc": 0.9925333333333334,
    "val_position_2_acc": 0.991,
    "val_position_3_acc": 0.9919333333333333,
    "val_position_4_acc": 0.9927333333333334,
    "val_position_5_acc": 0.9938,
    "test_loss": 0.295394973169645,
    "test_seq_acc": 0.9615333333333334,
    "test_char_acc": 0.9921333333333333,
    "test_edit_distance": 0.0392,
    "test_clean_accuracy": 0.9615333333333334,
    "test_robustness_drop": null,
    "test_restoration_gain": null,
    "test_position_1_acc": 0.9939333333333333,
    "test_position_2_acc": 0.99,
    "test_position_3_acc": 0.9916666666666667,
    "test_position_4_acc": 0.9920666666666667,
    "test_position_5_acc": 0.993
}