{
    "epoch": 76,
    "train_loss": 0.014248449446693146,
    "pretrain_loss": null,
    "finetune_loss": 0.0033256738398988717,
    "pseudo_label_count": 20762,
    "pseudo_label_accept_rate": 0.9886666666666667,
    "mean_pseudo_confidence": 0.9993253345377424,
    "consistency_loss": 0.0,
    "encoder_stage": "semisupervised_with_pseudolabels",
    "stn_status": "trainable",
    "stn_regularization_loss": 4.614619540568658e-07,
    "val_loss": 0.3483432990678108,
    "val_seq_acc": 0.9532,
    "val_char_acc": 0.99036,
    "val_edit_distance": 0.0482,
    "val_clean_accuracy": 0.9532,
    "val_robustness_drop": null,
    "val_restoration_gain": null,
    "val_position_1_acc": 0.9909333333333333,
    "val_position_2_acc": 0.9893333333333333,
    "val_position_3_acc": 0.9902666666666666,
    "val_position_4_acc": 0.9895333333333334,
    "val_position_5_acc": 0.9917333333333334,
    "test_loss": 0.3865996786525431,
    "test_seq_acc": 0.9504,
    "test_char_acc": 0.9897733333333333,
    "test_edit_distance": 0.05093333333333333,
    "test_clean_accuracy": 0.9504,
    "test_robustness_drop": null,
    "test_restoration_gain": null,
    "test_position_1_acc": 0.9912666666666666,
    "test_position_2_acc": 0.9887333333333334,
    "test_position_3_acc": 0.9886666666666667,
    "test_position_4_acc": 0.9888666666666667,
    "test_position_5_acc": 0.9913333333333333
}