{
    "epoch": 86,
    "train_loss": 0.011212559735301159,
    "pretrain_loss": null,
    "finetune_loss": 0.002840854608894243,
    "pseudo_label_count": 20831,
    "pseudo_label_accept_rate": 0.9919523809523809,
    "mean_pseudo_confidence": 0.9994606182238847,
    "consistency_loss": 0.0,
    "encoder_stage": "semisupervised_with_pseudolabels",
    "stn_status": "trainable",
    "stn_regularization_loss": 6.313610523148168e-08,
    "val_loss": 0.28882594464597244,
    "val_seq_acc": 0.9605333333333334,
    "val_char_acc": 0.992,
    "val_edit_distance": 0.04,
    "val_clean_accuracy": 0.9605333333333334,
    "val_robustness_drop": null,
    "val_restoration_gain": null,
    "val_position_1_acc": 0.9926,
    "val_position_2_acc": 0.9908,
    "val_position_3_acc": 0.9915333333333334,
    "val_position_4_acc": 0.9917333333333334,
    "val_position_5_acc": 0.9933333333333333,
    "test_loss": 0.31022683637205617,
    "test_seq_acc": 0.9581333333333333,
    "test_char_acc": 0.9914133333333334,
    "test_edit_distance": 0.0428,
    "test_clean_accuracy": 0.9581333333333333,
    "test_robustness_drop": null,
    "test_restoration_gain": null,
    "test_position_1_acc": 0.9933333333333333,
    "test_position_2_acc": 0.9892666666666666,
    "test_position_3_acc": 0.9902666666666666,
    "test_position_4_acc": 0.9912,
    "test_position_5_acc": 0.993
}