{
    "epoch": 103,
    "train_loss": 0.007748855909834546,
    "pretrain_loss": null,
    "finetune_loss": 0.0019940234632208117,
    "pseudo_label_count": 20889,
    "pseudo_label_accept_rate": 0.9947142857142857,
    "mean_pseudo_confidence": 0.9996534268141215,
    "consistency_loss": 0.0,
    "encoder_stage": "semisupervised_with_pseudolabels",
    "stn_status": "trainable",
    "stn_regularization_loss": 1.5484559380374383e-07,
    "val_loss": 0.2934679045811905,
    "val_seq_acc": 0.9615333333333334,
    "val_char_acc": 0.9922266666666667,
    "val_edit_distance": 0.03886666666666667,
    "val_clean_accuracy": 0.9615333333333334,
    "val_robustness_drop": null,
    "val_restoration_gain": null,
    "val_position_1_acc": 0.9925333333333334,
    "val_position_2_acc": 0.9904,
    "val_position_3_acc": 0.9924,
    "val_position_4_acc": 0.9921333333333333,
    "val_position_5_acc": 0.9936666666666667,
    "test_loss": 0.2947177563285956,
    "test_seq_acc": 0.9611333333333333,
    "test_char_acc": 0.9920133333333333,
    "test_edit_distance": 0.0398,
    "test_clean_accuracy": 0.9611333333333333,
    "test_robustness_drop": null,
    "test_restoration_gain": null,
    "test_position_1_acc": 0.9940666666666667,
    "test_position_2_acc": 0.9901333333333333,
    "test_position_3_acc": 0.9913333333333333,
    "test_position_4_acc": 0.9917333333333334,
    "test_position_5_acc": 0.9928
}