{
    "epoch": 122,
    "train_loss": 0.004938235528239205,
    "pretrain_loss": null,
    "finetune_loss": 0.0004783168507462123,
    "pseudo_label_count": 20884,
    "pseudo_label_accept_rate": 0.9944761904761905,
    "mean_pseudo_confidence": 0.99970862327054,
    "consistency_loss": 0.0,
    "encoder_stage": "semisupervised_with_pseudolabels",
    "stn_status": "trainable",
    "stn_regularization_loss": 2.238237310707563e-07,
    "val_loss": 0.2934477762255986,
    "val_seq_acc": 0.9617333333333333,
    "val_char_acc": 0.9922666666666666,
    "val_edit_distance": 0.03866666666666667,
    "val_clean_accuracy": 0.9617333333333333,
    "val_robustness_drop": null,
    "val_restoration_gain": null,
    "val_position_1_acc": 0.9928666666666667,
    "val_position_2_acc": 0.991,
    "val_position_3_acc": 0.9919333333333333,
    "val_position_4_acc": 0.9918666666666667,
    "val_position_5_acc": 0.9936666666666667,
    "test_loss": 0.28992061876343406,
    "test_seq_acc": 0.9607333333333333,
    "test_char_acc": 0.99196,
    "test_edit_distance": 0.04,
    "test_clean_accuracy": 0.9607333333333333,
    "test_robustness_drop": null,
    "test_restoration_gain": null,
    "test_position_1_acc": 0.9936,
    "test_position_2_acc": 0.9898666666666667,
    "test_position_3_acc": 0.9911333333333333,
    "test_position_4_acc": 0.9922,
    "test_position_5_acc": 0.993
}