{
    "epoch": 88,
    "train_loss": 0.014362055685192608,
    "pretrain_loss": null,
    "finetune_loss": 0.0038618299484312352,
    "pseudo_label_count": 20767,
    "pseudo_label_accept_rate": 0.988904761904762,
    "mean_pseudo_confidence": 0.9993907717039217,
    "consistency_loss": 0.0,
    "encoder_stage": "semisupervised_with_pseudolabels",
    "stn_status": "trainable",
    "stn_regularization_loss": 1.6167516911916435e-07,
    "val_loss": 0.34873886754909067,
    "val_seq_acc": 0.9542,
    "val_char_acc": 0.99056,
    "val_edit_distance": 0.0472,
    "val_clean_accuracy": 0.9542,
    "val_robustness_drop": null,
    "val_restoration_gain": null,
    "val_position_1_acc": 0.9919333333333333,
    "val_position_2_acc": 0.9882,
    "val_position_3_acc": 0.9900666666666667,
    "val_position_4_acc": 0.9901333333333333,
    "val_position_5_acc": 0.9924666666666667,
    "test_loss": 0.3598576794467629,
    "test_seq_acc": 0.952,
    "test_char_acc": 0.9901866666666667,
    "test_edit_distance": 0.048933333333333336,
    "test_clean_accuracy": 0.952,
    "test_robustness_drop": null,
    "test_restoration_gain": null,
    "test_position_1_acc": 0.9920666666666667,
    "test_position_2_acc": 0.9872666666666666,
    "test_position_3_acc": 0.9902666666666666,
    "test_position_4_acc": 0.9898,
    "test_position_5_acc": 0.9915333333333334
}