{
    "epoch": 108,
    "train_loss": 0.004611443635314045,
    "pretrain_loss": null,
    "finetune_loss": 0.000863615670614522,
    "pseudo_label_count": 20902,
    "pseudo_label_accept_rate": 0.9953333333333333,
    "mean_pseudo_confidence": 0.9996398151371424,
    "consistency_loss": 0.0,
    "encoder_stage": "semisupervised_with_pseudolabels",
    "stn_status": "trainable",
    "stn_regularization_loss": 1.753592851114488e-07,
    "val_loss": 0.2918027322291659,
    "val_seq_acc": 0.962,
    "val_char_acc": 0.9922933333333334,
    "val_edit_distance": 0.038533333333333336,
    "val_clean_accuracy": 0.962,
    "val_robustness_drop": null,
    "val_restoration_gain": null,
    "val_position_1_acc": 0.9927333333333334,
    "val_position_2_acc": 0.9906666666666667,
    "val_position_3_acc": 0.9922666666666666,
    "val_position_4_acc": 0.9922666666666666,
    "val_position_5_acc": 0.9935333333333334,
    "test_loss": 0.29153349231305486,
    "test_seq_acc": 0.9616,
    "test_char_acc": 0.9921333333333333,
    "test_edit_distance": 0.0392,
    "test_clean_accuracy": 0.9616,
    "test_robustness_drop": null,
    "test_restoration_gain": null,
    "test_position_1_acc": 0.9941333333333333,
    "test_position_2_acc": 0.9903333333333333,
    "test_position_3_acc": 0.9912666666666666,
    "test_position_4_acc": 0.9921333333333333,
    "test_position_5_acc": 0.9928
}