{
    "epoch": 62,
    "train_loss": 0.01888900035028784,
    "pretrain_loss": null,
    "finetune_loss": 0.005011116872152086,
    "pseudo_label_count": 20674,
    "pseudo_label_accept_rate": 0.9844761904761905,
    "mean_pseudo_confidence": 0.9991121105060502,
    "consistency_loss": 0.0,
    "encoder_stage": "semisupervised_with_pseudolabels",
    "stn_status": "trainable",
    "stn_regularization_loss": 2.1370350009745252e-07,
    "val_loss": 0.30581292819545697,
    "val_seq_acc": 0.9536666666666667,
    "val_char_acc": 0.9905066666666666,
    "val_edit_distance": 0.047466666666666664,
    "val_clean_accuracy": 0.9536666666666667,
    "val_robustness_drop": null,
    "val_restoration_gain": null,
    "val_position_1_acc": 0.9927333333333334,
    "val_position_2_acc": 0.9890666666666666,
    "val_position_3_acc": 0.9887333333333334,
    "val_position_4_acc": 0.9896666666666667,
    "val_position_5_acc": 0.9923333333333333,
    "test_loss": 0.31879829878899013,
    "test_seq_acc": 0.9528,
    "test_char_acc": 0.99032,
    "test_edit_distance": 0.048266666666666666,
    "test_clean_accuracy": 0.9528,
    "test_robustness_drop": null,
    "test_restoration_gain": null,
    "test_position_1_acc": 0.9923333333333333,
    "test_position_2_acc": 0.9889333333333333,
    "test_position_3_acc": 0.9886666666666667,
    "test_position_4_acc": 0.99,
    "test_position_5_acc": 0.9916666666666667
}