{
    "epoch": 19,
    "train_loss": 0.10220449931394338,
    "pretrain_loss": null,
    "finetune_loss": 0.10220449931394338,
    "pseudo_label_count": 0,
    "pseudo_label_accept_rate": 0.0,
    "mean_pseudo_confidence": 0.0,
    "consistency_loss": 0.0,
    "encoder_stage": "semisupervised_warmup",
    "stn_status": "trainable",
    "stn_regularization_loss": 3.471190389839695e-08,
    "val_loss": 0.20992130377587487,
    "val_seq_acc": 0.9447333333333333,
    "val_char_acc": 0.9886,
    "val_edit_distance": 0.056933333333333336,
    "val_clean_accuracy": 0.9447333333333333,
    "val_robustness_drop": null,
    "val_restoration_gain": null,
    "val_position_1_acc": 0.9897333333333334,
    "val_position_2_acc": 0.9875333333333334,
    "val_position_3_acc": 0.9885333333333334,
    "val_position_4_acc": 0.9868666666666667,
    "val_position_5_acc": 0.9903333333333333,
    "test_loss": 0.20564158411419137,
    "test_seq_acc": 0.945,
    "test_char_acc": 0.9885733333333333,
    "test_edit_distance": 0.057,
    "test_clean_accuracy": 0.945,
    "test_robustness_drop": null,
    "test_restoration_gain": null,
    "test_position_1_acc": 0.9912,
    "test_position_2_acc": 0.9862666666666666,
    "test_position_3_acc": 0.9878,
    "test_position_4_acc": 0.9885333333333334,
    "test_position_5_acc": 0.9890666666666666
}