{
    "epoch": 35,
    "train_loss": 0.1976447563991861,
    "pretrain_loss": null,
    "finetune_loss": 0.12920767431057426,
    "pseudo_label_count": 19498,
    "pseudo_label_accept_rate": 0.9284761904761905,
    "mean_pseudo_confidence": 0.9960412353549276,
    "consistency_loss": 0.0,
    "encoder_stage": "semisupervised_with_pseudolabels",
    "stn_status": "trainable",
    "stn_regularization_loss": 2.878036837792554e-07,
    "val_loss": 4.516572722982853,
    "val_seq_acc": 0.6579333333333334,
    "val_char_acc": 0.9187866666666666,
    "val_edit_distance": 0.4060666666666667,
    "val_clean_accuracy": 0.6579333333333334,
    "val_robustness_drop": null,
    "val_restoration_gain": null,
    "val_position_1_acc": 0.9228666666666666,
    "val_position_2_acc": 0.9034666666666666,
    "val_position_3_acc": 0.9118666666666667,
    "val_position_4_acc": 0.9081333333333333,
    "val_position_5_acc": 0.9476,
    "test_loss": 4.5474471807479855,
    "test_seq_acc": 0.6544666666666666,
    "test_char_acc": 0.9178666666666667,
    "test_edit_distance": 0.4104,
    "test_clean_accuracy": 0.6544666666666666,
    "test_robustness_drop": null,
    "test_restoration_gain": null,
    "test_position_1_acc": 0.9223333333333333,
    "test_position_2_acc": 0.9050666666666667,
    "test_position_3_acc": 0.9066666666666666,
    "test_position_4_acc": 0.9093333333333333,
    "test_position_5_acc": 0.9459333333333333
}