{
    "epoch": 72,
    "train_loss": 0.01467577130690438,
    "pretrain_loss": null,
    "finetune_loss": 0.0034689058036547686,
    "pseudo_label_count": 20779,
    "pseudo_label_accept_rate": 0.9894761904761905,
    "mean_pseudo_confidence": 0.9993393279468997,
    "consistency_loss": 0.0,
    "encoder_stage": "semisupervised_with_pseudolabels",
    "stn_status": "trainable",
    "stn_regularization_loss": 2.4810640347761037e-07,
    "val_loss": 0.3122365311859423,
    "val_seq_acc": 0.9561333333333333,
    "val_char_acc": 0.9910666666666667,
    "val_edit_distance": 0.04466666666666667,
    "val_clean_accuracy": 0.9561333333333333,
    "val_robustness_drop": null,
    "val_restoration_gain": null,
    "val_position_1_acc": 0.9922666666666666,
    "val_position_2_acc": 0.9896,
    "val_position_3_acc": 0.9899333333333333,
    "val_position_4_acc": 0.9907333333333334,
    "val_position_5_acc": 0.9928,
    "test_loss": 0.31236546135232274,
    "test_seq_acc": 0.9562,
    "test_char_acc": 0.9910133333333333,
    "test_edit_distance": 0.04473333333333333,
    "test_clean_accuracy": 0.9562,
    "test_robustness_drop": null,
    "test_restoration_gain": null,
    "test_position_1_acc": 0.993,
    "test_position_2_acc": 0.9886,
    "test_position_3_acc": 0.9899333333333333,
    "test_position_4_acc": 0.9917333333333334,
    "test_position_5_acc": 0.9918
}