{
    "epoch": 59,
    "train_loss": 0.017892499182497294,
    "pretrain_loss": null,
    "finetune_loss": 0.005663354331516544,
    "pseudo_label_count": 20629,
    "pseudo_label_accept_rate": 0.9823333333333333,
    "mean_pseudo_confidence": 0.9990629957294238,
    "consistency_loss": 0.0,
    "encoder_stage": "semisupervised_with_pseudolabels",
    "stn_status": "trainable",
    "stn_regularization_loss": 1.7595636080973142e-07,
    "val_loss": 0.2402177505536956,
    "val_seq_acc": 0.9581333333333333,
    "val_char_acc": 0.9914,
    "val_edit_distance": 0.043,
    "val_clean_accuracy": 0.9581333333333333,
    "val_robustness_drop": null,
    "val_restoration_gain": null,
    "val_position_1_acc": 0.9919333333333333,
    "val_position_2_acc": 0.9899333333333333,
    "val_position_3_acc": 0.9910666666666667,
    "val_position_4_acc": 0.9907333333333334,
    "val_position_5_acc": 0.9933333333333333,
    "test_loss": 0.26332408814354147,
    "test_seq_acc": 0.9572,
    "test_char_acc": 0.9912133333333333,
    "test_edit_distance": 0.0438,
    "test_clean_accuracy": 0.9572,
    "test_robustness_drop": null,
    "test_restoration_gain": null,
    "test_position_1_acc": 0.9938666666666667,
    "test_position_2_acc": 0.989,
    "test_position_3_acc": 0.9896,
    "test_position_4_acc": 0.9907333333333334,
    "test_position_5_acc": 0.9928666666666667
}