{
    "epoch": 21,
    "train_loss": 0.46228682658394327,
    "pretrain_loss": null,
    "finetune_loss": 0.11051009115142937,
    "pseudo_label_count": 16227,
    "pseudo_label_accept_rate": 0.7727142857142857,
    "mean_pseudo_confidence": 0.9937122980518497,
    "consistency_loss": 0.0,
    "encoder_stage": "semisupervised_with_pseudolabels",
    "stn_status": "trainable",
    "stn_regularization_loss": 4.015927877390098e-05,
    "val_loss": 268.3746034013464,
    "val_seq_acc": 0.0,
    "val_char_acc": 0.027106666666666668,
    "val_edit_distance": 4.854266666666667,
    "val_clean_accuracy": 0.0,
    "val_robustness_drop": null,
    "val_restoration_gain": null,
    "val_position_1_acc": 0.0272,
    "val_position_2_acc": 0.0258,
    "val_position_3_acc": 0.030066666666666665,
    "val_position_4_acc": 0.0252,
    "val_position_5_acc": 0.027266666666666668,
    "test_loss": 269.2795065372548,
    "test_seq_acc": 0.0,
    "test_char_acc": 0.027226666666666666,
    "test_edit_distance": 4.855266666666667,
    "test_clean_accuracy": 0.0,
    "test_robustness_drop": null,
    "test_restoration_gain": null,
    "test_position_1_acc": 0.02493333333333333,
    "test_position_2_acc": 0.026733333333333335,
    "test_position_3_acc": 0.0266,
    "test_position_4_acc": 0.027,
    "test_position_5_acc": 0.030866666666666667
}