{
    "epoch": 102,
    "train_loss": 0.007558299628807309,
    "pretrain_loss": null,
    "finetune_loss": 0.002203211653284232,
    "pseudo_label_count": 20896,
    "pseudo_label_accept_rate": 0.9950476190476191,
    "mean_pseudo_confidence": 0.9996377533190466,
    "consistency_loss": 0.0,
    "encoder_stage": "semisupervised_with_pseudolabels",
    "stn_status": "trainable",
    "stn_regularization_loss": 1.5291148017998887e-07,
    "val_loss": 0.30247817082501494,
    "val_seq_acc": 0.9609333333333333,
    "val_char_acc": 0.99208,
    "val_edit_distance": 0.0396,
    "val_clean_accuracy": 0.9609333333333333,
    "val_robustness_drop": null,
    "val_restoration_gain": null,
    "val_position_1_acc": 0.9928666666666667,
    "val_position_2_acc": 0.9898,
    "val_position_3_acc": 0.9922666666666666,
    "val_position_4_acc": 0.9919333333333333,
    "val_position_5_acc": 0.9935333333333334,
    "test_loss": 0.30348512014541174,
    "test_seq_acc": 0.9608,
    "test_char_acc": 0.9919866666666667,
    "test_edit_distance": 0.039933333333333335,
    "test_clean_accuracy": 0.9608,
    "test_robustness_drop": null,
    "test_restoration_gain": null,
    "test_position_1_acc": 0.9940666666666667,
    "test_position_2_acc": 0.9904666666666667,
    "test_position_3_acc": 0.9912666666666666,
    "test_position_4_acc": 0.9916,
    "test_position_5_acc": 0.9925333333333334
}