{
    "epoch": 68,
    "train_loss": 0.01388884685702782,
    "pretrain_loss": null,
    "finetune_loss": 0.0038030735875974413,
    "pseudo_label_count": 20748,
    "pseudo_label_accept_rate": 0.988,
    "mean_pseudo_confidence": 0.9992866929795027,
    "consistency_loss": 0.0,
    "encoder_stage": "semisupervised_with_pseudolabels",
    "stn_status": "trainable",
    "stn_regularization_loss": 1.5753358164675016e-07,
    "val_loss": 0.26166769813020474,
    "val_seq_acc": 0.9600666666666666,
    "val_char_acc": 0.9918533333333334,
    "val_edit_distance": 0.04073333333333334,
    "val_clean_accuracy": 0.9600666666666666,
    "val_robustness_drop": null,
    "val_restoration_gain": null,
    "val_position_1_acc": 0.993,
    "val_position_2_acc": 0.9913333333333333,
    "val_position_3_acc": 0.9906,
    "val_position_4_acc": 0.9916666666666667,
    "val_position_5_acc": 0.9926666666666667,
    "test_loss": 0.2867642412978928,
    "test_seq_acc": 0.9587333333333333,
    "test_char_acc": 0.99156,
    "test_edit_distance": 0.04206666666666667,
    "test_clean_accuracy": 0.9587333333333333,
    "test_robustness_drop": null,
    "test_restoration_gain": null,
    "test_position_1_acc": 0.9922666666666666,
    "test_position_2_acc": 0.9905333333333334,
    "test_position_3_acc": 0.9903333333333333,
    "test_position_4_acc": 0.9919333333333333,
    "test_position_5_acc": 0.9927333333333334
}