{
    "epoch": 15,
    "train_loss": 0.16168667793312833,
    "pretrain_loss": null,
    "finetune_loss": 0.16168667793312833,
    "pseudo_label_count": 0,
    "pseudo_label_accept_rate": 0.0,
    "mean_pseudo_confidence": 0.0,
    "consistency_loss": 0.0,
    "encoder_stage": "semisupervised_warmup",
    "stn_status": "frozen",
    "stn_regularization_loss": 0.0,
    "val_loss": 0.42030595536244675,
    "val_seq_acc": 0.9089333333333334,
    "val_char_acc": 0.97964,
    "val_edit_distance": 0.10113333333333334,
    "val_clean_accuracy": 0.9089333333333334,
    "val_robustness_drop": null,
    "val_restoration_gain": null,
    "val_position_1_acc": 0.978,
    "val_position_2_acc": 0.9755333333333334,
    "val_position_3_acc": 0.9794666666666667,
    "val_position_4_acc": 0.9784,
    "val_position_5_acc": 0.9868,
    "test_loss": 0.4323411875107187,
    "test_seq_acc": 0.9082,
    "test_char_acc": 0.97964,
    "test_edit_distance": 0.10126666666666667,
    "test_clean_accuracy": 0.9082,
    "test_robustness_drop": null,
    "test_restoration_gain": null,
    "test_position_1_acc": 0.9804666666666667,
    "test_position_2_acc": 0.9729333333333333,
    "test_position_3_acc": 0.9790666666666666,
    "test_position_4_acc": 0.9805333333333334,
    "test_position_5_acc": 0.9852
}