{
    "epoch": 190,
    "train_loss": 0.003232572438046372,
    "pretrain_loss": null,
    "finetune_loss": 0.0002725879887730496,
    "pseudo_label_count": 20933,
    "pseudo_label_accept_rate": 0.9968095238095238,
    "mean_pseudo_confidence": 0.9997458585738134,
    "consistency_loss": 0.0,
    "encoder_stage": "semisupervised_with_pseudolabels",
    "stn_status": "trainable",
    "stn_regularization_loss": 1.9818571742112597e-07,
    "val_loss": 0.290942151858589,
    "val_seq_acc": 0.9626666666666667,
    "val_char_acc": 0.9923866666666666,
    "val_edit_distance": 0.038066666666666665,
    "val_clean_accuracy": 0.9626666666666667,
    "val_robustness_drop": null,
    "val_restoration_gain": null,
    "val_position_1_acc": 0.993,
    "val_position_2_acc": 0.9909333333333333,
    "val_position_3_acc": 0.9920666666666667,
    "val_position_4_acc": 0.9926,
    "val_position_5_acc": 0.9933333333333333,
    "test_loss": 0.30050145195806915,
    "test_seq_acc": 0.9608,
    "test_char_acc": 0.9919733333333334,
    "test_edit_distance": 0.04,
    "test_clean_accuracy": 0.9608,
    "test_robustness_drop": null,
    "test_restoration_gain": null,
    "test_position_1_acc": 0.9934666666666667,
    "test_position_2_acc": 0.9905333333333334,
    "test_position_3_acc": 0.9912,
    "test_position_4_acc": 0.9918666666666667,
    "test_position_5_acc": 0.9928
}