{
    "epoch": 144,
    "train_loss": 0.0037315279486958247,
    "pretrain_loss": null,
    "finetune_loss": 0.00035557862209520445,
    "pseudo_label_count": 20908,
    "pseudo_label_accept_rate": 0.9956190476190476,
    "mean_pseudo_confidence": 0.9997847029144276,
    "consistency_loss": 0.0,
    "encoder_stage": "semisupervised_with_pseudolabels",
    "stn_status": "trainable",
    "stn_regularization_loss": 2.181567070387453e-07,
    "val_loss": 0.2919307108053583,
    "val_seq_acc": 0.9620666666666666,
    "val_char_acc": 0.9922666666666666,
    "val_edit_distance": 0.03866666666666667,
    "val_clean_accuracy": 0.9620666666666666,
    "val_robustness_drop": null,
    "val_restoration_gain": null,
    "val_position_1_acc": 0.9931333333333333,
    "val_position_2_acc": 0.9904666666666667,
    "val_position_3_acc": 0.9918,
    "val_position_4_acc": 0.9922666666666666,
    "val_position_5_acc": 0.9936666666666667,
    "test_loss": 0.3005495599889826,
    "test_seq_acc": 0.9610666666666666,
    "test_char_acc": 0.99196,
    "test_edit_distance": 0.04,
    "test_clean_accuracy": 0.9610666666666666,
    "test_robustness_drop": null,
    "test_restoration_gain": null,
    "test_position_1_acc": 0.9935333333333334,
    "test_position_2_acc": 0.9906666666666667,
    "test_position_3_acc": 0.9913333333333333,
    "test_position_4_acc": 0.9911333333333333,
    "test_position_5_acc": 0.9931333333333333
}