{
    "epoch": 131,
    "train_loss": 0.003528860155735205,
    "pretrain_loss": null,
    "finetune_loss": 0.00033576899705306225,
    "pseudo_label_count": 20899,
    "pseudo_label_accept_rate": 0.9951904761904762,
    "mean_pseudo_confidence": 0.9997250886503958,
    "consistency_loss": 0.0,
    "encoder_stage": "semisupervised_with_pseudolabels",
    "stn_status": "trainable",
    "stn_regularization_loss": 2.1002105947456805e-07,
    "val_loss": 0.28310217898273393,
    "val_seq_acc": 0.9628666666666666,
    "val_char_acc": 0.9924666666666667,
    "val_edit_distance": 0.03766666666666667,
    "val_clean_accuracy": 0.9628666666666666,
    "val_robustness_drop": null,
    "val_restoration_gain": null,
    "val_position_1_acc": 0.9928,
    "val_position_2_acc": 0.9908666666666667,
    "val_position_3_acc": 0.9926666666666667,
    "val_position_4_acc": 0.9922666666666666,
    "val_position_5_acc": 0.9937333333333334,
    "test_loss": 0.28862517103776514,
    "test_seq_acc": 0.9615333333333334,
    "test_char_acc": 0.9921066666666667,
    "test_edit_distance": 0.03933333333333333,
    "test_clean_accuracy": 0.9615333333333334,
    "test_robustness_drop": null,
    "test_restoration_gain": null,
    "test_position_1_acc": 0.9936666666666667,
    "test_position_2_acc": 0.9902666666666666,
    "test_position_3_acc": 0.9916666666666667,
    "test_position_4_acc": 0.9917333333333334,
    "test_position_5_acc": 0.9932
}