{
    "epoch": 90,
    "train_loss": 0.0112639952441437,
    "pretrain_loss": null,
    "finetune_loss": 0.002471480160319309,
    "pseudo_label_count": 20809,
    "pseudo_label_accept_rate": 0.990904761904762,
    "mean_pseudo_confidence": 0.9994548256081365,
    "consistency_loss": 0.0,
    "encoder_stage": "semisupervised_with_pseudolabels",
    "stn_status": "trainable",
    "stn_regularization_loss": 1.287210900540958e-07,
    "val_loss": 0.3892147223072088,
    "val_seq_acc": 0.9521333333333334,
    "val_char_acc": 0.9902,
    "val_edit_distance": 0.049,
    "val_clean_accuracy": 0.9521333333333334,
    "val_robustness_drop": null,
    "val_restoration_gain": null,
    "val_position_1_acc": 0.9922,
    "val_position_2_acc": 0.9890666666666666,
    "val_position_3_acc": 0.9887333333333334,
    "val_position_4_acc": 0.9902,
    "val_position_5_acc": 0.9908,
    "test_loss": 0.4250360409117383,
    "test_seq_acc": 0.9488666666666666,
    "test_char_acc": 0.98948,
    "test_edit_distance": 0.05246666666666667,
    "test_clean_accuracy": 0.9488666666666666,
    "test_robustness_drop": null,
    "test_restoration_gain": null,
    "test_position_1_acc": 0.9923333333333333,
    "test_position_2_acc": 0.9874666666666667,
    "test_position_3_acc": 0.9888666666666667,
    "test_position_4_acc": 0.9898,
    "test_position_5_acc": 0.9889333333333333
}