{
    "epoch": 176,
    "train_loss": 0.0033561154327947807,
    "pretrain_loss": null,
    "finetune_loss": 0.00025348275396772665,
    "pseudo_label_count": 20929,
    "pseudo_label_accept_rate": 0.9966190476190476,
    "mean_pseudo_confidence": 0.9997435225321302,
    "consistency_loss": 0.0,
    "encoder_stage": "semisupervised_with_pseudolabels",
    "stn_status": "trainable",
    "stn_regularization_loss": 2.015635660245767e-07,
    "val_loss": 0.29119310319362374,
    "val_seq_acc": 0.9628666666666666,
    "val_char_acc": 0.9925066666666666,
    "val_edit_distance": 0.03746666666666667,
    "val_clean_accuracy": 0.9628666666666666,
    "val_robustness_drop": null,
    "val_restoration_gain": null,
    "val_position_1_acc": 0.9928666666666667,
    "val_position_2_acc": 0.991,
    "val_position_3_acc": 0.9918666666666667,
    "val_position_4_acc": 0.9927333333333334,
    "val_position_5_acc": 0.9940666666666667,
    "test_loss": 0.29657718902619035,
    "test_seq_acc": 0.9615333333333334,
    "test_char_acc": 0.99212,
    "test_edit_distance": 0.039266666666666665,
    "test_clean_accuracy": 0.9615333333333334,
    "test_robustness_drop": null,
    "test_restoration_gain": null,
    "test_position_1_acc": 0.9934666666666667,
    "test_position_2_acc": 0.9905333333333334,
    "test_position_3_acc": 0.9912,
    "test_position_4_acc": 0.9921333333333333,
    "test_position_5_acc": 0.9932666666666666
}