{
    "epoch": 139,
    "train_loss": 0.004513814113699709,
    "pretrain_loss": null,
    "finetune_loss": 0.00037438707642160933,
    "pseudo_label_count": 20916,
    "pseudo_label_accept_rate": 0.996,
    "mean_pseudo_confidence": 0.9997312741289633,
    "consistency_loss": 0.0,
    "encoder_stage": "semisupervised_with_pseudolabels",
    "stn_status": "trainable",
    "stn_regularization_loss": 2.121707647201915e-07,
    "val_loss": 0.2851368090025604,
    "val_seq_acc": 0.9621333333333333,
    "val_char_acc": 0.9922666666666666,
    "val_edit_distance": 0.03866666666666667,
    "val_clean_accuracy": 0.9621333333333333,
    "val_robustness_drop": null,
    "val_restoration_gain": null,
    "val_position_1_acc": 0.9924,
    "val_position_2_acc": 0.991,
    "val_position_3_acc": 0.9919333333333333,
    "val_position_4_acc": 0.9924666666666667,
    "val_position_5_acc": 0.9935333333333334,
    "test_loss": 0.29097749657194844,
    "test_seq_acc": 0.9611333333333333,
    "test_char_acc": 0.99204,
    "test_edit_distance": 0.03966666666666667,
    "test_clean_accuracy": 0.9611333333333333,
    "test_robustness_drop": null,
    "test_restoration_gain": null,
    "test_position_1_acc": 0.9930666666666667,
    "test_position_2_acc": 0.9902666666666666,
    "test_position_3_acc": 0.9916,
    "test_position_4_acc": 0.9920666666666667,
    "test_position_5_acc": 0.9932
}