{
    "epoch": 114,
    "train_loss": 0.005933151317581703,
    "pretrain_loss": null,
    "finetune_loss": 0.0007574683577212865,
    "pseudo_label_count": 20883,
    "pseudo_label_accept_rate": 0.9944285714285714,
    "mean_pseudo_confidence": 0.9996882303346878,
    "consistency_loss": 0.0,
    "encoder_stage": "semisupervised_with_pseudolabels",
    "stn_status": "trainable",
    "stn_regularization_loss": 1.9009621020922156e-07,
    "val_loss": 0.28666815008402136,
    "val_seq_acc": 0.9624666666666667,
    "val_char_acc": 0.9924,
    "val_edit_distance": 0.038,
    "val_clean_accuracy": 0.9624666666666667,
    "val_robustness_drop": null,
    "val_restoration_gain": null,
    "val_position_1_acc": 0.9924,
    "val_position_2_acc": 0.9909333333333333,
    "val_position_3_acc": 0.9924666666666667,
    "val_position_4_acc": 0.9925333333333334,
    "val_position_5_acc": 0.9936666666666667,
    "test_loss": 0.28949769072817017,
    "test_seq_acc": 0.962,
    "test_char_acc": 0.9922,
    "test_edit_distance": 0.0388,
    "test_clean_accuracy": 0.962,
    "test_robustness_drop": null,
    "test_restoration_gain": null,
    "test_position_1_acc": 0.9942666666666666,
    "test_position_2_acc": 0.9901333333333333,
    "test_position_3_acc": 0.9916666666666667,
    "test_position_4_acc": 0.992,
    "test_position_5_acc": 0.9929333333333333
}