{
    "epoch": 116,
    "train_loss": 0.0058209969418356895,
    "pretrain_loss": null,
    "finetune_loss": 0.0005263261695665763,
    "pseudo_label_count": 20902,
    "pseudo_label_accept_rate": 0.9953333333333333,
    "mean_pseudo_confidence": 0.999689168969292,
    "consistency_loss": 0.0,
    "encoder_stage": "semisupervised_with_pseudolabels",
    "stn_status": "trainable",
    "stn_regularization_loss": 2.0115178480622778e-07,
    "val_loss": 0.28538598808251875,
    "val_seq_acc": 0.9612,
    "val_char_acc": 0.9921066666666667,
    "val_edit_distance": 0.039466666666666664,
    "val_clean_accuracy": 0.9612,
    "val_robustness_drop": null,
    "val_restoration_gain": null,
    "val_position_1_acc": 0.9924666666666667,
    "val_position_2_acc": 0.9908,
    "val_position_3_acc": 0.9917333333333334,
    "val_position_4_acc": 0.9922666666666666,
    "val_position_5_acc": 0.9932666666666666,
    "test_loss": 0.2924315071282066,
    "test_seq_acc": 0.9604,
    "test_char_acc": 0.9918666666666667,
    "test_edit_distance": 0.04053333333333333,
    "test_clean_accuracy": 0.9604,
    "test_robustness_drop": null,
    "test_restoration_gain": null,
    "test_position_1_acc": 0.994,
    "test_position_2_acc": 0.9898,
    "test_position_3_acc": 0.9914666666666667,
    "test_position_4_acc": 0.9915333333333334,
    "test_position_5_acc": 0.9925333333333334
}