{
    "epoch": 64,
    "train_loss": 0.015498740010384182,
    "pretrain_loss": null,
    "finetune_loss": 0.0039773225255531515,
    "pseudo_label_count": 20706,
    "pseudo_label_accept_rate": 0.986,
    "mean_pseudo_confidence": 0.9991605896472148,
    "consistency_loss": 0.0,
    "encoder_stage": "semisupervised_with_pseudolabels",
    "stn_status": "trainable",
    "stn_regularization_loss": 2.3816377464827861e-07,
    "val_loss": 0.2717175049467651,
    "val_seq_acc": 0.958,
    "val_char_acc": 0.9913733333333333,
    "val_edit_distance": 0.043133333333333336,
    "val_clean_accuracy": 0.958,
    "val_robustness_drop": null,
    "val_restoration_gain": null,
    "val_position_1_acc": 0.9913333333333333,
    "val_position_2_acc": 0.9898,
    "val_position_3_acc": 0.9915333333333334,
    "val_position_4_acc": 0.9914,
    "val_position_5_acc": 0.9928,
    "test_loss": 0.2724219215373291,
    "test_seq_acc": 0.9574666666666667,
    "test_char_acc": 0.99136,
    "test_edit_distance": 0.04306666666666667,
    "test_clean_accuracy": 0.9574666666666667,
    "test_robustness_drop": null,
    "test_restoration_gain": null,
    "test_position_1_acc": 0.9934666666666667,
    "test_position_2_acc": 0.9890666666666666,
    "test_position_3_acc": 0.9897333333333334,
    "test_position_4_acc": 0.9914666666666667,
    "test_position_5_acc": 0.9930666666666667
}