{
    "epoch": 37,
    "train_loss": 0.1483232186955482,
    "pretrain_loss": null,
    "finetune_loss": 0.08817169325080926,
    "pseudo_label_count": 19803,
    "pseudo_label_accept_rate": 0.943,
    "mean_pseudo_confidence": 0.9965867344637095,
    "consistency_loss": 0.0,
    "encoder_stage": "semisupervised_with_pseudolabels",
    "stn_status": "trainable",
    "stn_regularization_loss": 5.79066356429914e-07,
    "val_loss": 3.5681946328345764,
    "val_seq_acc": 0.7404,
    "val_char_acc": 0.9405333333333333,
    "val_edit_distance": 0.2972,
    "val_clean_accuracy": 0.7404,
    "val_robustness_drop": null,
    "val_restoration_gain": null,
    "val_position_1_acc": 0.9629333333333333,
    "val_position_2_acc": 0.9359333333333333,
    "val_position_3_acc": 0.9357333333333333,
    "val_position_4_acc": 0.9318666666666666,
    "val_position_5_acc": 0.9362,
    "test_loss": 3.69699316836418,
    "test_seq_acc": 0.7337333333333333,
    "test_char_acc": 0.9394,
    "test_edit_distance": 0.3028666666666667,
    "test_clean_accuracy": 0.7337333333333333,
    "test_robustness_drop": null,
    "test_restoration_gain": null,
    "test_position_1_acc": 0.9648,
    "test_position_2_acc": 0.9327333333333333,
    "test_position_3_acc": 0.9303333333333333,
    "test_position_4_acc": 0.9333333333333333,
    "test_position_5_acc": 0.9358
}