{
    "epoch": 55,
    "train_loss": 0.027575695709214802,
    "pretrain_loss": null,
    "finetune_loss": 0.009045674374295756,
    "pseudo_label_count": 20557,
    "pseudo_label_accept_rate": 0.9789047619047619,
    "mean_pseudo_confidence": 0.9986715581901066,
    "consistency_loss": 0.0,
    "encoder_stage": "semisupervised_with_pseudolabels",
    "stn_status": "trainable",
    "stn_regularization_loss": 1.9986492842672075e-07,
    "val_loss": 0.21180566596889006,
    "val_seq_acc": 0.9598,
    "val_char_acc": 0.9918533333333334,
    "val_edit_distance": 0.04073333333333334,
    "val_clean_accuracy": 0.9598,
    "val_robustness_drop": null,
    "val_restoration_gain": null,
    "val_position_1_acc": 0.9925333333333334,
    "val_position_2_acc": 0.9902666666666666,
    "val_position_3_acc": 0.9914,
    "val_position_4_acc": 0.9914666666666667,
    "val_position_5_acc": 0.9936,
    "test_loss": 0.22968496469407096,
    "test_seq_acc": 0.9569333333333333,
    "test_char_acc": 0.99124,
    "test_edit_distance": 0.043666666666666666,
    "test_clean_accuracy": 0.9569333333333333,
    "test_robustness_drop": null,
    "test_restoration_gain": null,
    "test_position_1_acc": 0.9930666666666667,
    "test_position_2_acc": 0.9888,
    "test_position_3_acc": 0.9904,
    "test_position_4_acc": 0.9913333333333333,
    "test_position_5_acc": 0.9926
}