{
    "epoch": 181,
    "train_loss": 0.003189669306911489,
    "pretrain_loss": null,
    "finetune_loss": 0.0002274080439277012,
    "pseudo_label_count": 20925,
    "pseudo_label_accept_rate": 0.9964285714285714,
    "mean_pseudo_confidence": 0.9997589588051343,
    "consistency_loss": 0.0,
    "encoder_stage": "semisupervised_with_pseudolabels",
    "stn_status": "trainable",
    "stn_regularization_loss": 2.0014564310073887e-07,
    "val_loss": 0.28669656121482867,
    "val_seq_acc": 0.9626,
    "val_char_acc": 0.99244,
    "val_edit_distance": 0.0378,
    "val_clean_accuracy": 0.9626,
    "val_robustness_drop": null,
    "val_restoration_gain": null,
    "val_position_1_acc": 0.9928,
    "val_position_2_acc": 0.9909333333333333,
    "val_position_3_acc": 0.9922,
    "val_position_4_acc": 0.9923333333333333,
    "val_position_5_acc": 0.9939333333333333,
    "test_loss": 0.2914856127471602,
    "test_seq_acc": 0.962,
    "test_char_acc": 0.9922,
    "test_edit_distance": 0.03886666666666667,
    "test_clean_accuracy": 0.962,
    "test_robustness_drop": null,
    "test_restoration_gain": null,
    "test_position_1_acc": 0.9936666666666667,
    "test_position_2_acc": 0.9907333333333334,
    "test_position_3_acc": 0.9916,
    "test_position_4_acc": 0.9918,
    "test_position_5_acc": 0.9932
}