{
    "epoch": 147,
    "train_loss": 0.003437631071589052,
    "pretrain_loss": null,
    "finetune_loss": 0.0003266826197408491,
    "pseudo_label_count": 20927,
    "pseudo_label_accept_rate": 0.9965238095238095,
    "mean_pseudo_confidence": 0.9997317946725632,
    "consistency_loss": 0.0,
    "encoder_stage": "semisupervised_with_pseudolabels",
    "stn_status": "trainable",
    "stn_regularization_loss": 2.0844366492690697e-07,
    "val_loss": 0.3164288509802491,
    "val_seq_acc": 0.9602,
    "val_char_acc": 0.9918933333333333,
    "val_edit_distance": 0.04053333333333333,
    "val_clean_accuracy": 0.9602,
    "val_robustness_drop": null,
    "val_restoration_gain": null,
    "val_position_1_acc": 0.993,
    "val_position_2_acc": 0.9895333333333334,
    "val_position_3_acc": 0.9919333333333333,
    "val_position_4_acc": 0.9924,
    "val_position_5_acc": 0.9926,
    "test_loss": 0.3326745748561618,
    "test_seq_acc": 0.9578666666666666,
    "test_char_acc": 0.9913866666666666,
    "test_edit_distance": 0.04293333333333333,
    "test_clean_accuracy": 0.9578666666666666,
    "test_robustness_drop": null,
    "test_restoration_gain": null,
    "test_position_1_acc": 0.9928666666666667,
    "test_position_2_acc": 0.9893333333333333,
    "test_position_3_acc": 0.9910666666666667,
    "test_position_4_acc": 0.9915333333333334,
    "test_position_5_acc": 0.9921333333333333
}