{
    "epoch": 36,
    "train_loss": 0.1562421991397196,
    "pretrain_loss": null,
    "finetune_loss": 0.1098594866308819,
    "pseudo_label_count": 19875,
    "pseudo_label_accept_rate": 0.9464285714285714,
    "mean_pseudo_confidence": 0.9967846155706441,
    "consistency_loss": 0.0,
    "encoder_stage": "semisupervised_with_pseudolabels",
    "stn_status": "trainable",
    "stn_regularization_loss": 2.97142704048812e-07,
    "val_loss": 1.1842844363856824,
    "val_seq_acc": 0.863,
    "val_char_acc": 0.97052,
    "val_edit_distance": 0.14733333333333334,
    "val_clean_accuracy": 0.863,
    "val_robustness_drop": null,
    "val_restoration_gain": null,
    "val_position_1_acc": 0.9773333333333334,
    "val_position_2_acc": 0.9673333333333334,
    "val_position_3_acc": 0.9665333333333334,
    "val_position_4_acc": 0.9668,
    "val_position_5_acc": 0.9746,
    "test_loss": 1.22019864320755,
    "test_seq_acc": 0.8594,
    "test_char_acc": 0.9697733333333334,
    "test_edit_distance": 0.151,
    "test_clean_accuracy": 0.8594,
    "test_robustness_drop": null,
    "test_restoration_gain": null,
    "test_position_1_acc": 0.9775333333333334,
    "test_position_2_acc": 0.9648,
    "test_position_3_acc": 0.965,
    "test_position_4_acc": 0.9686,
    "test_position_5_acc": 0.9729333333333333
}