{
    "epoch": 121,
    "train_loss": 0.005136537875055869,
    "pretrain_loss": null,
    "finetune_loss": 0.0004923394387592084,
    "pseudo_label_count": 20912,
    "pseudo_label_accept_rate": 0.9958095238095238,
    "mean_pseudo_confidence": 0.9996903006503303,
    "consistency_loss": 0.0,
    "encoder_stage": "semisupervised_with_pseudolabels",
    "stn_status": "trainable",
    "stn_regularization_loss": 2.1548360588882843e-07,
    "val_loss": 0.28786074740594214,
    "val_seq_acc": 0.9620666666666666,
    "val_char_acc": 0.9923466666666667,
    "val_edit_distance": 0.038266666666666664,
    "val_clean_accuracy": 0.9620666666666666,
    "val_robustness_drop": null,
    "val_restoration_gain": null,
    "val_position_1_acc": 0.9926666666666667,
    "val_position_2_acc": 0.9910666666666667,
    "val_position_3_acc": 0.9922666666666666,
    "val_position_4_acc": 0.9917333333333334,
    "val_position_5_acc": 0.994,
    "test_loss": 0.28550066841333394,
    "test_seq_acc": 0.9614,
    "test_char_acc": 0.9921333333333333,
    "test_edit_distance": 0.0392,
    "test_clean_accuracy": 0.9614,
    "test_robustness_drop": null,
    "test_restoration_gain": null,
    "test_position_1_acc": 0.9937333333333334,
    "test_position_2_acc": 0.99,
    "test_position_3_acc": 0.9917333333333334,
    "test_position_4_acc": 0.9923333333333333,
    "test_position_5_acc": 0.9928666666666667
}