{
    "epoch": 44,
    "train_loss": 0.1783618367113241,
    "pretrain_loss": null,
    "finetune_loss": 0.13224652068392803,
    "pseudo_label_count": 19911,
    "pseudo_label_accept_rate": 0.9481428571428572,
    "mean_pseudo_confidence": 0.9970554477583786,
    "consistency_loss": 0.0,
    "encoder_stage": "semisupervised_with_pseudolabels",
    "stn_status": "trainable",
    "stn_regularization_loss": 2.598914692520465e-07,
    "val_loss": 1.3841019050555026,
    "val_seq_acc": 0.8550666666666666,
    "val_char_acc": 0.9684266666666667,
    "val_edit_distance": 0.1578,
    "val_clean_accuracy": 0.8550666666666666,
    "val_robustness_drop": null,
    "val_restoration_gain": null,
    "val_position_1_acc": 0.9601333333333333,
    "val_position_2_acc": 0.9676666666666667,
    "val_position_3_acc": 0.968,
    "val_position_4_acc": 0.97,
    "val_position_5_acc": 0.9763333333333334,
    "test_loss": 1.4006191242248454,
    "test_seq_acc": 0.8521333333333333,
    "test_char_acc": 0.9682666666666667,
    "test_edit_distance": 0.15846666666666667,
    "test_clean_accuracy": 0.8521333333333333,
    "test_robustness_drop": null,
    "test_restoration_gain": null,
    "test_position_1_acc": 0.9603333333333334,
    "test_position_2_acc": 0.9672666666666667,
    "test_position_3_acc": 0.9684666666666667,
    "test_position_4_acc": 0.9712666666666666,
    "test_position_5_acc": 0.974
}