{
    "epoch": 61,
    "train_loss": 0.02003329385645953,
    "pretrain_loss": null,
    "finetune_loss": 0.00541273308485502,
    "pseudo_label_count": 20698,
    "pseudo_label_accept_rate": 0.9856190476190476,
    "mean_pseudo_confidence": 0.9990497582292128,
    "consistency_loss": 0.0,
    "encoder_stage": "semisupervised_with_pseudolabels",
    "stn_status": "trainable",
    "stn_regularization_loss": 2.1823018121591564e-07,
    "val_loss": 0.24450726548526833,
    "val_seq_acc": 0.9589333333333333,
    "val_char_acc": 0.9916666666666667,
    "val_edit_distance": 0.041666666666666664,
    "val_clean_accuracy": 0.9589333333333333,
    "val_robustness_drop": null,
    "val_restoration_gain": null,
    "val_position_1_acc": 0.9916666666666667,
    "val_position_2_acc": 0.9904666666666667,
    "val_position_3_acc": 0.9916666666666667,
    "val_position_4_acc": 0.9911333333333333,
    "val_position_5_acc": 0.9934,
    "test_loss": 0.2374094973050152,
    "test_seq_acc": 0.9594666666666667,
    "test_char_acc": 0.99176,
    "test_edit_distance": 0.04106666666666667,
    "test_clean_accuracy": 0.9594666666666667,
    "test_robustness_drop": null,
    "test_restoration_gain": null,
    "test_position_1_acc": 0.9936666666666667,
    "test_position_2_acc": 0.9893333333333333,
    "test_position_3_acc": 0.9908666666666667,
    "test_position_4_acc": 0.9917333333333334,
    "test_position_5_acc": 0.9932
}