{
    "epoch": 183,
    "train_loss": 0.0036804926459759663,
    "pretrain_loss": null,
    "finetune_loss": 0.0002815951007937834,
    "pseudo_label_count": 20939,
    "pseudo_label_accept_rate": 0.9970952380952381,
    "mean_pseudo_confidence": 0.9997492737890548,
    "consistency_loss": 0.0,
    "encoder_stage": "semisupervised_with_pseudolabels",
    "stn_status": "trainable",
    "stn_regularization_loss": 2.0022340585860516e-07,
    "val_loss": 0.2929738182575749,
    "val_seq_acc": 0.9625333333333334,
    "val_char_acc": 0.9924,
    "val_edit_distance": 0.038,
    "val_clean_accuracy": 0.9625333333333334,
    "val_robustness_drop": null,
    "val_restoration_gain": null,
    "val_position_1_acc": 0.9926,
    "val_position_2_acc": 0.9907333333333334,
    "val_position_3_acc": 0.9921333333333333,
    "val_position_4_acc": 0.9925333333333334,
    "val_position_5_acc": 0.994,
    "test_loss": 0.2999009501907881,
    "test_seq_acc": 0.9620666666666666,
    "test_char_acc": 0.9921733333333334,
    "test_edit_distance": 0.038933333333333334,
    "test_clean_accuracy": 0.9620666666666666,
    "test_robustness_drop": null,
    "test_restoration_gain": null,
    "test_position_1_acc": 0.9937333333333334,
    "test_position_2_acc": 0.9906,
    "test_position_3_acc": 0.9917333333333334,
    "test_position_4_acc": 0.9918,
    "test_position_5_acc": 0.993
}