{
    "epoch": 52,
    "train_loss": 0.03904715104882494,
    "pretrain_loss": null,
    "finetune_loss": 0.01872402049475544,
    "pseudo_label_count": 20449,
    "pseudo_label_accept_rate": 0.9737619047619047,
    "mean_pseudo_confidence": 0.9983439853800101,
    "consistency_loss": 0.0,
    "encoder_stage": "semisupervised_with_pseudolabels",
    "stn_status": "trainable",
    "stn_regularization_loss": 1.959998464334304e-07,
    "val_loss": 0.22186912978414763,
    "val_seq_acc": 0.9574,
    "val_char_acc": 0.99128,
    "val_edit_distance": 0.0436,
    "val_clean_accuracy": 0.9574,
    "val_robustness_drop": null,
    "val_restoration_gain": null,
    "val_position_1_acc": 0.9920666666666667,
    "val_position_2_acc": 0.9896,
    "val_position_3_acc": 0.9908666666666667,
    "val_position_4_acc": 0.991,
    "val_position_5_acc": 0.9928666666666667,
    "test_loss": 0.23548903531367651,
    "test_seq_acc": 0.9543333333333334,
    "test_char_acc": 0.9906933333333333,
    "test_edit_distance": 0.0464,
    "test_clean_accuracy": 0.9543333333333334,
    "test_robustness_drop": null,
    "test_restoration_gain": null,
    "test_position_1_acc": 0.9937333333333334,
    "test_position_2_acc": 0.9881333333333333,
    "test_position_3_acc": 0.9892666666666666,
    "test_position_4_acc": 0.9897333333333334,
    "test_position_5_acc": 0.9926
}