{
    "epoch": 119,
    "train_loss": 0.005518039583342527,
    "pretrain_loss": null,
    "finetune_loss": 0.00047198616738149086,
    "pseudo_label_count": 20906,
    "pseudo_label_accept_rate": 0.9955238095238095,
    "mean_pseudo_confidence": 0.9996801777500907,
    "consistency_loss": 0.0,
    "encoder_stage": "semisupervised_with_pseudolabels",
    "stn_status": "trainable",
    "stn_regularization_loss": 2.0412817732531787e-07,
    "val_loss": 0.2864055389404963,
    "val_seq_acc": 0.9612666666666667,
    "val_char_acc": 0.9921333333333333,
    "val_edit_distance": 0.03933333333333333,
    "val_clean_accuracy": 0.9612666666666667,
    "val_robustness_drop": null,
    "val_restoration_gain": null,
    "val_position_1_acc": 0.9926,
    "val_position_2_acc": 0.9902,
    "val_position_3_acc": 0.992,
    "val_position_4_acc": 0.9922,
    "val_position_5_acc": 0.9936666666666667,
    "test_loss": 0.29262139094283524,
    "test_seq_acc": 0.9614,
    "test_char_acc": 0.99208,
    "test_edit_distance": 0.039466666666666664,
    "test_clean_accuracy": 0.9614,
    "test_robustness_drop": null,
    "test_restoration_gain": null,
    "test_position_1_acc": 0.994,
    "test_position_2_acc": 0.9901333333333333,
    "test_position_3_acc": 0.9914,
    "test_position_4_acc": 0.992,
    "test_position_5_acc": 0.9928666666666667
}