{
    "epoch": 113,
    "train_loss": 0.005245598266538425,
    "pretrain_loss": null,
    "finetune_loss": 0.0005693720518221547,
    "pseudo_label_count": 20908,
    "pseudo_label_accept_rate": 0.9956190476190476,
    "mean_pseudo_confidence": 0.9996435895850103,
    "consistency_loss": 0.0,
    "encoder_stage": "semisupervised_with_pseudolabels",
    "stn_status": "trainable",
    "stn_regularization_loss": 1.8947995219832505e-07,
    "val_loss": 0.2972112564418336,
    "val_seq_acc": 0.9596,
    "val_char_acc": 0.9918133333333333,
    "val_edit_distance": 0.040933333333333335,
    "val_clean_accuracy": 0.9596,
    "val_robustness_drop": null,
    "val_restoration_gain": null,
    "val_position_1_acc": 0.9925333333333334,
    "val_position_2_acc": 0.9901333333333333,
    "val_position_3_acc": 0.9911333333333333,
    "val_position_4_acc": 0.9921333333333333,
    "val_position_5_acc": 0.9931333333333333,
    "test_loss": 0.3015061624637344,
    "test_seq_acc": 0.9591333333333333,
    "test_char_acc": 0.9916,
    "test_edit_distance": 0.04186666666666667,
    "test_clean_accuracy": 0.9591333333333333,
    "test_robustness_drop": null,
    "test_restoration_gain": null,
    "test_position_1_acc": 0.9935333333333334,
    "test_position_2_acc": 0.9898666666666667,
    "test_position_3_acc": 0.9908666666666667,
    "test_position_4_acc": 0.9914666666666667,
    "test_position_5_acc": 0.9922666666666666
}