{
    "epoch": 163,
    "train_loss": 0.0037619388114812835,
    "pretrain_loss": null,
    "finetune_loss": 0.0003131163479808466,
    "pseudo_label_count": 20929,
    "pseudo_label_accept_rate": 0.9966190476190476,
    "mean_pseudo_confidence": 0.9997568187907739,
    "consistency_loss": 0.0,
    "encoder_stage": "semisupervised_with_pseudolabels",
    "stn_status": "trainable",
    "stn_regularization_loss": 2.017989855307028e-07,
    "val_loss": 0.2972864305139507,
    "val_seq_acc": 0.962,
    "val_char_acc": 0.99224,
    "val_edit_distance": 0.0388,
    "val_clean_accuracy": 0.962,
    "val_robustness_drop": null,
    "val_restoration_gain": null,
    "val_position_1_acc": 0.9929333333333333,
    "val_position_2_acc": 0.9906,
    "val_position_3_acc": 0.9916,
    "val_position_4_acc": 0.9924,
    "val_position_5_acc": 0.9936666666666667,
    "test_loss": 0.3003703250201068,
    "test_seq_acc": 0.961,
    "test_char_acc": 0.9919866666666667,
    "test_edit_distance": 0.03986666666666667,
    "test_clean_accuracy": 0.961,
    "test_robustness_drop": null,
    "test_restoration_gain": null,
    "test_position_1_acc": 0.9936666666666667,
    "test_position_2_acc": 0.9902,
    "test_position_3_acc": 0.9910666666666667,
    "test_position_4_acc": 0.9918666666666667,
    "test_position_5_acc": 0.9931333333333333
}