{
    "epoch": 30,
    "train_loss": 18.529168858540586,
    "pretrain_loss": null,
    "finetune_loss": 18.529168858540586,
    "pseudo_label_count": 0,
    "pseudo_label_accept_rate": 0.0,
    "mean_pseudo_confidence": 0.0,
    "consistency_loss": 0.0,
    "encoder_stage": "semisupervised_with_pseudolabels",
    "stn_status": "trainable",
    "stn_regularization_loss": 9.468227974207834e-09,
    "val_loss": 17.825911615249957,
    "val_seq_acc": 0.0,
    "val_char_acc": 0.03358666666666667,
    "val_edit_distance": 4.821066666666667,
    "val_clean_accuracy": 0.0,
    "val_robustness_drop": null,
    "val_restoration_gain": null,
    "val_position_1_acc": 0.026866666666666667,
    "val_position_2_acc": 0.03153333333333333,
    "val_position_3_acc": 0.0324,
    "val_position_4_acc": 0.03373333333333333,
    "val_position_5_acc": 0.0434,
    "test_loss": 17.830457882170982,
    "test_seq_acc": 0.0,
    "test_char_acc": 0.03390666666666667,
    "test_edit_distance": 4.818,
    "test_clean_accuracy": 0.0,
    "test_robustness_drop": null,
    "test_restoration_gain": null,
    "test_position_1_acc": 0.030066666666666665,
    "test_position_2_acc": 0.031133333333333332,
    "test_position_3_acc": 0.034133333333333335,
    "test_position_4_acc": 0.0338,
    "test_position_5_acc": 0.0404
}