{
    "epoch": 24,
    "train_loss": 17.90060611804534,
    "pretrain_loss": null,
    "finetune_loss": 17.90060611804534,
    "pseudo_label_count": 0,
    "pseudo_label_accept_rate": 0.0,
    "mean_pseudo_confidence": 0.0,
    "consistency_loss": 0.0,
    "encoder_stage": "semisupervised_with_pseudolabels",
    "stn_status": "trainable",
    "stn_regularization_loss": 2.8456342472993855e-08,
    "val_loss": 17.892256270063683,
    "val_seq_acc": 0.0,
    "val_char_acc": 0.030426666666666668,
    "val_edit_distance": 4.8382,
    "val_clean_accuracy": 0.0,
    "val_robustness_drop": null,
    "val_restoration_gain": null,
    "val_position_1_acc": 0.03186666666666667,
    "val_position_2_acc": 0.027866666666666668,
    "val_position_3_acc": 0.029866666666666666,
    "val_position_4_acc": 0.03133333333333333,
    "val_position_5_acc": 0.0312,
    "test_loss": 17.89500758394282,
    "test_seq_acc": 0.0,
    "test_char_acc": 0.030653333333333335,
    "test_edit_distance": 4.837666666666666,
    "test_clean_accuracy": 0.0,
    "test_robustness_drop": null,
    "test_restoration_gain": null,
    "test_position_1_acc": 0.0296,
    "test_position_2_acc": 0.030333333333333334,
    "test_position_3_acc": 0.029666666666666668,
    "test_position_4_acc": 0.031133333333333332,
    "test_position_5_acc": 0.03253333333333333
}