{
    "epoch": 189,
    "train_loss": 0.003018986718976685,
    "pretrain_loss": null,
    "finetune_loss": 0.00019594563528929268,
    "pseudo_label_count": 20928,
    "pseudo_label_accept_rate": 0.9965714285714286,
    "mean_pseudo_confidence": 0.9997730253076335,
    "consistency_loss": 0.0,
    "encoder_stage": "semisupervised_with_pseudolabels",
    "stn_status": "trainable",
    "stn_regularization_loss": 1.9901733109678566e-07,
    "val_loss": 0.28679551394780767,
    "val_seq_acc": 0.9623333333333334,
    "val_char_acc": 0.9923466666666667,
    "val_edit_distance": 0.038266666666666664,
    "val_clean_accuracy": 0.9623333333333334,
    "val_robustness_drop": null,
    "val_restoration_gain": null,
    "val_position_1_acc": 0.9924666666666667,
    "val_position_2_acc": 0.9911333333333333,
    "val_position_3_acc": 0.9919333333333333,
    "val_position_4_acc": 0.9923333333333333,
    "val_position_5_acc": 0.9938666666666667,
    "test_loss": 0.29203381788299937,
    "test_seq_acc": 0.961,
    "test_char_acc": 0.9919866666666667,
    "test_edit_distance": 0.039933333333333335,
    "test_clean_accuracy": 0.961,
    "test_robustness_drop": null,
    "test_restoration_gain": null,
    "test_position_1_acc": 0.9935333333333334,
    "test_position_2_acc": 0.9907333333333334,
    "test_position_3_acc": 0.9911333333333333,
    "test_position_4_acc": 0.9916,
    "test_position_5_acc": 0.9929333333333333
}