{
    "epoch": 142,
    "train_loss": 0.005736673290676822,
    "pretrain_loss": null,
    "finetune_loss": 0.0005151500080057076,
    "pseudo_label_count": 20909,
    "pseudo_label_accept_rate": 0.9956666666666667,
    "mean_pseudo_confidence": 0.9997256791564848,
    "consistency_loss": 0.0,
    "encoder_stage": "semisupervised_with_pseudolabels",
    "stn_status": "trainable",
    "stn_regularization_loss": 2.1115879362572935e-07,
    "val_loss": 0.2945480787742046,
    "val_seq_acc": 0.9613333333333334,
    "val_char_acc": 0.9920933333333334,
    "val_edit_distance": 0.03953333333333333,
    "val_clean_accuracy": 0.9613333333333334,
    "val_robustness_drop": null,
    "val_restoration_gain": null,
    "val_position_1_acc": 0.9924666666666667,
    "val_position_2_acc": 0.9906666666666667,
    "val_position_3_acc": 0.9920666666666667,
    "val_position_4_acc": 0.9922666666666666,
    "val_position_5_acc": 0.993,
    "test_loss": 0.3061885294753859,
    "test_seq_acc": 0.9595333333333333,
    "test_char_acc": 0.9917466666666667,
    "test_edit_distance": 0.041133333333333334,
    "test_clean_accuracy": 0.9595333333333333,
    "test_robustness_drop": null,
    "test_restoration_gain": null,
    "test_position_1_acc": 0.9932,
    "test_position_2_acc": 0.9898666666666667,
    "test_position_3_acc": 0.9915333333333334,
    "test_position_4_acc": 0.9916,
    "test_position_5_acc": 0.9925333333333334
}