{
    "epoch": 178,
    "train_loss": 0.0022345808374419165,
    "pretrain_loss": null,
    "finetune_loss": 0.0002801992882090578,
    "pseudo_label_count": 20931,
    "pseudo_label_accept_rate": 0.9967142857142857,
    "mean_pseudo_confidence": 0.9997845309091978,
    "consistency_loss": 0.0,
    "encoder_stage": "semisupervised_with_pseudolabels",
    "stn_status": "trainable",
    "stn_regularization_loss": 2.0081679675109108e-07,
    "val_loss": 0.2937903936971549,
    "val_seq_acc": 0.9626,
    "val_char_acc": 0.9923866666666666,
    "val_edit_distance": 0.038066666666666665,
    "val_clean_accuracy": 0.9626,
    "val_robustness_drop": null,
    "val_restoration_gain": null,
    "val_position_1_acc": 0.9926,
    "val_position_2_acc": 0.991,
    "val_position_3_acc": 0.9922,
    "val_position_4_acc": 0.9926,
    "val_position_5_acc": 0.9935333333333334,
    "test_loss": 0.2995829283549841,
    "test_seq_acc": 0.9616666666666667,
    "test_char_acc": 0.99212,
    "test_edit_distance": 0.0392,
    "test_clean_accuracy": 0.9616666666666667,
    "test_robustness_drop": null,
    "test_restoration_gain": null,
    "test_position_1_acc": 0.994,
    "test_position_2_acc": 0.9901333333333333,
    "test_position_3_acc": 0.9915333333333334,
    "test_position_4_acc": 0.9919333333333333,
    "test_position_5_acc": 0.993
}