{
    "epoch": 56,
    "train_loss": 0.023320442024260583,
    "pretrain_loss": null,
    "finetune_loss": 0.00847432533664782,
    "pseudo_label_count": 20587,
    "pseudo_label_accept_rate": 0.9803333333333333,
    "mean_pseudo_confidence": 0.9988022109537675,
    "consistency_loss": 0.0,
    "encoder_stage": "semisupervised_with_pseudolabels",
    "stn_status": "trainable",
    "stn_regularization_loss": 1.6501265710031503e-07,
    "val_loss": 0.24186142592373838,
    "val_seq_acc": 0.9579333333333333,
    "val_char_acc": 0.9914533333333333,
    "val_edit_distance": 0.04273333333333333,
    "val_clean_accuracy": 0.9579333333333333,
    "val_robustness_drop": null,
    "val_restoration_gain": null,
    "val_position_1_acc": 0.991,
    "val_position_2_acc": 0.9904666666666667,
    "val_position_3_acc": 0.9912,
    "val_position_4_acc": 0.9914,
    "val_position_5_acc": 0.9932,
    "test_loss": 0.25884580456876527,
    "test_seq_acc": 0.9563333333333334,
    "test_char_acc": 0.99108,
    "test_edit_distance": 0.04446666666666667,
    "test_clean_accuracy": 0.9563333333333334,
    "test_robustness_drop": null,
    "test_restoration_gain": null,
    "test_position_1_acc": 0.9933333333333333,
    "test_position_2_acc": 0.9894,
    "test_position_3_acc": 0.9886,
    "test_position_4_acc": 0.9909333333333333,
    "test_position_5_acc": 0.9931333333333333
}