{
    "epoch": 31,
    "train_loss": 6.339633747371322,
    "pretrain_loss": null,
    "finetune_loss": 6.288315338155561,
    "pseudo_label_count": 19497,
    "pseudo_label_accept_rate": 0.9284285714285714,
    "mean_pseudo_confidence": 0.9952411055840021,
    "consistency_loss": 0.0,
    "encoder_stage": "semisupervised_with_pseudolabels",
    "stn_status": "trainable",
    "stn_regularization_loss": 7.389636518093325e-08,
    "val_loss": 0.7005933998112983,
    "val_seq_acc": 0.8935333333333333,
    "val_char_acc": 0.9774666666666667,
    "val_edit_distance": 0.11266666666666666,
    "val_clean_accuracy": 0.8935333333333333,
    "val_robustness_drop": null,
    "val_restoration_gain": null,
    "val_position_1_acc": 0.9795333333333334,
    "val_position_2_acc": 0.9759333333333333,
    "val_position_3_acc": 0.9763333333333334,
    "val_position_4_acc": 0.9764,
    "val_position_5_acc": 0.9791333333333333,
    "test_loss": 0.7220456697839371,
    "test_seq_acc": 0.8912,
    "test_char_acc": 0.9769466666666666,
    "test_edit_distance": 0.11526666666666667,
    "test_clean_accuracy": 0.8912,
    "test_robustness_drop": null,
    "test_restoration_gain": null,
    "test_position_1_acc": 0.9788666666666667,
    "test_position_2_acc": 0.9737333333333333,
    "test_position_3_acc": 0.9748,
    "test_position_4_acc": 0.9784,
    "test_position_5_acc": 0.9789333333333333
}