{
    "epoch": 125,
    "train_loss": 0.006377737156561372,
    "pretrain_loss": null,
    "finetune_loss": 0.0006661590824732569,
    "pseudo_label_count": 20916,
    "pseudo_label_accept_rate": 0.996,
    "mean_pseudo_confidence": 0.9997042027913172,
    "consistency_loss": 0.0,
    "encoder_stage": "semisupervised_with_pseudolabels",
    "stn_status": "trainable",
    "stn_regularization_loss": 2.1940580272630454e-07,
    "val_loss": 0.29559668519217125,
    "val_seq_acc": 0.9624666666666667,
    "val_char_acc": 0.9923466666666667,
    "val_edit_distance": 0.038266666666666664,
    "val_clean_accuracy": 0.9624666666666667,
    "val_robustness_drop": null,
    "val_restoration_gain": null,
    "val_position_1_acc": 0.9926666666666667,
    "val_position_2_acc": 0.9908666666666667,
    "val_position_3_acc": 0.9924666666666667,
    "val_position_4_acc": 0.9920666666666667,
    "val_position_5_acc": 0.9936666666666667,
    "test_loss": 0.2940837015319437,
    "test_seq_acc": 0.9616666666666667,
    "test_char_acc": 0.99216,
    "test_edit_distance": 0.039066666666666666,
    "test_clean_accuracy": 0.9616666666666667,
    "test_robustness_drop": null,
    "test_restoration_gain": null,
    "test_position_1_acc": 0.9938666666666667,
    "test_position_2_acc": 0.9900666666666667,
    "test_position_3_acc": 0.9916666666666667,
    "test_position_4_acc": 0.9920666666666667,
    "test_position_5_acc": 0.9931333333333333
}