{
    "epoch": 184,
    "train_loss": 0.003367904106651438,
    "pretrain_loss": null,
    "finetune_loss": 0.00025417246477958514,
    "pseudo_label_count": 20926,
    "pseudo_label_accept_rate": 0.9964761904761905,
    "mean_pseudo_confidence": 0.9997713501339693,
    "consistency_loss": 0.0,
    "encoder_stage": "semisupervised_with_pseudolabels",
    "stn_status": "trainable",
    "stn_regularization_loss": 1.9989233183705655e-07,
    "val_loss": 0.2969625486232504,
    "val_seq_acc": 0.9620666666666666,
    "val_char_acc": 0.9923333333333333,
    "val_edit_distance": 0.03833333333333333,
    "val_clean_accuracy": 0.9620666666666666,
    "val_robustness_drop": null,
    "val_restoration_gain": null,
    "val_position_1_acc": 0.9924666666666667,
    "val_position_2_acc": 0.9911333333333333,
    "val_position_3_acc": 0.9923333333333333,
    "val_position_4_acc": 0.992,
    "val_position_5_acc": 0.9937333333333334,
    "test_loss": 0.29559277620663393,
    "test_seq_acc": 0.9614666666666667,
    "test_char_acc": 0.9921333333333333,
    "test_edit_distance": 0.03913333333333333,
    "test_clean_accuracy": 0.9614666666666667,
    "test_robustness_drop": null,
    "test_restoration_gain": null,
    "test_position_1_acc": 0.9943333333333333,
    "test_position_2_acc": 0.9898666666666667,
    "test_position_3_acc": 0.9914666666666667,
    "test_position_4_acc": 0.9916,
    "test_position_5_acc": 0.9934
}