{
    "epoch": 199,
    "train_loss": 0.0017376143043920612,
    "pretrain_loss": null,
    "finetune_loss": 0.0001816117669394422,
    "pseudo_label_count": 20945,
    "pseudo_label_accept_rate": 0.9973809523809524,
    "mean_pseudo_confidence": 0.9998164595155222,
    "consistency_loss": 0.0,
    "encoder_stage": "semisupervised_with_pseudolabels",
    "stn_status": "trainable",
    "stn_regularization_loss": 1.9787618143775654e-07,
    "val_loss": 0.28562324284049534,
    "val_seq_acc": 0.9620666666666666,
    "val_char_acc": 0.9923333333333333,
    "val_edit_distance": 0.03833333333333333,
    "val_clean_accuracy": 0.9620666666666666,
    "val_robustness_drop": null,
    "val_restoration_gain": null,
    "val_position_1_acc": 0.9928666666666667,
    "val_position_2_acc": 0.9906,
    "val_position_3_acc": 0.9921333333333333,
    "val_position_4_acc": 0.9921333333333333,
    "val_position_5_acc": 0.9939333333333333,
    "test_loss": 0.29128515667245586,
    "test_seq_acc": 0.9618,
    "test_char_acc": 0.99216,
    "test_edit_distance": 0.039066666666666666,
    "test_clean_accuracy": 0.9618,
    "test_robustness_drop": null,
    "test_restoration_gain": null,
    "test_position_1_acc": 0.9937333333333334,
    "test_position_2_acc": 0.9903333333333333,
    "test_position_3_acc": 0.9917333333333334,
    "test_position_4_acc": 0.9918,
    "test_position_5_acc": 0.9932
}