{
    "epoch": 39,
    "train_loss": 0.19494188105603366,
    "pretrain_loss": null,
    "finetune_loss": 0.09759066705397444,
    "pseudo_label_count": 19108,
    "pseudo_label_accept_rate": 0.9099047619047619,
    "mean_pseudo_confidence": 0.9954887454620035,
    "consistency_loss": 0.0,
    "encoder_stage": "semisupervised_with_pseudolabels",
    "stn_status": "trainable",
    "stn_regularization_loss": 1.231766434174829e-06,
    "val_loss": 9.777799399355624,
    "val_seq_acc": 0.4226666666666667,
    "val_char_acc": 0.8433466666666667,
    "val_edit_distance": 0.7828,
    "val_clean_accuracy": 0.4226666666666667,
    "val_robustness_drop": null,
    "val_restoration_gain": null,
    "val_position_1_acc": 0.9078,
    "val_position_2_acc": 0.8742,
    "val_position_3_acc": 0.8518666666666667,
    "val_position_4_acc": 0.8579333333333333,
    "val_position_5_acc": 0.7249333333333333,
    "test_loss": 9.676571274818258,
    "test_seq_acc": 0.4198,
    "test_char_acc": 0.8435333333333334,
    "test_edit_distance": 0.7816,
    "test_clean_accuracy": 0.4198,
    "test_robustness_drop": null,
    "test_restoration_gain": null,
    "test_position_1_acc": 0.9094,
    "test_position_2_acc": 0.8787333333333334,
    "test_position_3_acc": 0.8536666666666667,
    "test_position_4_acc": 0.8584,
    "test_position_5_acc": 0.7174666666666667
}