{
    "epoch": 84,
    "train_loss": 0.012912850394974366,
    "pretrain_loss": null,
    "finetune_loss": 0.0036214591108268464,
    "pseudo_label_count": 20807,
    "pseudo_label_accept_rate": 0.9908095238095238,
    "mean_pseudo_confidence": 0.9994613180455237,
    "consistency_loss": 0.0,
    "encoder_stage": "semisupervised_with_pseudolabels",
    "stn_status": "trainable",
    "stn_regularization_loss": 6.380239515705702e-08,
    "val_loss": 0.35803059641710866,
    "val_seq_acc": 0.9524,
    "val_char_acc": 0.99032,
    "val_edit_distance": 0.0484,
    "val_clean_accuracy": 0.9524,
    "val_robustness_drop": null,
    "val_restoration_gain": null,
    "val_position_1_acc": 0.9908666666666667,
    "val_position_2_acc": 0.9878666666666667,
    "val_position_3_acc": 0.9906,
    "val_position_4_acc": 0.99,
    "val_position_5_acc": 0.9922666666666666,
    "test_loss": 0.36787308718404793,
    "test_seq_acc": 0.9503333333333334,
    "test_char_acc": 0.9898266666666666,
    "test_edit_distance": 0.05073333333333333,
    "test_clean_accuracy": 0.9503333333333334,
    "test_robustness_drop": null,
    "test_restoration_gain": null,
    "test_position_1_acc": 0.9921333333333333,
    "test_position_2_acc": 0.9861333333333333,
    "test_position_3_acc": 0.989,
    "test_position_4_acc": 0.9898666666666667,
    "test_position_5_acc": 0.992
}