{
    "epoch": 7,
    "train_loss": 0.28324567832967007,
    "pretrain_loss": null,
    "finetune_loss": 0.28324567832967007,
    "pseudo_label_count": 0,
    "pseudo_label_accept_rate": 0.0,
    "mean_pseudo_confidence": 0.0,
    "consistency_loss": 0.0,
    "encoder_stage": "semisupervised_warmup",
    "stn_status": "frozen",
    "stn_regularization_loss": 0.0,
    "val_loss": 0.6118119365357338,
    "val_seq_acc": 0.8581333333333333,
    "val_char_acc": 0.96656,
    "val_edit_distance": 0.16653333333333334,
    "val_clean_accuracy": 0.8581333333333333,
    "val_robustness_drop": null,
    "val_restoration_gain": null,
    "val_position_1_acc": 0.973,
    "val_position_2_acc": 0.9624,
    "val_position_3_acc": 0.9606,
    "val_position_4_acc": 0.9627333333333333,
    "val_position_5_acc": 0.9740666666666666,
    "test_loss": 0.6178061513824665,
    "test_seq_acc": 0.8604,
    "test_char_acc": 0.9671866666666666,
    "test_edit_distance": 0.16346666666666668,
    "test_clean_accuracy": 0.8604,
    "test_robustness_drop": null,
    "test_restoration_gain": null,
    "test_position_1_acc": 0.9729333333333333,
    "test_position_2_acc": 0.9637333333333333,
    "test_position_3_acc": 0.9628666666666666,
    "test_position_4_acc": 0.9640666666666666,
    "test_position_5_acc": 0.9723333333333334
}