{
    "epoch": 155,
    "train_loss": 0.004143080678301176,
    "pretrain_loss": null,
    "finetune_loss": 0.0004509941034712622,
    "pseudo_label_count": 20919,
    "pseudo_label_accept_rate": 0.9961428571428571,
    "mean_pseudo_confidence": 0.9997288856276579,
    "consistency_loss": 0.0,
    "encoder_stage": "semisupervised_with_pseudolabels",
    "stn_status": "trainable",
    "stn_regularization_loss": 2.0067333975582349e-07,
    "val_loss": 0.2891329458876305,
    "val_seq_acc": 0.9632666666666667,
    "val_char_acc": 0.99252,
    "val_edit_distance": 0.0374,
    "val_clean_accuracy": 0.9632666666666667,
    "val_robustness_drop": null,
    "val_restoration_gain": null,
    "val_position_1_acc": 0.993,
    "val_position_2_acc": 0.9909333333333333,
    "val_position_3_acc": 0.9921333333333333,
    "val_position_4_acc": 0.9926666666666667,
    "val_position_5_acc": 0.9938666666666667,
    "test_loss": 0.29441973605810723,
    "test_seq_acc": 0.9613333333333334,
    "test_char_acc": 0.99208,
    "test_edit_distance": 0.0394,
    "test_clean_accuracy": 0.9613333333333334,
    "test_robustness_drop": null,
    "test_restoration_gain": null,
    "test_position_1_acc": 0.9938666666666667,
    "test_position_2_acc": 0.9901333333333333,
    "test_position_3_acc": 0.9916666666666667,
    "test_position_4_acc": 0.9916666666666667,
    "test_position_5_acc": 0.9930666666666667
}