{
    "epoch": 28,
    "train_loss": 0.2278822897484455,
    "pretrain_loss": null,
    "finetune_loss": 0.1463564726482717,
    "pseudo_label_count": 19395,
    "pseudo_label_accept_rate": 0.9235714285714286,
    "mean_pseudo_confidence": 0.9953720544902096,
    "consistency_loss": 0.0,
    "encoder_stage": "semisupervised_with_pseudolabels",
    "stn_status": "trainable",
    "stn_regularization_loss": 4.073777774897286e-07,
    "val_loss": 5.464441842221199,
    "val_seq_acc": 0.6057333333333333,
    "val_char_acc": 0.9044133333333333,
    "val_edit_distance": 0.4779333333333333,
    "val_clean_accuracy": 0.6057333333333333,
    "val_robustness_drop": null,
    "val_restoration_gain": null,
    "val_position_1_acc": 0.9108666666666667,
    "val_position_2_acc": 0.9218666666666666,
    "val_position_3_acc": 0.9006666666666666,
    "val_position_4_acc": 0.8826666666666667,
    "val_position_5_acc": 0.906,
    "test_loss": 5.45835990804307,
    "test_seq_acc": 0.6059333333333333,
    "test_char_acc": 0.9047333333333333,
    "test_edit_distance": 0.47613333333333335,
    "test_clean_accuracy": 0.6059333333333333,
    "test_robustness_drop": null,
    "test_restoration_gain": null,
    "test_position_1_acc": 0.9101333333333333,
    "test_position_2_acc": 0.9195333333333333,
    "test_position_3_acc": 0.9042666666666667,
    "test_position_4_acc": 0.8894,
    "test_position_5_acc": 0.9003333333333333
}