{
    "epoch": 106,
    "train_loss": 0.008224033472739657,
    "pretrain_loss": null,
    "finetune_loss": 0.0011034860051869352,
    "pseudo_label_count": 20889,
    "pseudo_label_accept_rate": 0.9947142857142857,
    "mean_pseudo_confidence": 0.9996297998970263,
    "consistency_loss": 0.0,
    "encoder_stage": "semisupervised_with_pseudolabels",
    "stn_status": "trainable",
    "stn_regularization_loss": 1.5514668874747054e-07,
    "val_loss": 0.2913937424368998,
    "val_seq_acc": 0.9612666666666667,
    "val_char_acc": 0.9921733333333334,
    "val_edit_distance": 0.03913333333333333,
    "val_clean_accuracy": 0.9612666666666667,
    "val_robustness_drop": null,
    "val_restoration_gain": null,
    "val_position_1_acc": 0.9926,
    "val_position_2_acc": 0.9904,
    "val_position_3_acc": 0.9921333333333333,
    "val_position_4_acc": 0.9920666666666667,
    "val_position_5_acc": 0.9936666666666667,
    "test_loss": 0.2984075630442524,
    "test_seq_acc": 0.9609333333333333,
    "test_char_acc": 0.9920133333333333,
    "test_edit_distance": 0.0398,
    "test_clean_accuracy": 0.9609333333333333,
    "test_robustness_drop": null,
    "test_restoration_gain": null,
    "test_position_1_acc": 0.9939333333333333,
    "test_position_2_acc": 0.9902666666666666,
    "test_position_3_acc": 0.9913333333333333,
    "test_position_4_acc": 0.992,
    "test_position_5_acc": 0.9925333333333334
}