{
    "epoch": 164,
    "train_loss": 0.0036653935375201,
    "pretrain_loss": null,
    "finetune_loss": 0.0002950507490556967,
    "pseudo_label_count": 20941,
    "pseudo_label_accept_rate": 0.9971904761904762,
    "mean_pseudo_confidence": 0.9997338287058775,
    "consistency_loss": 0.0,
    "encoder_stage": "semisupervised_with_pseudolabels",
    "stn_status": "trainable",
    "stn_regularization_loss": 2.0140127214483448e-07,
    "val_loss": 0.28905525950199745,
    "val_seq_acc": 0.9632,
    "val_char_acc": 0.9925333333333334,
    "val_edit_distance": 0.037333333333333336,
    "val_clean_accuracy": 0.9632,
    "val_robustness_drop": null,
    "val_restoration_gain": null,
    "val_position_1_acc": 0.9928,
    "val_position_2_acc": 0.9909333333333333,
    "val_position_3_acc": 0.9922666666666666,
    "val_position_4_acc": 0.9928,
    "val_position_5_acc": 0.9938666666666667,
    "test_loss": 0.2918862947421637,
    "test_seq_acc": 0.9623333333333334,
    "test_char_acc": 0.9922933333333334,
    "test_edit_distance": 0.03833333333333333,
    "test_clean_accuracy": 0.9623333333333334,
    "test_robustness_drop": null,
    "test_restoration_gain": null,
    "test_position_1_acc": 0.994,
    "test_position_2_acc": 0.9906,
    "test_position_3_acc": 0.9916,
    "test_position_4_acc": 0.9921333333333333,
    "test_position_5_acc": 0.9931333333333333
}