{
    "epoch": 54,
    "train_loss": 0.03158473448987785,
    "pretrain_loss": null,
    "finetune_loss": 0.009672997792174811,
    "pseudo_label_count": 20540,
    "pseudo_label_accept_rate": 0.9780952380952381,
    "mean_pseudo_confidence": 0.9985984776013086,
    "consistency_loss": 0.0,
    "encoder_stage": "semisupervised_with_pseudolabels",
    "stn_status": "trainable",
    "stn_regularization_loss": 1.7739887920363077e-07,
    "val_loss": 0.21692093268985504,
    "val_seq_acc": 0.9591333333333333,
    "val_char_acc": 0.9916133333333333,
    "val_edit_distance": 0.041933333333333336,
    "val_clean_accuracy": 0.9591333333333333,
    "val_robustness_drop": null,
    "val_restoration_gain": null,
    "val_position_1_acc": 0.9931333333333333,
    "val_position_2_acc": 0.9893333333333333,
    "val_position_3_acc": 0.9913333333333333,
    "val_position_4_acc": 0.9909333333333333,
    "val_position_5_acc": 0.9933333333333333,
    "test_loss": 0.22390795668396365,
    "test_seq_acc": 0.9582666666666667,
    "test_char_acc": 0.9914666666666667,
    "test_edit_distance": 0.0424,
    "test_clean_accuracy": 0.9582666666666667,
    "test_robustness_drop": null,
    "test_restoration_gain": null,
    "test_position_1_acc": 0.9938,
    "test_position_2_acc": 0.9894666666666667,
    "test_position_3_acc": 0.9907333333333334,
    "test_position_4_acc": 0.9913333333333333,
    "test_position_5_acc": 0.992
}