{
    "epoch": 129,
    "train_loss": 0.00382010109710495,
    "pretrain_loss": null,
    "finetune_loss": 0.00048497174396457354,
    "pseudo_label_count": 20913,
    "pseudo_label_accept_rate": 0.9958571428571429,
    "mean_pseudo_confidence": 0.9997199594857663,
    "consistency_loss": 0.0,
    "encoder_stage": "semisupervised_with_pseudolabels",
    "stn_status": "trainable",
    "stn_regularization_loss": 2.228258091912332e-07,
    "val_loss": 0.28164724066972413,
    "val_seq_acc": 0.9621333333333333,
    "val_char_acc": 0.9923333333333333,
    "val_edit_distance": 0.03833333333333333,
    "val_clean_accuracy": 0.9621333333333333,
    "val_robustness_drop": null,
    "val_restoration_gain": null,
    "val_position_1_acc": 0.9927333333333334,
    "val_position_2_acc": 0.9907333333333334,
    "val_position_3_acc": 0.9922666666666666,
    "val_position_4_acc": 0.9920666666666667,
    "val_position_5_acc": 0.9938666666666667,
    "test_loss": 0.2871530716231412,
    "test_seq_acc": 0.9615333333333334,
    "test_char_acc": 0.9921066666666667,
    "test_edit_distance": 0.03933333333333333,
    "test_clean_accuracy": 0.9615333333333334,
    "test_robustness_drop": null,
    "test_restoration_gain": null,
    "test_position_1_acc": 0.9936666666666667,
    "test_position_2_acc": 0.9904666666666667,
    "test_position_3_acc": 0.9916,
    "test_position_4_acc": 0.9918666666666667,
    "test_position_5_acc": 0.9929333333333333
}