{
    "epoch": 171,
    "train_loss": 0.004036757318475337,
    "pretrain_loss": null,
    "finetune_loss": 0.00026336486945485006,
    "pseudo_label_count": 20941,
    "pseudo_label_accept_rate": 0.9971904761904762,
    "mean_pseudo_confidence": 0.9997449898058305,
    "consistency_loss": 0.0,
    "encoder_stage": "semisupervised_with_pseudolabels",
    "stn_status": "trainable",
    "stn_regularization_loss": 2.0207162478144917e-07,
    "val_loss": 0.2881482554817612,
    "val_seq_acc": 0.9628,
    "val_char_acc": 0.9924666666666667,
    "val_edit_distance": 0.03766666666666667,
    "val_clean_accuracy": 0.9628,
    "val_robustness_drop": null,
    "val_restoration_gain": null,
    "val_position_1_acc": 0.9927333333333334,
    "val_position_2_acc": 0.991,
    "val_position_3_acc": 0.9923333333333333,
    "val_position_4_acc": 0.9922,
    "val_position_5_acc": 0.9940666666666667,
    "test_loss": 0.2903882951807123,
    "test_seq_acc": 0.9626666666666667,
    "test_char_acc": 0.99236,
    "test_edit_distance": 0.038,
    "test_clean_accuracy": 0.9626666666666667,
    "test_robustness_drop": null,
    "test_restoration_gain": null,
    "test_position_1_acc": 0.994,
    "test_position_2_acc": 0.9903333333333333,
    "test_position_3_acc": 0.992,
    "test_position_4_acc": 0.9923333333333333,
    "test_position_5_acc": 0.9931333333333333
}