{
    "epoch": 69,
    "train_loss": 0.015559894000852528,
    "pretrain_loss": null,
    "finetune_loss": 0.0038831141026583155,
    "pseudo_label_count": 20760,
    "pseudo_label_accept_rate": 0.9885714285714285,
    "mean_pseudo_confidence": 0.9991810366367788,
    "consistency_loss": 0.0,
    "encoder_stage": "semisupervised_with_pseudolabels",
    "stn_status": "trainable",
    "stn_regularization_loss": 2.398820785321407e-07,
    "val_loss": 0.2541124962872926,
    "val_seq_acc": 0.961,
    "val_char_acc": 0.9920666666666667,
    "val_edit_distance": 0.03966666666666667,
    "val_clean_accuracy": 0.961,
    "val_robustness_drop": null,
    "val_restoration_gain": null,
    "val_position_1_acc": 0.9931333333333333,
    "val_position_2_acc": 0.9902666666666666,
    "val_position_3_acc": 0.9918,
    "val_position_4_acc": 0.9918666666666667,
    "val_position_5_acc": 0.9932666666666666,
    "test_loss": 0.2820583894359709,
    "test_seq_acc": 0.9588666666666666,
    "test_char_acc": 0.9916,
    "test_edit_distance": 0.0418,
    "test_clean_accuracy": 0.9588666666666666,
    "test_robustness_drop": null,
    "test_restoration_gain": null,
    "test_position_1_acc": 0.9936,
    "test_position_2_acc": 0.9895333333333334,
    "test_position_3_acc": 0.9902666666666666,
    "test_position_4_acc": 0.9922666666666666,
    "test_position_5_acc": 0.9923333333333333
}