{
    "epoch": 80,
    "train_loss": 0.010553313526603995,
    "pretrain_loss": null,
    "finetune_loss": 0.00244506236702853,
    "pseudo_label_count": 20804,
    "pseudo_label_accept_rate": 0.9906666666666667,
    "mean_pseudo_confidence": 0.9994715652060586,
    "consistency_loss": 0.0,
    "encoder_stage": "semisupervised_with_pseudolabels",
    "stn_status": "trainable",
    "stn_regularization_loss": 9.705182904330327e-08,
    "val_loss": 0.3078534994033962,
    "val_seq_acc": 0.9588,
    "val_char_acc": 0.9915466666666667,
    "val_edit_distance": 0.04226666666666667,
    "val_clean_accuracy": 0.9588,
    "val_robustness_drop": null,
    "val_restoration_gain": null,
    "val_position_1_acc": 0.9920666666666667,
    "val_position_2_acc": 0.9898666666666667,
    "val_position_3_acc": 0.9908,
    "val_position_4_acc": 0.9916,
    "val_position_5_acc": 0.9934,
    "test_loss": 0.3278432662409691,
    "test_seq_acc": 0.957,
    "test_char_acc": 0.99112,
    "test_edit_distance": 0.04426666666666667,
    "test_clean_accuracy": 0.957,
    "test_robustness_drop": null,
    "test_restoration_gain": null,
    "test_position_1_acc": 0.9924666666666667,
    "test_position_2_acc": 0.9890666666666666,
    "test_position_3_acc": 0.9900666666666667,
    "test_position_4_acc": 0.9916666666666667,
    "test_position_5_acc": 0.9923333333333333
}