{
    "epoch": 66,
    "train_loss": 0.014094772639729148,
    "pretrain_loss": null,
    "finetune_loss": 0.003957944036581552,
    "pseudo_label_count": 20761,
    "pseudo_label_accept_rate": 0.9886190476190476,
    "mean_pseudo_confidence": 0.9992197197151175,
    "consistency_loss": 0.0,
    "encoder_stage": "semisupervised_with_pseudolabels",
    "stn_status": "trainable",
    "stn_regularization_loss": 2.1927431036013585e-07,
    "val_loss": 0.2677804034866177,
    "val_seq_acc": 0.9564666666666667,
    "val_char_acc": 0.9911466666666666,
    "val_edit_distance": 0.04426666666666667,
    "val_clean_accuracy": 0.9564666666666667,
    "val_robustness_drop": null,
    "val_restoration_gain": null,
    "val_position_1_acc": 0.9918,
    "val_position_2_acc": 0.99,
    "val_position_3_acc": 0.9906,
    "val_position_4_acc": 0.9908,
    "val_position_5_acc": 0.9925333333333334,
    "test_loss": 0.29115179048910267,
    "test_seq_acc": 0.9568,
    "test_char_acc": 0.99116,
    "test_edit_distance": 0.044066666666666664,
    "test_clean_accuracy": 0.9568,
    "test_robustness_drop": null,
    "test_restoration_gain": null,
    "test_position_1_acc": 0.9931333333333333,
    "test_position_2_acc": 0.9889333333333333,
    "test_position_3_acc": 0.9898666666666667,
    "test_position_4_acc": 0.9909333333333333,
    "test_position_5_acc": 0.9929333333333333
}