{
    "epoch": 95,
    "train_loss": 0.009421513093200957,
    "pretrain_loss": null,
    "finetune_loss": 0.0021595952962711364,
    "pseudo_label_count": 20850,
    "pseudo_label_accept_rate": 0.9928571428571429,
    "mean_pseudo_confidence": 0.9995578129400167,
    "consistency_loss": 0.0,
    "encoder_stage": "semisupervised_with_pseudolabels",
    "stn_status": "trainable",
    "stn_regularization_loss": 1.7154983327533343e-07,
    "val_loss": 0.32408570065228093,
    "val_seq_acc": 0.9584,
    "val_char_acc": 0.9915466666666667,
    "val_edit_distance": 0.04226666666666667,
    "val_clean_accuracy": 0.9584,
    "val_robustness_drop": null,
    "val_restoration_gain": null,
    "val_position_1_acc": 0.9924666666666667,
    "val_position_2_acc": 0.9892666666666666,
    "val_position_3_acc": 0.9914666666666667,
    "val_position_4_acc": 0.9911333333333333,
    "val_position_5_acc": 0.9934,
    "test_loss": 0.31280515032861894,
    "test_seq_acc": 0.9583333333333334,
    "test_char_acc": 0.9914933333333333,
    "test_edit_distance": 0.0424,
    "test_clean_accuracy": 0.9583333333333334,
    "test_robustness_drop": null,
    "test_restoration_gain": null,
    "test_position_1_acc": 0.9939333333333333,
    "test_position_2_acc": 0.9895333333333334,
    "test_position_3_acc": 0.9905333333333334,
    "test_position_4_acc": 0.9913333333333333,
    "test_position_5_acc": 0.9921333333333333
}