{
    "epoch": 145,
    "train_loss": 0.0033039823008208288,
    "pretrain_loss": null,
    "finetune_loss": 0.00039521569741601684,
    "pseudo_label_count": 20929,
    "pseudo_label_accept_rate": 0.9966190476190476,
    "mean_pseudo_confidence": 0.9997538852249649,
    "consistency_loss": 0.0,
    "encoder_stage": "semisupervised_with_pseudolabels",
    "stn_status": "trainable",
    "stn_regularization_loss": 2.1482138170878128e-07,
    "val_loss": 0.29201118053120384,
    "val_seq_acc": 0.9624666666666667,
    "val_char_acc": 0.9923866666666666,
    "val_edit_distance": 0.038066666666666665,
    "val_clean_accuracy": 0.9624666666666667,
    "val_robustness_drop": null,
    "val_restoration_gain": null,
    "val_position_1_acc": 0.9924,
    "val_position_2_acc": 0.9910666666666667,
    "val_position_3_acc": 0.9920666666666667,
    "val_position_4_acc": 0.9924666666666667,
    "val_position_5_acc": 0.9939333333333333,
    "test_loss": 0.29430534250000456,
    "test_seq_acc": 0.9621333333333333,
    "test_char_acc": 0.9922533333333333,
    "test_edit_distance": 0.0386,
    "test_clean_accuracy": 0.9621333333333333,
    "test_robustness_drop": null,
    "test_restoration_gain": null,
    "test_position_1_acc": 0.9941333333333333,
    "test_position_2_acc": 0.9900666666666667,
    "test_position_3_acc": 0.992,
    "test_position_4_acc": 0.9918666666666667,
    "test_position_5_acc": 0.9932
}