{
    "epoch": 197,
    "train_loss": 0.002564679915217967,
    "pretrain_loss": null,
    "finetune_loss": 0.00020504418572740506,
    "pseudo_label_count": 20942,
    "pseudo_label_accept_rate": 0.9972380952380953,
    "mean_pseudo_confidence": 0.9997751505141977,
    "consistency_loss": 0.0,
    "encoder_stage": "semisupervised_with_pseudolabels",
    "stn_status": "trainable",
    "stn_regularization_loss": 1.9808427872324352e-07,
    "val_loss": 0.29822847131166624,
    "val_seq_acc": 0.9621333333333333,
    "val_char_acc": 0.9922666666666666,
    "val_edit_distance": 0.03866666666666667,
    "val_clean_accuracy": 0.9621333333333333,
    "val_robustness_drop": null,
    "val_restoration_gain": null,
    "val_position_1_acc": 0.993,
    "val_position_2_acc": 0.9905333333333334,
    "val_position_3_acc": 0.992,
    "val_position_4_acc": 0.9925333333333334,
    "val_position_5_acc": 0.9932666666666666,
    "test_loss": 0.30992403117749956,
    "test_seq_acc": 0.9599333333333333,
    "test_char_acc": 0.9918133333333333,
    "test_edit_distance": 0.0408,
    "test_clean_accuracy": 0.9599333333333333,
    "test_robustness_drop": null,
    "test_restoration_gain": null,
    "test_position_1_acc": 0.9932666666666666,
    "test_position_2_acc": 0.9897333333333334,
    "test_position_3_acc": 0.9912666666666666,
    "test_position_4_acc": 0.9921333333333333,
    "test_position_5_acc": 0.9926666666666667
}