{
    "epoch": 51,
    "train_loss": 0.1355996474484883,
    "pretrain_loss": null,
    "finetune_loss": 0.11177549822308858,
    "pseudo_label_count": 20370,
    "pseudo_label_accept_rate": 0.97,
    "mean_pseudo_confidence": 0.9981288205541462,
    "consistency_loss": 0.0,
    "encoder_stage": "semisupervised_with_pseudolabels",
    "stn_status": "trainable",
    "stn_regularization_loss": 3.2749619496747087e-07,
    "val_loss": 0.22969868107540334,
    "val_seq_acc": 0.9548666666666666,
    "val_char_acc": 0.9907333333333334,
    "val_edit_distance": 0.04633333333333333,
    "val_clean_accuracy": 0.9548666666666666,
    "val_robustness_drop": null,
    "val_restoration_gain": null,
    "val_position_1_acc": 0.9912,
    "val_position_2_acc": 0.99,
    "val_position_3_acc": 0.9896666666666667,
    "val_position_4_acc": 0.99,
    "val_position_5_acc": 0.9928,
    "test_loss": 0.24726299252057637,
    "test_seq_acc": 0.9517333333333333,
    "test_char_acc": 0.9900933333333334,
    "test_edit_distance": 0.0494,
    "test_clean_accuracy": 0.9517333333333333,
    "test_robustness_drop": null,
    "test_restoration_gain": null,
    "test_position_1_acc": 0.9931333333333333,
    "test_position_2_acc": 0.9874,
    "test_position_3_acc": 0.9881333333333333,
    "test_position_4_acc": 0.9896,
    "test_position_5_acc": 0.9922
}