{
    "epoch": 32,
    "train_loss": 0.14916627238276037,
    "pretrain_loss": null,
    "finetune_loss": 0.11129728118298142,
    "pseudo_label_count": 20109,
    "pseudo_label_accept_rate": 0.9575714285714285,
    "mean_pseudo_confidence": 0.9969975616949819,
    "consistency_loss": 0.0,
    "encoder_stage": "semisupervised_with_pseudolabels",
    "stn_status": "trainable",
    "stn_regularization_loss": 3.045477778046025e-07,
    "val_loss": 2.111123687662977,
    "val_seq_acc": 0.7979333333333334,
    "val_char_acc": 0.95524,
    "val_edit_distance": 0.2238,
    "val_clean_accuracy": 0.7979333333333334,
    "val_robustness_drop": null,
    "val_restoration_gain": null,
    "val_position_1_acc": 0.9604666666666667,
    "val_position_2_acc": 0.9542666666666667,
    "val_position_3_acc": 0.951,
    "val_position_4_acc": 0.9523333333333334,
    "val_position_5_acc": 0.9581333333333333,
    "test_loss": 2.1011766512343226,
    "test_seq_acc": 0.7945333333333333,
    "test_char_acc": 0.9550133333333334,
    "test_edit_distance": 0.2248,
    "test_clean_accuracy": 0.7945333333333333,
    "test_robustness_drop": null,
    "test_restoration_gain": null,
    "test_position_1_acc": 0.9591333333333333,
    "test_position_2_acc": 0.9552,
    "test_position_3_acc": 0.9520666666666666,
    "test_position_4_acc": 0.9531333333333334,
    "test_position_5_acc": 0.9555333333333333
}