{
    "epoch": 49,
    "train_loss": 0.15977386365094765,
    "pretrain_loss": null,
    "finetune_loss": 0.08569123482288472,
    "pseudo_label_count": 19459,
    "pseudo_label_accept_rate": 0.9266190476190476,
    "mean_pseudo_confidence": 0.9966803803167741,
    "consistency_loss": 0.0,
    "encoder_stage": "semisupervised_with_pseudolabels",
    "stn_status": "trainable",
    "stn_regularization_loss": 6.390131765771644e-07,
    "val_loss": 10.708298468082509,
    "val_seq_acc": 0.39053333333333334,
    "val_char_acc": 0.8232666666666667,
    "val_edit_distance": 0.8834,
    "val_clean_accuracy": 0.39053333333333334,
    "val_robustness_drop": null,
    "val_restoration_gain": null,
    "val_position_1_acc": 0.8314666666666667,
    "val_position_2_acc": 0.7948666666666667,
    "val_position_3_acc": 0.8263333333333334,
    "val_position_4_acc": 0.8087333333333333,
    "val_position_5_acc": 0.8549333333333333,
    "test_loss": 10.80415915022505,
    "test_seq_acc": 0.38106666666666666,
    "test_char_acc": 0.8215333333333333,
    "test_edit_distance": 0.8920666666666667,
    "test_clean_accuracy": 0.38106666666666666,
    "test_robustness_drop": null,
    "test_restoration_gain": null,
    "test_position_1_acc": 0.8328,
    "test_position_2_acc": 0.7918666666666667,
    "test_position_3_acc": 0.8238,
    "test_position_4_acc": 0.8042666666666667,
    "test_position_5_acc": 0.8549333333333333
}