{
    "epoch": 48,
    "train_loss": 0.1265659124598922,
    "pretrain_loss": null,
    "finetune_loss": 0.07232447030364995,
    "pseudo_label_count": 19892,
    "pseudo_label_accept_rate": 0.9472380952380952,
    "mean_pseudo_confidence": 0.9971747062298798,
    "consistency_loss": 0.0,
    "encoder_stage": "semisupervised_with_pseudolabels",
    "stn_status": "trainable",
    "stn_regularization_loss": 1.0998915951750283e-06,
    "val_loss": 5.260891588190769,
    "val_seq_acc": 0.6777333333333333,
    "val_char_acc": 0.9244533333333333,
    "val_edit_distance": 0.3774666666666667,
    "val_clean_accuracy": 0.6777333333333333,
    "val_robustness_drop": null,
    "val_restoration_gain": null,
    "val_position_1_acc": 0.9206666666666666,
    "val_position_2_acc": 0.9248666666666666,
    "val_position_3_acc": 0.9236,
    "val_position_4_acc": 0.9216,
    "val_position_5_acc": 0.9315333333333333,
    "test_loss": 5.205307636869715,
    "test_seq_acc": 0.6806,
    "test_char_acc": 0.92516,
    "test_edit_distance": 0.374,
    "test_clean_accuracy": 0.6806,
    "test_robustness_drop": null,
    "test_restoration_gain": null,
    "test_position_1_acc": 0.9186,
    "test_position_2_acc": 0.9247333333333333,
    "test_position_3_acc": 0.9253333333333333,
    "test_position_4_acc": 0.925,
    "test_position_5_acc": 0.9321333333333334
}