{
    "epoch": 85,
    "train_loss": 0.011768079344260144,
    "pretrain_loss": null,
    "finetune_loss": 0.0028740797798270414,
    "pseudo_label_count": 20822,
    "pseudo_label_accept_rate": 0.9915238095238095,
    "mean_pseudo_confidence": 0.9994508447455646,
    "consistency_loss": 0.0,
    "encoder_stage": "semisupervised_with_pseudolabels",
    "stn_status": "trainable",
    "stn_regularization_loss": 7.795694692533e-08,
    "val_loss": 0.3202091732134849,
    "val_seq_acc": 0.9579333333333333,
    "val_char_acc": 0.9914133333333334,
    "val_edit_distance": 0.04293333333333333,
    "val_clean_accuracy": 0.9579333333333333,
    "val_robustness_drop": null,
    "val_restoration_gain": null,
    "val_position_1_acc": 0.9922,
    "val_position_2_acc": 0.9906,
    "val_position_3_acc": 0.9904,
    "val_position_4_acc": 0.9915333333333334,
    "val_position_5_acc": 0.9923333333333333,
    "test_loss": 0.3430760464726615,
    "test_seq_acc": 0.9547333333333333,
    "test_char_acc": 0.9906666666666667,
    "test_edit_distance": 0.04646666666666667,
    "test_clean_accuracy": 0.9547333333333333,
    "test_robustness_drop": null,
    "test_restoration_gain": null,
    "test_position_1_acc": 0.9926,
    "test_position_2_acc": 0.9887333333333334,
    "test_position_3_acc": 0.9896,
    "test_position_4_acc": 0.9902,
    "test_position_5_acc": 0.9922
}