{
    "epoch": 158,
    "train_loss": 0.004180211164606912,
    "pretrain_loss": null,
    "finetune_loss": 0.0003100979022108413,
    "pseudo_label_count": 20938,
    "pseudo_label_accept_rate": 0.9970476190476191,
    "mean_pseudo_confidence": 0.9997348145457504,
    "consistency_loss": 0.0,
    "encoder_stage": "semisupervised_with_pseudolabels",
    "stn_status": "trainable",
    "stn_regularization_loss": 2.01302132386059e-07,
    "val_loss": 0.2937996549661546,
    "val_seq_acc": 0.962,
    "val_char_acc": 0.9923066666666667,
    "val_edit_distance": 0.03846666666666667,
    "val_clean_accuracy": 0.962,
    "val_robustness_drop": null,
    "val_restoration_gain": null,
    "val_position_1_acc": 0.9928,
    "val_position_2_acc": 0.9908666666666667,
    "val_position_3_acc": 0.9914666666666667,
    "val_position_4_acc": 0.9924,
    "val_position_5_acc": 0.994,
    "test_loss": 0.29488286048906454,
    "test_seq_acc": 0.9619333333333333,
    "test_char_acc": 0.9921466666666666,
    "test_edit_distance": 0.039066666666666666,
    "test_clean_accuracy": 0.9619333333333333,
    "test_robustness_drop": null,
    "test_restoration_gain": null,
    "test_position_1_acc": 0.9939333333333333,
    "test_position_2_acc": 0.9904,
    "test_position_3_acc": 0.9914,
    "test_position_4_acc": 0.9918666666666667,
    "test_position_5_acc": 0.9931333333333333
}