{
    "epoch": 53,
    "train_loss": 0.033165042546503834,
    "pretrain_loss": null,
    "finetune_loss": 0.012497086566538543,
    "pseudo_label_count": 20506,
    "pseudo_label_accept_rate": 0.9764761904761905,
    "mean_pseudo_confidence": 0.9985244878964065,
    "consistency_loss": 0.0,
    "encoder_stage": "semisupervised_with_pseudolabels",
    "stn_status": "trainable",
    "stn_regularization_loss": 1.1890054175459488e-07,
    "val_loss": 0.21318808962774285,
    "val_seq_acc": 0.9586666666666667,
    "val_char_acc": 0.9915333333333334,
    "val_edit_distance": 0.042333333333333334,
    "val_clean_accuracy": 0.9586666666666667,
    "val_robustness_drop": null,
    "val_restoration_gain": null,
    "val_position_1_acc": 0.992,
    "val_position_2_acc": 0.99,
    "val_position_3_acc": 0.9911333333333333,
    "val_position_4_acc": 0.9912666666666666,
    "val_position_5_acc": 0.9932666666666666,
    "test_loss": 0.23229030981304452,
    "test_seq_acc": 0.9557333333333333,
    "test_char_acc": 0.9909733333333334,
    "test_edit_distance": 0.04493333333333333,
    "test_clean_accuracy": 0.9557333333333333,
    "test_robustness_drop": null,
    "test_restoration_gain": null,
    "test_position_1_acc": 0.993,
    "test_position_2_acc": 0.989,
    "test_position_3_acc": 0.9896666666666667,
    "test_position_4_acc": 0.9904,
    "test_position_5_acc": 0.9928
}