{
    "epoch": 150,
    "train_loss": 0.003913366903798483,
    "pretrain_loss": null,
    "finetune_loss": 0.0002939335870706308,
    "pseudo_label_count": 20929,
    "pseudo_label_accept_rate": 0.9966190476190476,
    "mean_pseudo_confidence": 0.9997474968054604,
    "consistency_loss": 0.0,
    "encoder_stage": "semisupervised_with_pseudolabels",
    "stn_status": "trainable",
    "stn_regularization_loss": 2.009443702739855e-07,
    "val_loss": 0.2951568145600291,
    "val_seq_acc": 0.9625333333333334,
    "val_char_acc": 0.9923466666666667,
    "val_edit_distance": 0.038266666666666664,
    "val_clean_accuracy": 0.9625333333333334,
    "val_robustness_drop": null,
    "val_restoration_gain": null,
    "val_position_1_acc": 0.9926,
    "val_position_2_acc": 0.9909333333333333,
    "val_position_3_acc": 0.992,
    "val_position_4_acc": 0.9924666666666667,
    "val_position_5_acc": 0.9937333333333334,
    "test_loss": 0.29754700795926337,
    "test_seq_acc": 0.9614666666666667,
    "test_char_acc": 0.9921066666666667,
    "test_edit_distance": 0.03933333333333333,
    "test_clean_accuracy": 0.9614666666666667,
    "test_robustness_drop": null,
    "test_restoration_gain": null,
    "test_position_1_acc": 0.9937333333333334,
    "test_position_2_acc": 0.9905333333333334,
    "test_position_3_acc": 0.9913333333333333,
    "test_position_4_acc": 0.9919333333333333,
    "test_position_5_acc": 0.993
}