{
    "epoch": 12,
    "train_loss": 0.21075786831582027,
    "pretrain_loss": null,
    "finetune_loss": 0.21075786831582027,
    "pseudo_label_count": 0,
    "pseudo_label_accept_rate": 0.0,
    "mean_pseudo_confidence": 0.0,
    "consistency_loss": 0.0,
    "encoder_stage": "semisupervised_warmup",
    "stn_status": "frozen",
    "stn_regularization_loss": 0.0,
    "val_loss": 0.25296255829644965,
    "val_seq_acc": 0.9319333333333333,
    "val_char_acc": 0.9856133333333333,
    "val_edit_distance": 0.07186666666666666,
    "val_clean_accuracy": 0.9319333333333333,
    "val_robustness_drop": null,
    "val_restoration_gain": null,
    "val_position_1_acc": 0.9876,
    "val_position_2_acc": 0.9834666666666667,
    "val_position_3_acc": 0.9816,
    "val_position_4_acc": 0.9852,
    "val_position_5_acc": 0.9902,
    "test_loss": 0.26251689219411384,
    "test_seq_acc": 0.9286666666666666,
    "test_char_acc": 0.9850266666666667,
    "test_edit_distance": 0.0748,
    "test_clean_accuracy": 0.9286666666666666,
    "test_robustness_drop": null,
    "test_restoration_gain": null,
    "test_position_1_acc": 0.989,
    "test_position_2_acc": 0.9788666666666667,
    "test_position_3_acc": 0.9827333333333333,
    "test_position_4_acc": 0.9851333333333333,
    "test_position_5_acc": 0.9894
}