{
    "epoch": 46,
    "train_loss": 0.15366111219045903,
    "pretrain_loss": null,
    "finetune_loss": 0.07453508733746816,
    "pseudo_label_count": 19488,
    "pseudo_label_accept_rate": 0.928,
    "mean_pseudo_confidence": 0.9962603938697007,
    "consistency_loss": 0.0,
    "encoder_stage": "semisupervised_with_pseudolabels",
    "stn_status": "trainable",
    "stn_regularization_loss": 5.498898552839976e-07,
    "val_loss": 3.981112940767978,
    "val_seq_acc": 0.6834666666666667,
    "val_char_acc": 0.92592,
    "val_edit_distance": 0.37033333333333335,
    "val_clean_accuracy": 0.6834666666666667,
    "val_robustness_drop": null,
    "val_restoration_gain": null,
    "val_position_1_acc": 0.9512,
    "val_position_2_acc": 0.93,
    "val_position_3_acc": 0.9072666666666667,
    "val_position_4_acc": 0.9178666666666667,
    "val_position_5_acc": 0.9232666666666667,
    "test_loss": 3.920845556766429,
    "test_seq_acc": 0.6824666666666667,
    "test_char_acc": 0.9261866666666667,
    "test_edit_distance": 0.3688666666666667,
    "test_clean_accuracy": 0.6824666666666667,
    "test_robustness_drop": null,
    "test_restoration_gain": null,
    "test_position_1_acc": 0.9508,
    "test_position_2_acc": 0.9273333333333333,
    "test_position_3_acc": 0.9100666666666667,
    "test_position_4_acc": 0.9182666666666667,
    "test_position_5_acc": 0.9244666666666667
}