{
    "epoch": 16,
    "train_loss": 0.14695641506152038,
    "pretrain_loss": null,
    "finetune_loss": 0.14695641506152038,
    "pseudo_label_count": 0,
    "pseudo_label_accept_rate": 0.0,
    "mean_pseudo_confidence": 0.0,
    "consistency_loss": 0.0,
    "encoder_stage": "semisupervised_warmup",
    "stn_status": "trainable",
    "stn_regularization_loss": 2.770340298529197e-09,
    "val_loss": 1.1283951052959929,
    "val_seq_acc": 0.8292666666666667,
    "val_char_acc": 0.9535866666666667,
    "val_edit_distance": 0.227,
    "val_clean_accuracy": 0.8292666666666667,
    "val_robustness_drop": null,
    "val_restoration_gain": null,
    "val_position_1_acc": 0.9616666666666667,
    "val_position_2_acc": 0.958,
    "val_position_3_acc": 0.9613333333333334,
    "val_position_4_acc": 0.944,
    "val_position_5_acc": 0.9429333333333333,
    "test_loss": 1.1352677266648474,
    "test_seq_acc": 0.8326,
    "test_char_acc": 0.9538933333333334,
    "test_edit_distance": 0.2254,
    "test_clean_accuracy": 0.8326,
    "test_robustness_drop": null,
    "test_restoration_gain": null,
    "test_position_1_acc": 0.9632,
    "test_position_2_acc": 0.9576,
    "test_position_3_acc": 0.9617333333333333,
    "test_position_4_acc": 0.9454666666666667,
    "test_position_5_acc": 0.9414666666666667
}