{
    "epoch": 161,
    "train_loss": 0.004842991517082775,
    "pretrain_loss": null,
    "finetune_loss": 0.00045909794475929976,
    "pseudo_label_count": 20926,
    "pseudo_label_accept_rate": 0.9964761904761905,
    "mean_pseudo_confidence": 0.9997683715309887,
    "consistency_loss": 0.0,
    "encoder_stage": "semisupervised_with_pseudolabels",
    "stn_status": "trainable",
    "stn_regularization_loss": 2.018550488810676e-07,
    "val_loss": 0.28699808684586386,
    "val_seq_acc": 0.9622666666666667,
    "val_char_acc": 0.99236,
    "val_edit_distance": 0.0382,
    "val_clean_accuracy": 0.9622666666666667,
    "val_robustness_drop": null,
    "val_restoration_gain": null,
    "val_position_1_acc": 0.9929333333333333,
    "val_position_2_acc": 0.9907333333333334,
    "val_position_3_acc": 0.9918,
    "val_position_4_acc": 0.9927333333333334,
    "val_position_5_acc": 0.9936,
    "test_loss": 0.2925442834721949,
    "test_seq_acc": 0.9611333333333333,
    "test_char_acc": 0.992,
    "test_edit_distance": 0.0398,
    "test_clean_accuracy": 0.9611333333333333,
    "test_robustness_drop": null,
    "test_restoration_gain": null,
    "test_position_1_acc": 0.9935333333333334,
    "test_position_2_acc": 0.9902,
    "test_position_3_acc": 0.9914,
    "test_position_4_acc": 0.9919333333333333,
    "test_position_5_acc": 0.9929333333333333
}