{
    "epoch": 162,
    "train_loss": 0.00444061513794822,
    "pretrain_loss": null,
    "finetune_loss": 0.00025352376142156774,
    "pseudo_label_count": 20930,
    "pseudo_label_accept_rate": 0.9966666666666667,
    "mean_pseudo_confidence": 0.9997492127252205,
    "consistency_loss": 0.0,
    "encoder_stage": "semisupervised_with_pseudolabels",
    "stn_status": "trainable",
    "stn_regularization_loss": 2.0178828500690243e-07,
    "val_loss": 0.2983046171748317,
    "val_seq_acc": 0.9626,
    "val_char_acc": 0.9924266666666667,
    "val_edit_distance": 0.037866666666666667,
    "val_clean_accuracy": 0.9626,
    "val_robustness_drop": null,
    "val_restoration_gain": null,
    "val_position_1_acc": 0.9923333333333333,
    "val_position_2_acc": 0.991,
    "val_position_3_acc": 0.9922666666666666,
    "val_position_4_acc": 0.9925333333333334,
    "val_position_5_acc": 0.994,
    "test_loss": 0.2994238039623463,
    "test_seq_acc": 0.9622,
    "test_char_acc": 0.9922666666666666,
    "test_edit_distance": 0.03846666666666667,
    "test_clean_accuracy": 0.9622,
    "test_robustness_drop": null,
    "test_restoration_gain": null,
    "test_position_1_acc": 0.994,
    "test_position_2_acc": 0.9899333333333333,
    "test_position_3_acc": 0.9916,
    "test_position_4_acc": 0.9924,
    "test_position_5_acc": 0.9934
}