{
    "epoch": 2,
    "train_loss": 0.9201720403628935,
    "pretrain_loss": null,
    "finetune_loss": 0.9201720403628935,
    "pseudo_label_count": 0,
    "pseudo_label_accept_rate": 0.0,
    "mean_pseudo_confidence": 0.0,
    "consistency_loss": 0.0,
    "encoder_stage": "semisupervised_warmup",
    "stn_status": "frozen",
    "stn_regularization_loss": 0.0,
    "val_loss": 2.349401828075977,
    "val_seq_acc": 0.5575333333333333,
    "val_char_acc": 0.871,
    "val_edit_distance": 0.6364666666666666,
    "val_clean_accuracy": 0.5575333333333333,
    "val_robustness_drop": null,
    "val_restoration_gain": null,
    "val_position_1_acc": 0.8852666666666666,
    "val_position_2_acc": 0.8414,
    "val_position_3_acc": 0.8595333333333334,
    "val_position_4_acc": 0.8869333333333334,
    "val_position_5_acc": 0.8818666666666667,
    "test_loss": 2.366923633027584,
    "test_seq_acc": 0.5515333333333333,
    "test_char_acc": 0.86976,
    "test_edit_distance": 0.6420666666666667,
    "test_clean_accuracy": 0.5515333333333333,
    "test_robustness_drop": null,
    "test_restoration_gain": null,
    "test_position_1_acc": 0.8845333333333333,
    "test_position_2_acc": 0.8406666666666667,
    "test_position_3_acc": 0.857,
    "test_position_4_acc": 0.8883333333333333,
    "test_position_5_acc": 0.8782666666666666
}