{
    "epoch": 151,
    "train_loss": 0.004598856834423825,
    "pretrain_loss": null,
    "finetune_loss": 0.0005863659090867474,
    "pseudo_label_count": 20921,
    "pseudo_label_accept_rate": 0.9962380952380953,
    "mean_pseudo_confidence": 0.9997579054374106,
    "consistency_loss": 0.0,
    "encoder_stage": "semisupervised_with_pseudolabels",
    "stn_status": "trainable",
    "stn_regularization_loss": 1.9970635047670376e-07,
    "val_loss": 0.29121798123864634,
    "val_seq_acc": 0.962,
    "val_char_acc": 0.9922533333333333,
    "val_edit_distance": 0.038733333333333335,
    "val_clean_accuracy": 0.962,
    "val_robustness_drop": null,
    "val_restoration_gain": null,
    "val_position_1_acc": 0.9929333333333333,
    "val_position_2_acc": 0.9905333333333334,
    "val_position_3_acc": 0.9916666666666667,
    "val_position_4_acc": 0.9923333333333333,
    "val_position_5_acc": 0.9938,
    "test_loss": 0.29523495967225943,
    "test_seq_acc": 0.9614,
    "test_char_acc": 0.9920666666666667,
    "test_edit_distance": 0.039466666666666664,
    "test_clean_accuracy": 0.9614,
    "test_robustness_drop": null,
    "test_restoration_gain": null,
    "test_position_1_acc": 0.9934,
    "test_position_2_acc": 0.9904,
    "test_position_3_acc": 0.9912666666666666,
    "test_position_4_acc": 0.9922,
    "test_position_5_acc": 0.9930666666666667
}