{
    "epoch": 82,
    "train_loss": 0.010916863968311622,
    "pretrain_loss": null,
    "finetune_loss": 0.002380952891911276,
    "pseudo_label_count": 20802,
    "pseudo_label_accept_rate": 0.9905714285714285,
    "mean_pseudo_confidence": 0.9993874876559463,
    "consistency_loss": 0.0,
    "encoder_stage": "semisupervised_with_pseudolabels",
    "stn_status": "trainable",
    "stn_regularization_loss": 6.020770764142642e-08,
    "val_loss": 0.42851811742425233,
    "val_seq_acc": 0.9486,
    "val_char_acc": 0.9894666666666667,
    "val_edit_distance": 0.05266666666666667,
    "val_clean_accuracy": 0.9486,
    "val_robustness_drop": null,
    "val_restoration_gain": null,
    "val_position_1_acc": 0.9890666666666666,
    "val_position_2_acc": 0.989,
    "val_position_3_acc": 0.9879333333333333,
    "val_position_4_acc": 0.9893333333333333,
    "val_position_5_acc": 0.992,
    "test_loss": 0.4645676090155401,
    "test_seq_acc": 0.9459333333333333,
    "test_char_acc": 0.9889466666666666,
    "test_edit_distance": 0.0552,
    "test_clean_accuracy": 0.9459333333333333,
    "test_robustness_drop": null,
    "test_restoration_gain": null,
    "test_position_1_acc": 0.9886,
    "test_position_2_acc": 0.9878,
    "test_position_3_acc": 0.9882,
    "test_position_4_acc": 0.9895333333333334,
    "test_position_5_acc": 0.9906
}