{
    "epoch": 112,
    "train_loss": 0.006317840507150594,
    "pretrain_loss": null,
    "finetune_loss": 0.0007171261478336659,
    "pseudo_label_count": 20886,
    "pseudo_label_accept_rate": 0.9945714285714286,
    "mean_pseudo_confidence": 0.9996618593514199,
    "consistency_loss": 0.0,
    "encoder_stage": "semisupervised_with_pseudolabels",
    "stn_status": "trainable",
    "stn_regularization_loss": 1.8968158504821078e-07,
    "val_loss": 0.29560127433004263,
    "val_seq_acc": 0.9608,
    "val_char_acc": 0.9920533333333333,
    "val_edit_distance": 0.039733333333333336,
    "val_clean_accuracy": 0.9608,
    "val_robustness_drop": null,
    "val_restoration_gain": null,
    "val_position_1_acc": 0.9921333333333333,
    "val_position_2_acc": 0.9899333333333333,
    "val_position_3_acc": 0.9922666666666666,
    "val_position_4_acc": 0.9922666666666666,
    "val_position_5_acc": 0.9936666666666667,
    "test_loss": 0.29777593541125785,
    "test_seq_acc": 0.9609333333333333,
    "test_char_acc": 0.992,
    "test_edit_distance": 0.03986666666666667,
    "test_clean_accuracy": 0.9609333333333333,
    "test_robustness_drop": null,
    "test_restoration_gain": null,
    "test_position_1_acc": 0.9941333333333333,
    "test_position_2_acc": 0.9900666666666667,
    "test_position_3_acc": 0.9913333333333333,
    "test_position_4_acc": 0.9916,
    "test_position_5_acc": 0.9928666666666667
}