{
    "epoch": 47,
    "train_loss": 0.1824447020070573,
    "pretrain_loss": null,
    "finetune_loss": 0.07939231558854865,
    "pseudo_label_count": 18951,
    "pseudo_label_accept_rate": 0.9024285714285715,
    "mean_pseudo_confidence": 0.995535616044111,
    "consistency_loss": 0.0,
    "encoder_stage": "semisupervised_with_pseudolabels",
    "stn_status": "trainable",
    "stn_regularization_loss": 7.687228613994632e-07,
    "val_loss": 2.177312018516216,
    "val_seq_acc": 0.7814666666666666,
    "val_char_acc": 0.9509733333333333,
    "val_edit_distance": 0.2448,
    "val_clean_accuracy": 0.7814666666666666,
    "val_robustness_drop": null,
    "val_restoration_gain": null,
    "val_position_1_acc": 0.9488666666666666,
    "val_position_2_acc": 0.9475333333333333,
    "val_position_3_acc": 0.9610666666666666,
    "val_position_4_acc": 0.9638,
    "val_position_5_acc": 0.9336,
    "test_loss": 2.187616999732687,
    "test_seq_acc": 0.7804,
    "test_char_acc": 0.9506,
    "test_edit_distance": 0.24666666666666667,
    "test_clean_accuracy": 0.7804,
    "test_robustness_drop": null,
    "test_restoration_gain": null,
    "test_position_1_acc": 0.9482,
    "test_position_2_acc": 0.9458666666666666,
    "test_position_3_acc": 0.9612,
    "test_position_4_acc": 0.965,
    "test_position_5_acc": 0.9327333333333333
}