{
    "epoch": 126,
    "train_loss": 0.003854310015344503,
    "pretrain_loss": null,
    "finetune_loss": 0.0003650038138866092,
    "pseudo_label_count": 20912,
    "pseudo_label_accept_rate": 0.9958095238095238,
    "mean_pseudo_confidence": 0.9997174953493163,
    "consistency_loss": 0.0,
    "encoder_stage": "semisupervised_with_pseudolabels",
    "stn_status": "trainable",
    "stn_regularization_loss": 2.2311040585832472e-07,
    "val_loss": 0.2908134566560546,
    "val_seq_acc": 0.9616,
    "val_char_acc": 0.9922666666666666,
    "val_edit_distance": 0.03866666666666667,
    "val_clean_accuracy": 0.9616,
    "val_robustness_drop": null,
    "val_restoration_gain": null,
    "val_position_1_acc": 0.9928,
    "val_position_2_acc": 0.9905333333333334,
    "val_position_3_acc": 0.9918,
    "val_position_4_acc": 0.9924666666666667,
    "val_position_5_acc": 0.9937333333333334,
    "test_loss": 0.2951610648093749,
    "test_seq_acc": 0.9600666666666666,
    "test_char_acc": 0.9918266666666666,
    "test_edit_distance": 0.04073333333333334,
    "test_clean_accuracy": 0.9600666666666666,
    "test_robustness_drop": null,
    "test_restoration_gain": null,
    "test_position_1_acc": 0.9934,
    "test_position_2_acc": 0.9898,
    "test_position_3_acc": 0.9910666666666667,
    "test_position_4_acc": 0.9918,
    "test_position_5_acc": 0.9930666666666667
}