{
    "epoch": 105,
    "train_loss": 0.007693232985379848,
    "pretrain_loss": null,
    "finetune_loss": 0.0013551487577162296,
    "pseudo_label_count": 20896,
    "pseudo_label_accept_rate": 0.9950476190476191,
    "mean_pseudo_confidence": 0.9996060005190909,
    "consistency_loss": 0.0,
    "encoder_stage": "semisupervised_with_pseudolabels",
    "stn_status": "trainable",
    "stn_regularization_loss": 1.5293560335063154e-07,
    "val_loss": 0.2884731860399776,
    "val_seq_acc": 0.9618,
    "val_char_acc": 0.9922666666666666,
    "val_edit_distance": 0.03866666666666667,
    "val_clean_accuracy": 0.9618,
    "val_robustness_drop": null,
    "val_restoration_gain": null,
    "val_position_1_acc": 0.9925333333333334,
    "val_position_2_acc": 0.9906666666666667,
    "val_position_3_acc": 0.9921333333333333,
    "val_position_4_acc": 0.9922666666666666,
    "val_position_5_acc": 0.9937333333333334,
    "test_loss": 0.29232617992344806,
    "test_seq_acc": 0.9613333333333334,
    "test_char_acc": 0.99204,
    "test_edit_distance": 0.0396,
    "test_clean_accuracy": 0.9613333333333334,
    "test_robustness_drop": null,
    "test_restoration_gain": null,
    "test_position_1_acc": 0.9940666666666667,
    "test_position_2_acc": 0.9901333333333333,
    "test_position_3_acc": 0.9916,
    "test_position_4_acc": 0.9915333333333334,
    "test_position_5_acc": 0.9928666666666667
}