{
    "epoch": 26,
    "train_loss": 0.3373575682511781,
    "pretrain_loss": null,
    "finetune_loss": 0.24162672362083631,
    "pseudo_label_count": 18638,
    "pseudo_label_accept_rate": 0.8875238095238095,
    "mean_pseudo_confidence": 0.9943334594639167,
    "consistency_loss": 0.0,
    "encoder_stage": "semisupervised_with_pseudolabels",
    "stn_status": "trainable",
    "stn_regularization_loss": 3.984433264557058e-07,
    "val_loss": 10.323572804065462,
    "val_seq_acc": 0.2955333333333333,
    "val_char_acc": 0.7787733333333333,
    "val_edit_distance": 1.1056,
    "val_clean_accuracy": 0.2955333333333333,
    "val_robustness_drop": null,
    "val_restoration_gain": null,
    "val_position_1_acc": 0.7588666666666667,
    "val_position_2_acc": 0.75,
    "val_position_3_acc": 0.7762,
    "val_position_4_acc": 0.7976,
    "val_position_5_acc": 0.8112,
    "test_loss": 10.433607391600914,
    "test_seq_acc": 0.2912666666666667,
    "test_char_acc": 0.7773466666666666,
    "test_edit_distance": 1.1127333333333334,
    "test_clean_accuracy": 0.2912666666666667,
    "test_robustness_drop": null,
    "test_restoration_gain": null,
    "test_position_1_acc": 0.7592,
    "test_position_2_acc": 0.7453333333333333,
    "test_position_3_acc": 0.7787333333333334,
    "test_position_4_acc": 0.7958,
    "test_position_5_acc": 0.8076666666666666
}