{
    "epoch": 78,
    "train_loss": 0.012138963560815987,
    "pretrain_loss": null,
    "finetune_loss": 0.0031468879848704358,
    "pseudo_label_count": 20795,
    "pseudo_label_accept_rate": 0.9902380952380953,
    "mean_pseudo_confidence": 0.999395647711638,
    "consistency_loss": 0.0,
    "encoder_stage": "semisupervised_with_pseudolabels",
    "stn_status": "trainable",
    "stn_regularization_loss": 2.3025870099328374e-07,
    "val_loss": 0.34602574780044654,
    "val_seq_acc": 0.9558666666666666,
    "val_char_acc": 0.9910133333333333,
    "val_edit_distance": 0.04493333333333333,
    "val_clean_accuracy": 0.9558666666666666,
    "val_robustness_drop": null,
    "val_restoration_gain": null,
    "val_position_1_acc": 0.9903333333333333,
    "val_position_2_acc": 0.99,
    "val_position_3_acc": 0.9912,
    "val_position_4_acc": 0.9910666666666667,
    "val_position_5_acc": 0.9924666666666667,
    "test_loss": 0.34263854598720694,
    "test_seq_acc": 0.9545333333333333,
    "test_char_acc": 0.9906666666666667,
    "test_edit_distance": 0.046533333333333336,
    "test_clean_accuracy": 0.9545333333333333,
    "test_robustness_drop": null,
    "test_restoration_gain": null,
    "test_position_1_acc": 0.9926666666666667,
    "test_position_2_acc": 0.9885333333333334,
    "test_position_3_acc": 0.9892666666666666,
    "test_position_4_acc": 0.9907333333333334,
    "test_position_5_acc": 0.9921333333333333
}