{
    "epoch": 65,
    "train_loss": 0.017459684393420785,
    "pretrain_loss": null,
    "finetune_loss": 0.004314402594501514,
    "pseudo_label_count": 20721,
    "pseudo_label_accept_rate": 0.9867142857142858,
    "mean_pseudo_confidence": 0.9991625569558363,
    "consistency_loss": 0.0,
    "encoder_stage": "semisupervised_with_pseudolabels",
    "stn_status": "trainable",
    "stn_regularization_loss": 2.195000736274421e-07,
    "val_loss": 0.3568420239680873,
    "val_seq_acc": 0.9496666666666667,
    "val_char_acc": 0.9897733333333333,
    "val_edit_distance": 0.051133333333333336,
    "val_clean_accuracy": 0.9496666666666667,
    "val_robustness_drop": null,
    "val_restoration_gain": null,
    "val_position_1_acc": 0.9896666666666667,
    "val_position_2_acc": 0.9877333333333334,
    "val_position_3_acc": 0.9906,
    "val_position_4_acc": 0.9892,
    "val_position_5_acc": 0.9916666666666667,
    "test_loss": 0.3780878141161396,
    "test_seq_acc": 0.9476,
    "test_char_acc": 0.98928,
    "test_edit_distance": 0.0534,
    "test_clean_accuracy": 0.9476,
    "test_robustness_drop": null,
    "test_restoration_gain": null,
    "test_position_1_acc": 0.9917333333333334,
    "test_position_2_acc": 0.9862666666666666,
    "test_position_3_acc": 0.9874,
    "test_position_4_acc": 0.9887333333333334,
    "test_position_5_acc": 0.9922666666666666
}