{
    "epoch": 143,
    "train_loss": 0.0035722890952999504,
    "pretrain_loss": null,
    "finetune_loss": 0.00044601527142660116,
    "pseudo_label_count": 20923,
    "pseudo_label_accept_rate": 0.9963333333333333,
    "mean_pseudo_confidence": 0.9997489007385455,
    "consistency_loss": 0.0,
    "encoder_stage": "semisupervised_with_pseudolabels",
    "stn_status": "trainable",
    "stn_regularization_loss": 2.1214865011797647e-07,
    "val_loss": 0.29494612141446697,
    "val_seq_acc": 0.9624666666666667,
    "val_char_acc": 0.99236,
    "val_edit_distance": 0.0382,
    "val_clean_accuracy": 0.9624666666666667,
    "val_robustness_drop": null,
    "val_restoration_gain": null,
    "val_position_1_acc": 0.9923333333333333,
    "val_position_2_acc": 0.9909333333333333,
    "val_position_3_acc": 0.9924666666666667,
    "val_position_4_acc": 0.9922666666666666,
    "val_position_5_acc": 0.9938,
    "test_loss": 0.2951867958624268,
    "test_seq_acc": 0.9618,
    "test_char_acc": 0.99216,
    "test_edit_distance": 0.039066666666666666,
    "test_clean_accuracy": 0.9618,
    "test_robustness_drop": null,
    "test_restoration_gain": null,
    "test_position_1_acc": 0.9937333333333334,
    "test_position_2_acc": 0.9902666666666666,
    "test_position_3_acc": 0.9917333333333334,
    "test_position_4_acc": 0.9921333333333333,
    "test_position_5_acc": 0.9929333333333333
}