{
    "epoch": 191,
    "train_loss": 0.004093745520289405,
    "pretrain_loss": null,
    "finetune_loss": 0.00021722637076853265,
    "pseudo_label_count": 20934,
    "pseudo_label_accept_rate": 0.9968571428571429,
    "mean_pseudo_confidence": 0.9997685392025698,
    "consistency_loss": 0.0,
    "encoder_stage": "semisupervised_with_pseudolabels",
    "stn_status": "trainable",
    "stn_regularization_loss": 1.9812953704122457e-07,
    "val_loss": 0.29029399921446963,
    "val_seq_acc": 0.9625333333333334,
    "val_char_acc": 0.9924133333333334,
    "val_edit_distance": 0.03793333333333333,
    "val_clean_accuracy": 0.9625333333333334,
    "val_robustness_drop": null,
    "val_restoration_gain": null,
    "val_position_1_acc": 0.9928,
    "val_position_2_acc": 0.9908666666666667,
    "val_position_3_acc": 0.9921333333333333,
    "val_position_4_acc": 0.9922666666666666,
    "val_position_5_acc": 0.994,
    "test_loss": 0.29616962777343436,
    "test_seq_acc": 0.9622666666666667,
    "test_char_acc": 0.9922666666666666,
    "test_edit_distance": 0.038533333333333336,
    "test_clean_accuracy": 0.9622666666666667,
    "test_robustness_drop": null,
    "test_restoration_gain": null,
    "test_position_1_acc": 0.9936666666666667,
    "test_position_2_acc": 0.9906666666666667,
    "test_position_3_acc": 0.9916666666666667,
    "test_position_4_acc": 0.9921333333333333,
    "test_position_5_acc": 0.9932
}