{
    "epoch": 63,
    "train_loss": 0.01704174438516546,
    "pretrain_loss": null,
    "finetune_loss": 0.0044512594092384105,
    "pseudo_label_count": 20691,
    "pseudo_label_accept_rate": 0.9852857142857143,
    "mean_pseudo_confidence": 0.9990896932292104,
    "consistency_loss": 0.0,
    "encoder_stage": "semisupervised_with_pseudolabels",
    "stn_status": "trainable",
    "stn_regularization_loss": 1.7798214917489925e-07,
    "val_loss": 0.24303511296240415,
    "val_seq_acc": 0.9601333333333333,
    "val_char_acc": 0.9919066666666667,
    "val_edit_distance": 0.040466666666666665,
    "val_clean_accuracy": 0.9601333333333333,
    "val_robustness_drop": null,
    "val_restoration_gain": null,
    "val_position_1_acc": 0.9926,
    "val_position_2_acc": 0.9908,
    "val_position_3_acc": 0.9918,
    "val_position_4_acc": 0.9910666666666667,
    "val_position_5_acc": 0.9932666666666666,
    "test_loss": 0.25393603921407665,
    "test_seq_acc": 0.9604666666666667,
    "test_char_acc": 0.9919066666666667,
    "test_edit_distance": 0.04033333333333333,
    "test_clean_accuracy": 0.9604666666666667,
    "test_robustness_drop": null,
    "test_restoration_gain": null,
    "test_position_1_acc": 0.9938666666666667,
    "test_position_2_acc": 0.9900666666666667,
    "test_position_3_acc": 0.9906,
    "test_position_4_acc": 0.9916666666666667,
    "test_position_5_acc": 0.9933333333333333
}