{
    "epoch": 29,
    "train_loss": 0.45263743002318346,
    "pretrain_loss": null,
    "finetune_loss": 0.15428245045833153,
    "pseudo_label_count": 15490,
    "pseudo_label_accept_rate": 0.7376190476190476,
    "mean_pseudo_confidence": 0.9921064582465156,
    "consistency_loss": 0.0,
    "encoder_stage": "semisupervised_with_pseudolabels",
    "stn_status": "trainable",
    "stn_regularization_loss": 1.3864063827011851e-06,
    "val_loss": 139.17161956137798,
    "val_seq_acc": 0.0,
    "val_char_acc": 0.03704,
    "val_edit_distance": 4.8112,
    "val_clean_accuracy": 0.0,
    "val_robustness_drop": null,
    "val_restoration_gain": null,
    "val_position_1_acc": 0.056933333333333336,
    "val_position_2_acc": 0.03626666666666667,
    "val_position_3_acc": 0.0316,
    "val_position_4_acc": 0.024666666666666667,
    "val_position_5_acc": 0.03573333333333333,
    "test_loss": 138.87132529400765,
    "test_seq_acc": 0.0,
    "test_char_acc": 0.03642666666666667,
    "test_edit_distance": 4.8138,
    "test_clean_accuracy": 0.0,
    "test_robustness_drop": null,
    "test_restoration_gain": null,
    "test_position_1_acc": 0.05506666666666667,
    "test_position_2_acc": 0.033933333333333336,
    "test_position_3_acc": 0.03133333333333333,
    "test_position_4_acc": 0.025866666666666666,
    "test_position_5_acc": 0.03593333333333333
}