{
    "epoch": 138,
    "train_loss": 0.004003490281012433,
    "pretrain_loss": null,
    "finetune_loss": 0.0005689488363984902,
    "pseudo_label_count": 20914,
    "pseudo_label_accept_rate": 0.995904761904762,
    "mean_pseudo_confidence": 0.9997136086251159,
    "consistency_loss": 0.0,
    "encoder_stage": "semisupervised_with_pseudolabels",
    "stn_status": "trainable",
    "stn_regularization_loss": 2.047436277270854e-07,
    "val_loss": 0.2806808167604105,
    "val_seq_acc": 0.9632666666666667,
    "val_char_acc": 0.9925333333333334,
    "val_edit_distance": 0.037333333333333336,
    "val_clean_accuracy": 0.9632666666666667,
    "val_robustness_drop": null,
    "val_restoration_gain": null,
    "val_position_1_acc": 0.9927333333333334,
    "val_position_2_acc": 0.9912,
    "val_position_3_acc": 0.9923333333333333,
    "val_position_4_acc": 0.9922666666666666,
    "val_position_5_acc": 0.9941333333333333,
    "test_loss": 0.28590004335641267,
    "test_seq_acc": 0.9620666666666666,
    "test_char_acc": 0.9922266666666667,
    "test_edit_distance": 0.038733333333333335,
    "test_clean_accuracy": 0.9620666666666666,
    "test_robustness_drop": null,
    "test_restoration_gain": null,
    "test_position_1_acc": 0.9936666666666667,
    "test_position_2_acc": 0.9902666666666666,
    "test_position_3_acc": 0.9918666666666667,
    "test_position_4_acc": 0.9920666666666667,
    "test_position_5_acc": 0.9932666666666666
}