{
    "epoch": 168,
    "train_loss": 0.0034852552469165363,
    "pretrain_loss": null,
    "finetune_loss": 0.0002604615865422303,
    "pseudo_label_count": 20923,
    "pseudo_label_accept_rate": 0.9963333333333333,
    "mean_pseudo_confidence": 0.9997530222816505,
    "consistency_loss": 0.0,
    "encoder_stage": "semisupervised_with_pseudolabels",
    "stn_status": "trainable",
    "stn_regularization_loss": 2.0100083521564315e-07,
    "val_loss": 0.29031588191920743,
    "val_seq_acc": 0.962,
    "val_char_acc": 0.9922933333333334,
    "val_edit_distance": 0.038533333333333336,
    "val_clean_accuracy": 0.962,
    "val_robustness_drop": null,
    "val_restoration_gain": null,
    "val_position_1_acc": 0.9926666666666667,
    "val_position_2_acc": 0.9909333333333333,
    "val_position_3_acc": 0.9919333333333333,
    "val_position_4_acc": 0.9920666666666667,
    "val_position_5_acc": 0.9938666666666667,
    "test_loss": 0.2968204919410361,
    "test_seq_acc": 0.9611333333333333,
    "test_char_acc": 0.992,
    "test_edit_distance": 0.03986666666666667,
    "test_clean_accuracy": 0.9611333333333333,
    "test_robustness_drop": null,
    "test_restoration_gain": null,
    "test_position_1_acc": 0.9936666666666667,
    "test_position_2_acc": 0.9902666666666666,
    "test_position_3_acc": 0.9912,
    "test_position_4_acc": 0.9918,
    "test_position_5_acc": 0.9930666666666667
}