{
    "epoch": 159,
    "train_loss": 0.00454183558123928,
    "pretrain_loss": null,
    "finetune_loss": 0.00029572301420139837,
    "pseudo_label_count": 20932,
    "pseudo_label_accept_rate": 0.9967619047619047,
    "mean_pseudo_confidence": 0.9997573577489767,
    "consistency_loss": 0.0,
    "encoder_stage": "semisupervised_with_pseudolabels",
    "stn_status": "trainable",
    "stn_regularization_loss": 2.0170194875920684e-07,
    "val_loss": 0.29100653804446064,
    "val_seq_acc": 0.9630666666666666,
    "val_char_acc": 0.9925333333333334,
    "val_edit_distance": 0.037333333333333336,
    "val_clean_accuracy": 0.9630666666666666,
    "val_robustness_drop": null,
    "val_restoration_gain": null,
    "val_position_1_acc": 0.9928666666666667,
    "val_position_2_acc": 0.9909333333333333,
    "val_position_3_acc": 0.9924666666666667,
    "val_position_4_acc": 0.9926,
    "val_position_5_acc": 0.9938,
    "test_loss": 0.29373401857143455,
    "test_seq_acc": 0.9618666666666666,
    "test_char_acc": 0.9921733333333334,
    "test_edit_distance": 0.038933333333333334,
    "test_clean_accuracy": 0.9618666666666666,
    "test_robustness_drop": null,
    "test_restoration_gain": null,
    "test_position_1_acc": 0.9938666666666667,
    "test_position_2_acc": 0.9902,
    "test_position_3_acc": 0.9917333333333334,
    "test_position_4_acc": 0.9919333333333333,
    "test_position_5_acc": 0.9931333333333333
}