{
    "epoch": 140,
    "train_loss": 0.004189932913083486,
    "pretrain_loss": null,
    "finetune_loss": 0.00047190576132006824,
    "pseudo_label_count": 20905,
    "pseudo_label_accept_rate": 0.9954761904761905,
    "mean_pseudo_confidence": 0.9997070263459106,
    "consistency_loss": 0.0,
    "encoder_stage": "semisupervised_with_pseudolabels",
    "stn_status": "trainable",
    "stn_regularization_loss": 2.0868795888062702e-07,
    "val_loss": 0.29004813484484365,
    "val_seq_acc": 0.9624,
    "val_char_acc": 0.99232,
    "val_edit_distance": 0.0384,
    "val_clean_accuracy": 0.9624,
    "val_robustness_drop": null,
    "val_restoration_gain": null,
    "val_position_1_acc": 0.9930666666666667,
    "val_position_2_acc": 0.9904666666666667,
    "val_position_3_acc": 0.9920666666666667,
    "val_position_4_acc": 0.9926666666666667,
    "val_position_5_acc": 0.9933333333333333,
    "test_loss": 0.3006539865002931,
    "test_seq_acc": 0.9601333333333333,
    "test_char_acc": 0.9918133333333333,
    "test_edit_distance": 0.0408,
    "test_clean_accuracy": 0.9601333333333333,
    "test_robustness_drop": null,
    "test_restoration_gain": null,
    "test_position_1_acc": 0.993,
    "test_position_2_acc": 0.9898666666666667,
    "test_position_3_acc": 0.9914666666666667,
    "test_position_4_acc": 0.992,
    "test_position_5_acc": 0.9927333333333334
}