{
    "epoch": 123,
    "train_loss": 0.005503408288373555,
    "pretrain_loss": null,
    "finetune_loss": 0.0006573820361396719,
    "pseudo_label_count": 20908,
    "pseudo_label_accept_rate": 0.9956190476190476,
    "mean_pseudo_confidence": 0.9996644162484011,
    "consistency_loss": 0.0,
    "encoder_stage": "semisupervised_with_pseudolabels",
    "stn_status": "trainable",
    "stn_regularization_loss": 2.265485169981783e-07,
    "val_loss": 0.2880704257020509,
    "val_seq_acc": 0.9625333333333334,
    "val_char_acc": 0.9923866666666666,
    "val_edit_distance": 0.038066666666666665,
    "val_clean_accuracy": 0.9625333333333334,
    "val_robustness_drop": null,
    "val_restoration_gain": null,
    "val_position_1_acc": 0.9930666666666667,
    "val_position_2_acc": 0.991,
    "val_position_3_acc": 0.992,
    "val_position_4_acc": 0.9924666666666667,
    "val_position_5_acc": 0.9934,
    "test_loss": 0.30026052293311645,
    "test_seq_acc": 0.9592,
    "test_char_acc": 0.9916,
    "test_edit_distance": 0.04186666666666667,
    "test_clean_accuracy": 0.9592,
    "test_robustness_drop": null,
    "test_restoration_gain": null,
    "test_position_1_acc": 0.9928666666666667,
    "test_position_2_acc": 0.9896666666666667,
    "test_position_3_acc": 0.9910666666666667,
    "test_position_4_acc": 0.9914666666666667,
    "test_position_5_acc": 0.9929333333333333
}