{
    "epoch": 70,
    "train_loss": 0.015359807771326476,
    "pretrain_loss": null,
    "finetune_loss": 0.004045555760872559,
    "pseudo_label_count": 20762,
    "pseudo_label_accept_rate": 0.9886666666666667,
    "mean_pseudo_confidence": 0.9992824990491441,
    "consistency_loss": 0.0,
    "encoder_stage": "semisupervised_with_pseudolabels",
    "stn_status": "trainable",
    "stn_regularization_loss": 2.836600353537232e-07,
    "val_loss": 0.2872654535855969,
    "val_seq_acc": 0.9555333333333333,
    "val_char_acc": 0.9909466666666666,
    "val_edit_distance": 0.04526666666666666,
    "val_clean_accuracy": 0.9555333333333333,
    "val_robustness_drop": null,
    "val_restoration_gain": null,
    "val_position_1_acc": 0.9926666666666667,
    "val_position_2_acc": 0.99,
    "val_position_3_acc": 0.99,
    "val_position_4_acc": 0.9897333333333334,
    "val_position_5_acc": 0.9923333333333333,
    "test_loss": 0.32248906979231756,
    "test_seq_acc": 0.9532666666666667,
    "test_char_acc": 0.9904533333333333,
    "test_edit_distance": 0.04753333333333333,
    "test_clean_accuracy": 0.9532666666666667,
    "test_robustness_drop": null,
    "test_restoration_gain": null,
    "test_position_1_acc": 0.9922,
    "test_position_2_acc": 0.9886666666666667,
    "test_position_3_acc": 0.9892,
    "test_position_4_acc": 0.9905333333333334,
    "test_position_5_acc": 0.9916666666666667
}