{
    "epoch": 34,
    "train_loss": 0.2543792138619525,
    "pretrain_loss": null,
    "finetune_loss": 0.15549304901121316,
    "pseudo_label_count": 18822,
    "pseudo_label_accept_rate": 0.8962857142857142,
    "mean_pseudo_confidence": 0.9949023778070465,
    "consistency_loss": 0.0,
    "encoder_stage": "semisupervised_with_pseudolabels",
    "stn_status": "trainable",
    "stn_regularization_loss": 3.313228019194331e-07,
    "val_loss": 5.583828639984131,
    "val_seq_acc": 0.6200666666666667,
    "val_char_acc": 0.9089066666666666,
    "val_edit_distance": 0.4554,
    "val_clean_accuracy": 0.6200666666666667,
    "val_robustness_drop": null,
    "val_restoration_gain": null,
    "val_position_1_acc": 0.9366666666666666,
    "val_position_2_acc": 0.8642666666666666,
    "val_position_3_acc": 0.9200666666666667,
    "val_position_4_acc": 0.9228666666666666,
    "val_position_5_acc": 0.9006666666666666,
    "test_loss": 5.6906300676629895,
    "test_seq_acc": 0.6121333333333333,
    "test_char_acc": 0.9070666666666667,
    "test_edit_distance": 0.4644,
    "test_clean_accuracy": 0.6121333333333333,
    "test_robustness_drop": null,
    "test_restoration_gain": null,
    "test_position_1_acc": 0.934,
    "test_position_2_acc": 0.8622,
    "test_position_3_acc": 0.92,
    "test_position_4_acc": 0.9237333333333333,
    "test_position_5_acc": 0.8954
}