{
    "epoch": 133,
    "train_loss": 0.004137436936365781,
    "pretrain_loss": null,
    "finetune_loss": 0.0004750049643138121,
    "pseudo_label_count": 20902,
    "pseudo_label_accept_rate": 0.9953333333333333,
    "mean_pseudo_confidence": 0.9997132227370846,
    "consistency_loss": 0.0,
    "encoder_stage": "semisupervised_with_pseudolabels",
    "stn_status": "trainable",
    "stn_regularization_loss": 2.16594760742625e-07,
    "val_loss": 0.2904492053038879,
    "val_seq_acc": 0.9619333333333333,
    "val_char_acc": 0.9922266666666667,
    "val_edit_distance": 0.03886666666666667,
    "val_clean_accuracy": 0.9619333333333333,
    "val_robustness_drop": null,
    "val_restoration_gain": null,
    "val_position_1_acc": 0.9926,
    "val_position_2_acc": 0.9903333333333333,
    "val_position_3_acc": 0.9918,
    "val_position_4_acc": 0.9928,
    "val_position_5_acc": 0.9936,
    "test_loss": 0.30274602473794576,
    "test_seq_acc": 0.9600666666666666,
    "test_char_acc": 0.9918,
    "test_edit_distance": 0.04086666666666667,
    "test_clean_accuracy": 0.9600666666666666,
    "test_robustness_drop": null,
    "test_restoration_gain": null,
    "test_position_1_acc": 0.9933333333333333,
    "test_position_2_acc": 0.9896666666666667,
    "test_position_3_acc": 0.9916666666666667,
    "test_position_4_acc": 0.9916666666666667,
    "test_position_5_acc": 0.9926666666666667
}