{
    "epoch": 99,
    "train_loss": 0.009281621713531028,
    "pretrain_loss": null,
    "finetune_loss": 0.002403621833353375,
    "pseudo_label_count": 20871,
    "pseudo_label_accept_rate": 0.9938571428571429,
    "mean_pseudo_confidence": 0.9995826319817481,
    "consistency_loss": 0.0,
    "encoder_stage": "semisupervised_with_pseudolabels",
    "stn_status": "trainable",
    "stn_regularization_loss": 1.9190764183714074e-07,
    "val_loss": 0.2952495151190731,
    "val_seq_acc": 0.9606666666666667,
    "val_char_acc": 0.9920133333333333,
    "val_edit_distance": 0.039933333333333335,
    "val_clean_accuracy": 0.9606666666666667,
    "val_robustness_drop": null,
    "val_restoration_gain": null,
    "val_position_1_acc": 0.9926666666666667,
    "val_position_2_acc": 0.9898,
    "val_position_3_acc": 0.9925333333333334,
    "val_position_4_acc": 0.9919333333333333,
    "val_position_5_acc": 0.9931333333333333,
    "test_loss": 0.31148840835005415,
    "test_seq_acc": 0.957,
    "test_char_acc": 0.9911866666666667,
    "test_edit_distance": 0.04393333333333333,
    "test_clean_accuracy": 0.957,
    "test_robustness_drop": null,
    "test_restoration_gain": null,
    "test_position_1_acc": 0.9930666666666667,
    "test_position_2_acc": 0.9890666666666666,
    "test_position_3_acc": 0.9905333333333334,
    "test_position_4_acc": 0.9916,
    "test_position_5_acc": 0.9916666666666667
}