{
    "epoch": 157,
    "train_loss": 0.004318740493181119,
    "pretrain_loss": null,
    "finetune_loss": 0.00031581891418715305,
    "pseudo_label_count": 20934,
    "pseudo_label_accept_rate": 0.9968571428571429,
    "mean_pseudo_confidence": 0.9997385942891527,
    "consistency_loss": 0.0,
    "encoder_stage": "semisupervised_with_pseudolabels",
    "stn_status": "trainable",
    "stn_regularization_loss": 2.010536476948662e-07,
    "val_loss": 0.2930351444419741,
    "val_seq_acc": 0.9626,
    "val_char_acc": 0.9924266666666667,
    "val_edit_distance": 0.037866666666666667,
    "val_clean_accuracy": 0.9626,
    "val_robustness_drop": null,
    "val_restoration_gain": null,
    "val_position_1_acc": 0.9929333333333333,
    "val_position_2_acc": 0.9910666666666667,
    "val_position_3_acc": 0.9917333333333334,
    "val_position_4_acc": 0.9926666666666667,
    "val_position_5_acc": 0.9937333333333334,
    "test_loss": 0.29674547842923277,
    "test_seq_acc": 0.9613333333333334,
    "test_char_acc": 0.9920533333333333,
    "test_edit_distance": 0.0396,
    "test_clean_accuracy": 0.9613333333333334,
    "test_robustness_drop": null,
    "test_restoration_gain": null,
    "test_position_1_acc": 0.9936666666666667,
    "test_position_2_acc": 0.9902,
    "test_position_3_acc": 0.9915333333333334,
    "test_position_4_acc": 0.9918666666666667,
    "test_position_5_acc": 0.993
}