{
    "epoch": 43,
    "train_loss": 0.1827915942546981,
    "pretrain_loss": null,
    "finetune_loss": 0.07951418633904678,
    "pseudo_label_count": 18812,
    "pseudo_label_accept_rate": 0.8958095238095238,
    "mean_pseudo_confidence": 0.9954655364982732,
    "consistency_loss": 0.0,
    "encoder_stage": "semisupervised_with_pseudolabels",
    "stn_status": "trainable",
    "stn_regularization_loss": 6.360057065560287e-07,
    "val_loss": 12.000339402543737,
    "val_seq_acc": 0.36206666666666665,
    "val_char_acc": 0.8123466666666667,
    "val_edit_distance": 0.938,
    "val_clean_accuracy": 0.36206666666666665,
    "val_robustness_drop": null,
    "val_restoration_gain": null,
    "val_position_1_acc": 0.7979333333333334,
    "val_position_2_acc": 0.7284,
    "val_position_3_acc": 0.8376,
    "val_position_4_acc": 0.8425333333333334,
    "val_position_5_acc": 0.8552666666666666,
    "test_loss": 11.889140352289727,
    "test_seq_acc": 0.36946666666666667,
    "test_char_acc": 0.8135466666666666,
    "test_edit_distance": 0.9319333333333333,
    "test_clean_accuracy": 0.36946666666666667,
    "test_robustness_drop": null,
    "test_restoration_gain": null,
    "test_position_1_acc": 0.7984,
    "test_position_2_acc": 0.7332,
    "test_position_3_acc": 0.8349333333333333,
    "test_position_4_acc": 0.8442,
    "test_position_5_acc": 0.857
}