{
    "epoch": 20,
    "train_loss": 0.11628743843479428,
    "pretrain_loss": null,
    "finetune_loss": 0.11628743843479428,
    "pseudo_label_count": 0,
    "pseudo_label_accept_rate": 0.0,
    "mean_pseudo_confidence": 0.0,
    "consistency_loss": 0.0,
    "encoder_stage": "semisupervised_warmup",
    "stn_status": "trainable",
    "stn_regularization_loss": 4.36287294983078e-08,
    "val_loss": 0.2714968175330061,
    "val_seq_acc": 0.9348,
    "val_char_acc": 0.98652,
    "val_edit_distance": 0.0674,
    "val_clean_accuracy": 0.9348,
    "val_robustness_drop": null,
    "val_restoration_gain": null,
    "val_position_1_acc": 0.9896666666666667,
    "val_position_2_acc": 0.9851333333333333,
    "val_position_3_acc": 0.9857333333333334,
    "val_position_4_acc": 0.9824666666666667,
    "val_position_5_acc": 0.9896,
    "test_loss": 0.2650204658904608,
    "test_seq_acc": 0.9366666666666666,
    "test_char_acc": 0.98684,
    "test_edit_distance": 0.06566666666666666,
    "test_clean_accuracy": 0.9366666666666666,
    "test_robustness_drop": null,
    "test_restoration_gain": null,
    "test_position_1_acc": 0.9914,
    "test_position_2_acc": 0.9826666666666667,
    "test_position_3_acc": 0.9865333333333334,
    "test_position_4_acc": 0.9854666666666667,
    "test_position_5_acc": 0.9881333333333333
}