{
    "epoch": 156,
    "train_loss": 0.005907407668007983,
    "pretrain_loss": null,
    "finetune_loss": 0.00027397769101142035,
    "pseudo_label_count": 20925,
    "pseudo_label_accept_rate": 0.9964285714285714,
    "mean_pseudo_confidence": 0.9997590319087714,
    "consistency_loss": 0.0,
    "encoder_stage": "semisupervised_with_pseudolabels",
    "stn_status": "trainable",
    "stn_regularization_loss": 2.0081849712019392e-07,
    "val_loss": 0.29224691146977266,
    "val_seq_acc": 0.9628,
    "val_char_acc": 0.99248,
    "val_edit_distance": 0.0376,
    "val_clean_accuracy": 0.9628,
    "val_robustness_drop": null,
    "val_restoration_gain": null,
    "val_position_1_acc": 0.993,
    "val_position_2_acc": 0.9906666666666667,
    "val_position_3_acc": 0.9921333333333333,
    "val_position_4_acc": 0.9926666666666667,
    "val_position_5_acc": 0.9939333333333333,
    "test_loss": 0.29853535381589996,
    "test_seq_acc": 0.9616,
    "test_char_acc": 0.9921333333333333,
    "test_edit_distance": 0.0392,
    "test_clean_accuracy": 0.9616,
    "test_robustness_drop": null,
    "test_restoration_gain": null,
    "test_position_1_acc": 0.9941333333333333,
    "test_position_2_acc": 0.9903333333333333,
    "test_position_3_acc": 0.9912666666666666,
    "test_position_4_acc": 0.992,
    "test_position_5_acc": 0.9929333333333333
}