{
    "epoch": 58,
    "train_loss": 0.020736167873952015,
    "pretrain_loss": null,
    "finetune_loss": 0.006405308969104882,
    "pseudo_label_count": 20640,
    "pseudo_label_accept_rate": 0.9828571428571429,
    "mean_pseudo_confidence": 0.9989511039367942,
    "consistency_loss": 0.0,
    "encoder_stage": "semisupervised_with_pseudolabels",
    "stn_status": "trainable",
    "stn_regularization_loss": 1.783626273400467e-07,
    "val_loss": 0.2730618727435246,
    "val_seq_acc": 0.955,
    "val_char_acc": 0.9907866666666667,
    "val_edit_distance": 0.046066666666666665,
    "val_clean_accuracy": 0.955,
    "val_robustness_drop": null,
    "val_restoration_gain": null,
    "val_position_1_acc": 0.9911333333333333,
    "val_position_2_acc": 0.9892666666666666,
    "val_position_3_acc": 0.9906666666666667,
    "val_position_4_acc": 0.9906666666666667,
    "val_position_5_acc": 0.9922,
    "test_loss": 0.2769159088531717,
    "test_seq_acc": 0.9541333333333334,
    "test_char_acc": 0.9906,
    "test_edit_distance": 0.04686666666666667,
    "test_clean_accuracy": 0.9541333333333334,
    "test_robustness_drop": null,
    "test_restoration_gain": null,
    "test_position_1_acc": 0.9930666666666667,
    "test_position_2_acc": 0.9884666666666667,
    "test_position_3_acc": 0.9896,
    "test_position_4_acc": 0.9895333333333334,
    "test_position_5_acc": 0.9923333333333333
}