{
    "epoch": 128,
    "train_loss": 0.003344498894521814,
    "pretrain_loss": null,
    "finetune_loss": 0.0004721557280336081,
    "pseudo_label_count": 20914,
    "pseudo_label_accept_rate": 0.995904761904762,
    "mean_pseudo_confidence": 0.9997350721112102,
    "consistency_loss": 0.0,
    "encoder_stage": "semisupervised_with_pseudolabels",
    "stn_status": "trainable",
    "stn_regularization_loss": 2.289368043652237e-07,
    "val_loss": 0.2916730344749707,
    "val_seq_acc": 0.9615333333333334,
    "val_char_acc": 0.9921733333333334,
    "val_edit_distance": 0.03913333333333333,
    "val_clean_accuracy": 0.9615333333333334,
    "val_robustness_drop": null,
    "val_restoration_gain": null,
    "val_position_1_acc": 0.9926666666666667,
    "val_position_2_acc": 0.9904666666666667,
    "val_position_3_acc": 0.9922,
    "val_position_4_acc": 0.992,
    "val_position_5_acc": 0.9935333333333334,
    "test_loss": 0.29682001979505934,
    "test_seq_acc": 0.9614666666666667,
    "test_char_acc": 0.9920933333333334,
    "test_edit_distance": 0.0394,
    "test_clean_accuracy": 0.9614666666666667,
    "test_robustness_drop": null,
    "test_restoration_gain": null,
    "test_position_1_acc": 0.994,
    "test_position_2_acc": 0.9898666666666667,
    "test_position_3_acc": 0.9917333333333334,
    "test_position_4_acc": 0.9918,
    "test_position_5_acc": 0.9930666666666667
}