{
    "epoch": 174,
    "train_loss": 0.0038100567107373262,
    "pretrain_loss": null,
    "finetune_loss": 0.00034472690197904674,
    "pseudo_label_count": 20935,
    "pseudo_label_accept_rate": 0.996904761904762,
    "mean_pseudo_confidence": 0.9997452648209307,
    "consistency_loss": 0.0,
    "encoder_stage": "semisupervised_with_pseudolabels",
    "stn_status": "trainable",
    "stn_regularization_loss": 2.0107226115217488e-07,
    "val_loss": 0.29304821841218115,
    "val_seq_acc": 0.9615333333333334,
    "val_char_acc": 0.9921466666666666,
    "val_edit_distance": 0.039266666666666665,
    "val_clean_accuracy": 0.9615333333333334,
    "val_robustness_drop": null,
    "val_restoration_gain": null,
    "val_position_1_acc": 0.9926666666666667,
    "val_position_2_acc": 0.9903333333333333,
    "val_position_3_acc": 0.9918666666666667,
    "val_position_4_acc": 0.9924,
    "val_position_5_acc": 0.9934666666666667,
    "test_loss": 0.2991288827916388,
    "test_seq_acc": 0.962,
    "test_char_acc": 0.9921866666666667,
    "test_edit_distance": 0.03886666666666667,
    "test_clean_accuracy": 0.962,
    "test_robustness_drop": null,
    "test_restoration_gain": null,
    "test_position_1_acc": 0.9937333333333334,
    "test_position_2_acc": 0.9905333333333334,
    "test_position_3_acc": 0.9917333333333334,
    "test_position_4_acc": 0.9919333333333333,
    "test_position_5_acc": 0.993
}