{
    "epoch": 6,
    "train_loss": 0.3287276785733183,
    "pretrain_loss": null,
    "finetune_loss": 0.3287276785733183,
    "pseudo_label_count": 0,
    "pseudo_label_accept_rate": 0.0,
    "mean_pseudo_confidence": 0.0,
    "consistency_loss": 0.0,
    "encoder_stage": "semisupervised_warmup",
    "stn_status": "frozen",
    "stn_regularization_loss": 0.0,
    "val_loss": 0.3564459727482593,
    "val_seq_acc": 0.8958,
    "val_char_acc": 0.9778533333333334,
    "val_edit_distance": 0.11073333333333334,
    "val_clean_accuracy": 0.8958,
    "val_robustness_drop": null,
    "val_restoration_gain": null,
    "val_position_1_acc": 0.9820666666666666,
    "val_position_2_acc": 0.971,
    "val_position_3_acc": 0.9694666666666667,
    "val_position_4_acc": 0.9796,
    "val_position_5_acc": 0.9871333333333333,
    "test_loss": 0.3691609003917968,
    "test_seq_acc": 0.8934666666666666,
    "test_char_acc": 0.9774133333333334,
    "test_edit_distance": 0.11293333333333333,
    "test_clean_accuracy": 0.8934666666666666,
    "test_robustness_drop": null,
    "test_restoration_gain": null,
    "test_position_1_acc": 0.9830666666666666,
    "test_position_2_acc": 0.9703333333333334,
    "test_position_3_acc": 0.9678666666666667,
    "test_position_4_acc": 0.9798666666666667,
    "test_position_5_acc": 0.9859333333333333
}