{
    "epoch": 198,
    "train_loss": 0.0022429691595261935,
    "pretrain_loss": null,
    "finetune_loss": 0.00020796673953619115,
    "pseudo_label_count": 20944,
    "pseudo_label_accept_rate": 0.9973333333333333,
    "mean_pseudo_confidence": 0.9997827176878341,
    "consistency_loss": 0.0,
    "encoder_stage": "semisupervised_with_pseudolabels",
    "stn_status": "trainable",
    "stn_regularization_loss": 1.9781267549791115e-07,
    "val_loss": 0.2890358745298804,
    "val_seq_acc": 0.9622666666666667,
    "val_char_acc": 0.9923333333333333,
    "val_edit_distance": 0.03833333333333333,
    "val_clean_accuracy": 0.9622666666666667,
    "val_robustness_drop": null,
    "val_restoration_gain": null,
    "val_position_1_acc": 0.9929333333333333,
    "val_position_2_acc": 0.9909333333333333,
    "val_position_3_acc": 0.9919333333333333,
    "val_position_4_acc": 0.9924666666666667,
    "val_position_5_acc": 0.9934,
    "test_loss": 0.2987805425663224,
    "test_seq_acc": 0.961,
    "test_char_acc": 0.9919866666666667,
    "test_edit_distance": 0.039933333333333335,
    "test_clean_accuracy": 0.961,
    "test_robustness_drop": null,
    "test_restoration_gain": null,
    "test_position_1_acc": 0.9938666666666667,
    "test_position_2_acc": 0.9900666666666667,
    "test_position_3_acc": 0.9911333333333333,
    "test_position_4_acc": 0.992,
    "test_position_5_acc": 0.9928666666666667
}