{
    "epoch": 50,
    "train_loss": 0.16344755351718554,
    "pretrain_loss": null,
    "finetune_loss": 0.11519248109321807,
    "pseudo_label_count": 19992,
    "pseudo_label_accept_rate": 0.952,
    "mean_pseudo_confidence": 0.9972049331321579,
    "consistency_loss": 0.0,
    "encoder_stage": "semisupervised_with_pseudolabels",
    "stn_status": "trainable",
    "stn_regularization_loss": 6.190949394579546e-07,
    "val_loss": 2.8758510954836582,
    "val_seq_acc": 0.7267333333333333,
    "val_char_acc": 0.9376933333333334,
    "val_edit_distance": 0.31153333333333333,
    "val_clean_accuracy": 0.7267333333333333,
    "val_robustness_drop": null,
    "val_restoration_gain": null,
    "val_position_1_acc": 0.9243333333333333,
    "val_position_2_acc": 0.9345333333333333,
    "val_position_3_acc": 0.9389333333333333,
    "val_position_4_acc": 0.9433333333333334,
    "val_position_5_acc": 0.9473333333333334,
    "test_loss": 2.9908355580999495,
    "test_seq_acc": 0.7181333333333333,
    "test_char_acc": 0.9355333333333333,
    "test_edit_distance": 0.3222,
    "test_clean_accuracy": 0.7181333333333333,
    "test_robustness_drop": null,
    "test_restoration_gain": null,
    "test_position_1_acc": 0.9240666666666667,
    "test_position_2_acc": 0.9256666666666666,
    "test_position_3_acc": 0.9422,
    "test_position_4_acc": 0.9437333333333333,
    "test_position_5_acc": 0.942
}