{
    "epoch": 124,
    "train_loss": 0.005098627727400058,
    "pretrain_loss": null,
    "finetune_loss": 0.0005960305108872172,
    "pseudo_label_count": 20915,
    "pseudo_label_accept_rate": 0.9959523809523809,
    "mean_pseudo_confidence": 0.9996895203714646,
    "consistency_loss": 0.0,
    "encoder_stage": "semisupervised_with_pseudolabels",
    "stn_status": "trainable",
    "stn_regularization_loss": 2.2071467180187262e-07,
    "val_loss": 0.29073661778678256,
    "val_seq_acc": 0.9618666666666666,
    "val_char_acc": 0.9922266666666667,
    "val_edit_distance": 0.03886666666666667,
    "val_clean_accuracy": 0.9618666666666666,
    "val_robustness_drop": null,
    "val_restoration_gain": null,
    "val_position_1_acc": 0.993,
    "val_position_2_acc": 0.9902666666666666,
    "val_position_3_acc": 0.992,
    "val_position_4_acc": 0.9924,
    "val_position_5_acc": 0.9934666666666667,
    "test_loss": 0.29752677918780696,
    "test_seq_acc": 0.9605333333333334,
    "test_char_acc": 0.9918666666666667,
    "test_edit_distance": 0.040466666666666665,
    "test_clean_accuracy": 0.9605333333333334,
    "test_robustness_drop": null,
    "test_restoration_gain": null,
    "test_position_1_acc": 0.9929333333333333,
    "test_position_2_acc": 0.99,
    "test_position_3_acc": 0.9916666666666667,
    "test_position_4_acc": 0.9917333333333334,
    "test_position_5_acc": 0.993
}