{
    "epoch": 41,
    "train_loss": 0.194769735896194,
    "pretrain_loss": null,
    "finetune_loss": 0.0912841099597679,
    "pseudo_label_count": 18826,
    "pseudo_label_accept_rate": 0.8964761904761904,
    "mean_pseudo_confidence": 0.9953839516495336,
    "consistency_loss": 0.0,
    "encoder_stage": "semisupervised_with_pseudolabels",
    "stn_status": "trainable",
    "stn_regularization_loss": 8.475337523404162e-07,
    "val_loss": 10.038189258981259,
    "val_seq_acc": 0.3616666666666667,
    "val_char_acc": 0.81284,
    "val_edit_distance": 0.934,
    "val_clean_accuracy": 0.3616666666666667,
    "val_robustness_drop": null,
    "val_restoration_gain": null,
    "val_position_1_acc": 0.8582666666666666,
    "val_position_2_acc": 0.8346666666666667,
    "val_position_3_acc": 0.7819333333333334,
    "val_position_4_acc": 0.816,
    "val_position_5_acc": 0.7733333333333333,
    "test_loss": 9.927695337254951,
    "test_seq_acc": 0.37106666666666666,
    "test_char_acc": 0.8165866666666667,
    "test_edit_distance": 0.9157333333333333,
    "test_clean_accuracy": 0.37106666666666666,
    "test_robustness_drop": null,
    "test_restoration_gain": null,
    "test_position_1_acc": 0.8588,
    "test_position_2_acc": 0.8394666666666667,
    "test_position_3_acc": 0.7826,
    "test_position_4_acc": 0.8238666666666666,
    "test_position_5_acc": 0.7782
}