{
    "epoch": 60,
    "train_loss": 0.01930980555532237,
    "pretrain_loss": null,
    "finetune_loss": 0.004781417734696811,
    "pseudo_label_count": 20669,
    "pseudo_label_accept_rate": 0.9842380952380952,
    "mean_pseudo_confidence": 0.99898332001261,
    "consistency_loss": 0.0,
    "encoder_stage": "semisupervised_with_pseudolabels",
    "stn_status": "trainable",
    "stn_regularization_loss": 1.5224271815410407e-07,
    "val_loss": 0.260094837970571,
    "val_seq_acc": 0.9586,
    "val_char_acc": 0.9916,
    "val_edit_distance": 0.042,
    "val_clean_accuracy": 0.9586,
    "val_robustness_drop": null,
    "val_restoration_gain": null,
    "val_position_1_acc": 0.9922,
    "val_position_2_acc": 0.9902,
    "val_position_3_acc": 0.9920666666666667,
    "val_position_4_acc": 0.9908666666666667,
    "val_position_5_acc": 0.9926666666666667,
    "test_loss": 0.25228142525401326,
    "test_seq_acc": 0.9584,
    "test_char_acc": 0.9914933333333333,
    "test_edit_distance": 0.042333333333333334,
    "test_clean_accuracy": 0.9584,
    "test_robustness_drop": null,
    "test_restoration_gain": null,
    "test_position_1_acc": 0.9937333333333334,
    "test_position_2_acc": 0.9896,
    "test_position_3_acc": 0.9905333333333334,
    "test_position_4_acc": 0.991,
    "test_position_5_acc": 0.9926
}