{
    "epoch": 98,
    "train_loss": 0.011383640994514084,
    "pretrain_loss": null,
    "finetune_loss": 0.0033183471692590605,
    "pseudo_label_count": 20860,
    "pseudo_label_accept_rate": 0.9933333333333333,
    "mean_pseudo_confidence": 0.9995684623261083,
    "consistency_loss": 0.0,
    "encoder_stage": "semisupervised_with_pseudolabels",
    "stn_status": "trainable",
    "stn_regularization_loss": 1.561967223757291e-07,
    "val_loss": 0.31769444072657627,
    "val_seq_acc": 0.9595333333333333,
    "val_char_acc": 0.99176,
    "val_edit_distance": 0.0412,
    "val_clean_accuracy": 0.9595333333333333,
    "val_robustness_drop": null,
    "val_restoration_gain": null,
    "val_position_1_acc": 0.9925333333333334,
    "val_position_2_acc": 0.9898,
    "val_position_3_acc": 0.9914666666666667,
    "val_position_4_acc": 0.992,
    "val_position_5_acc": 0.993,
    "test_loss": 0.33203725200672785,
    "test_seq_acc": 0.9568,
    "test_char_acc": 0.99116,
    "test_edit_distance": 0.044066666666666664,
    "test_clean_accuracy": 0.9568,
    "test_robustness_drop": null,
    "test_restoration_gain": null,
    "test_position_1_acc": 0.9934666666666667,
    "test_position_2_acc": 0.9896666666666667,
    "test_position_3_acc": 0.9897333333333334,
    "test_position_4_acc": 0.9912,
    "test_position_5_acc": 0.9917333333333334
}