{
    "epoch": 77,
    "train_loss": 0.014822201366703064,
    "pretrain_loss": null,
    "finetune_loss": 0.0037043967052628364,
    "pseudo_label_count": 20792,
    "pseudo_label_accept_rate": 0.9900952380952381,
    "mean_pseudo_confidence": 0.9992848619812954,
    "consistency_loss": 0.0,
    "encoder_stage": "semisupervised_with_pseudolabels",
    "stn_status": "trainable",
    "stn_regularization_loss": 2.995776531892292e-07,
    "val_loss": 0.4725730805227129,
    "val_seq_acc": 0.9424,
    "val_char_acc": 0.9882,
    "val_edit_distance": 0.059,
    "val_clean_accuracy": 0.9424,
    "val_robustness_drop": null,
    "val_restoration_gain": null,
    "val_position_1_acc": 0.9886,
    "val_position_2_acc": 0.9848666666666667,
    "val_position_3_acc": 0.9882666666666666,
    "val_position_4_acc": 0.9886666666666667,
    "val_position_5_acc": 0.9906,
    "test_loss": 0.5015240531256224,
    "test_seq_acc": 0.9404,
    "test_char_acc": 0.9877066666666666,
    "test_edit_distance": 0.061266666666666664,
    "test_clean_accuracy": 0.9404,
    "test_robustness_drop": null,
    "test_restoration_gain": null,
    "test_position_1_acc": 0.9882,
    "test_position_2_acc": 0.9853333333333333,
    "test_position_3_acc": 0.9874,
    "test_position_4_acc": 0.9881333333333333,
    "test_position_5_acc": 0.9894666666666667
}