{
    "epoch": 146,
    "train_loss": 0.0040332170421738985,
    "pretrain_loss": null,
    "finetune_loss": 0.00030018653725300123,
    "pseudo_label_count": 20944,
    "pseudo_label_accept_rate": 0.9973333333333333,
    "mean_pseudo_confidence": 0.999753377221758,
    "consistency_loss": 0.0,
    "encoder_stage": "semisupervised_with_pseudolabels",
    "stn_status": "trainable",
    "stn_regularization_loss": 2.1241394799165176e-07,
    "val_loss": 0.28450211444268986,
    "val_seq_acc": 0.9626666666666667,
    "val_char_acc": 0.9924133333333334,
    "val_edit_distance": 0.03793333333333333,
    "val_clean_accuracy": 0.9626666666666667,
    "val_robustness_drop": null,
    "val_restoration_gain": null,
    "val_position_1_acc": 0.9934,
    "val_position_2_acc": 0.9905333333333334,
    "val_position_3_acc": 0.9920666666666667,
    "val_position_4_acc": 0.9925333333333334,
    "val_position_5_acc": 0.9935333333333334,
    "test_loss": 0.28974008330865314,
    "test_seq_acc": 0.9616666666666667,
    "test_char_acc": 0.9921466666666666,
    "test_edit_distance": 0.039066666666666666,
    "test_clean_accuracy": 0.9616666666666667,
    "test_robustness_drop": null,
    "test_restoration_gain": null,
    "test_position_1_acc": 0.9936,
    "test_position_2_acc": 0.9905333333333334,
    "test_position_3_acc": 0.9914,
    "test_position_4_acc": 0.9920666666666667,
    "test_position_5_acc": 0.9931333333333333
}