{
    "epoch": 18,
    "train_loss": 0.13891497136071793,
    "pretrain_loss": null,
    "finetune_loss": 0.13891497136071793,
    "pseudo_label_count": 0,
    "pseudo_label_accept_rate": 0.0,
    "mean_pseudo_confidence": 0.0,
    "consistency_loss": 0.0,
    "encoder_stage": "semisupervised_warmup",
    "stn_status": "trainable",
    "stn_regularization_loss": 2.0528322991588004e-08,
    "val_loss": 0.22873517714757868,
    "val_seq_acc": 0.9416,
    "val_char_acc": 0.98784,
    "val_edit_distance": 0.0608,
    "val_clean_accuracy": 0.9416,
    "val_robustness_drop": null,
    "val_restoration_gain": null,
    "val_position_1_acc": 0.9894,
    "val_position_2_acc": 0.9870666666666666,
    "val_position_3_acc": 0.9860666666666666,
    "val_position_4_acc": 0.9864,
    "val_position_5_acc": 0.9902666666666666,
    "test_loss": 0.2259796538964865,
    "test_seq_acc": 0.9396,
    "test_char_acc": 0.9873866666666666,
    "test_edit_distance": 0.063,
    "test_clean_accuracy": 0.9396,
    "test_robustness_drop": null,
    "test_restoration_gain": null,
    "test_position_1_acc": 0.9904666666666667,
    "test_position_2_acc": 0.9851333333333333,
    "test_position_3_acc": 0.985,
    "test_position_4_acc": 0.9859333333333333,
    "test_position_5_acc": 0.9904
}