{
    "epoch": 14,
    "train_loss": 0.17073531718754426,
    "pretrain_loss": null,
    "finetune_loss": 0.17073531718754426,
    "pseudo_label_count": 0,
    "pseudo_label_accept_rate": 0.0,
    "mean_pseudo_confidence": 0.0,
    "consistency_loss": 0.0,
    "encoder_stage": "semisupervised_warmup",
    "stn_status": "frozen",
    "stn_regularization_loss": 0.0,
    "val_loss": 0.29554788747683486,
    "val_seq_acc": 0.9238666666666666,
    "val_char_acc": 0.9836266666666666,
    "val_edit_distance": 0.08166666666666667,
    "val_clean_accuracy": 0.9238666666666666,
    "val_robustness_drop": null,
    "val_restoration_gain": null,
    "val_position_1_acc": 0.9863333333333333,
    "val_position_2_acc": 0.9824,
    "val_position_3_acc": 0.9798666666666667,
    "val_position_4_acc": 0.9814,
    "val_position_5_acc": 0.9881333333333333,
    "test_loss": 0.2995431763298334,
    "test_seq_acc": 0.9210666666666667,
    "test_char_acc": 0.98332,
    "test_edit_distance": 0.08333333333333333,
    "test_clean_accuracy": 0.9210666666666667,
    "test_robustness_drop": null,
    "test_restoration_gain": null,
    "test_position_1_acc": 0.9884,
    "test_position_2_acc": 0.9796,
    "test_position_3_acc": 0.9798,
    "test_position_4_acc": 0.9812,
    "test_position_5_acc": 0.9876
}