{
    "epoch": 42,
    "train_loss": 0.17380708913857346,
    "pretrain_loss": null,
    "finetune_loss": 0.13377582333926064,
    "pseudo_label_count": 20067,
    "pseudo_label_accept_rate": 0.9555714285714285,
    "mean_pseudo_confidence": 0.9973066670421635,
    "consistency_loss": 0.0,
    "encoder_stage": "semisupervised_with_pseudolabels",
    "stn_status": "trainable",
    "stn_regularization_loss": 5.359618962316672e-07,
    "val_loss": 3.248996247382874,
    "val_seq_acc": 0.7402,
    "val_char_acc": 0.9411733333333333,
    "val_edit_distance": 0.29413333333333336,
    "val_clean_accuracy": 0.7402,
    "val_robustness_drop": null,
    "val_restoration_gain": null,
    "val_position_1_acc": 0.9496,
    "val_position_2_acc": 0.9372666666666667,
    "val_position_3_acc": 0.9254,
    "val_position_4_acc": 0.9430666666666667,
    "val_position_5_acc": 0.9505333333333333,
    "test_loss": 3.307324098526163,
    "test_seq_acc": 0.7348666666666667,
    "test_char_acc": 0.9401333333333334,
    "test_edit_distance": 0.29933333333333334,
    "test_clean_accuracy": 0.7348666666666667,
    "test_robustness_drop": null,
    "test_restoration_gain": null,
    "test_position_1_acc": 0.9529333333333333,
    "test_position_2_acc": 0.9336666666666666,
    "test_position_3_acc": 0.9200666666666667,
    "test_position_4_acc": 0.9433333333333334,
    "test_position_5_acc": 0.9506666666666667
}