{
    "epoch": 83,
    "train_loss": 0.014037077810069567,
    "pretrain_loss": null,
    "finetune_loss": 0.0037820434974145246,
    "pseudo_label_count": 20822,
    "pseudo_label_accept_rate": 0.9915238095238095,
    "mean_pseudo_confidence": 0.9993869749479044,
    "consistency_loss": 0.0,
    "encoder_stage": "semisupervised_with_pseudolabels",
    "stn_status": "trainable",
    "stn_regularization_loss": 3.536985382179017e-08,
    "val_loss": 0.28944110751979174,
    "val_seq_acc": 0.9590666666666666,
    "val_char_acc": 0.99156,
    "val_edit_distance": 0.0422,
    "val_clean_accuracy": 0.9590666666666666,
    "val_robustness_drop": null,
    "val_restoration_gain": null,
    "val_position_1_acc": 0.9921333333333333,
    "val_position_2_acc": 0.9906,
    "val_position_3_acc": 0.9910666666666667,
    "val_position_4_acc": 0.9918,
    "val_position_5_acc": 0.9922,
    "test_loss": 0.3059610186042537,
    "test_seq_acc": 0.9575333333333333,
    "test_char_acc": 0.9912666666666666,
    "test_edit_distance": 0.0436,
    "test_clean_accuracy": 0.9575333333333333,
    "test_robustness_drop": null,
    "test_restoration_gain": null,
    "test_position_1_acc": 0.9925333333333334,
    "test_position_2_acc": 0.989,
    "test_position_3_acc": 0.9905333333333334,
    "test_position_4_acc": 0.9912666666666666,
    "test_position_5_acc": 0.993
}