{
    "epoch": 110,
    "train_loss": 0.005612766460044703,
    "pretrain_loss": null,
    "finetune_loss": 0.0008661106054376423,
    "pseudo_label_count": 20895,
    "pseudo_label_accept_rate": 0.995,
    "mean_pseudo_confidence": 0.9996842876123053,
    "consistency_loss": 0.0,
    "encoder_stage": "semisupervised_with_pseudolabels",
    "stn_status": "trainable",
    "stn_regularization_loss": 1.8419113618177105e-07,
    "val_loss": 0.28838333963844404,
    "val_seq_acc": 0.9614,
    "val_char_acc": 0.9921466666666666,
    "val_edit_distance": 0.039266666666666665,
    "val_clean_accuracy": 0.9614,
    "val_robustness_drop": null,
    "val_restoration_gain": null,
    "val_position_1_acc": 0.9922,
    "val_position_2_acc": 0.9904666666666667,
    "val_position_3_acc": 0.9922,
    "val_position_4_acc": 0.9923333333333333,
    "val_position_5_acc": 0.9935333333333334,
    "test_loss": 0.28933808111106235,
    "test_seq_acc": 0.9617333333333333,
    "test_char_acc": 0.9921466666666666,
    "test_edit_distance": 0.03913333333333333,
    "test_clean_accuracy": 0.9617333333333333,
    "test_robustness_drop": null,
    "test_restoration_gain": null,
    "test_position_1_acc": 0.9942,
    "test_position_2_acc": 0.9903333333333333,
    "test_position_3_acc": 0.9916,
    "test_position_4_acc": 0.9918,
    "test_position_5_acc": 0.9928
}