{
    "epoch": 137,
    "train_loss": 0.004143298462709469,
    "pretrain_loss": null,
    "finetune_loss": 0.00038019455622015906,
    "pseudo_label_count": 20917,
    "pseudo_label_accept_rate": 0.9960476190476191,
    "mean_pseudo_confidence": 0.9997084228658606,
    "consistency_loss": 0.0,
    "encoder_stage": "semisupervised_with_pseudolabels",
    "stn_status": "trainable",
    "stn_regularization_loss": 2.08875333780963e-07,
    "val_loss": 0.2907186532186275,
    "val_seq_acc": 0.9618666666666666,
    "val_char_acc": 0.9922266666666667,
    "val_edit_distance": 0.03886666666666667,
    "val_clean_accuracy": 0.9618666666666666,
    "val_robustness_drop": null,
    "val_restoration_gain": null,
    "val_position_1_acc": 0.9924,
    "val_position_2_acc": 0.9905333333333334,
    "val_position_3_acc": 0.9922,
    "val_position_4_acc": 0.9924,
    "val_position_5_acc": 0.9936,
    "test_loss": 0.2962798619353828,
    "test_seq_acc": 0.9612666666666667,
    "test_char_acc": 0.99208,
    "test_edit_distance": 0.039466666666666664,
    "test_clean_accuracy": 0.9612666666666667,
    "test_robustness_drop": null,
    "test_restoration_gain": null,
    "test_position_1_acc": 0.9938,
    "test_position_2_acc": 0.9898,
    "test_position_3_acc": 0.9919333333333333,
    "test_position_4_acc": 0.9919333333333333,
    "test_position_5_acc": 0.9929333333333333
}