{
    "epoch": 127,
    "train_loss": 0.004351992189519149,
    "pretrain_loss": null,
    "finetune_loss": 0.000470159189420546,
    "pseudo_label_count": 20907,
    "pseudo_label_accept_rate": 0.9955714285714286,
    "mean_pseudo_confidence": 0.9997015056636565,
    "consistency_loss": 0.0,
    "encoder_stage": "semisupervised_with_pseudolabels",
    "stn_status": "trainable",
    "stn_regularization_loss": 2.2881282039758515e-07,
    "val_loss": 0.2836574106077178,
    "val_seq_acc": 0.9624,
    "val_char_acc": 0.9923733333333333,
    "val_edit_distance": 0.03813333333333333,
    "val_clean_accuracy": 0.9624,
    "val_robustness_drop": null,
    "val_restoration_gain": null,
    "val_position_1_acc": 0.9928666666666667,
    "val_position_2_acc": 0.9908,
    "val_position_3_acc": 0.9923333333333333,
    "val_position_4_acc": 0.9922666666666666,
    "val_position_5_acc": 0.9936,
    "test_loss": 0.2897788532721782,
    "test_seq_acc": 0.9616666666666667,
    "test_char_acc": 0.9921333333333333,
    "test_edit_distance": 0.03913333333333333,
    "test_clean_accuracy": 0.9616666666666667,
    "test_robustness_drop": null,
    "test_restoration_gain": null,
    "test_position_1_acc": 0.9935333333333334,
    "test_position_2_acc": 0.9903333333333333,
    "test_position_3_acc": 0.9919333333333333,
    "test_position_4_acc": 0.9917333333333334,
    "test_position_5_acc": 0.9931333333333333
}