{
    "epoch": 187,
    "train_loss": 0.0035315934617555877,
    "pretrain_loss": null,
    "finetune_loss": 0.0002513570835895264,
    "pseudo_label_count": 20923,
    "pseudo_label_accept_rate": 0.9963333333333333,
    "mean_pseudo_confidence": 0.9997602381271175,
    "consistency_loss": 0.0,
    "encoder_stage": "semisupervised_with_pseudolabels",
    "stn_status": "trainable",
    "stn_regularization_loss": 1.993679337575564e-07,
    "val_loss": 0.29280591257402,
    "val_seq_acc": 0.963,
    "val_char_acc": 0.99248,
    "val_edit_distance": 0.0376,
    "val_clean_accuracy": 0.963,
    "val_robustness_drop": null,
    "val_restoration_gain": null,
    "val_position_1_acc": 0.9924666666666667,
    "val_position_2_acc": 0.9908,
    "val_position_3_acc": 0.9925333333333334,
    "val_position_4_acc": 0.9928,
    "val_position_5_acc": 0.9938,
    "test_loss": 0.2942448723412607,
    "test_seq_acc": 0.9623333333333334,
    "test_char_acc": 0.9922933333333334,
    "test_edit_distance": 0.03833333333333333,
    "test_clean_accuracy": 0.9623333333333334,
    "test_robustness_drop": null,
    "test_restoration_gain": null,
    "test_position_1_acc": 0.9940666666666667,
    "test_position_2_acc": 0.9904,
    "test_position_3_acc": 0.9917333333333334,
    "test_position_4_acc": 0.9921333333333333,
    "test_position_5_acc": 0.9931333333333333
}