{
    "epoch": 96,
    "train_loss": 0.010292894820248987,
    "pretrain_loss": null,
    "finetune_loss": 0.0024946172967252296,
    "pseudo_label_count": 20848,
    "pseudo_label_accept_rate": 0.9927619047619047,
    "mean_pseudo_confidence": 0.9995524323819146,
    "consistency_loss": 0.0,
    "encoder_stage": "semisupervised_with_pseudolabels",
    "stn_status": "trainable",
    "stn_regularization_loss": 1.779289989838044e-07,
    "val_loss": 0.29766338812750814,
    "val_seq_acc": 0.958,
    "val_char_acc": 0.9914933333333333,
    "val_edit_distance": 0.04253333333333333,
    "val_clean_accuracy": 0.958,
    "val_robustness_drop": null,
    "val_restoration_gain": null,
    "val_position_1_acc": 0.9917333333333334,
    "val_position_2_acc": 0.99,
    "val_position_3_acc": 0.9912666666666666,
    "val_position_4_acc": 0.9919333333333333,
    "val_position_5_acc": 0.9925333333333334,
    "test_loss": 0.3099771148083822,
    "test_seq_acc": 0.9566,
    "test_char_acc": 0.9910533333333333,
    "test_edit_distance": 0.044533333333333334,
    "test_clean_accuracy": 0.9566,
    "test_robustness_drop": null,
    "test_restoration_gain": null,
    "test_position_1_acc": 0.9940666666666667,
    "test_position_2_acc": 0.9888666666666667,
    "test_position_3_acc": 0.9900666666666667,
    "test_position_4_acc": 0.9904,
    "test_position_5_acc": 0.9918666666666667
}