{
    "epoch": 38,
    "train_loss": 0.15469455630669016,
    "pretrain_loss": null,
    "finetune_loss": 0.10749606795088625,
    "pseudo_label_count": 19910,
    "pseudo_label_accept_rate": 0.9480952380952381,
    "mean_pseudo_confidence": 0.9970312613329655,
    "consistency_loss": 0.0,
    "encoder_stage": "semisupervised_with_pseudolabels",
    "stn_status": "trainable",
    "stn_regularization_loss": 8.733614800156496e-07,
    "val_loss": 3.4431408618358854,
    "val_seq_acc": 0.6941333333333334,
    "val_char_acc": 0.9285866666666667,
    "val_edit_distance": 0.357,
    "val_clean_accuracy": 0.6941333333333334,
    "val_robustness_drop": null,
    "val_restoration_gain": null,
    "val_position_1_acc": 0.939,
    "val_position_2_acc": 0.9344666666666667,
    "val_position_3_acc": 0.8951333333333333,
    "val_position_4_acc": 0.9287333333333333,
    "val_position_5_acc": 0.9456,
    "test_loss": 3.5167895758405643,
    "test_seq_acc": 0.6896666666666667,
    "test_char_acc": 0.92792,
    "test_edit_distance": 0.3602,
    "test_clean_accuracy": 0.6896666666666667,
    "test_robustness_drop": null,
    "test_restoration_gain": null,
    "test_position_1_acc": 0.9403333333333334,
    "test_position_2_acc": 0.9286,
    "test_position_3_acc": 0.8964,
    "test_position_4_acc": 0.9293333333333333,
    "test_position_5_acc": 0.9449333333333333
}