{
    "epoch": 81,
    "train_loss": 0.011584972363432311,
    "pretrain_loss": null,
    "finetune_loss": 0.003233380128089071,
    "pseudo_label_count": 20829,
    "pseudo_label_accept_rate": 0.9918571428571429,
    "mean_pseudo_confidence": 0.9994222882374426,
    "consistency_loss": 0.0,
    "encoder_stage": "semisupervised_with_pseudolabels",
    "stn_status": "trainable",
    "stn_regularization_loss": 5.797811722506967e-08,
    "val_loss": 0.2913021104215852,
    "val_seq_acc": 0.9595333333333333,
    "val_char_acc": 0.9917466666666667,
    "val_edit_distance": 0.04126666666666667,
    "val_clean_accuracy": 0.9595333333333333,
    "val_robustness_drop": null,
    "val_restoration_gain": null,
    "val_position_1_acc": 0.9925333333333334,
    "val_position_2_acc": 0.9904666666666667,
    "val_position_3_acc": 0.9916666666666667,
    "val_position_4_acc": 0.9916,
    "val_position_5_acc": 0.9924666666666667,
    "test_loss": 0.3131870444186558,
    "test_seq_acc": 0.9568666666666666,
    "test_char_acc": 0.99112,
    "test_edit_distance": 0.04426666666666667,
    "test_clean_accuracy": 0.9568666666666666,
    "test_robustness_drop": null,
    "test_restoration_gain": null,
    "test_position_1_acc": 0.9928,
    "test_position_2_acc": 0.9892,
    "test_position_3_acc": 0.9902,
    "test_position_4_acc": 0.9913333333333333,
    "test_position_5_acc": 0.9920666666666667
}