{
    "epoch": 101,
    "train_loss": 0.011043258209744932,
    "pretrain_loss": null,
    "finetune_loss": 0.004957828407585079,
    "pseudo_label_count": 20884,
    "pseudo_label_accept_rate": 0.9944761904761905,
    "mean_pseudo_confidence": 0.999587607598355,
    "consistency_loss": 0.0,
    "encoder_stage": "semisupervised_with_pseudolabels",
    "stn_status": "trainable",
    "stn_regularization_loss": 1.5440930269414316e-07,
    "val_loss": 0.3088038970935505,
    "val_seq_acc": 0.9603333333333334,
    "val_char_acc": 0.99196,
    "val_edit_distance": 0.0402,
    "val_clean_accuracy": 0.9603333333333334,
    "val_robustness_drop": null,
    "val_restoration_gain": null,
    "val_position_1_acc": 0.9926,
    "val_position_2_acc": 0.99,
    "val_position_3_acc": 0.9919333333333333,
    "val_position_4_acc": 0.9917333333333334,
    "val_position_5_acc": 0.9935333333333334,
    "test_loss": 0.3051803481408105,
    "test_seq_acc": 0.9596,
    "test_char_acc": 0.99168,
    "test_edit_distance": 0.0414,
    "test_clean_accuracy": 0.9596,
    "test_robustness_drop": null,
    "test_restoration_gain": null,
    "test_position_1_acc": 0.9940666666666667,
    "test_position_2_acc": 0.9896,
    "test_position_3_acc": 0.9910666666666667,
    "test_position_4_acc": 0.9912666666666666,
    "test_position_5_acc": 0.9924
}