{
    "epoch": 118,
    "train_loss": 0.0049132449633246264,
    "pretrain_loss": null,
    "finetune_loss": 0.0005010778409336264,
    "pseudo_label_count": 20897,
    "pseudo_label_accept_rate": 0.9950952380952381,
    "mean_pseudo_confidence": 0.9996978774186885,
    "consistency_loss": 0.0,
    "encoder_stage": "semisupervised_with_pseudolabels",
    "stn_status": "trainable",
    "stn_regularization_loss": 1.994178245008192e-07,
    "val_loss": 0.28815655338657187,
    "val_seq_acc": 0.9614,
    "val_char_acc": 0.9921733333333334,
    "val_edit_distance": 0.03913333333333333,
    "val_clean_accuracy": 0.9614,
    "val_robustness_drop": null,
    "val_restoration_gain": null,
    "val_position_1_acc": 0.9926,
    "val_position_2_acc": 0.9912,
    "val_position_3_acc": 0.9915333333333334,
    "val_position_4_acc": 0.9921333333333333,
    "val_position_5_acc": 0.9934,
    "test_loss": 0.2975009822396424,
    "test_seq_acc": 0.9592666666666667,
    "test_char_acc": 0.99164,
    "test_edit_distance": 0.041666666666666664,
    "test_clean_accuracy": 0.9592666666666667,
    "test_robustness_drop": null,
    "test_restoration_gain": null,
    "test_position_1_acc": 0.9932,
    "test_position_2_acc": 0.9899333333333333,
    "test_position_3_acc": 0.991,
    "test_position_4_acc": 0.9915333333333334,
    "test_position_5_acc": 0.9925333333333334
}