{
    "epoch": 134,
    "train_loss": 0.0049442128911125535,
    "pretrain_loss": null,
    "finetune_loss": 0.00044084006438486437,
    "pseudo_label_count": 20916,
    "pseudo_label_accept_rate": 0.996,
    "mean_pseudo_confidence": 0.9997070593459129,
    "consistency_loss": 0.0,
    "encoder_stage": "semisupervised_with_pseudolabels",
    "stn_status": "trainable",
    "stn_regularization_loss": 2.1230210739923647e-07,
    "val_loss": 0.2908625597952236,
    "val_seq_acc": 0.9625333333333334,
    "val_char_acc": 0.9924,
    "val_edit_distance": 0.038,
    "val_clean_accuracy": 0.9625333333333334,
    "val_robustness_drop": null,
    "val_restoration_gain": null,
    "val_position_1_acc": 0.9922,
    "val_position_2_acc": 0.9912666666666666,
    "val_position_3_acc": 0.9924,
    "val_position_4_acc": 0.9920666666666667,
    "val_position_5_acc": 0.9940666666666667,
    "test_loss": 0.2898561166338465,
    "test_seq_acc": 0.9606666666666667,
    "test_char_acc": 0.99196,
    "test_edit_distance": 0.04006666666666667,
    "test_clean_accuracy": 0.9606666666666667,
    "test_robustness_drop": null,
    "test_restoration_gain": null,
    "test_position_1_acc": 0.9942666666666666,
    "test_position_2_acc": 0.9898666666666667,
    "test_position_3_acc": 0.9916,
    "test_position_4_acc": 0.9913333333333333,
    "test_position_5_acc": 0.9927333333333334
}