{
    "epoch": 186,
    "train_loss": 0.0034066609123100155,
    "pretrain_loss": null,
    "finetune_loss": 0.00023909248904587307,
    "pseudo_label_count": 20928,
    "pseudo_label_accept_rate": 0.9965714285714286,
    "mean_pseudo_confidence": 0.9997655617170013,
    "consistency_loss": 0.0,
    "encoder_stage": "semisupervised_with_pseudolabels",
    "stn_status": "trainable",
    "stn_regularization_loss": 1.9965689689781585e-07,
    "val_loss": 0.2968471173663621,
    "val_seq_acc": 0.9624666666666667,
    "val_char_acc": 0.99232,
    "val_edit_distance": 0.0384,
    "val_clean_accuracy": 0.9624666666666667,
    "val_robustness_drop": null,
    "val_restoration_gain": null,
    "val_position_1_acc": 0.9928666666666667,
    "val_position_2_acc": 0.9907333333333334,
    "val_position_3_acc": 0.9917333333333334,
    "val_position_4_acc": 0.9924,
    "val_position_5_acc": 0.9938666666666667,
    "test_loss": 0.30712429490583826,
    "test_seq_acc": 0.9611333333333333,
    "test_char_acc": 0.9919866666666667,
    "test_edit_distance": 0.03986666666666667,
    "test_clean_accuracy": 0.9611333333333333,
    "test_robustness_drop": null,
    "test_restoration_gain": null,
    "test_position_1_acc": 0.9935333333333334,
    "test_position_2_acc": 0.9901333333333333,
    "test_position_3_acc": 0.9914,
    "test_position_4_acc": 0.9914666666666667,
    "test_position_5_acc": 0.9934
}