{
    "epoch": 97,
    "train_loss": 0.010883267484039763,
    "pretrain_loss": null,
    "finetune_loss": 0.0025924580940210693,
    "pseudo_label_count": 20808,
    "pseudo_label_accept_rate": 0.9908571428571429,
    "mean_pseudo_confidence": 0.9994694088477898,
    "consistency_loss": 0.0,
    "encoder_stage": "semisupervised_with_pseudolabels",
    "stn_status": "trainable",
    "stn_regularization_loss": 1.3347332939888385e-07,
    "val_loss": 0.5732117299576435,
    "val_seq_acc": 0.9405333333333333,
    "val_char_acc": 0.9878266666666666,
    "val_edit_distance": 0.060866666666666666,
    "val_clean_accuracy": 0.9405333333333333,
    "val_robustness_drop": null,
    "val_restoration_gain": null,
    "val_position_1_acc": 0.9885333333333334,
    "val_position_2_acc": 0.9856,
    "val_position_3_acc": 0.9868666666666667,
    "val_position_4_acc": 0.9885333333333334,
    "val_position_5_acc": 0.9896,
    "test_loss": 0.5951423205732507,
    "test_seq_acc": 0.9386,
    "test_char_acc": 0.9873333333333333,
    "test_edit_distance": 0.06326666666666667,
    "test_clean_accuracy": 0.9386,
    "test_robustness_drop": null,
    "test_restoration_gain": null,
    "test_position_1_acc": 0.989,
    "test_position_2_acc": 0.9856,
    "test_position_3_acc": 0.986,
    "test_position_4_acc": 0.9882666666666666,
    "test_position_5_acc": 0.9878
}