{
    "epoch": 33,
    "train_loss": 0.27183367518574486,
    "pretrain_loss": null,
    "finetune_loss": 0.10860522982771399,
    "pseudo_label_count": 17157,
    "pseudo_label_accept_rate": 0.817,
    "mean_pseudo_confidence": 0.9925415000208484,
    "consistency_loss": 0.0,
    "encoder_stage": "semisupervised_with_pseudolabels",
    "stn_status": "trainable",
    "stn_regularization_loss": 8.803619807870827e-07,
    "val_loss": 8.563000378710159,
    "val_seq_acc": 0.45206666666666667,
    "val_char_acc": 0.8496933333333333,
    "val_edit_distance": 0.7511333333333333,
    "val_clean_accuracy": 0.45206666666666667,
    "val_robustness_drop": null,
    "val_restoration_gain": null,
    "val_position_1_acc": 0.7886666666666666,
    "val_position_2_acc": 0.8689333333333333,
    "val_position_3_acc": 0.858,
    "val_position_4_acc": 0.8378,
    "val_position_5_acc": 0.8950666666666667,
    "test_loss": 8.46974667995534,
    "test_seq_acc": 0.4468666666666667,
    "test_char_acc": 0.8499733333333334,
    "test_edit_distance": 0.7494666666666666,
    "test_clean_accuracy": 0.4468666666666667,
    "test_robustness_drop": null,
    "test_restoration_gain": null,
    "test_position_1_acc": 0.7864,
    "test_position_2_acc": 0.865,
    "test_position_3_acc": 0.8606666666666667,
    "test_position_4_acc": 0.8428666666666667,
    "test_position_5_acc": 0.8949333333333334
}