{
    "epoch": 17,
    "train_loss": 0.13066778351691388,
    "pretrain_loss": null,
    "finetune_loss": 0.13066778351691388,
    "pseudo_label_count": 0,
    "pseudo_label_accept_rate": 0.0,
    "mean_pseudo_confidence": 0.0,
    "consistency_loss": 0.0,
    "encoder_stage": "semisupervised_warmup",
    "stn_status": "trainable",
    "stn_regularization_loss": 1.8834838461144937e-08,
    "val_loss": 0.22612897505627033,
    "val_seq_acc": 0.9418,
    "val_char_acc": 0.9879733333333334,
    "val_edit_distance": 0.06013333333333333,
    "val_clean_accuracy": 0.9418,
    "val_robustness_drop": null,
    "val_restoration_gain": null,
    "val_position_1_acc": 0.9900666666666667,
    "val_position_2_acc": 0.986,
    "val_position_3_acc": 0.9842,
    "val_position_4_acc": 0.9878666666666667,
    "val_position_5_acc": 0.9917333333333334,
    "test_loss": 0.2329383490934096,
    "test_seq_acc": 0.9390666666666667,
    "test_char_acc": 0.9874266666666667,
    "test_edit_distance": 0.06266666666666666,
    "test_clean_accuracy": 0.9390666666666667,
    "test_robustness_drop": null,
    "test_restoration_gain": null,
    "test_position_1_acc": 0.9904,
    "test_position_2_acc": 0.9842,
    "test_position_3_acc": 0.9838,
    "test_position_4_acc": 0.9872,
    "test_position_5_acc": 0.9915333333333334
}