{
    "epoch": 79,
    "train_loss": 0.012605177897413392,
    "pretrain_loss": null,
    "finetune_loss": 0.0037525060791459954,
    "pseudo_label_count": 20795,
    "pseudo_label_accept_rate": 0.9902380952380953,
    "mean_pseudo_confidence": 0.9993772793802168,
    "consistency_loss": 0.0,
    "encoder_stage": "semisupervised_with_pseudolabels",
    "stn_status": "trainable",
    "stn_regularization_loss": 1.230285249462306e-07,
    "val_loss": 0.286691932753905,
    "val_seq_acc": 0.9592666666666667,
    "val_char_acc": 0.9917466666666667,
    "val_edit_distance": 0.04126666666666667,
    "val_clean_accuracy": 0.9592666666666667,
    "val_robustness_drop": null,
    "val_restoration_gain": null,
    "val_position_1_acc": 0.9920666666666667,
    "val_position_2_acc": 0.9901333333333333,
    "val_position_3_acc": 0.9918,
    "val_position_4_acc": 0.9913333333333333,
    "val_position_5_acc": 0.9934,
    "test_loss": 0.2917871885877019,
    "test_seq_acc": 0.9598,
    "test_char_acc": 0.9917866666666667,
    "test_edit_distance": 0.041,
    "test_clean_accuracy": 0.9598,
    "test_robustness_drop": null,
    "test_restoration_gain": null,
    "test_position_1_acc": 0.9931333333333333,
    "test_position_2_acc": 0.9898666666666667,
    "test_position_3_acc": 0.991,
    "test_position_4_acc": 0.9921333333333333,
    "test_position_5_acc": 0.9928
}