{
    "epoch": 182,
    "train_loss": 0.003011495188609546,
    "pretrain_loss": null,
    "finetune_loss": 0.0002496165609506104,
    "pseudo_label_count": 20937,
    "pseudo_label_accept_rate": 0.997,
    "mean_pseudo_confidence": 0.9997795219264696,
    "consistency_loss": 0.0,
    "encoder_stage": "semisupervised_with_pseudolabels",
    "stn_status": "trainable",
    "stn_regularization_loss": 2.003534840615284e-07,
    "val_loss": 0.2933110691313019,
    "val_seq_acc": 0.9622,
    "val_char_acc": 0.9923066666666667,
    "val_edit_distance": 0.03846666666666667,
    "val_clean_accuracy": 0.9622,
    "val_robustness_drop": null,
    "val_restoration_gain": null,
    "val_position_1_acc": 0.9928666666666667,
    "val_position_2_acc": 0.9908666666666667,
    "val_position_3_acc": 0.9918,
    "val_position_4_acc": 0.9923333333333333,
    "val_position_5_acc": 0.9936666666666667,
    "test_loss": 0.3005461818015666,
    "test_seq_acc": 0.9617333333333333,
    "test_char_acc": 0.99212,
    "test_edit_distance": 0.039266666666666665,
    "test_clean_accuracy": 0.9617333333333333,
    "test_robustness_drop": null,
    "test_restoration_gain": null,
    "test_position_1_acc": 0.9938,
    "test_position_2_acc": 0.9903333333333333,
    "test_position_3_acc": 0.9913333333333333,
    "test_position_4_acc": 0.992,
    "test_position_5_acc": 0.9931333333333333
}