{
    "epoch": 89,
    "train_loss": 0.011196680665187107,
    "pretrain_loss": null,
    "finetune_loss": 0.0030156242748261637,
    "pseudo_label_count": 20850,
    "pseudo_label_accept_rate": 0.9928571428571429,
    "mean_pseudo_confidence": 0.9994898973094474,
    "consistency_loss": 0.0,
    "encoder_stage": "semisupervised_with_pseudolabels",
    "stn_status": "trainable",
    "stn_regularization_loss": 1.0507040842574359e-07,
    "val_loss": 0.3543942275419698,
    "val_seq_acc": 0.9544666666666667,
    "val_char_acc": 0.99072,
    "val_edit_distance": 0.0464,
    "val_clean_accuracy": 0.9544666666666667,
    "val_robustness_drop": null,
    "val_restoration_gain": null,
    "val_position_1_acc": 0.9905333333333334,
    "val_position_2_acc": 0.9884,
    "val_position_3_acc": 0.9905333333333334,
    "val_position_4_acc": 0.9907333333333334,
    "val_position_5_acc": 0.9934,
    "test_loss": 0.35987566799162873,
    "test_seq_acc": 0.9536,
    "test_char_acc": 0.99048,
    "test_edit_distance": 0.0474,
    "test_clean_accuracy": 0.9536,
    "test_robustness_drop": null,
    "test_restoration_gain": null,
    "test_position_1_acc": 0.9933333333333333,
    "test_position_2_acc": 0.9863333333333333,
    "test_position_3_acc": 0.9892666666666666,
    "test_position_4_acc": 0.9907333333333334,
    "test_position_5_acc": 0.9927333333333334
}