{
    "epoch": 136,
    "train_loss": 0.00468835820515838,
    "pretrain_loss": null,
    "finetune_loss": 0.00045330650423464286,
    "pseudo_label_count": 20923,
    "pseudo_label_accept_rate": 0.9963333333333333,
    "mean_pseudo_confidence": 0.9997123328232033,
    "consistency_loss": 0.0,
    "encoder_stage": "semisupervised_with_pseudolabels",
    "stn_status": "trainable",
    "stn_regularization_loss": 2.1503735858202513e-07,
    "val_loss": 0.29085520270430393,
    "val_seq_acc": 0.9618666666666666,
    "val_char_acc": 0.9922266666666667,
    "val_edit_distance": 0.03886666666666667,
    "val_clean_accuracy": 0.9618666666666666,
    "val_robustness_drop": null,
    "val_restoration_gain": null,
    "val_position_1_acc": 0.9925333333333334,
    "val_position_2_acc": 0.9907333333333334,
    "val_position_3_acc": 0.992,
    "val_position_4_acc": 0.992,
    "val_position_5_acc": 0.9938666666666667,
    "test_loss": 0.3013597207846168,
    "test_seq_acc": 0.9606,
    "test_char_acc": 0.9919066666666667,
    "test_edit_distance": 0.040266666666666666,
    "test_clean_accuracy": 0.9606,
    "test_robustness_drop": null,
    "test_restoration_gain": null,
    "test_position_1_acc": 0.993,
    "test_position_2_acc": 0.9896666666666667,
    "test_position_3_acc": 0.9918666666666667,
    "test_position_4_acc": 0.9917333333333334,
    "test_position_5_acc": 0.9932666666666666
}