{
    "epoch": 141,
    "train_loss": 0.004980358675841685,
    "pretrain_loss": null,
    "finetune_loss": 0.00041302549592438904,
    "pseudo_label_count": 20906,
    "pseudo_label_accept_rate": 0.9955238095238095,
    "mean_pseudo_confidence": 0.9997396931903255,
    "consistency_loss": 0.0,
    "encoder_stage": "semisupervised_with_pseudolabels",
    "stn_status": "trainable",
    "stn_regularization_loss": 2.055568972247408e-07,
    "val_loss": 0.2888779024193664,
    "val_seq_acc": 0.9624,
    "val_char_acc": 0.99232,
    "val_edit_distance": 0.0384,
    "val_clean_accuracy": 0.9624,
    "val_robustness_drop": null,
    "val_restoration_gain": null,
    "val_position_1_acc": 0.9928666666666667,
    "val_position_2_acc": 0.9908666666666667,
    "val_position_3_acc": 0.9917333333333334,
    "val_position_4_acc": 0.9926,
    "val_position_5_acc": 0.9935333333333334,
    "test_loss": 0.2977471862659513,
    "test_seq_acc": 0.9616,
    "test_char_acc": 0.9921466666666666,
    "test_edit_distance": 0.03913333333333333,
    "test_clean_accuracy": 0.9616,
    "test_robustness_drop": null,
    "test_restoration_gain": null,
    "test_position_1_acc": 0.9931333333333333,
    "test_position_2_acc": 0.9906666666666667,
    "test_position_3_acc": 0.9918,
    "test_position_4_acc": 0.9920666666666667,
    "test_position_5_acc": 0.9930666666666667
}