{
    "epoch": 195,
    "train_loss": 0.0020487356089909114,
    "pretrain_loss": null,
    "finetune_loss": 0.00021439328606938184,
    "pseudo_label_count": 20945,
    "pseudo_label_accept_rate": 0.9973809523809524,
    "mean_pseudo_confidence": 0.9998042758195831,
    "consistency_loss": 0.0,
    "encoder_stage": "semisupervised_with_pseudolabels",
    "stn_status": "trainable",
    "stn_regularization_loss": 1.9840627258120562e-07,
    "val_loss": 0.2960055547714217,
    "val_seq_acc": 0.9622,
    "val_char_acc": 0.9923333333333333,
    "val_edit_distance": 0.03833333333333333,
    "val_clean_accuracy": 0.9622,
    "val_robustness_drop": null,
    "val_restoration_gain": null,
    "val_position_1_acc": 0.9924666666666667,
    "val_position_2_acc": 0.9908666666666667,
    "val_position_3_acc": 0.9921333333333333,
    "val_position_4_acc": 0.9924,
    "val_position_5_acc": 0.9938,
    "test_loss": 0.299388975021739,
    "test_seq_acc": 0.9618,
    "test_char_acc": 0.9921866666666667,
    "test_edit_distance": 0.038933333333333334,
    "test_clean_accuracy": 0.9618,
    "test_robustness_drop": null,
    "test_restoration_gain": null,
    "test_position_1_acc": 0.9940666666666667,
    "test_position_2_acc": 0.9901333333333333,
    "test_position_3_acc": 0.9916666666666667,
    "test_position_4_acc": 0.992,
    "test_position_5_acc": 0.9930666666666667
}