{
    "epoch": 100,
    "train_loss": 0.009921862336239463,
    "pretrain_loss": null,
    "finetune_loss": 0.001966435137392443,
    "pseudo_label_count": 20845,
    "pseudo_label_accept_rate": 0.9926190476190476,
    "mean_pseudo_confidence": 0.9995403219796279,
    "consistency_loss": 0.0,
    "encoder_stage": "semisupervised_with_pseudolabels",
    "stn_status": "trainable",
    "stn_regularization_loss": 1.5727506714904634e-07,
    "val_loss": 0.3386847917445653,
    "val_seq_acc": 0.9576,
    "val_char_acc": 0.9913866666666666,
    "val_edit_distance": 0.04306666666666667,
    "val_clean_accuracy": 0.9576,
    "val_robustness_drop": null,
    "val_restoration_gain": null,
    "val_position_1_acc": 0.9918,
    "val_position_2_acc": 0.9892,
    "val_position_3_acc": 0.9916,
    "val_position_4_acc": 0.9912666666666666,
    "val_position_5_acc": 0.9930666666666667,
    "test_loss": 0.3267543739884438,
    "test_seq_acc": 0.9574,
    "test_char_acc": 0.9912,
    "test_edit_distance": 0.043866666666666665,
    "test_clean_accuracy": 0.9574,
    "test_robustness_drop": null,
    "test_restoration_gain": null,
    "test_position_1_acc": 0.9933333333333333,
    "test_position_2_acc": 0.9893333333333333,
    "test_position_3_acc": 0.9904666666666667,
    "test_position_4_acc": 0.991,
    "test_position_5_acc": 0.9918666666666667
}