{
    "epoch": 109,
    "train_loss": 0.0064051050813839425,
    "pretrain_loss": null,
    "finetune_loss": 0.0008041870111879432,
    "pseudo_label_count": 20890,
    "pseudo_label_accept_rate": 0.9947619047619047,
    "mean_pseudo_confidence": 0.9996771685525868,
    "consistency_loss": 0.0,
    "encoder_stage": "semisupervised_with_pseudolabels",
    "stn_status": "trainable",
    "stn_regularization_loss": 1.8152064746641932e-07,
    "val_loss": 0.2885031839528002,
    "val_seq_acc": 0.9621333333333333,
    "val_char_acc": 0.9923466666666667,
    "val_edit_distance": 0.038266666666666664,
    "val_clean_accuracy": 0.9621333333333333,
    "val_robustness_drop": null,
    "val_restoration_gain": null,
    "val_position_1_acc": 0.9924666666666667,
    "val_position_2_acc": 0.991,
    "val_position_3_acc": 0.9922666666666666,
    "val_position_4_acc": 0.9922,
    "val_position_5_acc": 0.9938,
    "test_loss": 0.29014153487624617,
    "test_seq_acc": 0.9624666666666667,
    "test_char_acc": 0.9923066666666667,
    "test_edit_distance": 0.03833333333333333,
    "test_clean_accuracy": 0.9624666666666667,
    "test_robustness_drop": null,
    "test_restoration_gain": null,
    "test_position_1_acc": 0.9941333333333333,
    "test_position_2_acc": 0.9905333333333334,
    "test_position_3_acc": 0.9918666666666667,
    "test_position_4_acc": 0.9922666666666666,
    "test_position_5_acc": 0.9927333333333334
}