{
    "epoch": 57,
    "train_loss": 0.02279929041150862,
    "pretrain_loss": null,
    "finetune_loss": 0.0066791042171366385,
    "pseudo_label_count": 20620,
    "pseudo_label_accept_rate": 0.981904761904762,
    "mean_pseudo_confidence": 0.9988779220618055,
    "consistency_loss": 0.0,
    "encoder_stage": "semisupervised_with_pseudolabels",
    "stn_status": "trainable",
    "stn_regularization_loss": 1.7694800844949607e-07,
    "val_loss": 0.21934432762011172,
    "val_seq_acc": 0.9602666666666667,
    "val_char_acc": 0.99188,
    "val_edit_distance": 0.0406,
    "val_clean_accuracy": 0.9602666666666667,
    "val_robustness_drop": null,
    "val_restoration_gain": null,
    "val_position_1_acc": 0.9918666666666667,
    "val_position_2_acc": 0.9911333333333333,
    "val_position_3_acc": 0.9914666666666667,
    "val_position_4_acc": 0.9916,
    "val_position_5_acc": 0.9933333333333333,
    "test_loss": 0.2288322826379296,
    "test_seq_acc": 0.9604,
    "test_char_acc": 0.9918933333333333,
    "test_edit_distance": 0.0404,
    "test_clean_accuracy": 0.9604,
    "test_robustness_drop": null,
    "test_restoration_gain": null,
    "test_position_1_acc": 0.9945333333333334,
    "test_position_2_acc": 0.9896666666666667,
    "test_position_3_acc": 0.9906,
    "test_position_4_acc": 0.9916,
    "test_position_5_acc": 0.9930666666666667
}