{
    "epoch": 111,
    "train_loss": 0.00739882950643378,
    "pretrain_loss": null,
    "finetune_loss": 0.0010452878461018188,
    "pseudo_label_count": 20895,
    "pseudo_label_accept_rate": 0.995,
    "mean_pseudo_confidence": 0.9996650405978723,
    "consistency_loss": 0.0,
    "encoder_stage": "semisupervised_with_pseudolabels",
    "stn_status": "trainable",
    "stn_regularization_loss": 1.816094381941632e-07,
    "val_loss": 0.2823437048382983,
    "val_seq_acc": 0.9610666666666666,
    "val_char_acc": 0.9921066666666667,
    "val_edit_distance": 0.039466666666666664,
    "val_clean_accuracy": 0.9610666666666666,
    "val_robustness_drop": null,
    "val_restoration_gain": null,
    "val_position_1_acc": 0.9925333333333334,
    "val_position_2_acc": 0.9907333333333334,
    "val_position_3_acc": 0.9921333333333333,
    "val_position_4_acc": 0.992,
    "val_position_5_acc": 0.9931333333333333,
    "test_loss": 0.2859616073258447,
    "test_seq_acc": 0.9612,
    "test_char_acc": 0.9920266666666666,
    "test_edit_distance": 0.03966666666666667,
    "test_clean_accuracy": 0.9612,
    "test_robustness_drop": null,
    "test_restoration_gain": null,
    "test_position_1_acc": 0.9938666666666667,
    "test_position_2_acc": 0.9904666666666667,
    "test_position_3_acc": 0.9911333333333333,
    "test_position_4_acc": 0.992,
    "test_position_5_acc": 0.9926666666666667
}