{
    "epoch": 75,
    "train_loss": 0.014130756681243115,
    "pretrain_loss": null,
    "finetune_loss": 0.004131818244672717,
    "pseudo_label_count": 20799,
    "pseudo_label_accept_rate": 0.9904285714285714,
    "mean_pseudo_confidence": 0.9993935800571901,
    "consistency_loss": 0.0,
    "encoder_stage": "semisupervised_with_pseudolabels",
    "stn_status": "trainable",
    "stn_regularization_loss": 3.3837902897828167e-07,
    "val_loss": 0.35377841543072175,
    "val_seq_acc": 0.9539333333333333,
    "val_char_acc": 0.9906533333333334,
    "val_edit_distance": 0.046733333333333335,
    "val_clean_accuracy": 0.9539333333333333,
    "val_robustness_drop": null,
    "val_restoration_gain": null,
    "val_position_1_acc": 0.9912,
    "val_position_2_acc": 0.9900666666666667,
    "val_position_3_acc": 0.9902666666666666,
    "val_position_4_acc": 0.9893333333333333,
    "val_position_5_acc": 0.9924,
    "test_loss": 0.3469984501267739,
    "test_seq_acc": 0.9534666666666667,
    "test_char_acc": 0.99044,
    "test_edit_distance": 0.04753333333333333,
    "test_clean_accuracy": 0.9534666666666667,
    "test_robustness_drop": null,
    "test_restoration_gain": null,
    "test_position_1_acc": 0.9928666666666667,
    "test_position_2_acc": 0.9880666666666666,
    "test_position_3_acc": 0.9895333333333334,
    "test_position_4_acc": 0.9893333333333333,
    "test_position_5_acc": 0.9924
}