{
    "epoch": 149,
    "train_loss": 0.0027506396770007767,
    "pretrain_loss": null,
    "finetune_loss": 0.00022703017423098253,
    "pseudo_label_count": 20936,
    "pseudo_label_accept_rate": 0.9969523809523809,
    "mean_pseudo_confidence": 0.9997770892421298,
    "consistency_loss": 0.0,
    "encoder_stage": "semisupervised_with_pseudolabels",
    "stn_status": "trainable",
    "stn_regularization_loss": 2.019771376994525e-07,
    "val_loss": 0.2882368746383903,
    "val_seq_acc": 0.962,
    "val_char_acc": 0.99232,
    "val_edit_distance": 0.0384,
    "val_clean_accuracy": 0.962,
    "val_robustness_drop": null,
    "val_restoration_gain": null,
    "val_position_1_acc": 0.9929333333333333,
    "val_position_2_acc": 0.9907333333333334,
    "val_position_3_acc": 0.9918666666666667,
    "val_position_4_acc": 0.9921333333333333,
    "val_position_5_acc": 0.9939333333333333,
    "test_loss": 0.292413084950308,
    "test_seq_acc": 0.9618666666666666,
    "test_char_acc": 0.9921733333333334,
    "test_edit_distance": 0.039,
    "test_clean_accuracy": 0.9618666666666666,
    "test_robustness_drop": null,
    "test_restoration_gain": null,
    "test_position_1_acc": 0.9937333333333334,
    "test_position_2_acc": 0.9904666666666667,
    "test_position_3_acc": 0.9916666666666667,
    "test_position_4_acc": 0.9918,
    "test_position_5_acc": 0.9932
}