{
    "epoch": 172,
    "train_loss": 0.003852956738698994,
    "pretrain_loss": null,
    "finetune_loss": 0.0002711686561566576,
    "pseudo_label_count": 20914,
    "pseudo_label_accept_rate": 0.995904761904762,
    "mean_pseudo_confidence": 0.9997751909790229,
    "consistency_loss": 0.0,
    "encoder_stage": "semisupervised_with_pseudolabels",
    "stn_status": "trainable",
    "stn_regularization_loss": 2.022413028172862e-07,
    "val_loss": 0.2923163062964685,
    "val_seq_acc": 0.9628666666666666,
    "val_char_acc": 0.99248,
    "val_edit_distance": 0.0376,
    "val_clean_accuracy": 0.9628666666666666,
    "val_robustness_drop": null,
    "val_restoration_gain": null,
    "val_position_1_acc": 0.9928,
    "val_position_2_acc": 0.991,
    "val_position_3_acc": 0.9920666666666667,
    "val_position_4_acc": 0.9925333333333334,
    "val_position_5_acc": 0.994,
    "test_loss": 0.29245715950564,
    "test_seq_acc": 0.9622,
    "test_char_acc": 0.9922666666666666,
    "test_edit_distance": 0.03846666666666667,
    "test_clean_accuracy": 0.9622,
    "test_robustness_drop": null,
    "test_restoration_gain": null,
    "test_position_1_acc": 0.9938,
    "test_position_2_acc": 0.9904,
    "test_position_3_acc": 0.9914666666666667,
    "test_position_4_acc": 0.9924666666666667,
    "test_position_5_acc": 0.9932
}