{
    "epoch": 91,
    "train_loss": 0.010386295308555369,
    "pretrain_loss": null,
    "finetune_loss": 0.002596662080266436,
    "pseudo_label_count": 20835,
    "pseudo_label_accept_rate": 0.9921428571428571,
    "mean_pseudo_confidence": 0.9995142785427752,
    "consistency_loss": 0.0,
    "encoder_stage": "semisupervised_with_pseudolabels",
    "stn_status": "trainable",
    "stn_regularization_loss": 1.8207313647356702e-07,
    "val_loss": 0.323423356125444,
    "val_seq_acc": 0.9582,
    "val_char_acc": 0.9914666666666667,
    "val_edit_distance": 0.042666666666666665,
    "val_clean_accuracy": 0.9582,
    "val_robustness_drop": null,
    "val_restoration_gain": null,
    "val_position_1_acc": 0.9922,
    "val_position_2_acc": 0.9900666666666667,
    "val_position_3_acc": 0.9911333333333333,
    "val_position_4_acc": 0.9908,
    "val_position_5_acc": 0.9931333333333333,
    "test_loss": 0.3202897953120323,
    "test_seq_acc": 0.9594666666666667,
    "test_char_acc": 0.99172,
    "test_edit_distance": 0.04126666666666667,
    "test_clean_accuracy": 0.9594666666666667,
    "test_robustness_drop": null,
    "test_restoration_gain": null,
    "test_position_1_acc": 0.9938666666666667,
    "test_position_2_acc": 0.9896666666666667,
    "test_position_3_acc": 0.991,
    "test_position_4_acc": 0.9920666666666667,
    "test_position_5_acc": 0.992
}