{
    "epoch": 154,
    "train_loss": 0.004475001273726425,
    "pretrain_loss": null,
    "finetune_loss": 0.00040789408666386365,
    "pseudo_label_count": 20913,
    "pseudo_label_accept_rate": 0.9958571428571429,
    "mean_pseudo_confidence": 0.9997430410673792,
    "consistency_loss": 0.0,
    "encoder_stage": "semisupervised_with_pseudolabels",
    "stn_status": "trainable",
    "stn_regularization_loss": 2.0053280155449758e-07,
    "val_loss": 0.2873097345843525,
    "val_seq_acc": 0.9619333333333333,
    "val_char_acc": 0.9922533333333333,
    "val_edit_distance": 0.038733333333333335,
    "val_clean_accuracy": 0.9619333333333333,
    "val_robustness_drop": null,
    "val_restoration_gain": null,
    "val_position_1_acc": 0.9928666666666667,
    "val_position_2_acc": 0.9906666666666667,
    "val_position_3_acc": 0.992,
    "val_position_4_acc": 0.9922,
    "val_position_5_acc": 0.9935333333333334,
    "test_loss": 0.29028857596570345,
    "test_seq_acc": 0.9615333333333334,
    "test_char_acc": 0.9921066666666667,
    "test_edit_distance": 0.039266666666666665,
    "test_clean_accuracy": 0.9615333333333334,
    "test_robustness_drop": null,
    "test_restoration_gain": null,
    "test_position_1_acc": 0.9934666666666667,
    "test_position_2_acc": 0.9905333333333334,
    "test_position_3_acc": 0.9916666666666667,
    "test_position_4_acc": 0.9918666666666667,
    "test_position_5_acc": 0.993
}