{
    "epoch": 4,
    "train_loss": 0.4200378208768897,
    "pretrain_loss": null,
    "finetune_loss": 0.4200378208768897,
    "pseudo_label_count": 0,
    "pseudo_label_accept_rate": 0.0,
    "mean_pseudo_confidence": 0.0,
    "consistency_loss": 0.0,
    "encoder_stage": "semisupervised_warmup",
    "stn_status": "frozen",
    "stn_regularization_loss": 0.0,
    "val_loss": 0.3154961385625474,
    "val_seq_acc": 0.903,
    "val_char_acc": 0.9793333333333333,
    "val_edit_distance": 0.10333333333333333,
    "val_clean_accuracy": 0.903,
    "val_robustness_drop": null,
    "val_restoration_gain": null,
    "val_position_1_acc": 0.9808666666666667,
    "val_position_2_acc": 0.9764,
    "val_position_3_acc": 0.978,
    "val_position_4_acc": 0.9772,
    "val_position_5_acc": 0.9842,
    "test_loss": 0.31993962072945653,
    "test_seq_acc": 0.8988,
    "test_char_acc": 0.9784666666666667,
    "test_edit_distance": 0.1076,
    "test_clean_accuracy": 0.8988,
    "test_robustness_drop": null,
    "test_restoration_gain": null,
    "test_position_1_acc": 0.9834666666666667,
    "test_position_2_acc": 0.9722666666666666,
    "test_position_3_acc": 0.9756,
    "test_position_4_acc": 0.9768666666666667,
    "test_position_5_acc": 0.9841333333333333
}