{
    "epoch": 13,
    "train_loss": 0.1663597379944849,
    "pretrain_loss": null,
    "finetune_loss": 0.1663597379944849,
    "pseudo_label_count": 0,
    "pseudo_label_accept_rate": 0.0,
    "mean_pseudo_confidence": 0.0,
    "consistency_loss": 0.0,
    "encoder_stage": "semisupervised_warmup",
    "stn_status": "frozen",
    "stn_regularization_loss": 0.0,
    "val_loss": 0.2900038606863707,
    "val_seq_acc": 0.9266666666666666,
    "val_char_acc": 0.9848933333333333,
    "val_edit_distance": 0.07553333333333333,
    "val_clean_accuracy": 0.9266666666666666,
    "val_robustness_drop": null,
    "val_restoration_gain": null,
    "val_position_1_acc": 0.9866,
    "val_position_2_acc": 0.9828,
    "val_position_3_acc": 0.9843333333333333,
    "val_position_4_acc": 0.9829333333333333,
    "val_position_5_acc": 0.9878,
    "test_loss": 0.27760618524427744,
    "test_seq_acc": 0.9298666666666666,
    "test_char_acc": 0.9853733333333333,
    "test_edit_distance": 0.073,
    "test_clean_accuracy": 0.9298666666666666,
    "test_robustness_drop": null,
    "test_restoration_gain": null,
    "test_position_1_acc": 0.9894,
    "test_position_2_acc": 0.9822666666666666,
    "test_position_3_acc": 0.9832,
    "test_position_4_acc": 0.9844,
    "test_position_5_acc": 0.9876
}