{
    "epoch": 135,
    "train_loss": 0.003900489012308282,
    "pretrain_loss": null,
    "finetune_loss": 0.00042518847217145326,
    "pseudo_label_count": 20917,
    "pseudo_label_accept_rate": 0.9960476190476191,
    "mean_pseudo_confidence": 0.9997234275408626,
    "consistency_loss": 0.0,
    "encoder_stage": "semisupervised_with_pseudolabels",
    "stn_status": "trainable",
    "stn_regularization_loss": 2.0690678665981435e-07,
    "val_loss": 0.28096637696751015,
    "val_seq_acc": 0.9631333333333333,
    "val_char_acc": 0.99252,
    "val_edit_distance": 0.0374,
    "val_clean_accuracy": 0.9631333333333333,
    "val_robustness_drop": null,
    "val_restoration_gain": null,
    "val_position_1_acc": 0.9928666666666667,
    "val_position_2_acc": 0.9910666666666667,
    "val_position_3_acc": 0.9924,
    "val_position_4_acc": 0.9926,
    "val_position_5_acc": 0.9936666666666667,
    "test_loss": 0.29197032417165597,
    "test_seq_acc": 0.961,
    "test_char_acc": 0.9920266666666666,
    "test_edit_distance": 0.039733333333333336,
    "test_clean_accuracy": 0.961,
    "test_robustness_drop": null,
    "test_restoration_gain": null,
    "test_position_1_acc": 0.9938,
    "test_position_2_acc": 0.9898666666666667,
    "test_position_3_acc": 0.9918666666666667,
    "test_position_4_acc": 0.9916666666666667,
    "test_position_5_acc": 0.9929333333333333
}