{
    "epoch": 120,
    "train_loss": 0.004971194496671505,
    "pretrain_loss": null,
    "finetune_loss": 0.000479306549050663,
    "pseudo_label_count": 20921,
    "pseudo_label_accept_rate": 0.9962380952380953,
    "mean_pseudo_confidence": 0.9996974873135943,
    "consistency_loss": 0.0,
    "encoder_stage": "semisupervised_with_pseudolabels",
    "stn_status": "trainable",
    "stn_regularization_loss": 2.0737749575763806e-07,
    "val_loss": 0.2854182916416593,
    "val_seq_acc": 0.9615333333333334,
    "val_char_acc": 0.9922133333333333,
    "val_edit_distance": 0.038933333333333334,
    "val_clean_accuracy": 0.9615333333333334,
    "val_robustness_drop": null,
    "val_restoration_gain": null,
    "val_position_1_acc": 0.9929333333333333,
    "val_position_2_acc": 0.9906666666666667,
    "val_position_3_acc": 0.9919333333333333,
    "val_position_4_acc": 0.9920666666666667,
    "val_position_5_acc": 0.9934666666666667,
    "test_loss": 0.2966406462055989,
    "test_seq_acc": 0.9594,
    "test_char_acc": 0.9916933333333333,
    "test_edit_distance": 0.0414,
    "test_clean_accuracy": 0.9594,
    "test_robustness_drop": null,
    "test_restoration_gain": null,
    "test_position_1_acc": 0.9930666666666667,
    "test_position_2_acc": 0.9898,
    "test_position_3_acc": 0.9911333333333333,
    "test_position_4_acc": 0.9917333333333334,
    "test_position_5_acc": 0.9927333333333334
}