{
    "epoch": 5,
    "train_loss": 0.3777258800386449,
    "pretrain_loss": null,
    "finetune_loss": 0.3777258800386449,
    "pseudo_label_count": 0,
    "pseudo_label_accept_rate": 0.0,
    "mean_pseudo_confidence": 0.0,
    "consistency_loss": 0.0,
    "encoder_stage": "semisupervised_warmup",
    "stn_status": "frozen",
    "stn_regularization_loss": 0.0,
    "val_loss": 0.4266859969877182,
    "val_seq_acc": 0.8747333333333334,
    "val_char_acc": 0.97272,
    "val_edit_distance": 0.13633333333333333,
    "val_clean_accuracy": 0.8747333333333334,
    "val_robustness_drop": null,
    "val_restoration_gain": null,
    "val_position_1_acc": 0.9796666666666667,
    "val_position_2_acc": 0.9654,
    "val_position_3_acc": 0.9697333333333333,
    "val_position_4_acc": 0.9727333333333333,
    "val_position_5_acc": 0.9760666666666666,
    "test_loss": 0.43242742641175047,
    "test_seq_acc": 0.8752,
    "test_char_acc": 0.9728,
    "test_edit_distance": 0.13593333333333332,
    "test_clean_accuracy": 0.8752,
    "test_robustness_drop": null,
    "test_restoration_gain": null,
    "test_position_1_acc": 0.9837333333333333,
    "test_position_2_acc": 0.9587333333333333,
    "test_position_3_acc": 0.9710666666666666,
    "test_position_4_acc": 0.9756666666666667,
    "test_position_5_acc": 0.9748
}