{
    "epoch": 22,
    "train_loss": 19.343882411329304,
    "pretrain_loss": null,
    "finetune_loss": 19.343882411329304,
    "pseudo_label_count": 0,
    "pseudo_label_accept_rate": 0.0,
    "mean_pseudo_confidence": 0.0,
    "consistency_loss": 0.0,
    "encoder_stage": "semisupervised_with_pseudolabels",
    "stn_status": "trainable",
    "stn_regularization_loss": 4.774917136590888e-08,
    "val_loss": 17.918740089903487,
    "val_seq_acc": 0.0,
    "val_char_acc": 0.027053333333333332,
    "val_edit_distance": 4.855533333333334,
    "val_clean_accuracy": 0.0,
    "val_robustness_drop": null,
    "val_restoration_gain": null,
    "val_position_1_acc": 0.0272,
    "val_position_2_acc": 0.0262,
    "val_position_3_acc": 0.027533333333333333,
    "val_position_4_acc": 0.0266,
    "val_position_5_acc": 0.027733333333333332,
    "test_loss": 17.918787611291762,
    "test_seq_acc": 0.0,
    "test_char_acc": 0.02828,
    "test_edit_distance": 4.849266666666667,
    "test_clean_accuracy": 0.0,
    "test_robustness_drop": null,
    "test_restoration_gain": null,
    "test_position_1_acc": 0.029533333333333335,
    "test_position_2_acc": 0.027,
    "test_position_3_acc": 0.0296,
    "test_position_4_acc": 0.027866666666666668,
    "test_position_5_acc": 0.0274
}