{
    "epoch": 94,
    "train_loss": 0.009913223651562695,
    "pretrain_loss": null,
    "finetune_loss": 0.0031746959784084883,
    "pseudo_label_count": 20871,
    "pseudo_label_accept_rate": 0.9938571428571429,
    "mean_pseudo_confidence": 0.9995677618409007,
    "consistency_loss": 0.0,
    "encoder_stage": "semisupervised_with_pseudolabels",
    "stn_status": "trainable",
    "stn_regularization_loss": 1.3103300506108052e-07,
    "val_loss": 0.30616552543270953,
    "val_seq_acc": 0.9597333333333333,
    "val_char_acc": 0.9918133333333333,
    "val_edit_distance": 0.040933333333333335,
    "val_clean_accuracy": 0.9597333333333333,
    "val_robustness_drop": null,
    "val_restoration_gain": null,
    "val_position_1_acc": 0.9926666666666667,
    "val_position_2_acc": 0.9898666666666667,
    "val_position_3_acc": 0.9908,
    "val_position_4_acc": 0.9915333333333334,
    "val_position_5_acc": 0.9942,
    "test_loss": 0.29861016830890297,
    "test_seq_acc": 0.9597333333333333,
    "test_char_acc": 0.9917466666666667,
    "test_edit_distance": 0.041133333333333334,
    "test_clean_accuracy": 0.9597333333333333,
    "test_robustness_drop": null,
    "test_restoration_gain": null,
    "test_position_1_acc": 0.9938666666666667,
    "test_position_2_acc": 0.9901333333333333,
    "test_position_3_acc": 0.9906,
    "test_position_4_acc": 0.9913333333333333,
    "test_position_5_acc": 0.9928
}