{
    "epoch": 175,
    "train_loss": 0.004658527069643677,
    "pretrain_loss": null,
    "finetune_loss": 0.00028561730066004455,
    "pseudo_label_count": 20933,
    "pseudo_label_accept_rate": 0.9968095238095238,
    "mean_pseudo_confidence": 0.9997434752764114,
    "consistency_loss": 0.0,
    "encoder_stage": "semisupervised_with_pseudolabels",
    "stn_status": "trainable",
    "stn_regularization_loss": 2.0121317761496413e-07,
    "val_loss": 0.2961461648485559,
    "val_seq_acc": 0.9627333333333333,
    "val_char_acc": 0.9924133333333334,
    "val_edit_distance": 0.03793333333333333,
    "val_clean_accuracy": 0.9627333333333333,
    "val_robustness_drop": null,
    "val_restoration_gain": null,
    "val_position_1_acc": 0.9928,
    "val_position_2_acc": 0.9906,
    "val_position_3_acc": 0.9923333333333333,
    "val_position_4_acc": 0.9923333333333333,
    "val_position_5_acc": 0.994,
    "test_loss": 0.2970325383131317,
    "test_seq_acc": 0.9617333333333333,
    "test_char_acc": 0.9921733333333334,
    "test_edit_distance": 0.039,
    "test_clean_accuracy": 0.9617333333333333,
    "test_robustness_drop": null,
    "test_restoration_gain": null,
    "test_position_1_acc": 0.994,
    "test_position_2_acc": 0.9902,
    "test_position_3_acc": 0.9917333333333334,
    "test_position_4_acc": 0.9918,
    "test_position_5_acc": 0.9931333333333333
}