{
    "epoch": 117,
    "train_loss": 0.004483931525247288,
    "pretrain_loss": null,
    "finetune_loss": 0.0006459094162438582,
    "pseudo_label_count": 20891,
    "pseudo_label_accept_rate": 0.9948095238095238,
    "mean_pseudo_confidence": 0.999710068650885,
    "consistency_loss": 0.0,
    "encoder_stage": "semisupervised_with_pseudolabels",
    "stn_status": "trainable",
    "stn_regularization_loss": 1.971892178455659e-07,
    "val_loss": 0.2878088258897441,
    "val_seq_acc": 0.9618,
    "val_char_acc": 0.9922666666666666,
    "val_edit_distance": 0.03866666666666667,
    "val_clean_accuracy": 0.9618,
    "val_robustness_drop": null,
    "val_restoration_gain": null,
    "val_position_1_acc": 0.9928,
    "val_position_2_acc": 0.9908,
    "val_position_3_acc": 0.9922,
    "val_position_4_acc": 0.9921333333333333,
    "val_position_5_acc": 0.9934,
    "test_loss": 0.294583007609385,
    "test_seq_acc": 0.9616666666666667,
    "test_char_acc": 0.9921466666666666,
    "test_edit_distance": 0.03913333333333333,
    "test_clean_accuracy": 0.9616666666666667,
    "test_robustness_drop": null,
    "test_restoration_gain": null,
    "test_position_1_acc": 0.9936666666666667,
    "test_position_2_acc": 0.9906666666666667,
    "test_position_3_acc": 0.9913333333333333,
    "test_position_4_acc": 0.9922666666666666,
    "test_position_5_acc": 0.9928
}