{
    "epoch": 9,
    "train_loss": 0.2411418965538628,
    "pretrain_loss": null,
    "finetune_loss": 0.2411418965538628,
    "pseudo_label_count": 0,
    "pseudo_label_accept_rate": 0.0,
    "mean_pseudo_confidence": 0.0,
    "consistency_loss": 0.0,
    "encoder_stage": "semisupervised_warmup",
    "stn_status": "frozen",
    "stn_regularization_loss": 0.0,
    "val_loss": 0.28627121572164776,
    "val_seq_acc": 0.9244,
    "val_char_acc": 0.9838933333333333,
    "val_edit_distance": 0.08033333333333334,
    "val_clean_accuracy": 0.9244,
    "val_robustness_drop": null,
    "val_restoration_gain": null,
    "val_position_1_acc": 0.9872666666666666,
    "val_position_2_acc": 0.9793333333333333,
    "val_position_3_acc": 0.9802,
    "val_position_4_acc": 0.9826666666666667,
    "val_position_5_acc": 0.99,
    "test_loss": 0.29375780543431323,
    "test_seq_acc": 0.9186,
    "test_char_acc": 0.9828,
    "test_edit_distance": 0.08593333333333333,
    "test_clean_accuracy": 0.9186,
    "test_robustness_drop": null,
    "test_restoration_gain": null,
    "test_position_1_acc": 0.9860666666666666,
    "test_position_2_acc": 0.9780666666666666,
    "test_position_3_acc": 0.9801333333333333,
    "test_position_4_acc": 0.9815333333333334,
    "test_position_5_acc": 0.9882
}