{
    "epoch": 169,
    "train_loss": 0.0038477651461641953,
    "pretrain_loss": null,
    "finetune_loss": 0.0002454739887267997,
    "pseudo_label_count": 20926,
    "pseudo_label_accept_rate": 0.9964761904761905,
    "mean_pseudo_confidence": 0.9997485098027139,
    "consistency_loss": 0.0,
    "encoder_stage": "semisupervised_with_pseudolabels",
    "stn_status": "trainable",
    "stn_regularization_loss": 2.0098047345020724e-07,
    "val_loss": 0.2900462698462008,
    "val_seq_acc": 0.9632,
    "val_char_acc": 0.9925333333333334,
    "val_edit_distance": 0.037333333333333336,
    "val_clean_accuracy": 0.9632,
    "val_robustness_drop": null,
    "val_restoration_gain": null,
    "val_position_1_acc": 0.9926666666666667,
    "val_position_2_acc": 0.9909333333333333,
    "val_position_3_acc": 0.9923333333333333,
    "val_position_4_acc": 0.9926666666666667,
    "val_position_5_acc": 0.9940666666666667,
    "test_loss": 0.29379465599655263,
    "test_seq_acc": 0.9616666666666667,
    "test_char_acc": 0.9921466666666666,
    "test_edit_distance": 0.039066666666666666,
    "test_clean_accuracy": 0.9616666666666667,
    "test_robustness_drop": null,
    "test_restoration_gain": null,
    "test_position_1_acc": 0.9939333333333333,
    "test_position_2_acc": 0.9901333333333333,
    "test_position_3_acc": 0.9915333333333334,
    "test_position_4_acc": 0.992,
    "test_position_5_acc": 0.9931333333333333
}