{
    "epoch": 173,
    "train_loss": 0.003192262743378541,
    "pretrain_loss": null,
    "finetune_loss": 0.00029438979721195145,
    "pseudo_label_count": 20941,
    "pseudo_label_accept_rate": 0.9971904761904762,
    "mean_pseudo_confidence": 0.9997411971731848,
    "consistency_loss": 0.0,
    "encoder_stage": "semisupervised_with_pseudolabels",
    "stn_status": "trainable",
    "stn_regularization_loss": 2.0183507651541478e-07,
    "val_loss": 0.2916356330977733,
    "val_seq_acc": 0.9619333333333333,
    "val_char_acc": 0.99224,
    "val_edit_distance": 0.0388,
    "val_clean_accuracy": 0.9619333333333333,
    "val_robustness_drop": null,
    "val_restoration_gain": null,
    "val_position_1_acc": 0.993,
    "val_position_2_acc": 0.9909333333333333,
    "val_position_3_acc": 0.9917333333333334,
    "val_position_4_acc": 0.9921333333333333,
    "val_position_5_acc": 0.9934,
    "test_loss": 0.302911484795186,
    "test_seq_acc": 0.9606666666666667,
    "test_char_acc": 0.9918933333333333,
    "test_edit_distance": 0.04033333333333333,
    "test_clean_accuracy": 0.9606666666666667,
    "test_robustness_drop": null,
    "test_restoration_gain": null,
    "test_position_1_acc": 0.9934666666666667,
    "test_position_2_acc": 0.9905333333333334,
    "test_position_3_acc": 0.9914,
    "test_position_4_acc": 0.9914,
    "test_position_5_acc": 0.9926666666666667
}