{
    "epoch": 152,
    "train_loss": 0.0043995787448781135,
    "pretrain_loss": null,
    "finetune_loss": 0.0004454320838827489,
    "pseudo_label_count": 20926,
    "pseudo_label_accept_rate": 0.9964761904761905,
    "mean_pseudo_confidence": 0.9997304559813555,
    "consistency_loss": 0.0,
    "encoder_stage": "semisupervised_with_pseudolabels",
    "stn_status": "trainable",
    "stn_regularization_loss": 2.002571949755259e-07,
    "val_loss": 0.29703985627244,
    "val_seq_acc": 0.9619333333333333,
    "val_char_acc": 0.9922666666666666,
    "val_edit_distance": 0.03866666666666667,
    "val_clean_accuracy": 0.9619333333333333,
    "val_robustness_drop": null,
    "val_restoration_gain": null,
    "val_position_1_acc": 0.9928666666666667,
    "val_position_2_acc": 0.9907333333333334,
    "val_position_3_acc": 0.9918,
    "val_position_4_acc": 0.9924,
    "val_position_5_acc": 0.9935333333333334,
    "test_loss": 0.30384828470721215,
    "test_seq_acc": 0.9606,
    "test_char_acc": 0.9918933333333333,
    "test_edit_distance": 0.0404,
    "test_clean_accuracy": 0.9606,
    "test_robustness_drop": null,
    "test_restoration_gain": null,
    "test_position_1_acc": 0.9931333333333333,
    "test_position_2_acc": 0.9902,
    "test_position_3_acc": 0.9914,
    "test_position_4_acc": 0.9917333333333334,
    "test_position_5_acc": 0.993
}