{
    "epoch": 23,
    "train_loss": 17.915473883208033,
    "pretrain_loss": null,
    "finetune_loss": 17.915473883208033,
    "pseudo_label_count": 0,
    "pseudo_label_accept_rate": 0.0,
    "mean_pseudo_confidence": 0.0,
    "consistency_loss": 0.0,
    "encoder_stage": "semisupervised_with_pseudolabels",
    "stn_status": "trainable",
    "stn_regularization_loss": 2.994779773167995e-08,
    "val_loss": 17.916480733993204,
    "val_seq_acc": 0.0,
    "val_char_acc": 0.02856,
    "val_edit_distance": 4.848133333333333,
    "val_clean_accuracy": 0.0,
    "val_robustness_drop": null,
    "val_restoration_gain": null,
    "val_position_1_acc": 0.027666666666666666,
    "val_position_2_acc": 0.030133333333333335,
    "val_position_3_acc": 0.0286,
    "val_position_4_acc": 0.028133333333333333,
    "val_position_5_acc": 0.028266666666666666,
    "test_loss": 17.918194515147107,
    "test_seq_acc": 0.0,
    "test_char_acc": 0.029266666666666667,
    "test_edit_distance": 4.8424,
    "test_clean_accuracy": 0.0,
    "test_robustness_drop": null,
    "test_restoration_gain": null,
    "test_position_1_acc": 0.0296,
    "test_position_2_acc": 0.029933333333333333,
    "test_position_3_acc": 0.030133333333333335,
    "test_position_4_acc": 0.0296,
    "test_position_5_acc": 0.027066666666666666
}