{
    "epoch": 188,
    "train_loss": 0.0034334418446058776,
    "pretrain_loss": null,
    "finetune_loss": 0.0002920983080993003,
    "pseudo_label_count": 20935,
    "pseudo_label_accept_rate": 0.996904761904762,
    "mean_pseudo_confidence": 0.9997601043303941,
    "consistency_loss": 0.0,
    "encoder_stage": "semisupervised_with_pseudolabels",
    "stn_status": "trainable",
    "stn_regularization_loss": 1.9948394265477946e-07,
    "val_loss": 0.2901036881447889,
    "val_seq_acc": 0.9632,
    "val_char_acc": 0.9925466666666667,
    "val_edit_distance": 0.03726666666666666,
    "val_clean_accuracy": 0.9632,
    "val_robustness_drop": null,
    "val_restoration_gain": null,
    "val_position_1_acc": 0.9928666666666667,
    "val_position_2_acc": 0.991,
    "val_position_3_acc": 0.9926666666666667,
    "val_position_4_acc": 0.9922,
    "val_position_5_acc": 0.994,
    "test_loss": 0.292561806374631,
    "test_seq_acc": 0.9626666666666667,
    "test_char_acc": 0.99236,
    "test_edit_distance": 0.038066666666666665,
    "test_clean_accuracy": 0.9626666666666667,
    "test_robustness_drop": null,
    "test_restoration_gain": null,
    "test_position_1_acc": 0.9939333333333333,
    "test_position_2_acc": 0.9902666666666666,
    "test_position_3_acc": 0.9918666666666667,
    "test_position_4_acc": 0.9924,
    "test_position_5_acc": 0.9933333333333333
}