{
    "epoch": 170,
    "train_loss": 0.0030917700155036537,
    "pretrain_loss": null,
    "finetune_loss": 0.0002709965845321484,
    "pseudo_label_count": 20931,
    "pseudo_label_accept_rate": 0.9967142857142857,
    "mean_pseudo_confidence": 0.9997884625433099,
    "consistency_loss": 0.0,
    "encoder_stage": "semisupervised_with_pseudolabels",
    "stn_status": "trainable",
    "stn_regularization_loss": 2.0172873062147288e-07,
    "val_loss": 0.2901565333295792,
    "val_seq_acc": 0.9621333333333333,
    "val_char_acc": 0.9923066666666667,
    "val_edit_distance": 0.03846666666666667,
    "val_clean_accuracy": 0.9621333333333333,
    "val_robustness_drop": null,
    "val_restoration_gain": null,
    "val_position_1_acc": 0.9928666666666667,
    "val_position_2_acc": 0.9908,
    "val_position_3_acc": 0.9918,
    "val_position_4_acc": 0.9922666666666666,
    "val_position_5_acc": 0.9938,
    "test_loss": 0.29909616216976614,
    "test_seq_acc": 0.9612666666666667,
    "test_char_acc": 0.9920266666666666,
    "test_edit_distance": 0.03966666666666667,
    "test_clean_accuracy": 0.9612666666666667,
    "test_robustness_drop": null,
    "test_restoration_gain": null,
    "test_position_1_acc": 0.9936,
    "test_position_2_acc": 0.9906666666666667,
    "test_position_3_acc": 0.9908666666666667,
    "test_position_4_acc": 0.992,
    "test_position_5_acc": 0.993
}