{
    "epoch": 87,
    "train_loss": 0.012534556189926986,
    "pretrain_loss": null,
    "finetune_loss": 0.0032017490199238016,
    "pseudo_label_count": 20826,
    "pseudo_label_accept_rate": 0.9917142857142857,
    "mean_pseudo_confidence": 0.9994688868167753,
    "consistency_loss": 0.0,
    "encoder_stage": "semisupervised_with_pseudolabels",
    "stn_status": "trainable",
    "stn_regularization_loss": 2.0399333484870773e-07,
    "val_loss": 0.36123840415830466,
    "val_seq_acc": 0.9550666666666666,
    "val_char_acc": 0.9907466666666667,
    "val_edit_distance": 0.046266666666666664,
    "val_clean_accuracy": 0.9550666666666666,
    "val_robustness_drop": null,
    "val_restoration_gain": null,
    "val_position_1_acc": 0.9914,
    "val_position_2_acc": 0.9898666666666667,
    "val_position_3_acc": 0.9903333333333333,
    "val_position_4_acc": 0.9916666666666667,
    "val_position_5_acc": 0.9904666666666667,
    "test_loss": 0.390818228216178,
    "test_seq_acc": 0.9514666666666667,
    "test_char_acc": 0.99,
    "test_edit_distance": 0.0498,
    "test_clean_accuracy": 0.9514666666666667,
    "test_robustness_drop": null,
    "test_restoration_gain": null,
    "test_position_1_acc": 0.9923333333333333,
    "test_position_2_acc": 0.9882,
    "test_position_3_acc": 0.9896666666666667,
    "test_position_4_acc": 0.9903333333333333,
    "test_position_5_acc": 0.9894666666666667
}