{
    "epoch": 115,
    "train_loss": 0.005042125991136238,
    "pretrain_loss": null,
    "finetune_loss": 0.0005589257211664878,
    "pseudo_label_count": 20906,
    "pseudo_label_accept_rate": 0.9955238095238095,
    "mean_pseudo_confidence": 0.9996941352613598,
    "consistency_loss": 0.0,
    "encoder_stage": "semisupervised_with_pseudolabels",
    "stn_status": "trainable",
    "stn_regularization_loss": 1.9199707419646855e-07,
    "val_loss": 0.2879271225149228,
    "val_seq_acc": 0.9616666666666667,
    "val_char_acc": 0.9922266666666667,
    "val_edit_distance": 0.03886666666666667,
    "val_clean_accuracy": 0.9616666666666667,
    "val_robustness_drop": null,
    "val_restoration_gain": null,
    "val_position_1_acc": 0.9925333333333334,
    "val_position_2_acc": 0.9909333333333333,
    "val_position_3_acc": 0.9918666666666667,
    "val_position_4_acc": 0.9922666666666666,
    "val_position_5_acc": 0.9935333333333334,
    "test_loss": 0.2952303197932045,
    "test_seq_acc": 0.9611333333333333,
    "test_char_acc": 0.9920266666666666,
    "test_edit_distance": 0.039733333333333336,
    "test_clean_accuracy": 0.9611333333333333,
    "test_robustness_drop": null,
    "test_restoration_gain": null,
    "test_position_1_acc": 0.9940666666666667,
    "test_position_2_acc": 0.9902,
    "test_position_3_acc": 0.9913333333333333,
    "test_position_4_acc": 0.9918,
    "test_position_5_acc": 0.9927333333333334
}