{
    "epoch": 194,
    "train_loss": 0.002420410108177723,
    "pretrain_loss": null,
    "finetune_loss": 0.00021324533156441328,
    "pseudo_label_count": 20937,
    "pseudo_label_accept_rate": 0.997,
    "mean_pseudo_confidence": 0.9997943982573768,
    "consistency_loss": 0.0,
    "encoder_stage": "semisupervised_with_pseudolabels",
    "stn_status": "trainable",
    "stn_regularization_loss": 1.986139709774014e-07,
    "val_loss": 0.2937473549061403,
    "val_seq_acc": 0.9623333333333334,
    "val_char_acc": 0.9923333333333333,
    "val_edit_distance": 0.03833333333333333,
    "val_clean_accuracy": 0.9623333333333334,
    "val_robustness_drop": null,
    "val_restoration_gain": null,
    "val_position_1_acc": 0.9929333333333333,
    "val_position_2_acc": 0.9908,
    "val_position_3_acc": 0.9917333333333334,
    "val_position_4_acc": 0.9924,
    "val_position_5_acc": 0.9938,
    "test_loss": 0.301608389903202,
    "test_seq_acc": 0.9617333333333333,
    "test_char_acc": 0.99212,
    "test_edit_distance": 0.0392,
    "test_clean_accuracy": 0.9617333333333333,
    "test_robustness_drop": null,
    "test_restoration_gain": null,
    "test_position_1_acc": 0.994,
    "test_position_2_acc": 0.9904666666666667,
    "test_position_3_acc": 0.9914666666666667,
    "test_position_4_acc": 0.9914666666666667,
    "test_position_5_acc": 0.9932
}