{
    "epoch": 25,
    "train_loss": 12.749450286791634,
    "pretrain_loss": null,
    "finetune_loss": 12.611921111651874,
    "pseudo_label_count": 16761,
    "pseudo_label_accept_rate": 0.7981428571428572,
    "mean_pseudo_confidence": 0.9903183666463897,
    "consistency_loss": 0.0,
    "encoder_stage": "semisupervised_with_pseudolabels",
    "stn_status": "trainable",
    "stn_regularization_loss": 4.235722562991841e-07,
    "val_loss": 7.104081422724622,
    "val_seq_acc": 0.455,
    "val_char_acc": 0.8535066666666666,
    "val_edit_distance": 0.7320666666666666,
    "val_clean_accuracy": 0.455,
    "val_robustness_drop": null,
    "val_restoration_gain": null,
    "val_position_1_acc": 0.8600666666666666,
    "val_position_2_acc": 0.8327333333333333,
    "val_position_3_acc": 0.8492,
    "val_position_4_acc": 0.8501333333333333,
    "val_position_5_acc": 0.8754,
    "test_loss": 7.118455381596342,
    "test_seq_acc": 0.4536,
    "test_char_acc": 0.85256,
    "test_edit_distance": 0.7366,
    "test_clean_accuracy": 0.4536,
    "test_robustness_drop": null,
    "test_restoration_gain": null,
    "test_position_1_acc": 0.8555333333333334,
    "test_position_2_acc": 0.8275333333333333,
    "test_position_3_acc": 0.8488,
    "test_position_4_acc": 0.8560666666666666,
    "test_position_5_acc": 0.8748666666666667
}