{
    "epoch": 132,
    "train_loss": 0.004665660992177009,
    "pretrain_loss": null,
    "finetune_loss": 0.0004601033796278858,
    "pseudo_label_count": 20923,
    "pseudo_label_accept_rate": 0.9963333333333333,
    "mean_pseudo_confidence": 0.9997217839211902,
    "consistency_loss": 0.0,
    "encoder_stage": "semisupervised_with_pseudolabels",
    "stn_status": "trainable",
    "stn_regularization_loss": 2.1481611660232778e-07,
    "val_loss": 0.28841405697315536,
    "val_seq_acc": 0.9618666666666666,
    "val_char_acc": 0.9922533333333333,
    "val_edit_distance": 0.038733333333333335,
    "val_clean_accuracy": 0.9618666666666666,
    "val_robustness_drop": null,
    "val_restoration_gain": null,
    "val_position_1_acc": 0.9926666666666667,
    "val_position_2_acc": 0.9908666666666667,
    "val_position_3_acc": 0.9919333333333333,
    "val_position_4_acc": 0.9922666666666666,
    "val_position_5_acc": 0.9935333333333334,
    "test_loss": 0.29744879065948865,
    "test_seq_acc": 0.9610666666666666,
    "test_char_acc": 0.992,
    "test_edit_distance": 0.03986666666666667,
    "test_clean_accuracy": 0.9610666666666666,
    "test_robustness_drop": null,
    "test_restoration_gain": null,
    "test_position_1_acc": 0.9936,
    "test_position_2_acc": 0.9897333333333334,
    "test_position_3_acc": 0.9916,
    "test_position_4_acc": 0.9922,
    "test_position_5_acc": 0.9928666666666667
}