{
    "epoch": 1,
    "train_loss": 7.980603129527587,
    "pretrain_loss": null,
    "finetune_loss": 7.980603129527587,
    "pseudo_label_count": 0,
    "pseudo_label_accept_rate": 0.0,
    "mean_pseudo_confidence": 0.0,
    "consistency_loss": 0.0,
    "encoder_stage": "semisupervised_warmup",
    "stn_status": "frozen",
    "stn_regularization_loss": 0.0,
    "val_loss": 1.5212922623816958,
    "val_seq_acc": 0.6422,
    "val_char_acc": 0.9079466666666667,
    "val_edit_distance": 0.4584,
    "val_clean_accuracy": 0.6422,
    "val_robustness_drop": null,
    "val_restoration_gain": null,
    "val_position_1_acc": 0.9412,
    "val_position_2_acc": 0.8949333333333334,
    "val_position_3_acc": 0.8795333333333333,
    "val_position_4_acc": 0.8909333333333334,
    "val_position_5_acc": 0.9331333333333334,
    "test_loss": 1.5137540401296412,
    "test_seq_acc": 0.6414666666666666,
    "test_char_acc": 0.9080266666666666,
    "test_edit_distance": 0.4576,
    "test_clean_accuracy": 0.6414666666666666,
    "test_robustness_drop": null,
    "test_restoration_gain": null,
    "test_position_1_acc": 0.9441333333333334,
    "test_position_2_acc": 0.8964666666666666,
    "test_position_3_acc": 0.8748666666666667,
    "test_position_4_acc": 0.8933333333333333,
    "test_position_5_acc": 0.9313333333333333
}